date,country_name,country_id,playback_location,channel_display_name,channel_id,watch_time_minutes,views,average_view_duration
2017-01-12,Austria,AT,YouTube watch page,Louis Weisz,OMrUmOTPD_AnSivjxptxpA,2,1,2.2
2017-01-12,Canada,CA,YouTube watch page,Louis Weisz,OMrUmOTPD_AnSivjxptxpA,13,5,2.6
2017-01-12,Canada,CA,YouTube channel page,Louis Weisz,OMrUmOTPD_AnSivjxptxpA,6,1,5.8
2017-01-12,Chile,CL,YouTube watch page,Louis Weisz,OMrUmOTPD_AnSivjxptxpA,18,4,4.6
2017-01-12,Czechia,CZ,YouTube watch page,Louis Weisz,OMrUmOTPD_AnSivjxptxpA,1,1,0.7
2017-01-12,Germany,DE,YouTube watch page,Louis Weisz,OMrUmOTPD_AnSivjxptxpA,4,1,4.4
2017-01-12,Finland,FI,YouTube watch page,Louis Weisz,OMrUmOTPD_AnSivjxptxpA,1,1,0.7
2017-01-12,United Kingdom,GB,YouTube channel page,Louis Weisz,OMrUmOTPD_AnSivjxptxpA,2,1,2.2
2017-01-12,Greece,GR,YouTube channel page,Louis Weisz,OMrUmOTPD_AnSivjxptxpA,3,1,3.2
2017-01-12,Japan,JP,Embedded in external websites and apps,Louis Weisz,OMrUmOTPD_AnSivjxptxpA,0,1,0.0
2017-01-12,Latvia,LV,YouTube watch page,Louis Weisz,OMrUmOTPD_AnSivjxptxpA,1,1,1.4
2017-01-12,Mexico,MX,YouTube watch page,Louis Weisz,OMrUmOTPD_AnSivjxptxpA,4,3,1.2
2017-01-12,Netherlands,NL,YouTube channel page,Louis Weisz,OMrUmOTPD_AnSivjxptxpA,6,1,6.2
2017-01-12,Philippines,PH,YouTube channel page,Louis Weisz,OMrUmOTPD_AnSivjxptxpA,11,2,5.7
2017-01-12,Poland,PL,YouTube watch page,Louis Weisz,OMrUmOTPD_AnSivjxptxpA,0,1,0.3
2017-01-12,Portugal,PT,YouTube watch page,Louis Weisz,OMrUmOTPD_AnSivjxptxpA,1,1,0.7
2017-01-12,Romania,RO,YouTube watch page,Louis Weisz,OMrUmOTPD_AnSivjxptxpA,0,2,0.2
2017-01-12,Serbia,RS,YouTube watch page,Louis Weisz,OMrUmOTPD_AnSivjxptxpA,2,2,1.2
2017-01-12,Saudi Arabia,SA,YouTube channel page,Louis Weisz,OMrUmOTPD_AnSivjxptxpA,6,1,6.0
2017-01-12,Sweden,SE,YouTube watch page,Louis Weisz,OMrUmOTPD_AnSivjxptxpA,4,2,1.8
2017-01-12,Sweden,SE,YouTube channel page,Louis Weisz,OMrUmOTPD_AnSivjxptxpA,6,1,5.9
2017-01-12,Turkey,TR,YouTube watch page,Louis Weisz,OMrUmOTPD_AnSivjxptxpA,0,1,0.3
2017-01-12,United States,US,YouTube watch page,Louis Weisz,OMrUmOTPD_AnSivjxptxpA,77,50,1.5
2017-01-12,United States,US,YouTube channel page,Louis Weisz,OMrUmOTPD_AnSivjxptxpA,34,8,4.2
2017-01-12,Vietnam,VN,YouTube channel page,Louis Weisz,OMrUmOTPD_AnSivjxptxpA,0,1,0.3
2017-01-13,Austria,AT,YouTube watch page,Louis Weisz,OMrUmOTPD_AnSivjxptxpA,5,1,4.6
2017-01-13,Austria,AT,YouTube channel page,Louis Weisz,OMrUmOTPD_AnSivjxptxpA,0,1,0.2
2017-01-13,Australia,AU,YouTube channel page,Louis Weisz,OMrUmOTPD_AnSivjxptxpA,7,2,3.3
2017-01-13,Bahrain,BH,YouTube watch page,Louis Weisz,OMrUmOTPD_AnSivjxptxpA,0,1,0.3
2017-01-13,Canada,CA,YouTube watch page,Louis Weisz,OMrUmOTPD_AnSivjxptxpA,7,4,1.7
2017-01-13,Canada,CA,YouTube channel page,Louis Weisz,OMrUmOTPD_AnSivjxptxpA,7,4,1.7
2017-01-13,Chile,CL,YouTube watch page,Louis Weisz,OMrUmOTPD_AnSivjxptxpA,3,2,1.4
2017-01-13,Germany,DE,YouTube watch page,Louis Weisz,OMrUmOTPD_AnSivjxptxpA,11,7,1.6
2017-01-13,Denmark,DK,YouTube watch page,Louis Weisz,OMrUmOTPD_AnSivjxptxpA,1,2,0.3
2017-01-13,Dominica,DM,YouTube watch page,Louis Weisz,OMrUmOTPD_AnSivjxptxpA,6,1,5.7
2017-01-13,Finland,FI,YouTube watch page,Louis Weisz,OMrUmOTPD_AnSivjxptxpA,6,1,5.8
2017-01-13,France,FR,YouTube watch page,Louis Weisz,OMrUmOTPD_AnSivjxptxpA,4,1,3.6
2017-01-13,United Kingdom,GB,YouTube watch page,Louis Weisz,OMrUmOTPD_AnSivjxptxpA,20,8,2.4
2017-01-13,United Kingdom,GB,YouTube channel page,Louis Weisz,OMrUmOTPD_AnSivjxptxpA,0,2,0.2
2017-01-13,Ireland,IE,YouTube watch page,Louis Weisz,OMrUmOTPD_AnSivjxptxpA,3,1,2.6
2017-01-13,Netherlands,NL,YouTube watch page,Louis Weisz,OMrUmOTPD_AnSivjxptxpA,7,4,1.7
2017-01-13,Netherlands,NL,YouTube channel page,Louis Weisz,OMrUmOTPD_AnSivjxptxpA,9,2,4.5
2017-01-13,Nepal,NP,YouTube channel page,Louis Weisz,OMrUmOTPD_AnSivjxptxpA,5,1,4.6
2017-01-13,Philippines,PH,YouTube watch page,Louis Weisz,OMrUmOTPD_AnSivjxptxpA,8,3,2.8
2017-01-13,Pakistan,PK,YouTube watch page,Louis Weisz,OMrUmOTPD_AnSivjxptxpA,1,1,0.6
2017-01-13,Poland,PL,YouTube watch page,Louis Weisz,OMrUmOTPD_AnSivjxptxpA,3,1,2.8
2017-01-13,Poland,PL,YouTube channel page,Louis Weisz,OMrUmOTPD_AnSivjxptxpA,6,2,3.2
2017-01-13,Puerto Rico,PR,YouTube watch page,Louis Weisz,OMrUmOTPD_AnSivjxptxpA,8,2,3.8
2017-01-13,Qatar,QA,YouTube watch page,Louis Weisz,OMrUmOTPD_AnSivjxptxpA,0,1,0.2
2017-01-13,Romania,RO,YouTube channel page,Louis Weisz,OMrUmOTPD_AnSivjxptxpA,0,1,0.5
2017-01-13,Saudi Arabia,SA,YouTube watch page,Louis Weisz,OMrUmOTPD_AnSivjxptxpA,0,2,0.1
2017-01-13,Sweden,SE,YouTube watch page,Louis Weisz,OMrUmOTPD_AnSivjxptxpA,5,1,5.2
2017-01-13,Turkey,TR,YouTube watch page,Louis Weisz,OMrUmOTPD_AnSivjxptxpA,4,1,3.9
2017-01-13,United States,US,YouTube watch page,Louis Weisz,OMrUmOTPD_AnSivjxptxpA,79,25,3.2
2017-01-13,United States,US,YouTube channel page,Louis Weisz,OMrUmOTPD_AnSivjxptxpA,19,5,3.8
2017-01-14,Argentina,AR,YouTube watch page,Louis Weisz,OMrUmOTPD_AnSivjxptxpA,0,2,0.1
2017-01-14,Australia,AU,YouTube watch page,Louis Weisz,OMrUmOTPD_AnSivjxptxpA,1,2,0.4
2017-01-14,Australia,AU,YouTube channel page,Louis Weisz,OMrUmOTPD_AnSivjxptxpA,0,1,0.4
2017-01-14,Brazil,BR,YouTube channel page,Louis Weisz,OMrUmOTPD_AnSivjxptxpA,3,1,2.9
2017-01-14,Canada,CA,YouTube watch page,Louis Weisz,OMrUmOTPD_AnSivjxptxpA,2,2,1.1
2017-01-14,Canada,CA,YouTube channel page,Louis Weisz,OMrUmOTPD_AnSivjxptxpA,2,1,2.2
2017-01-14,Switzerland,CH,YouTube watch page,Louis Weisz,OMrUmOTPD_AnSivjxptxpA,0,1,0.2
2017-01-14,Germany,DE,YouTube channel page,Louis Weisz,OMrUmOTPD_AnSivjxptxpA,6,1,6.1
2017-01-14,Denmark,DK,YouTube watch page,Louis Weisz,OMrUmOTPD_AnSivjxptxpA,0,1,0.1
2017-01-14,United Kingdom,GB,YouTube watch page,Louis Weisz,OMrUmOTPD_AnSivjxptxpA,7,4,1.8
2017-01-14,Greece,GR,YouTube watch page,Louis Weisz,OMrUmOTPD_AnSivjxptxpA,2,1,2.1
2017-01-14,Greece,GR,YouTube channel page,Louis Weisz,OMrUmOTPD_AnSivjxptxpA,4,1,4.3
2017-01-14,India,IN,YouTube watch page,Louis Weisz,OMrUmOTPD_AnSivjxptxpA,1,1,0.9
2017-01-14,Iraq,IQ,YouTube watch page,Louis Weisz,OMrUmOTPD_AnSivjxptxpA,0,1,0.2
2017-01-14,Italy,IT,YouTube watch page,Louis Weisz,OMrUmOTPD_AnSivjxptxpA,4,1,3.5
2017-01-14,Latvia,LV,YouTube watch page,Louis Weisz,OMrUmOTPD_AnSivjxptxpA,3,2,1.5
2017-01-14,Netherlands,NL,YouTube watch page,Louis Weisz,OMrUmOTPD_AnSivjxptxpA,2,2,1.2
2017-01-14,Norway,NO,YouTube channel page,Louis Weisz,OMrUmOTPD_AnSivjxptxpA,0,1,0.3
2017-01-14,Poland,PL,YouTube watch page,Louis Weisz,OMrUmOTPD_AnSivjxptxpA,0,2,0.0
2017-01-14,Poland,PL,YouTube channel page,Louis Weisz,OMrUmOTPD_AnSivjxptxpA,6,1,6.0
2017-01-14,Portugal,PT,YouTube channel page,Louis Weisz,OMrUmOTPD_AnSivjxptxpA,0,1,0.4
2017-01-14,Qatar,QA,YouTube watch page,Louis Weisz,OMrUmOTPD_AnSivjxptxpA,3,3,0.9
2017-01-14,Romania,RO,YouTube watch page,Louis Weisz,OMrUmOTPD_AnSivjxptxpA,4,1,4.2
2017-01-14,Russia,RU,YouTube watch page,Louis Weisz,OMrUmOTPD_AnSivjxptxpA,3,2,1.7
2017-01-14,Sweden,SE,YouTube watch page,Louis Weisz,OMrUmOTPD_AnSivjxptxpA,4,2,2.0
2017-01-14,Sweden,SE,YouTube channel page,Louis Weisz,OMrUmOTPD_AnSivjxptxpA,1,1,0.9
2017-01-14,Singapore,SG,YouTube watch page,Louis Weisz,OMrUmOTPD_AnSivjxptxpA,1,1,0.9
2017-01-14,Slovakia,SK,YouTube watch page,Louis Weisz,OMrUmOTPD_AnSivjxptxpA,0,1,0.5
2017-01-14,United States,US,YouTube watch page,Louis Weisz,OMrUmOTPD_AnSivjxptxpA,115,49,2.4
2017-01-14,United States,US,Embedded in external websites and apps,Louis Weisz,OMrUmOTPD_AnSivjxptxpA,1,1,1.2
2017-01-14,United States,US,YouTube channel page,Louis Weisz,OMrUmOTPD_AnSivjxptxpA,16,6,2.7
2017-01-15,Australia,AU,YouTube watch page,Louis Weisz,OMrUmOTPD_AnSivjxptxpA,11,5,2.3
2017-01-15,Australia,AU,YouTube channel page,Louis Weisz,OMrUmOTPD_AnSivjxptxpA,1,2,0.4
2017-01-15,Belgium,BE,YouTube watch page,Louis Weisz,OMrUmOTPD_AnSivjxptxpA,3,1,2.7
2017-01-15,Canada,CA,YouTube watch page,Louis Weisz,OMrUmOTPD_AnSivjxptxpA,11,3,3.6
2017-01-15,Switzerland,CH,YouTube watch page,Louis Weisz,OMrUmOTPD_AnSivjxptxpA,4,1,3.6
2017-01-15,Germany,DE,YouTube watch page,Louis Weisz,OMrUmOTPD_AnSivjxptxpA,24,8,3.0
2017-01-15,Germany,DE,YouTube channel page,Louis Weisz,OMrUmOTPD_AnSivjxptxpA,0,1,0.2
2017-01-15,Denmark,DK,YouTube watch page,Louis Weisz,OMrUmOTPD_AnSivjxptxpA,0,1,0.2
2017-01-15,Dominican Republic,DO,YouTube watch page,Louis Weisz,OMrUmOTPD_AnSivjxptxpA,3,3,1.1
2017-01-15,France,FR,YouTube watch page,Louis Weisz,OMrUmOTPD_AnSivjxptxpA,9,3,3.0
2017-01-15,United Kingdom,GB,YouTube watch page,Louis Weisz,OMrUmOTPD_AnSivjxptxpA,13,4,3.3
2017-01-15,United Kingdom,GB,YouTube channel page,Louis Weisz,OMrUmOTPD_AnSivjxptxpA,6,1,6.2
2017-01-15,Hong Kong,HK,YouTube watch page,Louis Weisz,OMrUmOTPD_AnSivjxptxpA,1,1,1.4
2017-01-15,Croatia,HR,YouTube watch page,Louis Weisz,OMrUmOTPD_AnSivjxptxpA,0,1,0.2
2017-01-15,Croatia,HR,YouTube channel page,Louis Weisz,OMrUmOTPD_AnSivjxptxpA,2,1,2.1
2017-01-15,Hungary,HU,YouTube watch page,Louis Weisz,OMrUmOTPD_AnSivjxptxpA,8,2,4.2
2017-01-15,Italy,IT,YouTube watch page,Louis Weisz,OMrUmOTPD_AnSivjxptxpA,17,5,3.5
2017-01-15,Latvia,LV,YouTube watch page,Louis Weisz,OMrUmOTPD_AnSivjxptxpA,4,1,3.6
2017-01-15,Netherlands,NL,YouTube watch page,Louis Weisz,OMrUmOTPD_AnSivjxptxpA,4,1,3.6
2017-01-15,Norway,NO,YouTube watch page,Louis Weisz,OMrUmOTPD_AnSivjxptxpA,3,1,2.8
2017-01-15,Poland,PL,YouTube watch page,Louis Weisz,OMrUmOTPD_AnSivjxptxpA,0,2,0.2
2017-01-15,Palestine,PS,YouTube watch page,Louis Weisz,OMrUmOTPD_AnSivjxptxpA,3,1,2.7
2017-01-15,Romania,RO,YouTube watch page,Louis Weisz,OMrUmOTPD_AnSivjxptxpA,0,1,0.4
2017-01-15,Romania,RO,YouTube channel page,Louis Weisz,OMrUmOTPD_AnSivjxptxpA,6,1,5.9
2017-01-15,Sweden,SE,YouTube watch page,Louis Weisz,OMrUmOTPD_AnSivjxptxpA,9,3,3.0
2017-01-15,Sweden,SE,YouTube channel page,Louis Weisz,OMrUmOTPD_AnSivjxptxpA,0,1,0.4
2017-01-15,Singapore,SG,YouTube watch page,Louis Weisz,OMrUmOTPD_AnSivjxptxpA,0,1,0.5
2017-01-15,United States,US,YouTube watch page,Louis Weisz,OMrUmOTPD_AnSivjxptxpA,351,117,3.0
2017-01-15,United States,US,YouTube channel page,Louis Weisz,OMrUmOTPD_AnSivjxptxpA,50,13,3.8
2017-01-16,Australia,AU,YouTube watch page,Louis Weisz,OMrUmOTPD_AnSivjxptxpA,8,2,3.8
2017-01-16,Belgium,BE,YouTube channel page,Louis Weisz,OMrUmOTPD_AnSivjxptxpA,0,1,0.4
2017-01-16,Brazil,BR,YouTube watch page,Louis Weisz,OMrUmOTPD_AnSivjxptxpA,1,1,0.7
2017-01-16,Brazil,BR,YouTube channel page,Louis Weisz,OMrUmOTPD_AnSivjxptxpA,6,1,6.0
2017-01-16,Canada,CA,YouTube watch page,Louis Weisz,OMrUmOTPD_AnSivjxptxpA,21,6,3.6
2017-01-16,Canada,CA,YouTube channel page,Louis Weisz,OMrUmOTPD_AnSivjxptxpA,1,2,0.3
2017-01-16,China,CN,YouTube channel page,Louis Weisz,OMrUmOTPD_AnSivjxptxpA,0,1,0.3
2017-01-16,Costa Rica,CR,YouTube channel page,Louis Weisz,OMrUmOTPD_AnSivjxptxpA,6,1,6.1
2017-01-16,Czechia,CZ,YouTube watch page,Louis Weisz,OMrUmOTPD_AnSivjxptxpA,1,1,1.4
2017-01-16,Czechia,CZ,YouTube channel page,Louis Weisz,OMrUmOTPD_AnSivjxptxpA,6,1,6.0
2017-01-16,Germany,DE,YouTube watch page,Louis Weisz,OMrUmOTPD_AnSivjxptxpA,12,7,1.7
2017-01-16,Germany,DE,YouTube channel page,Louis Weisz,OMrUmOTPD_AnSivjxptxpA,1,1,0.9
2017-01-16,Algeria,DZ,YouTube watch page,Louis Weisz,OMrUmOTPD_AnSivjxptxpA,3,2,1.4
2017-01-16,Estonia,EE,YouTube watch page,Louis Weisz,OMrUmOTPD_AnSivjxptxpA,2,1,2.5
2017-01-16,Estonia,EE,YouTube channel page,Louis Weisz,OMrUmOTPD_AnSivjxptxpA,0,1,0.2
2017-01-16,Spain,ES,YouTube watch page,Louis Weisz,OMrUmOTPD_AnSivjxptxpA,4,1,3.9
2017-01-16,Finland,FI,YouTube watch page,Louis Weisz,OMrUmOTPD_AnSivjxptxpA,0,2,0.0
2017-01-16,France,FR,YouTube watch page,Louis Weisz,OMrUmOTPD_AnSivjxptxpA,3,1,2.6
2017-01-16,France,FR,YouTube channel page,Louis Weisz,OMrUmOTPD_AnSivjxptxpA,15,3,5.1
2017-01-16,United Kingdom,GB,YouTube watch page,Louis Weisz,OMrUmOTPD_AnSivjxptxpA,0,2,0.2
2017-01-16,United Kingdom,GB,YouTube channel page,Louis Weisz,OMrUmOTPD_AnSivjxptxpA,6,2,3.1
2017-01-16,Hong Kong,HK,YouTube watch page,Louis Weisz,OMrUmOTPD_AnSivjxptxpA,3,1,2.6
2017-01-16,Hungary,HU,YouTube watch page,Louis Weisz,OMrUmOTPD_AnSivjxptxpA,9,4,2.2
2017-01-16,Italy,IT,YouTube watch page,Louis Weisz,OMrUmOTPD_AnSivjxptxpA,4,2,2.1
2017-01-16,Japan,JP,YouTube watch page,Louis Weisz,OMrUmOTPD_AnSivjxptxpA,7,3,2.2
2017-01-16,Japan,JP,Embedded in external websites and apps,Louis Weisz,OMrUmOTPD_AnSivjxptxpA,1,1,1.2
2017-01-16,Latvia,LV,YouTube watch page,Louis Weisz,OMrUmOTPD_AnSivjxptxpA,0,1,0.5
2017-01-16,Latvia,LV,YouTube channel page,Louis Weisz,OMrUmOTPD_AnSivjxptxpA,5,1,4.6
2017-01-16,Mongolia,MN,YouTube channel page,Louis Weisz,OMrUmOTPD_AnSivjxptxpA,6,1,5.7
2017-01-16,Mexico,MX,YouTube watch page,Louis Weisz,OMrUmOTPD_AnSivjxptxpA,1,1,1.3
2017-01-16,Mexico,MX,YouTube channel page,Louis Weisz,OMrUmOTPD_AnSivjxptxpA,7,2,3.4
2017-01-16,Malaysia,MY,YouTube watch page,Louis Weisz,OMrUmOTPD_AnSivjxptxpA,3,1,2.8
2017-01-16,Netherlands,NL,YouTube watch page,Louis Weisz,OMrUmOTPD_AnSivjxptxpA,3,2,1.5
2017-01-16,Netherlands,NL,YouTube channel page,Louis Weisz,OMrUmOTPD_AnSivjxptxpA,6,1,5.8
2017-01-16,Norway,NO,YouTube watch page,Louis Weisz,OMrUmOTPD_AnSivjxptxpA,6,6,0.9
2017-01-16,Norway,NO,YouTube channel page,Louis Weisz,OMrUmOTPD_AnSivjxptxpA,6,1,5.8
2017-01-16,New Zealand,NZ,YouTube watch page,Louis Weisz,OMrUmOTPD_AnSivjxptxpA,0,1,0.5
2017-01-16,Poland,PL,YouTube watch page,Louis Weisz,OMrUmOTPD_AnSivjxptxpA,1,1,1.3
2017-01-16,Poland,PL,YouTube channel page,Louis Weisz,OMrUmOTPD_AnSivjxptxpA,1,1,1.3
2017-01-16,Serbia,RS,YouTube watch page,Louis Weisz,OMrUmOTPD_AnSivjxptxpA,4,3,1.2
2017-01-16,Serbia,RS,YouTube channel page,Louis Weisz,OMrUmOTPD_AnSivjxptxpA,3,1,2.6
2017-01-16,Sweden,SE,YouTube watch page,Louis Weisz,OMrUmOTPD_AnSivjxptxpA,2,3,0.7
2017-01-16,Sweden,SE,YouTube channel page,Louis Weisz,OMrUmOTPD_AnSivjxptxpA,11,3,3.5
2017-01-16,Singapore,SG,YouTube watch page,Louis Weisz,OMrUmOTPD_AnSivjxptxpA,4,1,4.2
2017-01-16,Slovenia,SI,YouTube watch page,Louis Weisz,OMrUmOTPD_AnSivjxptxpA,5,2,2.3
2017-01-16,Turkey,TR,YouTube watch page,Louis Weisz,OMrUmOTPD_AnSivjxptxpA,0,1,0.2
2017-01-16,Turkey,TR,YouTube channel page,Louis Weisz,OMrUmOTPD_AnSivjxptxpA,7,2,3.3
2017-01-16,Taiwan,TW,YouTube watch page,Louis Weisz,OMrUmOTPD_AnSivjxptxpA,19,6,3.2
2017-01-16,United States,US,YouTube watch page,Louis Weisz,OMrUmOTPD_AnSivjxptxpA,261,88,3.0
2017-01-16,United States,US,YouTube channel page,Louis Weisz,OMrUmOTPD_AnSivjxptxpA,32,18,1.8
2017-01-16,Unknown Region,ZZ,YouTube watch page,Louis Weisz,OMrUmOTPD_AnSivjxptxpA,10,2,4.8
2017-01-17,Argentina,AR,YouTube watch page,Louis Weisz,OMrUmOTPD_AnSivjxptxpA,1,1,1.1
2017-01-17,Australia,AU,YouTube channel page,Louis Weisz,OMrUmOTPD_AnSivjxptxpA,7,2,3.4
2017-01-17,Belgium,BE,YouTube watch page,Louis Weisz,OMrUmOTPD_AnSivjxptxpA,1,1,0.5
2017-01-17,Brazil,BR,YouTube watch page,Louis Weisz,OMrUmOTPD_AnSivjxptxpA,18,8,2.2
2017-01-17,Brazil,BR,YouTube channel page,Louis Weisz,OMrUmOTPD_AnSivjxptxpA,21,4,5.3
2017-01-17,Bahamas,BS,YouTube watch page,Louis Weisz,OMrUmOTPD_AnSivjxptxpA,1,1,0.7
2017-01-17,Canada,CA,YouTube watch page,Louis Weisz,OMrUmOTPD_AnSivjxptxpA,34,13,2.6
2017-01-17,Canada,CA,YouTube channel page,Louis Weisz,OMrUmOTPD_AnSivjxptxpA,14,4,3.4
2017-01-17,Germany,DE,YouTube watch page,Louis Weisz,OMrUmOTPD_AnSivjxptxpA,12,5,2.4
2017-01-17,Germany,DE,YouTube channel page,Louis Weisz,OMrUmOTPD_AnSivjxptxpA,10,5,2.0
2017-01-17,Denmark,DK,YouTube watch page,Louis Weisz,OMrUmOTPD_AnSivjxptxpA,5,2,2.3
2017-01-17,Algeria,DZ,YouTube watch page,Louis Weisz,OMrUmOTPD_AnSivjxptxpA,0,2,0.1
2017-01-17,Estonia,EE,YouTube watch page,Louis Weisz,OMrUmOTPD_AnSivjxptxpA,5,4,1.1
2017-01-17,Estonia,EE,YouTube channel page,Louis Weisz,OMrUmOTPD_AnSivjxptxpA,3,2,1.3
2017-01-17,Spain,ES,YouTube channel page,Louis Weisz,OMrUmOTPD_AnSivjxptxpA,5,1,5.1
2017-01-17,Finland,FI,YouTube watch page,Louis Weisz,OMrUmOTPD_AnSivjxptxpA,4,2,1.8
2017-01-17,United Kingdom,GB,YouTube watch page,Louis Weisz,OMrUmOTPD_AnSivjxptxpA,2,4,0.6
2017-01-17,United Kingdom,GB,YouTube channel page,Louis Weisz,OMrUmOTPD_AnSivjxptxpA,11,3,3.7
2017-01-17,Hong Kong,HK,YouTube channel page,Louis Weisz,OMrUmOTPD_AnSivjxptxpA,6,1,5.6
2017-01-17,Isle of Man,IM,YouTube watch page,Louis Weisz,OMrUmOTPD_AnSivjxptxpA,3,1,3.4
2017-01-17,Isle of Man,IM,YouTube channel page,Louis Weisz,OMrUmOTPD_AnSivjxptxpA,0,1,0.2
2017-01-17,Italy,IT,YouTube watch page,Louis Weisz,OMrUmOTPD_AnSivjxptxpA,7,4,1.6
2017-01-17,Italy,IT,YouTube channel page,Louis Weisz,OMrUmOTPD_AnSivjxptxpA,1,1,0.6
2017-01-17,Japan,JP,Embedded in external websites and apps,Louis Weisz,OMrUmOTPD_AnSivjxptxpA,1,1,1.1
2017-01-17,Lithuania,LT,YouTube watch page,Louis Weisz,OMrUmOTPD_AnSivjxptxpA,1,1,1.3
2017-01-17,Macedonia (FYROM),MK,YouTube watch page,Louis Weisz,OMrUmOTPD_AnSivjxptxpA,0,2,0.1
2017-01-17,Malta,MT,YouTube channel page,Louis Weisz,OMrUmOTPD_AnSivjxptxpA,6,1,6.2
2017-01-17,Malaysia,MY,YouTube watch page,Louis Weisz,OMrUmOTPD_AnSivjxptxpA,1,1,0.8
2017-01-17,Netherlands,NL,YouTube watch page,Louis Weisz,OMrUmOTPD_AnSivjxptxpA,1,1,0.8
2017-01-17,Norway,NO,YouTube watch page,Louis Weisz,OMrUmOTPD_AnSivjxptxpA,16,4,3.9
2017-01-17,Panama,PA,YouTube watch page,Louis Weisz,OMrUmOTPD_AnSivjxptxpA,2,1,1.6
2017-01-17,Panama,PA,YouTube channel page,Louis Weisz,OMrUmOTPD_AnSivjxptxpA,1,1,0.5
2017-01-17,Philippines,PH,YouTube watch page,Louis Weisz,OMrUmOTPD_AnSivjxptxpA,6,2,3.1
2017-01-17,Poland,PL,YouTube watch page,Louis Weisz,OMrUmOTPD_AnSivjxptxpA,8,5,1.5
2017-01-17,Poland,PL,YouTube channel page,Louis Weisz,OMrUmOTPD_AnSivjxptxpA,0,1,0.2
2017-01-17,Qatar,QA,YouTube watch page,Louis Weisz,OMrUmOTPD_AnSivjxptxpA,3,1,2.5
2017-01-17,Russia,RU,YouTube watch page,Louis Weisz,OMrUmOTPD_AnSivjxptxpA,1,1,1.2
2017-01-17,Slovakia,SK,YouTube watch page,Louis Weisz,OMrUmOTPD_AnSivjxptxpA,8,4,1.9
2017-01-17,Thailand,TH,YouTube watch page,Louis Weisz,OMrUmOTPD_AnSivjxptxpA,0,1,0.1
2017-01-17,Turkey,TR,YouTube watch page,Louis Weisz,OMrUmOTPD_AnSivjxptxpA,6,1,5.9
2017-01-17,United States,US,YouTube watch page,Louis Weisz,OMrUmOTPD_AnSivjxptxpA,155,62,2.5
2017-01-17,United States,US,Embedded in external websites and apps,Louis Weisz,OMrUmOTPD_AnSivjxptxpA,0,1,0.0
2017-01-17,United States,US,YouTube channel page,Louis Weisz,OMrUmOTPD_AnSivjxptxpA,41,12,3.4
2017-01-17,Vietnam,VN,YouTube watch page,Louis Weisz,OMrUmOTPD_AnSivjxptxpA,1,2,0.5
2017-01-18,United Arab Emirates,AE,YouTube channel page,Louis Weisz,OMrUmOTPD_AnSivjxptxpA,0,1,0.4
2017-01-18,Argentina,AR,YouTube watch page,Louis Weisz,OMrUmOTPD_AnSivjxptxpA,1,1,1.5
2017-01-18,Australia,AU,YouTube watch page,Louis Weisz,OMrUmOTPD_AnSivjxptxpA,10,5,2.1
2017-01-18,Belgium,BE,YouTube watch page,Louis Weisz,OMrUmOTPD_AnSivjxptxpA,15,5,3.1
2017-01-18,Brazil,BR,YouTube watch page,Louis Weisz,OMrUmOTPD_AnSivjxptxpA,0,1,0.0
2017-01-18,Brazil,BR,Embedded in external websites and apps,Louis Weisz,OMrUmOTPD_AnSivjxptxpA,3,2,1.3
2017-01-18,Brazil,BR,YouTube channel page,Louis Weisz,OMrUmOTPD_AnSivjxptxpA,0,1,0.3
2017-01-18,Canada,CA,YouTube watch page,Louis Weisz,OMrUmOTPD_AnSivjxptxpA,6,3,2.1
2017-01-18,Switzerland,CH,YouTube watch page,Louis Weisz,OMrUmOTPD_AnSivjxptxpA,3,1,2.8
2017-01-18,Switzerland,CH,YouTube channel page,Louis Weisz,OMrUmOTPD_AnSivjxptxpA,4,1,3.7
2017-01-18,Colombia,CO,YouTube channel page,Louis Weisz,OMrUmOTPD_AnSivjxptxpA,0,1,0.3
2017-01-18,Germany,DE,YouTube watch page,Louis Weisz,OMrUmOTPD_AnSivjxptxpA,6,2,3.2
2017-01-18,Denmark,DK,YouTube channel page,Louis Weisz,OMrUmOTPD_AnSivjxptxpA,1,1,0.7
2017-01-18,Spain,ES,YouTube watch page,Louis Weisz,OMrUmOTPD_AnSivjxptxpA,17,4,4.2
2017-01-18,Spain,ES,YouTube channel page,Louis Weisz,OMrUmOTPD_AnSivjxptxpA,7,2,3.3
2017-01-18,Finland,FI,YouTube channel page,Louis Weisz,OMrUmOTPD_AnSivjxptxpA,5,1,5.2
2017-01-18,Faroe Islands,FO,YouTube channel page,Louis Weisz,OMrUmOTPD_AnSivjxptxpA,5,1,4.9
2017-01-18,United Kingdom,GB,YouTube watch page,Louis Weisz,OMrUmOTPD_AnSivjxptxpA,13,3,4.3
2017-01-18,United Kingdom,GB,YouTube channel page,Louis Weisz,OMrUmOTPD_AnSivjxptxpA,6,2,3.0
2017-01-18,Croatia,HR,YouTube watch page,Louis Weisz,OMrUmOTPD_AnSivjxptxpA,0,1,0.2
2017-01-18,Indonesia,ID,YouTube watch page,Louis Weisz,OMrUmOTPD_AnSivjxptxpA,6,1,6.3
2017-01-18,Israel,IL,YouTube watch page,Louis Weisz,OMrUmOTPD_AnSivjxptxpA,5,4,1.2
2017-01-18,Israel,IL,YouTube channel page,Louis Weisz,OMrUmOTPD_AnSivjxptxpA,2,1,1.6
2017-01-18,India,IN,YouTube watch page,Louis Weisz,OMrUmOTPD_AnSivjxptxpA,1,1,1.1
2017-01-18,Latvia,LV,YouTube watch page,Louis Weisz,OMrUmOTPD_AnSivjxptxpA,7,2,3.6
2017-01-18,Netherlands,NL,YouTube watch page,Louis Weisz,OMrUmOTPD_AnSivjxptxpA,0,2,0.2
2017-01-18,Netherlands,NL,YouTube channel page,Louis Weisz,OMrUmOTPD_AnSivjxptxpA,6,1,5.8
2017-01-18,Norway,NO,YouTube watch page,Louis Weisz,OMrUmOTPD_AnSivjxptxpA,3,2,1.7
2017-01-18,Norway,NO,YouTube channel page,Louis Weisz,OMrUmOTPD_AnSivjxptxpA,6,1,6.0
2017-01-18,New Zealand,NZ,YouTube channel page,Louis Weisz,OMrUmOTPD_AnSivjxptxpA,6,1,5.9
2017-01-18,Philippines,PH,YouTube watch page,Louis Weisz,OMrUmOTPD_AnSivjxptxpA,5,1,5.3
2017-01-18,Pakistan,PK,YouTube watch page,Louis Weisz,OMrUmOTPD_AnSivjxptxpA,1,1,1.0
2017-01-18,Russia,RU,YouTube watch page,Louis Weisz,OMrUmOTPD_AnSivjxptxpA,0,1,0.3
2017-01-18,Sweden,SE,YouTube channel page,Louis Weisz,OMrUmOTPD_AnSivjxptxpA,6,1,6.0
2017-01-18,United States,US,YouTube watch page,Louis Weisz,OMrUmOTPD_AnSivjxptxpA,230,78,2.9
2017-01-18,United States,US,YouTube channel page,Louis Weisz,OMrUmOTPD_AnSivjxptxpA,31,10,3.1
2017-01-18,South Africa,ZA,YouTube watch page,Louis Weisz,OMrUmOTPD_AnSivjxptxpA,2,1,2.3
2017-01-19,Argentina,AR,YouTube watch page,Louis Weisz,OMrUmOTPD_AnSivjxptxpA,6,4,1.6
2017-01-19,Australia,AU,YouTube watch page,Louis Weisz,OMrUmOTPD_AnSivjxptxpA,21,7,3.0
2017-01-19,Australia,AU,YouTube channel page,Louis Weisz,OMrUmOTPD_AnSivjxptxpA,5,2,2.6
2017-01-19,Belgium,BE,YouTube watch page,Louis Weisz,OMrUmOTPD_AnSivjxptxpA,12,2,5.9
2017-01-19,Brazil,BR,Embedded in external websites and apps,Louis Weisz,OMrUmOTPD_AnSivjxptxpA,4,4,1.0
2017-01-19,Brazil,BR,YouTube channel page,Louis Weisz,OMrUmOTPD_AnSivjxptxpA,0,1,0.3
2017-01-19,Canada,CA,YouTube watch page,Louis Weisz,OMrUmOTPD_AnSivjxptxpA,13,8,1.6
2017-01-19,Canada,CA,YouTube channel page,Louis Weisz,OMrUmOTPD_AnSivjxptxpA,7,6,1.1
2017-01-19,Switzerland,CH,YouTube channel page,Louis Weisz,OMrUmOTPD_AnSivjxptxpA,2,1,1.7
2017-01-19,Chile,CL,YouTube watch page,Louis Weisz,OMrUmOTPD_AnSivjxptxpA,10,4,2.5
2017-01-19,Chile,CL,YouTube channel page,Louis Weisz,OMrUmOTPD_AnSivjxptxpA,4,1,3.8
2017-01-19,Czechia,CZ,YouTube watch page,Louis Weisz,OMrUmOTPD_AnSivjxptxpA,5,3,1.7
2017-01-19,Germany,DE,YouTube watch page,Louis Weisz,OMrUmOTPD_AnSivjxptxpA,27,7,3.8
2017-01-19,Germany,DE,YouTube channel page,Louis Weisz,OMrUmOTPD_AnSivjxptxpA,16,5,3.2
2017-01-19,Denmark,DK,YouTube watch page,Louis Weisz,OMrUmOTPD_AnSivjxptxpA,5,1,5.2
2017-01-19,Estonia,EE,YouTube watch page,Louis Weisz,OMrUmOTPD_AnSivjxptxpA,17,4,4.2
2017-01-19,Estonia,EE,YouTube channel page,Louis Weisz,OMrUmOTPD_AnSivjxptxpA,1,1,1.0
2017-01-19,Spain,ES,YouTube watch page,Louis Weisz,OMrUmOTPD_AnSivjxptxpA,6,3,1.9
2017-01-19,Spain,ES,YouTube channel page,Louis Weisz,OMrUmOTPD_AnSivjxptxpA,3,2,1.7
2017-01-19,Finland,FI,YouTube watch page,Louis Weisz,OMrUmOTPD_AnSivjxptxpA,10,4,2.5
2017-01-19,France,FR,YouTube watch page,Louis Weisz,OMrUmOTPD_AnSivjxptxpA,4,2,2.1
2017-01-19,France,FR,YouTube channel page,Louis Weisz,OMrUmOTPD_AnSivjxptxpA,6,1,6.2
2017-01-19,United Kingdom,GB,YouTube watch page,Louis Weisz,OMrUmOTPD_AnSivjxptxpA,22,10,2.2
2017-01-19,United Kingdom,GB,YouTube channel page,Louis Weisz,OMrUmOTPD_AnSivjxptxpA,17,7,2.5
2017-01-19,Croatia,HR,YouTube watch page,Louis Weisz,OMrUmOTPD_AnSivjxptxpA,2,2,1.2
2017-01-19,Indonesia,ID,YouTube watch page,Louis Weisz,OMrUmOTPD_AnSivjxptxpA,0,1,0.2
2017-01-19,India,IN,YouTube watch page,Louis Weisz,OMrUmOTPD_AnSivjxptxpA,2,2,1.1
2017-01-19,Italy,IT,YouTube watch page,Louis Weisz,OMrUmOTPD_AnSivjxptxpA,7,3,2.4
2017-01-19,Japan,JP,YouTube watch page,Louis Weisz,OMrUmOTPD_AnSivjxptxpA,1,2,0.7
2017-01-19,Japan,JP,YouTube channel page,Louis Weisz,OMrUmOTPD_AnSivjxptxpA,5,1,4.9
2017-01-19,Lithuania,LT,YouTube channel page,Louis Weisz,OMrUmOTPD_AnSivjxptxpA,6,1,5.9
2017-01-19,Mexico,MX,YouTube channel page,Louis Weisz,OMrUmOTPD_AnSivjxptxpA,6,1,5.9
2017-01-19,Malaysia,MY,YouTube watch page,Louis Weisz,OMrUmOTPD_AnSivjxptxpA,7,4,1.7
2017-01-19,Netherlands,NL,YouTube watch page,Louis Weisz,OMrUmOTPD_AnSivjxptxpA,14,7,2.0
2017-01-19,Netherlands,NL,YouTube channel page,Louis Weisz,OMrUmOTPD_AnSivjxptxpA,1,2,0.3
2017-01-19,Norway,NO,YouTube watch page,Louis Weisz,OMrUmOTPD_AnSivjxptxpA,3,1,2.6
2017-01-19,New Zealand,NZ,YouTube watch page,Louis Weisz,OMrUmOTPD_AnSivjxptxpA,3,1,2.8
2017-01-19,Peru,PE,YouTube watch page,Louis Weisz,OMrUmOTPD_AnSivjxptxpA,7,2,3.5
2017-01-19,Philippines,PH,Embedded in external websites and apps,Louis Weisz,OMrUmOTPD_AnSivjxptxpA,1,1,1.2
2017-01-19,Pakistan,PK,YouTube watch page,Louis Weisz,OMrUmOTPD_AnSivjxptxpA,2,1,1.8
2017-01-19,Poland,PL,YouTube watch page,Louis Weisz,OMrUmOTPD_AnSivjxptxpA,3,1,2.8
2017-01-19,Portugal,PT,YouTube watch page,Louis Weisz,OMrUmOTPD_AnSivjxptxpA,0,1,0.4
2017-01-19,Portugal,PT,Embedded in external websites and apps,Louis Weisz,OMrUmOTPD_AnSivjxptxpA,5,1,5.3
2017-01-19,Portugal,PT,YouTube channel page,Louis Weisz,OMrUmOTPD_AnSivjxptxpA,0,1,0.2
2017-01-19,Romania,RO,YouTube watch page,Louis Weisz,OMrUmOTPD_AnSivjxptxpA,3,1,2.8
2017-01-19,Romania,RO,YouTube channel page,Louis Weisz,OMrUmOTPD_AnSivjxptxpA,6,1,6.1
2017-01-19,Russia,RU,YouTube channel page,Louis Weisz,OMrUmOTPD_AnSivjxptxpA,0,1,0.3
2017-01-19,Sweden,SE,YouTube watch page,Louis Weisz,OMrUmOTPD_AnSivjxptxpA,0,1,0.4
2017-01-19,Ukraine,UA,YouTube watch page,Louis Weisz,OMrUmOTPD_AnSivjxptxpA,1,1,0.8
2017-01-19,United States,US,YouTube watch page,Louis Weisz,OMrUmOTPD_AnSivjxptxpA,299,95,3.2
2017-01-19,United States,US,YouTube channel page,Louis Weisz,OMrUmOTPD_AnSivjxptxpA,64,22,2.9
2017-01-19,South Africa,ZA,YouTube watch page,Louis Weisz,OMrUmOTPD_AnSivjxptxpA,2,1,2.2
2017-01-20,Albania,AL,YouTube channel page,Louis Weisz,OMrUmOTPD_AnSivjxptxpA,6,1,5.9
2017-01-20,Australia,AU,YouTube watch page,Louis Weisz,OMrUmOTPD_AnSivjxptxpA,0,2,0.2
2017-01-20,Australia,AU,YouTube channel page,Louis Weisz,OMrUmOTPD_AnSivjxptxpA,6,1,6.2
2017-01-20,Bosnia & Herzegovina,BA,YouTube watch page,Louis Weisz,OMrUmOTPD_AnSivjxptxpA,6,5,1.2
2017-01-20,Belgium,BE,YouTube watch page,Louis Weisz,OMrUmOTPD_AnSivjxptxpA,6,1,6.0
2017-01-20,Brazil,BR,YouTube watch page,Louis Weisz,OMrUmOTPD_AnSivjxptxpA,12,6,2.0
2017-01-20,Brazil,BR,Embedded in external websites and apps,Louis Weisz,OMrUmOTPD_AnSivjxptxpA,9,4,2.3
2017-01-20,Brazil,BR,YouTube channel page,Louis Weisz,OMrUmOTPD_AnSivjxptxpA,0,1,0.2
2017-01-20,Canada,CA,YouTube watch page,Louis Weisz,OMrUmOTPD_AnSivjxptxpA,19,7,2.7
2017-01-20,Canada,CA,YouTube channel page,Louis Weisz,OMrUmOTPD_AnSivjxptxpA,6,1,6.1
2017-01-20,Switzerland,CH,YouTube watch page,Louis Weisz,OMrUmOTPD_AnSivjxptxpA,5,1,4.9
2017-01-20,Chile,CL,YouTube channel page,Louis Weisz,OMrUmOTPD_AnSivjxptxpA,4,1,3.9
2017-01-20,Germany,DE,YouTube watch page,Louis Weisz,OMrUmOTPD_AnSivjxptxpA,10,2,5.1
2017-01-20,Germany,DE,YouTube channel page,Louis Weisz,OMrUmOTPD_AnSivjxptxpA,7,3,2.3
2017-01-20,France,FR,YouTube watch page,Louis Weisz,OMrUmOTPD_AnSivjxptxpA,11,5,2.2
2017-01-20,United Kingdom,GB,YouTube watch page,Louis Weisz,OMrUmOTPD_AnSivjxptxpA,0,1,0.0
2017-01-20,United Kingdom,GB,YouTube channel page,Louis Weisz,OMrUmOTPD_AnSivjxptxpA,1,1,0.6
2017-01-20,Greece,GR,YouTube watch page,Louis Weisz,OMrUmOTPD_AnSivjxptxpA,3,1,3.0
2017-01-20,Croatia,HR,YouTube watch page,Louis Weisz,OMrUmOTPD_AnSivjxptxpA,4,1,4.3
2017-01-20,Indonesia,ID,YouTube channel page,Louis Weisz,OMrUmOTPD_AnSivjxptxpA,1,1,0.6
2017-01-20,India,IN,YouTube watch page,Louis Weisz,OMrUmOTPD_AnSivjxptxpA,1,1,1.0
2017-01-20,Jordan,JO,YouTube watch page,Louis Weisz,OMrUmOTPD_AnSivjxptxpA,6,1,5.8
2017-01-20,Moldova,MD,YouTube watch page,Louis Weisz,OMrUmOTPD_AnSivjxptxpA,3,2,1.6
2017-01-20,Malaysia,MY,YouTube watch page,Louis Weisz,OMrUmOTPD_AnSivjxptxpA,1,1,1.4
2017-01-20,Netherlands,NL,YouTube watch page,Louis Weisz,OMrUmOTPD_AnSivjxptxpA,16,13,1.3
2017-01-20,Netherlands,NL,YouTube channel page,Louis Weisz,OMrUmOTPD_AnSivjxptxpA,9,2,4.3
2017-01-20,Norway,NO,YouTube channel page,Louis Weisz,OMrUmOTPD_AnSivjxptxpA,2,1,2.0
2017-01-20,New Zealand,NZ,YouTube watch page,Louis Weisz,OMrUmOTPD_AnSivjxptxpA,4,1,3.9
2017-01-20,Réunion,RE,YouTube watch page,Louis Weisz,OMrUmOTPD_AnSivjxptxpA,1,1,1.3
2017-01-20,Romania,RO,YouTube channel page,Louis Weisz,OMrUmOTPD_AnSivjxptxpA,5,1,5.1
2017-01-20,Russia,RU,YouTube watch page,Louis Weisz,OMrUmOTPD_AnSivjxptxpA,9,5,1.9
2017-01-20,Taiwan,TW,YouTube watch page,Louis Weisz,OMrUmOTPD_AnSivjxptxpA,0,1,0.4
2017-01-20,United States,US,YouTube watch page,Louis Weisz,OMrUmOTPD_AnSivjxptxpA,209,71,2.9
2017-01-20,United States,US,YouTube channel page,Louis Weisz,OMrUmOTPD_AnSivjxptxpA,37,16,2.3
2017-01-21,Argentina,AR,YouTube watch page,Louis Weisz,OMrUmOTPD_AnSivjxptxpA,0,1,0.3
2017-01-21,Australia,AU,YouTube watch page,Louis Weisz,OMrUmOTPD_AnSivjxptxpA,2,1,1.9
2017-01-21,Brazil,BR,YouTube watch page,Louis Weisz,OMrUmOTPD_AnSivjxptxpA,1,1,0.7
2017-01-21,Canada,CA,YouTube watch page,Louis Weisz,OMrUmOTPD_AnSivjxptxpA,15,5,2.9
2017-01-21,Switzerland,CH,YouTube watch page,Louis Weisz,OMrUmOTPD_AnSivjxptxpA,6,3,1.9
2017-01-21,Switzerland,CH,YouTube channel page,Louis Weisz,OMrUmOTPD_AnSivjxptxpA,0,1,0.4
2017-01-21,Czechia,CZ,YouTube channel page,Louis Weisz,OMrUmOTPD_AnSivjxptxpA,2,1,2.0
2017-01-21,Germany,DE,YouTube watch page,Louis Weisz,OMrUmOTPD_AnSivjxptxpA,7,3,2.4
2017-01-21,Germany,DE,YouTube channel page,Louis Weisz,OMrUmOTPD_AnSivjxptxpA,9,3,2.9
2017-01-21,Denmark,DK,YouTube watch page,Louis Weisz,OMrUmOTPD_AnSivjxptxpA,13,3,4.5
2017-01-21,Estonia,EE,YouTube watch page,Louis Weisz,OMrUmOTPD_AnSivjxptxpA,3,1,2.8
2017-01-21,Estonia,EE,YouTube channel page,Louis Weisz,OMrUmOTPD_AnSivjxptxpA,3,1,3.2
2017-01-21,Spain,ES,YouTube watch page,Louis Weisz,OMrUmOTPD_AnSivjxptxpA,2,3,0.7
2017-01-21,Spain,ES,YouTube channel page,Louis Weisz,OMrUmOTPD_AnSivjxptxpA,9,2,4.5
2017-01-21,Finland,FI,YouTube watch page,Louis Weisz,OMrUmOTPD_AnSivjxptxpA,2,1,2.2
2017-01-21,Finland,FI,YouTube channel page,Louis Weisz,OMrUmOTPD_AnSivjxptxpA,0,1,0.3
2017-01-21,France,FR,YouTube watch page,Louis Weisz,OMrUmOTPD_AnSivjxptxpA,6,2,3.1
2017-01-21,United Kingdom,GB,YouTube watch page,Louis Weisz,OMrUmOTPD_AnSivjxptxpA,34,15,2.3
2017-01-21,United Kingdom,GB,YouTube channel page,Louis Weisz,OMrUmOTPD_AnSivjxptxpA,13,3,4.4
2017-01-21,Indonesia,ID,YouTube watch page,Louis Weisz,OMrUmOTPD_AnSivjxptxpA,4,3,1.4
2017-01-21,India,IN,YouTube watch page,Louis Weisz,OMrUmOTPD_AnSivjxptxpA,1,1,1.3
2017-01-21,Italy,IT,YouTube watch page,Louis Weisz,OMrUmOTPD_AnSivjxptxpA,6,2,2.9
2017-01-21,Japan,JP,YouTube watch page,Louis Weisz,OMrUmOTPD_AnSivjxptxpA,7,1,7.5
2017-01-21,Latvia,LV,YouTube watch page,Louis Weisz,OMrUmOTPD_AnSivjxptxpA,4,1,3.6
2017-01-21,Mexico,MX,YouTube watch page,Louis Weisz,OMrUmOTPD_AnSivjxptxpA,0,2,0.2
2017-01-21,Norway,NO,YouTube watch page,Louis Weisz,OMrUmOTPD_AnSivjxptxpA,0,1,0.1
2017-01-21,Norway,NO,YouTube channel page,Louis Weisz,OMrUmOTPD_AnSivjxptxpA,1,1,0.8
2017-01-21,New Zealand,NZ,YouTube channel page,Louis Weisz,OMrUmOTPD_AnSivjxptxpA,2,3,0.5
2017-01-21,Philippines,PH,YouTube channel page,Louis Weisz,OMrUmOTPD_AnSivjxptxpA,1,1,1.1
2017-01-21,Poland,PL,YouTube watch page,Louis Weisz,OMrUmOTPD_AnSivjxptxpA,1,1,0.7
2017-01-21,Poland,PL,YouTube channel page,Louis Weisz,OMrUmOTPD_AnSivjxptxpA,0,1,0.2
2017-01-21,Sweden,SE,YouTube watch page,Louis Weisz,OMrUmOTPD_AnSivjxptxpA,7,2,3.5
2017-01-21,Sweden,SE,YouTube channel page,Louis Weisz,OMrUmOTPD_AnSivjxptxpA,0,1,0.3
2017-01-21,Singapore,SG,YouTube watch page,Louis Weisz,OMrUmOTPD_AnSivjxptxpA,6,1,5.7
2017-01-21,Thailand,TH,YouTube watch page,Louis Weisz,OMrUmOTPD_AnSivjxptxpA,2,1,1.9
2017-01-21,Turkey,TR,YouTube watch page,Louis Weisz,OMrUmOTPD_AnSivjxptxpA,2,2,1.2
2017-01-21,Ukraine,UA,YouTube watch page,Louis Weisz,OMrUmOTPD_AnSivjxptxpA,0,1,0.5
2017-01-21,United States,US,YouTube watch page,Louis Weisz,OMrUmOTPD_AnSivjxptxpA,202,75,2.7
2017-01-21,United States,US,YouTube channel page,Louis Weisz,OMrUmOTPD_AnSivjxptxpA,83,26,3.2
2017-01-22,Australia,AU,YouTube watch page,Louis Weisz,OMrUmOTPD_AnSivjxptxpA,4,3,1.3
2017-01-22,Australia,AU,YouTube channel page,Louis Weisz,OMrUmOTPD_AnSivjxptxpA,10,2,5.2
2017-01-22,Brazil,BR,YouTube watch page,Louis Weisz,OMrUmOTPD_AnSivjxptxpA,7,8,0.9
2017-01-22,Brazil,BR,YouTube channel page,Louis Weisz,OMrUmOTPD_AnSivjxptxpA,1,1,0.5
2017-01-22,Canada,CA,YouTube watch page,Louis Weisz,OMrUmOTPD_AnSivjxptxpA,15,4,3.9
2017-01-22,Canada,CA,YouTube channel page,Louis Weisz,OMrUmOTPD_AnSivjxptxpA,14,4,3.4
2017-01-22,Switzerland,CH,YouTube channel page,Louis Weisz,OMrUmOTPD_AnSivjxptxpA,1,1,1.4
2017-01-22,Costa Rica,CR,YouTube watch page,Louis Weisz,OMrUmOTPD_AnSivjxptxpA,3,1,2.8
2017-01-22,Germany,DE,YouTube watch page,Louis Weisz,OMrUmOTPD_AnSivjxptxpA,20,6,3.4
2017-01-22,Germany,DE,YouTube channel page,Louis Weisz,OMrUmOTPD_AnSivjxptxpA,6,2,2.8
2017-01-22,Denmark,DK,YouTube watch page,Louis Weisz,OMrUmOTPD_AnSivjxptxpA,4,2,1.8
2017-01-22,Denmark,DK,YouTube channel page,Louis Weisz,OMrUmOTPD_AnSivjxptxpA,6,2,3.1
2017-01-22,Spain,ES,YouTube watch page,Louis Weisz,OMrUmOTPD_AnSivjxptxpA,2,2,0.8
2017-01-22,France,FR,YouTube watch page,Louis Weisz,OMrUmOTPD_AnSivjxptxpA,8,2,3.9
2017-01-22,France,FR,YouTube channel page,Louis Weisz,OMrUmOTPD_AnSivjxptxpA,0,1,0.2
2017-01-22,United Kingdom,GB,YouTube watch page,Louis Weisz,OMrUmOTPD_AnSivjxptxpA,18,8,2.2
2017-01-22,Hong Kong,HK,YouTube watch page,Louis Weisz,OMrUmOTPD_AnSivjxptxpA,28,12,2.4
2017-01-22,Indonesia,ID,YouTube watch page,Louis Weisz,OMrUmOTPD_AnSivjxptxpA,1,1,0.8
2017-01-22,Ireland,IE,YouTube watch page,Louis Weisz,OMrUmOTPD_AnSivjxptxpA,1,2,0.7
2017-01-22,India,IN,YouTube watch page,Louis Weisz,OMrUmOTPD_AnSivjxptxpA,12,4,3.0
2017-01-22,Iceland,IS,YouTube watch page,Louis Weisz,OMrUmOTPD_AnSivjxptxpA,1,1,0.6
2017-01-22,Italy,IT,YouTube channel page,Louis Weisz,OMrUmOTPD_AnSivjxptxpA,1,1,1.3
2017-01-22,Japan,JP,Embedded in external websites and apps,Louis Weisz,OMrUmOTPD_AnSivjxptxpA,0,1,0.5
2017-01-22,South Korea,KR,YouTube watch page,Louis Weisz,OMrUmOTPD_AnSivjxptxpA,0,1,0.1
2017-01-22,Kuwait,KW,YouTube channel page,Louis Weisz,OMrUmOTPD_AnSivjxptxpA,7,2,3.4
2017-01-22,Lithuania,LT,YouTube watch page,Louis Weisz,OMrUmOTPD_AnSivjxptxpA,4,1,4.4
2017-01-22,Lithuania,LT,YouTube channel page,Louis Weisz,OMrUmOTPD_AnSivjxptxpA,4,1,3.8
2017-01-22,Mauritius,MU,YouTube watch page,Louis Weisz,OMrUmOTPD_AnSivjxptxpA,1,1,0.7
2017-01-22,Norway,NO,YouTube watch page,Louis Weisz,OMrUmOTPD_AnSivjxptxpA,2,1,1.7
2017-01-22,Norway,NO,YouTube channel page,Louis Weisz,OMrUmOTPD_AnSivjxptxpA,6,1,6.3
2017-01-22,Philippines,PH,YouTube watch page,Louis Weisz,OMrUmOTPD_AnSivjxptxpA,6,3,2.0
2017-01-22,Portugal,PT,YouTube watch page,Louis Weisz,OMrUmOTPD_AnSivjxptxpA,3,1,2.8
2017-01-22,Sweden,SE,YouTube watch page,Louis Weisz,OMrUmOTPD_AnSivjxptxpA,12,3,3.9
2017-01-22,Sweden,SE,YouTube channel page,Louis Weisz,OMrUmOTPD_AnSivjxptxpA,6,3,2.1
2017-01-22,Slovakia,SK,YouTube watch page,Louis Weisz,OMrUmOTPD_AnSivjxptxpA,1,1,0.7
2017-01-22,Ukraine,UA,YouTube watch page,Louis Weisz,OMrUmOTPD_AnSivjxptxpA,3,1,2.6
2017-01-22,United States,US,YouTube watch page,Louis Weisz,OMrUmOTPD_AnSivjxptxpA,270,88,3.1
2017-01-22,United States,US,YouTube channel page,Louis Weisz,OMrUmOTPD_AnSivjxptxpA,29,14,2.1
2017-01-23,Australia,AU,YouTube watch page,Louis Weisz,OMrUmOTPD_AnSivjxptxpA,24,5,4.9
2017-01-23,Brazil,BR,Embedded in external websites and apps,Louis Weisz,OMrUmOTPD_AnSivjxptxpA,1,1,0.9
2017-01-23,Brazil,BR,YouTube channel page,Louis Weisz,OMrUmOTPD_AnSivjxptxpA,4,2,1.8
2017-01-23,Canada,CA,YouTube watch page,Louis Weisz,OMrUmOTPD_AnSivjxptxpA,17,4,4.2
2017-01-23,Canada,CA,YouTube channel page,Louis Weisz,OMrUmOTPD_AnSivjxptxpA,4,1,4.5
2017-01-23,Germany,DE,YouTube watch page,Louis Weisz,OMrUmOTPD_AnSivjxptxpA,4,2,2.0
2017-01-23,Germany,DE,YouTube channel page,Louis Weisz,OMrUmOTPD_AnSivjxptxpA,5,1,4.7
2017-01-23,Finland,FI,YouTube channel page,Louis Weisz,OMrUmOTPD_AnSivjxptxpA,0,1,0.4
2017-01-23,United Kingdom,GB,YouTube watch page,Louis Weisz,OMrUmOTPD_AnSivjxptxpA,32,8,4.0
2017-01-23,United Kingdom,GB,YouTube channel page,Louis Weisz,OMrUmOTPD_AnSivjxptxpA,6,2,3.1
2017-01-23,Croatia,HR,YouTube watch page,Louis Weisz,OMrUmOTPD_AnSivjxptxpA,1,1,1.3
2017-01-23,Indonesia,ID,YouTube watch page,Louis Weisz,OMrUmOTPD_AnSivjxptxpA,2,2,1.0
2017-01-23,India,IN,YouTube watch page,Louis Weisz,OMrUmOTPD_AnSivjxptxpA,0,2,0.1
2017-01-23,Jordan,JO,YouTube watch page,Louis Weisz,OMrUmOTPD_AnSivjxptxpA,7,1,6.5
2017-01-23,South Korea,KR,YouTube watch page,Louis Weisz,OMrUmOTPD_AnSivjxptxpA,3,1,2.6
2017-01-23,Netherlands,NL,YouTube watch page,Louis Weisz,OMrUmOTPD_AnSivjxptxpA,2,1,1.7
2017-01-23,Norway,NO,YouTube watch page,Louis Weisz,OMrUmOTPD_AnSivjxptxpA,2,1,2.2
2017-01-23,Norway,NO,YouTube channel page,Louis Weisz,OMrUmOTPD_AnSivjxptxpA,2,1,1.9
2017-01-23,New Zealand,NZ,YouTube watch page,Louis Weisz,OMrUmOTPD_AnSivjxptxpA,0,1,0.0
2017-01-23,Peru,PE,YouTube watch page,Louis Weisz,OMrUmOTPD_AnSivjxptxpA,1,1,0.9
2017-01-23,Poland,PL,YouTube watch page,Louis Weisz,OMrUmOTPD_AnSivjxptxpA,7,4,1.7
2017-01-23,Portugal,PT,YouTube channel page,Louis Weisz,OMrUmOTPD_AnSivjxptxpA,0,1,0.4
2017-01-23,Slovenia,SI,YouTube watch page,Louis Weisz,OMrUmOTPD_AnSivjxptxpA,2,1,1.5
2017-01-23,Thailand,TH,YouTube watch page,Louis Weisz,OMrUmOTPD_AnSivjxptxpA,0,1,0.3
2017-01-23,Ukraine,UA,YouTube watch page,Louis Weisz,OMrUmOTPD_AnSivjxptxpA,0,1,0.0
2017-01-23,United States,US,YouTube watch page,Louis Weisz,OMrUmOTPD_AnSivjxptxpA,70,29,2.4
2017-01-23,United States,US,YouTube channel page,Louis Weisz,OMrUmOTPD_AnSivjxptxpA,25,9,2.8
2017-01-23,South Africa,ZA,YouTube watch page,Louis Weisz,OMrUmOTPD_AnSivjxptxpA,2,1,1.6
2017-01-24,Austria,AT,YouTube watch page,Louis Weisz,OMrUmOTPD_AnSivjxptxpA,6,1,6.1
2017-01-24,Australia,AU,YouTube watch page,Louis Weisz,OMrUmOTPD_AnSivjxptxpA,16,4,4.0
2017-01-24,Australia,AU,YouTube channel page,Louis Weisz,OMrUmOTPD_AnSivjxptxpA,6,1,6.1
2017-01-24,Belgium,BE,YouTube channel page,Louis Weisz,OMrUmOTPD_AnSivjxptxpA,0,1,0.4
2017-01-24,Brazil,BR,YouTube watch page,Louis Weisz,OMrUmOTPD_AnSivjxptxpA,0,1,0.2
2017-01-24,Brazil,BR,Embedded in external websites and apps,Louis Weisz,OMrUmOTPD_AnSivjxptxpA,10,2,4.9
2017-01-24,Canada,CA,YouTube watch page,Louis Weisz,OMrUmOTPD_AnSivjxptxpA,31,9,3.5
2017-01-24,Canada,CA,YouTube channel page,Louis Weisz,OMrUmOTPD_AnSivjxptxpA,10,2,4.9
2017-01-24,Chile,CL,YouTube watch page,Louis Weisz,OMrUmOTPD_AnSivjxptxpA,0,1,0.0
2017-01-24,Chile,CL,YouTube channel page,Louis Weisz,OMrUmOTPD_AnSivjxptxpA,1,1,1.4
2017-01-24,Germany,DE,YouTube watch page,Louis Weisz,OMrUmOTPD_AnSivjxptxpA,30,9,3.4
2017-01-24,Algeria,DZ,YouTube watch page,Louis Weisz,OMrUmOTPD_AnSivjxptxpA,3,1,3.1
2017-01-24,Finland,FI,YouTube watch page,Louis Weisz,OMrUmOTPD_AnSivjxptxpA,0,1,0.2
2017-01-24,France,FR,YouTube watch page,Louis Weisz,OMrUmOTPD_AnSivjxptxpA,1,1,0.6
2017-01-24,United Kingdom,GB,YouTube watch page,Louis Weisz,OMrUmOTPD_AnSivjxptxpA,22,7,3.2
2017-01-24,United Kingdom,GB,YouTube channel page,Louis Weisz,OMrUmOTPD_AnSivjxptxpA,3,2,1.4
2017-01-24,Ireland,IE,YouTube watch page,Louis Weisz,OMrUmOTPD_AnSivjxptxpA,5,2,2.5
2017-01-24,India,IN,YouTube watch page,Louis Weisz,OMrUmOTPD_AnSivjxptxpA,0,1,0.1
2017-01-24,Netherlands,NL,YouTube channel page,Louis Weisz,OMrUmOTPD_AnSivjxptxpA,6,1,6.3
2017-01-24,Peru,PE,YouTube watch page,Louis Weisz,OMrUmOTPD_AnSivjxptxpA,1,1,0.5
2017-01-24,Serbia,RS,YouTube watch page,Louis Weisz,OMrUmOTPD_AnSivjxptxpA,0,1,0.1
2017-01-24,Sweden,SE,YouTube watch page,Louis Weisz,OMrUmOTPD_AnSivjxptxpA,5,4,1.3
2017-01-24,Sweden,SE,YouTube channel page,Louis Weisz,OMrUmOTPD_AnSivjxptxpA,1,1,0.6
2017-01-24,Slovakia,SK,YouTube watch page,Louis Weisz,OMrUmOTPD_AnSivjxptxpA,1,1,0.7
2017-01-24,Slovakia,SK,YouTube channel page,Louis Weisz,OMrUmOTPD_AnSivjxptxpA,4,2,2.0
2017-01-24,Turkey,TR,YouTube watch page,Louis Weisz,OMrUmOTPD_AnSivjxptxpA,2,1,1.6
2017-01-24,United States,US,YouTube watch page,Louis Weisz,OMrUmOTPD_AnSivjxptxpA,131,42,3.1
2017-01-24,United States,US,YouTube channel page,Louis Weisz,OMrUmOTPD_AnSivjxptxpA,40,12,3.3
2017-01-25,Australia,AU,YouTube watch page,Louis Weisz,OMrUmOTPD_AnSivjxptxpA,5,2,2.3
2017-01-25,Australia,AU,YouTube channel page,Louis Weisz,OMrUmOTPD_AnSivjxptxpA,0,1,0.3
2017-01-25,Belgium,BE,YouTube watch page,Louis Weisz,OMrUmOTPD_AnSivjxptxpA,8,5,1.6
2017-01-25,Brazil,BR,YouTube watch page,Louis Weisz,OMrUmOTPD_AnSivjxptxpA,2,4,0.5
2017-01-25,Brazil,BR,Embedded in external websites and apps,Louis Weisz,OMrUmOTPD_AnSivjxptxpA,9,3,3.2
2017-01-25,Brazil,BR,YouTube channel page,Louis Weisz,OMrUmOTPD_AnSivjxptxpA,5,1,5.3
2017-01-25,Canada,CA,YouTube watch page,Louis Weisz,OMrUmOTPD_AnSivjxptxpA,6,6,1.0
2017-01-25,Germany,DE,YouTube watch page,Louis Weisz,OMrUmOTPD_AnSivjxptxpA,3,2,1.7
2017-01-25,Germany,DE,YouTube channel page,Louis Weisz,OMrUmOTPD_AnSivjxptxpA,10,2,5.0
2017-01-25,Denmark,DK,YouTube watch page,Louis Weisz,OMrUmOTPD_AnSivjxptxpA,6,1,5.8
2017-01-25,Denmark,DK,YouTube channel page,Louis Weisz,OMrUmOTPD_AnSivjxptxpA,2,1,1.9
2017-01-25,Spain,ES,YouTube watch page,Louis Weisz,OMrUmOTPD_AnSivjxptxpA,0,1,0.4
2017-01-25,Spain,ES,YouTube channel page,Louis Weisz,OMrUmOTPD_AnSivjxptxpA,1,1,0.5
2017-01-25,Finland,FI,YouTube watch page,Louis Weisz,OMrUmOTPD_AnSivjxptxpA,17,4,4.3
2017-01-25,Finland,FI,YouTube channel page,Louis Weisz,OMrUmOTPD_AnSivjxptxpA,0,1,0.3
2017-01-25,United Kingdom,GB,YouTube watch page,Louis Weisz,OMrUmOTPD_AnSivjxptxpA,22,6,3.6
2017-01-25,Indonesia,ID,YouTube watch page,Louis Weisz,OMrUmOTPD_AnSivjxptxpA,1,1,1.4
2017-01-25,Israel,IL,YouTube watch page,Louis Weisz,OMrUmOTPD_AnSivjxptxpA,17,4,4.2
2017-01-25,Italy,IT,YouTube watch page,Louis Weisz,OMrUmOTPD_AnSivjxptxpA,0,1,0.1
2017-01-25,Mexico,MX,YouTube watch page,Louis Weisz,OMrUmOTPD_AnSivjxptxpA,0,1,0.1
2017-01-25,Netherlands,NL,YouTube watch page,Louis Weisz,OMrUmOTPD_AnSivjxptxpA,4,1,3.6
2017-01-25,Pakistan,PK,YouTube watch page,Louis Weisz,OMrUmOTPD_AnSivjxptxpA,0,2,0.2
2017-01-25,Portugal,PT,YouTube watch page,Louis Weisz,OMrUmOTPD_AnSivjxptxpA,1,2,0.5
2017-01-25,Russia,RU,YouTube watch page,Louis Weisz,OMrUmOTPD_AnSivjxptxpA,1,1,0.7
2017-01-25,Saudi Arabia,SA,YouTube watch page,Louis Weisz,OMrUmOTPD_AnSivjxptxpA,6,1,5.9
2017-01-25,Sweden,SE,YouTube channel page,Louis Weisz,OMrUmOTPD_AnSivjxptxpA,5,1,4.9
2017-01-25,United States,US,YouTube watch page,Louis Weisz,OMrUmOTPD_AnSivjxptxpA,149,58,2.6
2017-01-25,United States,US,YouTube channel page,Louis Weisz,OMrUmOTPD_AnSivjxptxpA,26,10,2.6
2017-01-26,Austria,AT,YouTube watch page,Louis Weisz,OMrUmOTPD_AnSivjxptxpA,1,1,1.4
2017-01-26,Belgium,BE,YouTube watch page,Louis Weisz,OMrUmOTPD_AnSivjxptxpA,4,1,3.7
2017-01-26,Brazil,BR,YouTube watch page,Louis Weisz,OMrUmOTPD_AnSivjxptxpA,2,2,1.2
2017-01-26,Brazil,BR,Embedded in external websites and apps,Louis Weisz,OMrUmOTPD_AnSivjxptxpA,4,2,1.8
2017-01-26,Canada,CA,YouTube watch page,Louis Weisz,OMrUmOTPD_AnSivjxptxpA,23,8,2.9
2017-01-26,Canada,CA,YouTube channel page,Louis Weisz,OMrUmOTPD_AnSivjxptxpA,3,2,1.5
2017-01-26,Switzerland,CH,YouTube watch page,Louis Weisz,OMrUmOTPD_AnSivjxptxpA,2,1,1.5
2017-01-26,Germany,DE,YouTube watch page,Louis Weisz,OMrUmOTPD_AnSivjxptxpA,4,2,2.1
2017-01-26,Germany,DE,YouTube channel page,Louis Weisz,OMrUmOTPD_AnSivjxptxpA,0,1,0.5
2017-01-26,Denmark,DK,YouTube watch page,Louis Weisz,OMrUmOTPD_AnSivjxptxpA,0,1,0.3
2017-01-26,Denmark,DK,YouTube channel page,Louis Weisz,OMrUmOTPD_AnSivjxptxpA,3,1,3.1
2017-01-26,Finland,FI,YouTube watch page,Louis Weisz,OMrUmOTPD_AnSivjxptxpA,19,6,3.1
2017-01-26,United Kingdom,GB,YouTube watch page,Louis Weisz,OMrUmOTPD_AnSivjxptxpA,13,4,3.2
2017-01-26,Hungary,HU,YouTube watch page,Louis Weisz,OMrUmOTPD_AnSivjxptxpA,4,3,1.3
2017-01-26,Indonesia,ID,YouTube watch page,Louis Weisz,OMrUmOTPD_AnSivjxptxpA,2,1,1.6
2017-01-26,Ireland,IE,YouTube watch page,Louis Weisz,OMrUmOTPD_AnSivjxptxpA,3,1,2.8
2017-01-26,India,IN,YouTube watch page,Louis Weisz,OMrUmOTPD_AnSivjxptxpA,1,1,0.6
2017-01-26,Lithuania,LT,YouTube watch page,Louis Weisz,OMrUmOTPD_AnSivjxptxpA,6,2,3.1
2017-01-26,Mexico,MX,YouTube watch page,Louis Weisz,OMrUmOTPD_AnSivjxptxpA,5,2,2.5
2017-01-26,Malaysia,MY,YouTube watch page,Louis Weisz,OMrUmOTPD_AnSivjxptxpA,0,1,0.4
2017-01-26,Netherlands,NL,YouTube watch page,Louis Weisz,OMrUmOTPD_AnSivjxptxpA,6,4,1.6
2017-01-26,Norway,NO,YouTube watch page,Louis Weisz,OMrUmOTPD_AnSivjxptxpA,6,1,5.8
2017-01-26,Peru,PE,YouTube watch page,Louis Weisz,OMrUmOTPD_AnSivjxptxpA,0,1,0.1
2017-01-26,Philippines,PH,YouTube channel page,Louis Weisz,OMrUmOTPD_AnSivjxptxpA,2,1,1.8
2017-01-26,Poland,PL,YouTube watch page,Louis Weisz,OMrUmOTPD_AnSivjxptxpA,2,1,1.6
2017-01-26,Romania,RO,YouTube watch page,Louis Weisz,OMrUmOTPD_AnSivjxptxpA,6,1,5.8
2017-01-26,Russia,RU,YouTube watch page,Louis Weisz,OMrUmOTPD_AnSivjxptxpA,2,1,2.2
2017-01-26,Sweden,SE,YouTube watch page,Louis Weisz,OMrUmOTPD_AnSivjxptxpA,1,1,0.7
2017-01-26,Sweden,SE,YouTube channel page,Louis Weisz,OMrUmOTPD_AnSivjxptxpA,0,1,0.2
2017-01-26,Slovakia,SK,YouTube watch page,Louis Weisz,OMrUmOTPD_AnSivjxptxpA,1,1,1.1
2017-01-26,Thailand,TH,YouTube channel page,Louis Weisz,OMrUmOTPD_AnSivjxptxpA,6,1,6.1
2017-01-26,Turkey,TR,YouTube watch page,Louis Weisz,OMrUmOTPD_AnSivjxptxpA,1,1,1.3
2017-01-26,United States,US,YouTube watch page,Louis Weisz,OMrUmOTPD_AnSivjxptxpA,145,43,3.4
2017-01-26,United States,US,YouTube channel page,Louis Weisz,OMrUmOTPD_AnSivjxptxpA,32,9,3.5
2017-01-26,South Africa,ZA,YouTube watch page,Louis Weisz,OMrUmOTPD_AnSivjxptxpA,6,1,6.1
2017-01-27,Argentina,AR,YouTube watch page,Louis Weisz,OMrUmOTPD_AnSivjxptxpA,3,1,2.8
2017-01-27,Australia,AU,YouTube watch page,Louis Weisz,OMrUmOTPD_AnSivjxptxpA,6,1,6.0
2017-01-27,Bangladesh,BD,YouTube watch page,Louis Weisz,OMrUmOTPD_AnSivjxptxpA,1,1,0.8
2017-01-27,Brazil,BR,YouTube watch page,Louis Weisz,OMrUmOTPD_AnSivjxptxpA,5,3,1.6
2017-01-27,Brazil,BR,Embedded in external websites and apps,Louis Weisz,OMrUmOTPD_AnSivjxptxpA,2,3,0.6
2017-01-27,Canada,CA,YouTube watch page,Louis Weisz,OMrUmOTPD_AnSivjxptxpA,5,3,1.8
2017-01-27,Colombia,CO,YouTube watch page,Louis Weisz,OMrUmOTPD_AnSivjxptxpA,0,1,0.2
2017-01-27,Czechia,CZ,YouTube watch page,Louis Weisz,OMrUmOTPD_AnSivjxptxpA,5,1,4.5
2017-01-27,Germany,DE,YouTube watch page,Louis Weisz,OMrUmOTPD_AnSivjxptxpA,15,9,1.7
2017-01-27,France,FR,YouTube channel page,Louis Weisz,OMrUmOTPD_AnSivjxptxpA,0,1,0.3
2017-01-27,United Kingdom,GB,YouTube watch page,Louis Weisz,OMrUmOTPD_AnSivjxptxpA,13,6,2.2
2017-01-27,United Kingdom,GB,YouTube channel page,Louis Weisz,OMrUmOTPD_AnSivjxptxpA,10,4,2.6
2017-01-27,Croatia,HR,YouTube watch page,Louis Weisz,OMrUmOTPD_AnSivjxptxpA,0,1,0.1
2017-01-27,India,IN,YouTube watch page,Louis Weisz,OMrUmOTPD_AnSivjxptxpA,1,2,0.6
2017-01-27,Japan,JP,YouTube watch page,Louis Weisz,OMrUmOTPD_AnSivjxptxpA,0,1,0.2
2017-01-27,Japan,JP,Embedded in external websites and apps,Louis Weisz,OMrUmOTPD_AnSivjxptxpA,0,1,0.3
2017-01-27,Morocco,MA,YouTube watch page,Louis Weisz,OMrUmOTPD_AnSivjxptxpA,1,1,0.6
2017-01-27,Malaysia,MY,YouTube watch page,Louis Weisz,OMrUmOTPD_AnSivjxptxpA,0,1,0.4
2017-01-27,Netherlands,NL,YouTube watch page,Louis Weisz,OMrUmOTPD_AnSivjxptxpA,0,1,0.2
2017-01-27,Norway,NO,YouTube watch page,Louis Weisz,OMrUmOTPD_AnSivjxptxpA,1,1,0.8
2017-01-27,New Zealand,NZ,YouTube watch page,Louis Weisz,OMrUmOTPD_AnSivjxptxpA,0,1,0.0
2017-01-27,New Zealand,NZ,YouTube channel page,Louis Weisz,OMrUmOTPD_AnSivjxptxpA,6,1,6.0
2017-01-27,Serbia,RS,YouTube watch page,Louis Weisz,OMrUmOTPD_AnSivjxptxpA,3,1,3.0
2017-01-27,Turkey,TR,YouTube watch page,Louis Weisz,OMrUmOTPD_AnSivjxptxpA,6,1,5.9
2017-01-27,United States,US,YouTube watch page,Louis Weisz,OMrUmOTPD_AnSivjxptxpA,112,34,3.3
2017-01-27,United States,US,YouTube channel page,Louis Weisz,OMrUmOTPD_AnSivjxptxpA,34,10,3.4
2017-01-27,South Africa,ZA,YouTube watch page,Louis Weisz,OMrUmOTPD_AnSivjxptxpA,3,1,3.2
2017-01-28,Australia,AU,YouTube watch page,Louis Weisz,OMrUmOTPD_AnSivjxptxpA,5,1,5.1
2017-01-28,Australia,AU,YouTube channel page,Louis Weisz,OMrUmOTPD_AnSivjxptxpA,17,4,4.1
2017-01-28,Belgium,BE,YouTube watch page,Louis Weisz,OMrUmOTPD_AnSivjxptxpA,5,7,0.7
2017-01-28,Belgium,BE,YouTube channel page,Louis Weisz,OMrUmOTPD_AnSivjxptxpA,6,1,5.8
2017-01-28,Brazil,BR,YouTube channel page,Louis Weisz,OMrUmOTPD_AnSivjxptxpA,3,1,3.5
2017-01-28,Canada,CA,YouTube watch page,Louis Weisz,OMrUmOTPD_AnSivjxptxpA,30,11,2.7
2017-01-28,Canada,CA,YouTube channel page,Louis Weisz,OMrUmOTPD_AnSivjxptxpA,7,2,3.4
2017-01-28,Germany,DE,YouTube watch page,Louis Weisz,OMrUmOTPD_AnSivjxptxpA,3,3,1.0
2017-01-28,Germany,DE,YouTube channel page,Louis Weisz,OMrUmOTPD_AnSivjxptxpA,1,1,0.8
2017-01-28,Denmark,DK,YouTube watch page,Louis Weisz,OMrUmOTPD_AnSivjxptxpA,1,1,1.4
2017-01-28,Denmark,DK,YouTube channel page,Louis Weisz,OMrUmOTPD_AnSivjxptxpA,6,1,5.9
2017-01-28,Spain,ES,YouTube watch page,Louis Weisz,OMrUmOTPD_AnSivjxptxpA,3,1,3.5
2017-01-28,Finland,FI,YouTube watch page,Louis Weisz,OMrUmOTPD_AnSivjxptxpA,13,2,6.3
2017-01-28,France,FR,YouTube watch page,Louis Weisz,OMrUmOTPD_AnSivjxptxpA,10,7,1.5
2017-01-28,United Kingdom,GB,YouTube watch page,Louis Weisz,OMrUmOTPD_AnSivjxptxpA,2,1,2.0
2017-01-28,United Kingdom,GB,YouTube channel page,Louis Weisz,OMrUmOTPD_AnSivjxptxpA,1,1,0.9
2017-01-28,Greece,GR,YouTube channel page,Louis Weisz,OMrUmOTPD_AnSivjxptxpA,2,1,2.2
2017-01-28,Ireland,IE,YouTube watch page,Louis Weisz,OMrUmOTPD_AnSivjxptxpA,1,1,1.4
2017-01-28,Italy,IT,YouTube watch page,Louis Weisz,OMrUmOTPD_AnSivjxptxpA,0,1,0.3
2017-01-28,Malaysia,MY,YouTube watch page,Louis Weisz,OMrUmOTPD_AnSivjxptxpA,1,1,0.7
2017-01-28,Netherlands,NL,YouTube watch page,Louis Weisz,OMrUmOTPD_AnSivjxptxpA,0,1,0.3
2017-01-28,Netherlands,NL,YouTube channel page,Louis Weisz,OMrUmOTPD_AnSivjxptxpA,1,2,0.7
2017-01-28,Norway,NO,YouTube watch page,Louis Weisz,OMrUmOTPD_AnSivjxptxpA,2,2,1.1
2017-01-28,Norway,NO,YouTube channel page,Louis Weisz,OMrUmOTPD_AnSivjxptxpA,6,1,6.2
2017-01-28,New Zealand,NZ,YouTube watch page,Louis Weisz,OMrUmOTPD_AnSivjxptxpA,6,1,6.3
2017-01-28,Philippines,PH,YouTube watch page,Louis Weisz,OMrUmOTPD_AnSivjxptxpA,3,1,2.8
2017-01-28,Poland,PL,YouTube watch page,Louis Weisz,OMrUmOTPD_AnSivjxptxpA,0,1,0.3
2017-01-28,Romania,RO,YouTube watch page,Louis Weisz,OMrUmOTPD_AnSivjxptxpA,14,10,1.4
2017-01-28,Romania,RO,YouTube channel page,Louis Weisz,OMrUmOTPD_AnSivjxptxpA,0,1,0.2
2017-01-28,Russia,RU,YouTube watch page,Louis Weisz,OMrUmOTPD_AnSivjxptxpA,0,1,0.2
2017-01-28,Sweden,SE,YouTube channel page,Louis Weisz,OMrUmOTPD_AnSivjxptxpA,0,1,0.2
2017-01-28,United States,US,YouTube watch page,Louis Weisz,OMrUmOTPD_AnSivjxptxpA,161,50,3.2
2017-01-28,United States,US,YouTube channel page,Louis Weisz,OMrUmOTPD_AnSivjxptxpA,22,7,3.2
2017-01-29,United Arab Emirates,AE,YouTube channel page,Louis Weisz,OMrUmOTPD_AnSivjxptxpA,10,2,4.8
2017-01-29,Australia,AU,YouTube watch page,Louis Weisz,OMrUmOTPD_AnSivjxptxpA,21,6,3.5
2017-01-29,Australia,AU,YouTube channel page,Louis Weisz,OMrUmOTPD_AnSivjxptxpA,4,1,3.6
2017-01-29,Brazil,BR,YouTube watch page,Louis Weisz,OMrUmOTPD_AnSivjxptxpA,10,6,1.7
2017-01-29,Brazil,BR,YouTube channel page,Louis Weisz,OMrUmOTPD_AnSivjxptxpA,6,1,5.8
2017-01-29,Canada,CA,YouTube channel page,Louis Weisz,OMrUmOTPD_AnSivjxptxpA,2,2,0.8
2017-01-29,Germany,DE,YouTube channel page,Louis Weisz,OMrUmOTPD_AnSivjxptxpA,1,2,0.4
2017-01-29,Denmark,DK,YouTube channel page,Louis Weisz,OMrUmOTPD_AnSivjxptxpA,0,1,0.4
2017-01-29,Algeria,DZ,YouTube watch page,Louis Weisz,OMrUmOTPD_AnSivjxptxpA,0,1,0.4
2017-01-29,United Kingdom,GB,YouTube watch page,Louis Weisz,OMrUmOTPD_AnSivjxptxpA,19,9,2.1
2017-01-29,United Kingdom,GB,YouTube channel page,Louis Weisz,OMrUmOTPD_AnSivjxptxpA,9,2,4.3
2017-01-29,Hungary,HU,YouTube watch page,Louis Weisz,OMrUmOTPD_AnSivjxptxpA,6,1,6.3
2017-01-29,India,IN,YouTube watch page,Louis Weisz,OMrUmOTPD_AnSivjxptxpA,0,1,0.4
2017-01-29,Italy,IT,YouTube watch page,Louis Weisz,OMrUmOTPD_AnSivjxptxpA,0,1,0.2
2017-01-29,Italy,IT,YouTube channel page,Louis Weisz,OMrUmOTPD_AnSivjxptxpA,6,2,3.2
2017-01-29,South Korea,KR,YouTube watch page,Louis Weisz,OMrUmOTPD_AnSivjxptxpA,1,1,1.4
2017-01-29,Mexico,MX,YouTube watch page,Louis Weisz,OMrUmOTPD_AnSivjxptxpA,4,2,2.2
2017-01-29,Malaysia,MY,YouTube watch page,Louis Weisz,OMrUmOTPD_AnSivjxptxpA,3,2,1.5
2017-01-29,Netherlands,NL,YouTube watch page,Louis Weisz,OMrUmOTPD_AnSivjxptxpA,7,2,3.4
2017-01-29,Norway,NO,YouTube watch page,Louis Weisz,OMrUmOTPD_AnSivjxptxpA,4,1,3.8
2017-01-29,Philippines,PH,YouTube watch page,Louis Weisz,OMrUmOTPD_AnSivjxptxpA,6,1,6.1
2017-01-29,Romania,RO,YouTube channel page,Louis Weisz,OMrUmOTPD_AnSivjxptxpA,6,1,6.0
2017-01-29,Sweden,SE,YouTube watch page,Louis Weisz,OMrUmOTPD_AnSivjxptxpA,7,5,1.5
2017-01-29,Sweden,SE,YouTube channel page,Louis Weisz,OMrUmOTPD_AnSivjxptxpA,6,2,2.8
2017-01-29,Singapore,SG,YouTube watch page,Louis Weisz,OMrUmOTPD_AnSivjxptxpA,0,1,0.1
2017-01-29,Ukraine,UA,YouTube channel page,Louis Weisz,OMrUmOTPD_AnSivjxptxpA,3,1,3.0
2017-01-29,United States,US,YouTube watch page,Louis Weisz,OMrUmOTPD_AnSivjxptxpA,194,65,3.0
2017-01-29,United States,US,YouTube channel page,Louis Weisz,OMrUmOTPD_AnSivjxptxpA,63,16,3.9
2017-01-30,Argentina,AR,YouTube watch page,Louis Weisz,OMrUmOTPD_AnSivjxptxpA,1,1,0.6
2017-01-30,Argentina,AR,YouTube channel page,Louis Weisz,OMrUmOTPD_AnSivjxptxpA,6,1,6.1
2017-01-30,Australia,AU,YouTube watch page,Louis Weisz,OMrUmOTPD_AnSivjxptxpA,2,1,2.0
2017-01-30,Australia,AU,YouTube channel page,Louis Weisz,OMrUmOTPD_AnSivjxptxpA,6,1,6.3
2017-01-30,Belgium,BE,YouTube channel page,Louis Weisz,OMrUmOTPD_AnSivjxptxpA,7,1,7.2
2017-01-30,Brazil,BR,YouTube watch page,Louis Weisz,OMrUmOTPD_AnSivjxptxpA,4,1,4.2
2017-01-30,Brazil,BR,YouTube channel page,Louis Weisz,OMrUmOTPD_AnSivjxptxpA,5,1,5.5
2017-01-30,Canada,CA,YouTube watch page,Louis Weisz,OMrUmOTPD_AnSivjxptxpA,0,1,0.5
2017-01-30,Canada,CA,YouTube channel page,Louis Weisz,OMrUmOTPD_AnSivjxptxpA,4,1,3.9
2017-01-30,Switzerland,CH,YouTube watch page,Louis Weisz,OMrUmOTPD_AnSivjxptxpA,7,2,3.5
2017-01-30,Czechia,CZ,YouTube channel page,Louis Weisz,OMrUmOTPD_AnSivjxptxpA,1,1,1.3
2017-01-30,Germany,DE,YouTube watch page,Louis Weisz,OMrUmOTPD_AnSivjxptxpA,11,6,1.8
2017-01-30,Germany,DE,YouTube channel page,Louis Weisz,OMrUmOTPD_AnSivjxptxpA,5,3,1.6
2017-01-30,Denmark,DK,YouTube watch page,Louis Weisz,OMrUmOTPD_AnSivjxptxpA,9,2,4.4
2017-01-30,Denmark,DK,YouTube channel page,Louis Weisz,OMrUmOTPD_AnSivjxptxpA,2,2,1.2
2017-01-30,Finland,FI,YouTube channel page,Louis Weisz,OMrUmOTPD_AnSivjxptxpA,0,1,0.5
2017-01-30,Indonesia,ID,YouTube watch page,Louis Weisz,OMrUmOTPD_AnSivjxptxpA,0,2,0.1
2017-01-30,Italy,IT,YouTube watch page,Louis Weisz,OMrUmOTPD_AnSivjxptxpA,1,1,1.1
2017-01-30,South Korea,KR,YouTube watch page,Louis Weisz,OMrUmOTPD_AnSivjxptxpA,0,1,0.1
2017-01-30,Lithuania,LT,YouTube watch page,Louis Weisz,OMrUmOTPD_AnSivjxptxpA,1,1,1.0
2017-01-30,Mexico,MX,YouTube watch page,Louis Weisz,OMrUmOTPD_AnSivjxptxpA,2,2,1.1
2017-01-30,Malaysia,MY,YouTube watch page,Louis Weisz,OMrUmOTPD_AnSivjxptxpA,8,2,4.2
2017-01-30,Netherlands,NL,YouTube watch page,Louis Weisz,OMrUmOTPD_AnSivjxptxpA,1,1,0.6
2017-01-30,Norway,NO,YouTube watch page,Louis Weisz,OMrUmOTPD_AnSivjxptxpA,1,1,0.9
2017-01-30,Philippines,PH,YouTube watch page,Louis Weisz,OMrUmOTPD_AnSivjxptxpA,2,1,2.2
2017-01-30,Philippines,PH,YouTube channel page,Louis Weisz,OMrUmOTPD_AnSivjxptxpA,6,1,6.3
2017-01-30,Puerto Rico,PR,YouTube watch page,Louis Weisz,OMrUmOTPD_AnSivjxptxpA,2,1,1.6
2017-01-30,Portugal,PT,YouTube watch page,Louis Weisz,OMrUmOTPD_AnSivjxptxpA,0,1,0.4
2017-01-30,Saudi Arabia,SA,YouTube watch page,Louis Weisz,OMrUmOTPD_AnSivjxptxpA,0,1,0.2
2017-01-30,Sweden,SE,YouTube channel page,Louis Weisz,OMrUmOTPD_AnSivjxptxpA,0,1,0.4
2017-01-30,Singapore,SG,YouTube watch page,Louis Weisz,OMrUmOTPD_AnSivjxptxpA,2,1,2.3
2017-01-30,Turkey,TR,YouTube watch page,Louis Weisz,OMrUmOTPD_AnSivjxptxpA,4,1,4.1
2017-01-30,United States,US,YouTube watch page,Louis Weisz,OMrUmOTPD_AnSivjxptxpA,132,50,2.6
2017-01-30,United States,US,Embedded in external websites and apps,Louis Weisz,OMrUmOTPD_AnSivjxptxpA,5,2,2.4
2017-01-30,United States,US,YouTube channel page,Louis Weisz,OMrUmOTPD_AnSivjxptxpA,28,6,4.7
2017-01-31,Anguilla,AI,YouTube watch page,Louis Weisz,OMrUmOTPD_AnSivjxptxpA,4,1,4.5
2017-01-31,Australia,AU,YouTube watch page,Louis Weisz,OMrUmOTPD_AnSivjxptxpA,11,3,3.7
2017-01-31,Canada,CA,YouTube watch page,Louis Weisz,OMrUmOTPD_AnSivjxptxpA,15,8,1.8
2017-01-31,Switzerland,CH,YouTube watch page,Louis Weisz,OMrUmOTPD_AnSivjxptxpA,14,6,2.4
2017-01-31,Germany,DE,YouTube watch page,Louis Weisz,OMrUmOTPD_AnSivjxptxpA,6,1,6.0
2017-01-31,Finland,FI,YouTube watch page,Louis Weisz,OMrUmOTPD_AnSivjxptxpA,0,1,0.4
2017-01-31,France,FR,YouTube watch page,Louis Weisz,OMrUmOTPD_AnSivjxptxpA,13,5,2.6
2017-01-31,United Kingdom,GB,YouTube watch page,Louis Weisz,OMrUmOTPD_AnSivjxptxpA,2,3,0.7
2017-01-31,United Kingdom,GB,YouTube channel page,Louis Weisz,OMrUmOTPD_AnSivjxptxpA,4,2,2.0
2017-01-31,Israel,IL,YouTube watch page,Louis Weisz,OMrUmOTPD_AnSivjxptxpA,1,1,0.5
2017-01-31,Morocco,MA,YouTube watch page,Louis Weisz,OMrUmOTPD_AnSivjxptxpA,9,5,1.9
2017-01-31,Maldives,MV,YouTube watch page,Louis Weisz,OMrUmOTPD_AnSivjxptxpA,5,2,2.4
2017-01-31,Mexico,MX,YouTube watch page,Louis Weisz,OMrUmOTPD_AnSivjxptxpA,2,1,1.9
2017-01-31,Malaysia,MY,YouTube watch page,Louis Weisz,OMrUmOTPD_AnSivjxptxpA,4,1,4.0
2017-01-31,Netherlands,NL,YouTube watch page,Louis Weisz,OMrUmOTPD_AnSivjxptxpA,0,1,0.4
2017-01-31,Norway,NO,YouTube channel page,Louis Weisz,OMrUmOTPD_AnSivjxptxpA,1,1,0.7
2017-01-31,New Zealand,NZ,YouTube watch page,Louis Weisz,OMrUmOTPD_AnSivjxptxpA,14,5,2.8
2017-01-31,Peru,PE,YouTube channel page,Louis Weisz,OMrUmOTPD_AnSivjxptxpA,1,1,1.0
2017-01-31,Puerto Rico,PR,YouTube watch page,Louis Weisz,OMrUmOTPD_AnSivjxptxpA,2,1,2.0
2017-01-31,Puerto Rico,PR,YouTube channel page,Louis Weisz,OMrUmOTPD_AnSivjxptxpA,0,1,0.2
2017-01-31,Romania,RO,YouTube watch page,Louis Weisz,OMrUmOTPD_AnSivjxptxpA,6,2,2.9
2017-01-31,Saudi Arabia,SA,YouTube watch page,Louis Weisz,OMrUmOTPD_AnSivjxptxpA,3,1,2.8
2017-01-31,Sweden,SE,YouTube watch page,Louis Weisz,OMrUmOTPD_AnSivjxptxpA,18,7,2.5
2017-01-31,Sweden,SE,YouTube channel page,Louis Weisz,OMrUmOTPD_AnSivjxptxpA,0,1,0.2
2017-01-31,Tunisia,TN,YouTube watch page,Louis Weisz,OMrUmOTPD_AnSivjxptxpA,1,1,1.2
2017-01-31,Turkey,TR,YouTube watch page,Louis Weisz,OMrUmOTPD_AnSivjxptxpA,2,1,2.4
2017-01-31,United States,US,YouTube watch page,Louis Weisz,OMrUmOTPD_AnSivjxptxpA,90,28,3.2
2017-01-31,United States,US,YouTube channel page,Louis Weisz,OMrUmOTPD_AnSivjxptxpA,11,7,1.6
2017-01-31,South Africa,ZA,YouTube watch page,Louis Weisz,OMrUmOTPD_AnSivjxptxpA,2,1,2.1
2017-02-01,United Arab Emirates,AE,YouTube channel page,Louis Weisz,OMrUmOTPD_AnSivjxptxpA,6,1,6.3
2017-02-01,Argentina,AR,YouTube watch page,Louis Weisz,OMrUmOTPD_AnSivjxptxpA,6,1,6.0
2017-02-01,Austria,AT,YouTube channel page,Louis Weisz,OMrUmOTPD_AnSivjxptxpA,2,1,2.2
2017-02-01,Australia,AU,YouTube watch page,Louis Weisz,OMrUmOTPD_AnSivjxptxpA,20,6,3.3
2017-02-01,Australia,AU,YouTube channel page,Louis Weisz,OMrUmOTPD_AnSivjxptxpA,5,1,4.5
2017-02-01,Belgium,BE,YouTube watch page,Louis Weisz,OMrUmOTPD_AnSivjxptxpA,0,1,0.4
2017-02-01,Brazil,BR,YouTube watch page,Louis Weisz,OMrUmOTPD_AnSivjxptxpA,4,2,1.9
2017-02-01,Brazil,BR,YouTube channel page,Louis Weisz,OMrUmOTPD_AnSivjxptxpA,6,1,5.5
2017-02-01,Canada,CA,YouTube watch page,Louis Weisz,OMrUmOTPD_AnSivjxptxpA,10,5,1.9
2017-02-01,Canada,CA,YouTube channel page,Louis Weisz,OMrUmOTPD_AnSivjxptxpA,1,1,1.0
2017-02-01,China,CN,YouTube watch page,Louis Weisz,OMrUmOTPD_AnSivjxptxpA,4,1,3.9
2017-02-01,Germany,DE,YouTube watch page,Louis Weisz,OMrUmOTPD_AnSivjxptxpA,5,2,2.6
2017-02-01,Germany,DE,YouTube channel page,Louis Weisz,OMrUmOTPD_AnSivjxptxpA,6,1,6.3
2017-02-01,Finland,FI,YouTube watch page,Louis Weisz,OMrUmOTPD_AnSivjxptxpA,3,1,3.3
2017-02-01,United Kingdom,GB,YouTube watch page,Louis Weisz,OMrUmOTPD_AnSivjxptxpA,10,4,2.6
2017-02-01,United Kingdom,GB,YouTube channel page,Louis Weisz,OMrUmOTPD_AnSivjxptxpA,7,2,3.3
2017-02-01,Hungary,HU,YouTube watch page,Louis Weisz,OMrUmOTPD_AnSivjxptxpA,2,3,0.6
2017-02-01,Indonesia,ID,YouTube watch page,Louis Weisz,OMrUmOTPD_AnSivjxptxpA,6,2,3.1
2017-02-01,Ireland,IE,YouTube watch page,Louis Weisz,OMrUmOTPD_AnSivjxptxpA,0,1,0.1
2017-02-01,Jamaica,JM,YouTube watch page,Louis Weisz,OMrUmOTPD_AnSivjxptxpA,3,1,2.9
2017-02-01,Japan,JP,YouTube watch page,Louis Weisz,OMrUmOTPD_AnSivjxptxpA,1,1,0.7
2017-02-01,Sri Lanka,LK,YouTube watch page,Louis Weisz,OMrUmOTPD_AnSivjxptxpA,2,1,2.2
2017-02-01,Maldives,MV,YouTube watch page,Louis Weisz,OMrUmOTPD_AnSivjxptxpA,0,1,0.2
2017-02-01,Netherlands,NL,YouTube watch page,Louis Weisz,OMrUmOTPD_AnSivjxptxpA,1,2,0.7
2017-02-01,Netherlands,NL,YouTube channel page,Louis Weisz,OMrUmOTPD_AnSivjxptxpA,7,2,3.3
2017-02-01,Norway,NO,YouTube watch page,Louis Weisz,OMrUmOTPD_AnSivjxptxpA,0,1,0.4
2017-02-01,Norway,NO,YouTube channel page,Louis Weisz,OMrUmOTPD_AnSivjxptxpA,3,1,3.3
2017-02-01,Panama,PA,YouTube watch page,Louis Weisz,OMrUmOTPD_AnSivjxptxpA,0,1,0.2
2017-02-01,Peru,PE,YouTube watch page,Louis Weisz,OMrUmOTPD_AnSivjxptxpA,6,1,5.8
2017-02-01,Philippines,PH,YouTube watch page,Louis Weisz,OMrUmOTPD_AnSivjxptxpA,3,1,2.8
2017-02-01,Philippines,PH,YouTube channel page,Louis Weisz,OMrUmOTPD_AnSivjxptxpA,1,1,0.6
2017-02-01,Pakistan,PK,YouTube watch page,Louis Weisz,OMrUmOTPD_AnSivjxptxpA,0,1,0.2
2017-02-01,Poland,PL,YouTube channel page,Louis Weisz,OMrUmOTPD_AnSivjxptxpA,6,1,5.7
2017-02-01,Romania,RO,YouTube watch page,Louis Weisz,OMrUmOTPD_AnSivjxptxpA,7,1,6.9
2017-02-01,Singapore,SG,YouTube watch page,Louis Weisz,OMrUmOTPD_AnSivjxptxpA,3,1,2.6
2017-02-01,United States,US,YouTube watch page,Louis Weisz,OMrUmOTPD_AnSivjxptxpA,115,51,2.2
2017-02-01,United States,US,YouTube channel page,Louis Weisz,OMrUmOTPD_AnSivjxptxpA,24,8,3.0
2017-02-01,Yemen,YE,YouTube watch page,Louis Weisz,OMrUmOTPD_AnSivjxptxpA,1,1,1.0
2017-02-02,Australia,AU,YouTube watch page,Louis Weisz,OMrUmOTPD_AnSivjxptxpA,4,2,1.8
2017-02-02,Australia,AU,YouTube channel page,Louis Weisz,OMrUmOTPD_AnSivjxptxpA,12,3,4.1
2017-02-02,Brazil,BR,YouTube watch page,Louis Weisz,OMrUmOTPD_AnSivjxptxpA,0,1,0.2
2017-02-02,Canada,CA,YouTube channel page,Louis Weisz,OMrUmOTPD_AnSivjxptxpA,3,1,3.1
2017-02-02,Switzerland,CH,YouTube channel page,Louis Weisz,OMrUmOTPD_AnSivjxptxpA,4,1,4.1
2017-02-02,Czechia,CZ,YouTube watch page,Louis Weisz,OMrUmOTPD_AnSivjxptxpA,0,1,0.0
2017-02-02,Czechia,CZ,YouTube channel page,Louis Weisz,OMrUmOTPD_AnSivjxptxpA,6,1,5.5
2017-02-02,Germany,DE,YouTube watch page,Louis Weisz,OMrUmOTPD_AnSivjxptxpA,7,3,2.2
2017-02-02,Germany,DE,YouTube channel page,Louis Weisz,OMrUmOTPD_AnSivjxptxpA,3,1,2.6
2017-02-02,Finland,FI,YouTube channel page,Louis Weisz,OMrUmOTPD_AnSivjxptxpA,6,1,5.9
2017-02-02,France,FR,YouTube watch page,Louis Weisz,OMrUmOTPD_AnSivjxptxpA,3,1,2.7
2017-02-02,United Kingdom,GB,YouTube watch page,Louis Weisz,OMrUmOTPD_AnSivjxptxpA,21,9,2.4
2017-02-02,United Kingdom,GB,YouTube channel page,Louis Weisz,OMrUmOTPD_AnSivjxptxpA,6,1,5.9
2017-02-02,Greece,GR,YouTube watch page,Louis Weisz,OMrUmOTPD_AnSivjxptxpA,0,1,0.1
2017-02-02,Indonesia,ID,YouTube watch page,Louis Weisz,OMrUmOTPD_AnSivjxptxpA,1,1,1.0
2017-02-02,Ireland,IE,YouTube watch page,Louis Weisz,OMrUmOTPD_AnSivjxptxpA,2,2,1.0
2017-02-02,Japan,JP,Embedded in external websites and apps,Louis Weisz,OMrUmOTPD_AnSivjxptxpA,0,1,0.1
2017-02-02,Lithuania,LT,YouTube watch page,Louis Weisz,OMrUmOTPD_AnSivjxptxpA,0,1,0.0
2017-02-02,Lithuania,LT,YouTube channel page,Louis Weisz,OMrUmOTPD_AnSivjxptxpA,2,1,2.3
2017-02-02,Mauritius,MU,YouTube watch page,Louis Weisz,OMrUmOTPD_AnSivjxptxpA,1,1,0.6
2017-02-02,Netherlands,NL,YouTube watch page,Louis Weisz,OMrUmOTPD_AnSivjxptxpA,3,1,2.8
2017-02-02,New Zealand,NZ,YouTube channel page,Louis Weisz,OMrUmOTPD_AnSivjxptxpA,1,1,1.4
2017-02-02,Pakistan,PK,YouTube watch page,Louis Weisz,OMrUmOTPD_AnSivjxptxpA,4,2,1.9
2017-02-02,Romania,RO,YouTube watch page,Louis Weisz,OMrUmOTPD_AnSivjxptxpA,1,1,0.9
2017-02-02,Russia,RU,YouTube watch page,Louis Weisz,OMrUmOTPD_AnSivjxptxpA,3,1,3.2
2017-02-02,Sweden,SE,YouTube watch page,Louis Weisz,OMrUmOTPD_AnSivjxptxpA,5,2,2.3
2017-02-02,Singapore,SG,YouTube watch page,Louis Weisz,OMrUmOTPD_AnSivjxptxpA,3,4,0.7
2017-02-02,Slovakia,SK,YouTube channel page,Louis Weisz,OMrUmOTPD_AnSivjxptxpA,4,1,4.3
2017-02-02,United States,US,YouTube watch page,Louis Weisz,OMrUmOTPD_AnSivjxptxpA,107,41,2.6
2017-02-02,United States,US,YouTube channel page,Louis Weisz,OMrUmOTPD_AnSivjxptxpA,23,9,2.6
2017-02-02,Vietnam,VN,YouTube watch page,Louis Weisz,OMrUmOTPD_AnSivjxptxpA,4,1,4.4
2017-02-03,Australia,AU,YouTube watch page,Louis Weisz,OMrUmOTPD_AnSivjxptxpA,7,3,2.4
2017-02-03,Australia,AU,YouTube channel page,Louis Weisz,OMrUmOTPD_AnSivjxptxpA,6,1,5.9
2017-02-03,Bulgaria,BG,YouTube watch page,Louis Weisz,OMrUmOTPD_AnSivjxptxpA,16,4,4.0
2017-02-03,Bulgaria,BG,YouTube channel page,Louis Weisz,OMrUmOTPD_AnSivjxptxpA,5,1,5.0
2017-02-03,Brazil,BR,YouTube channel page,Louis Weisz,OMrUmOTPD_AnSivjxptxpA,6,1,5.9
2017-02-03,Canada,CA,YouTube watch page,Louis Weisz,OMrUmOTPD_AnSivjxptxpA,6,3,2.0
2017-02-03,Czechia,CZ,YouTube watch page,Louis Weisz,OMrUmOTPD_AnSivjxptxpA,0,1,0.4
2017-02-03,Germany,DE,YouTube watch page,Louis Weisz,OMrUmOTPD_AnSivjxptxpA,4,1,4.5
2017-02-03,United Kingdom,GB,YouTube watch page,Louis Weisz,OMrUmOTPD_AnSivjxptxpA,6,7,0.9
2017-02-03,United Kingdom,GB,YouTube channel page,Louis Weisz,OMrUmOTPD_AnSivjxptxpA,2,5,0.4
2017-02-03,Georgia,GE,YouTube watch page,Louis Weisz,OMrUmOTPD_AnSivjxptxpA,0,1,0.4
2017-02-03,Indonesia,ID,YouTube watch page,Louis Weisz,OMrUmOTPD_AnSivjxptxpA,17,5,3.5
2017-02-03,India,IN,YouTube watch page,Louis Weisz,OMrUmOTPD_AnSivjxptxpA,3,1,2.8
2017-02-03,Iceland,IS,YouTube watch page,Louis Weisz,OMrUmOTPD_AnSivjxptxpA,0,1,0.2
2017-02-03,Iceland,IS,YouTube channel page,Louis Weisz,OMrUmOTPD_AnSivjxptxpA,6,1,6.1
2017-02-03,Italy,IT,YouTube watch page,Louis Weisz,OMrUmOTPD_AnSivjxptxpA,1,1,0.6
2017-02-03,Japan,JP,YouTube watch page,Louis Weisz,OMrUmOTPD_AnSivjxptxpA,0,1,0.3
2017-02-03,Lithuania,LT,YouTube watch page,Louis Weisz,OMrUmOTPD_AnSivjxptxpA,4,1,3.7
2017-02-03,Lithuania,LT,YouTube channel page,Louis Weisz,OMrUmOTPD_AnSivjxptxpA,2,1,2.1
2017-02-03,Morocco,MA,YouTube watch page,Louis Weisz,OMrUmOTPD_AnSivjxptxpA,0,1,0.3
2017-02-03,Mexico,MX,YouTube channel page,Louis Weisz,OMrUmOTPD_AnSivjxptxpA,6,1,6.1
2017-02-03,Malaysia,MY,YouTube watch page,Louis Weisz,OMrUmOTPD_AnSivjxptxpA,4,2,1.8
2017-02-03,Netherlands,NL,YouTube watch page,Louis Weisz,OMrUmOTPD_AnSivjxptxpA,1,2,0.6
2017-02-03,Netherlands,NL,YouTube channel page,Louis Weisz,OMrUmOTPD_AnSivjxptxpA,2,1,2.3
2017-02-03,Norway,NO,YouTube watch page,Louis Weisz,OMrUmOTPD_AnSivjxptxpA,0,1,0.2
2017-02-03,New Zealand,NZ,YouTube watch page,Louis Weisz,OMrUmOTPD_AnSivjxptxpA,3,1,2.8
2017-02-03,New Zealand,NZ,YouTube channel page,Louis Weisz,OMrUmOTPD_AnSivjxptxpA,7,2,3.4
2017-02-03,Poland,PL,YouTube watch page,Louis Weisz,OMrUmOTPD_AnSivjxptxpA,1,1,1.2
2017-02-03,Romania,RO,YouTube watch page,Louis Weisz,OMrUmOTPD_AnSivjxptxpA,0,1,0.1
2017-02-03,Sweden,SE,YouTube watch page,Louis Weisz,OMrUmOTPD_AnSivjxptxpA,9,2,4.7
2017-02-03,Slovenia,SI,YouTube channel page,Louis Weisz,OMrUmOTPD_AnSivjxptxpA,1,1,0.7
2017-02-03,Taiwan,TW,YouTube watch page,Louis Weisz,OMrUmOTPD_AnSivjxptxpA,4,1,4.4
2017-02-03,United States,US,YouTube watch page,Louis Weisz,OMrUmOTPD_AnSivjxptxpA,60,26,2.3
2017-02-03,United States,US,YouTube channel page,Louis Weisz,OMrUmOTPD_AnSivjxptxpA,19,6,3.2
2017-02-03,South Africa,ZA,YouTube watch page,Louis Weisz,OMrUmOTPD_AnSivjxptxpA,5,1,5.4
2017-02-03,Unknown Region,ZZ,YouTube watch page,Louis Weisz,OMrUmOTPD_AnSivjxptxpA,6,1,6.1
2017-02-04,Austria,AT,YouTube channel page,Louis Weisz,OMrUmOTPD_AnSivjxptxpA,1,1,0.9
2017-02-04,Belgium,BE,YouTube watch page,Louis Weisz,OMrUmOTPD_AnSivjxptxpA,27,8,3.3
2017-02-04,Brazil,BR,YouTube watch page,Louis Weisz,OMrUmOTPD_AnSivjxptxpA,32,9,3.6
2017-02-04,Brazil,BR,Embedded in external websites and apps,Louis Weisz,OMrUmOTPD_AnSivjxptxpA,3,2,1.6
2017-02-04,Canada,CA,YouTube watch page,Louis Weisz,OMrUmOTPD_AnSivjxptxpA,5,3,1.7
2017-02-04,Switzerland,CH,YouTube channel page,Louis Weisz,OMrUmOTPD_AnSivjxptxpA,6,1,6.3
2017-02-04,Colombia,CO,YouTube watch page,Louis Weisz,OMrUmOTPD_AnSivjxptxpA,0,1,0.1
2017-02-04,Czechia,CZ,YouTube watch page,Louis Weisz,OMrUmOTPD_AnSivjxptxpA,1,1,0.9
2017-02-04,Germany,DE,YouTube watch page,Louis Weisz,OMrUmOTPD_AnSivjxptxpA,7,7,1.0
2017-02-04,Germany,DE,YouTube channel page,Louis Weisz,OMrUmOTPD_AnSivjxptxpA,3,3,0.9
2017-02-04,Denmark,DK,YouTube channel page,Louis Weisz,OMrUmOTPD_AnSivjxptxpA,6,1,6.1
2017-02-04,Spain,ES,YouTube watch page,Louis Weisz,OMrUmOTPD_AnSivjxptxpA,4,1,3.6
2017-02-04,France,FR,YouTube watch page,Louis Weisz,OMrUmOTPD_AnSivjxptxpA,9,4,2.4
2017-02-04,France,FR,YouTube channel page,Louis Weisz,OMrUmOTPD_AnSivjxptxpA,6,1,6.0
2017-02-04,United Kingdom,GB,YouTube watch page,Louis Weisz,OMrUmOTPD_AnSivjxptxpA,14,5,2.8
2017-02-04,United Kingdom,GB,YouTube channel page,Louis Weisz,OMrUmOTPD_AnSivjxptxpA,0,1,0.3
2017-02-04,Greece,GR,YouTube watch page,Louis Weisz,OMrUmOTPD_AnSivjxptxpA,1,2,0.3
2017-02-04,Hong Kong,HK,YouTube watch page,Louis Weisz,OMrUmOTPD_AnSivjxptxpA,4,1,3.8
2017-02-04,India,IN,YouTube watch page,Louis Weisz,OMrUmOTPD_AnSivjxptxpA,1,1,1.1
2017-02-04,Italy,IT,YouTube watch page,Louis Weisz,OMrUmOTPD_AnSivjxptxpA,4,3,1.2
2017-02-04,South Korea,KR,YouTube watch page,Louis Weisz,OMrUmOTPD_AnSivjxptxpA,3,1,3.0
2017-02-04,Martinique,MQ,YouTube watch page,Louis Weisz,OMrUmOTPD_AnSivjxptxpA,4,1,3.7
2017-02-04,Malta,MT,YouTube channel page,Louis Weisz,OMrUmOTPD_AnSivjxptxpA,0,1,0.5
2017-02-04,Mexico,MX,YouTube watch page,Louis Weisz,OMrUmOTPD_AnSivjxptxpA,0,1,0.2
2017-02-04,Norway,NO,YouTube watch page,Louis Weisz,OMrUmOTPD_AnSivjxptxpA,4,1,3.9
2017-02-04,Poland,PL,YouTube watch page,Louis Weisz,OMrUmOTPD_AnSivjxptxpA,6,1,6.3
2017-02-04,Poland,PL,YouTube channel page,Louis Weisz,OMrUmOTPD_AnSivjxptxpA,0,1,0.4
2017-02-04,Sweden,SE,YouTube watch page,Louis Weisz,OMrUmOTPD_AnSivjxptxpA,3,2,1.3
2017-02-04,Sweden,SE,YouTube channel page,Louis Weisz,OMrUmOTPD_AnSivjxptxpA,10,3,3.2
2017-02-04,Slovakia,SK,YouTube watch page,Louis Weisz,OMrUmOTPD_AnSivjxptxpA,2,1,2.0
2017-02-04,United States,US,YouTube watch page,Louis Weisz,OMrUmOTPD_AnSivjxptxpA,86,25,3.4
2017-02-04,United States,US,Embedded in external websites and apps,Louis Weisz,OMrUmOTPD_AnSivjxptxpA,3,1,3.2
2017-02-04,United States,US,YouTube channel page,Louis Weisz,OMrUmOTPD_AnSivjxptxpA,14,6,2.3
2017-02-04,South Africa,ZA,YouTube watch page,Louis Weisz,OMrUmOTPD_AnSivjxptxpA,4,2,1.8
2017-02-05,Australia,AU,YouTube watch page,Louis Weisz,OMrUmOTPD_AnSivjxptxpA,16,4,4.1
2017-02-05,Australia,AU,YouTube channel page,Louis Weisz,OMrUmOTPD_AnSivjxptxpA,2,1,2.5
2017-02-05,Canada,CA,YouTube watch page,Louis Weisz,OMrUmOTPD_AnSivjxptxpA,8,3,2.5
2017-02-05,Canada,CA,YouTube channel page,Louis Weisz,OMrUmOTPD_AnSivjxptxpA,3,2,1.4
2017-02-05,Colombia,CO,YouTube watch page,Louis Weisz,OMrUmOTPD_AnSivjxptxpA,0,1,0.1
2017-02-05,Czechia,CZ,YouTube watch page,Louis Weisz,OMrUmOTPD_AnSivjxptxpA,4,2,2.0
2017-02-05,Czechia,CZ,YouTube channel page,Louis Weisz,OMrUmOTPD_AnSivjxptxpA,7,2,3.4
2017-02-05,Spain,ES,YouTube watch page,Louis Weisz,OMrUmOTPD_AnSivjxptxpA,1,2,0.3
2017-02-05,Finland,FI,YouTube watch page,Louis Weisz,OMrUmOTPD_AnSivjxptxpA,11,5,2.2
2017-02-05,Finland,FI,YouTube channel page,Louis Weisz,OMrUmOTPD_AnSivjxptxpA,6,1,6.0
2017-02-05,United Kingdom,GB,YouTube watch page,Louis Weisz,OMrUmOTPD_AnSivjxptxpA,21,5,4.1
2017-02-05,United Kingdom,GB,YouTube channel page,Louis Weisz,OMrUmOTPD_AnSivjxptxpA,1,1,1.0
2017-02-05,Hungary,HU,YouTube watch page,Louis Weisz,OMrUmOTPD_AnSivjxptxpA,2,2,1.1
2017-02-05,Hungary,HU,YouTube channel page,Louis Weisz,OMrUmOTPD_AnSivjxptxpA,6,1,6.2
2017-02-05,Indonesia,ID,YouTube watch page,Louis Weisz,OMrUmOTPD_AnSivjxptxpA,7,2,3.3
2017-02-05,Ireland,IE,YouTube channel page,Louis Weisz,OMrUmOTPD_AnSivjxptxpA,6,1,6.0
2017-02-05,Israel,IL,YouTube watch page,Louis Weisz,OMrUmOTPD_AnSivjxptxpA,4,4,1.0
2017-02-05,Italy,IT,YouTube watch page,Louis Weisz,OMrUmOTPD_AnSivjxptxpA,2,1,2.3
2017-02-05,Japan,JP,Embedded in external websites and apps,Louis Weisz,OMrUmOTPD_AnSivjxptxpA,5,1,4.7
2017-02-05,Mexico,MX,YouTube watch page,Louis Weisz,OMrUmOTPD_AnSivjxptxpA,1,1,1.2
2017-02-05,Malaysia,MY,YouTube watch page,Louis Weisz,OMrUmOTPD_AnSivjxptxpA,1,1,0.7
2017-02-05,Netherlands,NL,YouTube watch page,Louis Weisz,OMrUmOTPD_AnSivjxptxpA,6,2,2.9
2017-02-05,Norway,NO,YouTube channel page,Louis Weisz,OMrUmOTPD_AnSivjxptxpA,6,1,6.0
2017-02-05,Puerto Rico,PR,YouTube watch page,Louis Weisz,OMrUmOTPD_AnSivjxptxpA,6,1,6.3
2017-02-05,Sweden,SE,YouTube watch page,Louis Weisz,OMrUmOTPD_AnSivjxptxpA,0,2,0.2
2017-02-05,Singapore,SG,YouTube watch page,Louis Weisz,OMrUmOTPD_AnSivjxptxpA,1,1,0.8
2017-02-05,Slovakia,SK,YouTube watch page,Louis Weisz,OMrUmOTPD_AnSivjxptxpA,6,1,5.8
2017-02-05,Taiwan,TW,YouTube watch page,Louis Weisz,OMrUmOTPD_AnSivjxptxpA,1,1,1.1
2017-02-05,United States,US,YouTube watch page,Louis Weisz,OMrUmOTPD_AnSivjxptxpA,104,42,2.5
2017-02-05,United States,US,YouTube channel page,Louis Weisz,OMrUmOTPD_AnSivjxptxpA,33,9,3.7
2017-02-05,South Africa,ZA,YouTube watch page,Louis Weisz,OMrUmOTPD_AnSivjxptxpA,9,2,4.3
2017-02-06,Argentina,AR,YouTube watch page,Louis Weisz,OMrUmOTPD_AnSivjxptxpA,6,1,6.1
2017-02-06,Australia,AU,YouTube watch page,Louis Weisz,OMrUmOTPD_AnSivjxptxpA,6,1,6.3
2017-02-06,Belgium,BE,YouTube channel page,Louis Weisz,OMrUmOTPD_AnSivjxptxpA,5,2,2.7
2017-02-06,Brazil,BR,YouTube watch page,Louis Weisz,OMrUmOTPD_AnSivjxptxpA,4,2,2.1
2017-02-06,Switzerland,CH,YouTube watch page,Louis Weisz,OMrUmOTPD_AnSivjxptxpA,5,2,2.3
2017-02-06,Czechia,CZ,YouTube channel page,Louis Weisz,OMrUmOTPD_AnSivjxptxpA,5,1,5.2
2017-02-06,Germany,DE,YouTube watch page,Louis Weisz,OMrUmOTPD_AnSivjxptxpA,1,1,0.8
2017-02-06,Germany,DE,YouTube channel page,Louis Weisz,OMrUmOTPD_AnSivjxptxpA,12,2,5.8
2017-02-06,Spain,ES,YouTube watch page,Louis Weisz,OMrUmOTPD_AnSivjxptxpA,1,1,0.7
2017-02-06,Finland,FI,YouTube watch page,Louis Weisz,OMrUmOTPD_AnSivjxptxpA,1,2,0.4
2017-02-06,France,FR,YouTube channel page,Louis Weisz,OMrUmOTPD_AnSivjxptxpA,3,1,3.0
2017-02-06,United Kingdom,GB,YouTube watch page,Louis Weisz,OMrUmOTPD_AnSivjxptxpA,0,1,0.1
2017-02-06,Hungary,HU,YouTube watch page,Louis Weisz,OMrUmOTPD_AnSivjxptxpA,4,1,3.6
2017-02-06,India,IN,YouTube watch page,Louis Weisz,OMrUmOTPD_AnSivjxptxpA,0,1,0.4
2017-02-06,Lithuania,LT,YouTube watch page,Louis Weisz,OMrUmOTPD_AnSivjxptxpA,3,4,0.6
2017-02-06,Mauritius,MU,YouTube channel page,Louis Weisz,OMrUmOTPD_AnSivjxptxpA,6,1,6.2
2017-02-06,Malaysia,MY,YouTube watch page,Louis Weisz,OMrUmOTPD_AnSivjxptxpA,0,1,0.4
2017-02-06,Norway,NO,YouTube watch page,Louis Weisz,OMrUmOTPD_AnSivjxptxpA,4,1,4.3
2017-02-06,Poland,PL,YouTube watch page,Louis Weisz,OMrUmOTPD_AnSivjxptxpA,0,1,0.1
2017-02-06,Poland,PL,YouTube channel page,Louis Weisz,OMrUmOTPD_AnSivjxptxpA,10,2,5.0
2017-02-06,Saudi Arabia,SA,YouTube watch page,Louis Weisz,OMrUmOTPD_AnSivjxptxpA,0,1,0.1
2017-02-06,Sweden,SE,YouTube watch page,Louis Weisz,OMrUmOTPD_AnSivjxptxpA,5,1,5.3
2017-02-06,Singapore,SG,YouTube watch page,Louis Weisz,OMrUmOTPD_AnSivjxptxpA,7,1,6.9
2017-02-06,United States,US,YouTube watch page,Louis Weisz,OMrUmOTPD_AnSivjxptxpA,66,25,2.6
2017-02-06,United States,US,YouTube channel page,Louis Weisz,OMrUmOTPD_AnSivjxptxpA,29,11,2.7
2017-02-07,Australia,AU,YouTube watch page,Louis Weisz,OMrUmOTPD_AnSivjxptxpA,4,2,2.2
2017-02-07,Australia,AU,YouTube channel page,Louis Weisz,OMrUmOTPD_AnSivjxptxpA,0,1,0.2
2017-02-07,Brunei,BN,YouTube watch page,Louis Weisz,OMrUmOTPD_AnSivjxptxpA,3,1,2.8
2017-02-07,Brazil,BR,YouTube watch page,Louis Weisz,OMrUmOTPD_AnSivjxptxpA,3,2,1.5
2017-02-07,Brazil,BR,Embedded in external websites and apps,Louis Weisz,OMrUmOTPD_AnSivjxptxpA,5,1,5.3
2017-02-07,Canada,CA,YouTube watch page,Louis Weisz,OMrUmOTPD_AnSivjxptxpA,3,3,0.8
2017-02-07,Canada,CA,YouTube channel page,Louis Weisz,OMrUmOTPD_AnSivjxptxpA,1,1,1.1
2017-02-07,Czechia,CZ,YouTube channel page,Louis Weisz,OMrUmOTPD_AnSivjxptxpA,5,1,5.0
2017-02-07,Germany,DE,YouTube watch page,Louis Weisz,OMrUmOTPD_AnSivjxptxpA,0,1,0.3
2017-02-07,Denmark,DK,YouTube watch page,Louis Weisz,OMrUmOTPD_AnSivjxptxpA,0,1,0.3
2017-02-07,Finland,FI,YouTube watch page,Louis Weisz,OMrUmOTPD_AnSivjxptxpA,9,2,4.4
2017-02-07,Faroe Islands,FO,YouTube watch page,Louis Weisz,OMrUmOTPD_AnSivjxptxpA,0,1,0.1
2017-02-07,United Kingdom,GB,YouTube watch page,Louis Weisz,OMrUmOTPD_AnSivjxptxpA,2,3,0.8
2017-02-07,Japan,JP,YouTube watch page,Louis Weisz,OMrUmOTPD_AnSivjxptxpA,0,1,0.5
2017-02-07,South Korea,KR,YouTube watch page,Louis Weisz,OMrUmOTPD_AnSivjxptxpA,0,1,0.4
2017-02-07,Netherlands,NL,YouTube watch page,Louis Weisz,OMrUmOTPD_AnSivjxptxpA,2,4,0.6
2017-02-07,Palestine,PS,YouTube watch page,Louis Weisz,OMrUmOTPD_AnSivjxptxpA,7,2,3.5
2017-02-07,Serbia,RS,YouTube watch page,Louis Weisz,OMrUmOTPD_AnSivjxptxpA,3,2,1.7
2017-02-07,Sweden,SE,YouTube watch page,Louis Weisz,OMrUmOTPD_AnSivjxptxpA,4,1,3.7
2017-02-07,Slovenia,SI,YouTube watch page,Louis Weisz,OMrUmOTPD_AnSivjxptxpA,4,1,3.7
2017-02-07,United States,US,YouTube watch page,Louis Weisz,OMrUmOTPD_AnSivjxptxpA,70,30,2.3
2017-02-07,United States,US,YouTube channel page,Louis Weisz,OMrUmOTPD_AnSivjxptxpA,33,8,4.2
2017-02-07,South Africa,ZA,YouTube watch page,Louis Weisz,OMrUmOTPD_AnSivjxptxpA,3,1,3.0
2017-02-08,Austria,AT,YouTube channel page,Louis Weisz,OMrUmOTPD_AnSivjxptxpA,2,1,2.0
2017-02-08,Australia,AU,YouTube watch page,Louis Weisz,OMrUmOTPD_AnSivjxptxpA,3,1,2.8
2017-02-08,Australia,AU,YouTube channel page,Louis Weisz,OMrUmOTPD_AnSivjxptxpA,13,1,12.7
2017-02-08,Bulgaria,BG,YouTube channel page,Louis Weisz,OMrUmOTPD_AnSivjxptxpA,1,1,1.0
2017-02-08,Canada,CA,YouTube watch page,Louis Weisz,OMrUmOTPD_AnSivjxptxpA,9,4,2.4
2017-02-08,Switzerland,CH,YouTube watch page,Louis Weisz,OMrUmOTPD_AnSivjxptxpA,1,1,1.0
2017-02-08,Chile,CL,YouTube watch page,Louis Weisz,OMrUmOTPD_AnSivjxptxpA,1,1,0.9
2017-02-08,Colombia,CO,YouTube watch page,Louis Weisz,OMrUmOTPD_AnSivjxptxpA,1,1,1.3
2017-02-08,Germany,DE,YouTube watch page,Louis Weisz,OMrUmOTPD_AnSivjxptxpA,6,2,3.0
2017-02-08,Denmark,DK,YouTube watch page,Louis Weisz,OMrUmOTPD_AnSivjxptxpA,3,1,2.9
2017-02-08,Estonia,EE,YouTube watch page,Louis Weisz,OMrUmOTPD_AnSivjxptxpA,6,1,6.2
2017-02-08,Finland,FI,YouTube watch page,Louis Weisz,OMrUmOTPD_AnSivjxptxpA,1,1,0.7
2017-02-08,Finland,FI,YouTube channel page,Louis Weisz,OMrUmOTPD_AnSivjxptxpA,7,2,3.3
2017-02-08,France,FR,YouTube watch page,Louis Weisz,OMrUmOTPD_AnSivjxptxpA,5,2,2.3
2017-02-08,United Kingdom,GB,YouTube watch page,Louis Weisz,OMrUmOTPD_AnSivjxptxpA,22,8,2.7
2017-02-08,Greece,GR,YouTube watch page,Louis Weisz,OMrUmOTPD_AnSivjxptxpA,0,1,0.1
2017-02-08,Mexico,MX,YouTube watch page,Louis Weisz,OMrUmOTPD_AnSivjxptxpA,0,2,0.1
2017-02-08,Netherlands,NL,YouTube watch page,Louis Weisz,OMrUmOTPD_AnSivjxptxpA,17,4,4.2
2017-02-08,Norway,NO,YouTube watch page,Louis Weisz,OMrUmOTPD_AnSivjxptxpA,6,1,5.8
2017-02-08,Romania,RO,YouTube channel page,Louis Weisz,OMrUmOTPD_AnSivjxptxpA,0,1,0.3
2017-02-08,Serbia,RS,YouTube watch page,Louis Weisz,OMrUmOTPD_AnSivjxptxpA,0,1,0.0
2017-02-08,Saudi Arabia,SA,YouTube watch page,Louis Weisz,OMrUmOTPD_AnSivjxptxpA,1,1,1.2
2017-02-08,United States,US,YouTube watch page,Louis Weisz,OMrUmOTPD_AnSivjxptxpA,98,37,2.6
2017-02-08,United States,US,YouTube channel page,Louis Weisz,OMrUmOTPD_AnSivjxptxpA,37,11,3.3
2017-02-09,Austria,AT,YouTube watch page,Louis Weisz,OMrUmOTPD_AnSivjxptxpA,1,1,1.2
2017-02-09,Australia,AU,YouTube watch page,Louis Weisz,OMrUmOTPD_AnSivjxptxpA,10,3,3.4
2017-02-09,Australia,AU,YouTube channel page,Louis Weisz,OMrUmOTPD_AnSivjxptxpA,0,1,0.3
2017-02-09,Belgium,BE,YouTube channel page,Louis Weisz,OMrUmOTPD_AnSivjxptxpA,5,1,5.0
2017-02-09,Brazil,BR,Embedded in external websites and apps,Louis Weisz,OMrUmOTPD_AnSivjxptxpA,2,1,2.3
2017-02-09,Belarus,BY,YouTube watch page,Louis Weisz,OMrUmOTPD_AnSivjxptxpA,0,1,0.1
2017-02-09,Canada,CA,YouTube watch page,Louis Weisz,OMrUmOTPD_AnSivjxptxpA,1,1,0.7
2017-02-09,Canada,CA,YouTube channel page,Louis Weisz,OMrUmOTPD_AnSivjxptxpA,0,1,0.2
2017-02-09,Germany,DE,YouTube watch page,Louis Weisz,OMrUmOTPD_AnSivjxptxpA,7,2,3.3
2017-02-09,Germany,DE,YouTube channel page,Louis Weisz,OMrUmOTPD_AnSivjxptxpA,6,1,6.2
2017-02-09,Denmark,DK,YouTube watch page,Louis Weisz,OMrUmOTPD_AnSivjxptxpA,4,2,2.2
2017-02-09,Egypt,EG,YouTube watch page,Louis Weisz,OMrUmOTPD_AnSivjxptxpA,3,5,0.7
2017-02-09,Finland,FI,YouTube watch page,Louis Weisz,OMrUmOTPD_AnSivjxptxpA,3,1,3.0
2017-02-09,United Kingdom,GB,YouTube watch page,Louis Weisz,OMrUmOTPD_AnSivjxptxpA,1,2,0.7
2017-02-09,United Kingdom,GB,YouTube channel page,Louis Weisz,OMrUmOTPD_AnSivjxptxpA,1,1,0.9
2017-02-09,Croatia,HR,YouTube watch page,Louis Weisz,OMrUmOTPD_AnSivjxptxpA,0,1,0.2
2017-02-09,Italy,IT,YouTube watch page,Louis Weisz,OMrUmOTPD_AnSivjxptxpA,4,1,4.5
2017-02-09,Jordan,JO,YouTube channel page,Louis Weisz,OMrUmOTPD_AnSivjxptxpA,6,1,6.3
2017-02-09,Nicaragua,NI,YouTube watch page,Louis Weisz,OMrUmOTPD_AnSivjxptxpA,3,3,1.1
2017-02-09,Poland,PL,YouTube watch page,Louis Weisz,OMrUmOTPD_AnSivjxptxpA,0,1,0.3
2017-02-09,Puerto Rico,PR,YouTube channel page,Louis Weisz,OMrUmOTPD_AnSivjxptxpA,2,1,1.9
2017-02-09,Portugal,PT,YouTube watch page,Louis Weisz,OMrUmOTPD_AnSivjxptxpA,1,1,0.7
2017-02-09,Russia,RU,YouTube watch page,Louis Weisz,OMrUmOTPD_AnSivjxptxpA,3,1,3.3
2017-02-09,Saudi Arabia,SA,YouTube watch page,Louis Weisz,OMrUmOTPD_AnSivjxptxpA,1,1,0.8
2017-02-09,Sweden,SE,YouTube channel page,Louis Weisz,OMrUmOTPD_AnSivjxptxpA,6,1,5.9
2017-02-09,United States,US,YouTube watch page,Louis Weisz,OMrUmOTPD_AnSivjxptxpA,79,33,2.4
2017-02-09,United States,US,YouTube channel page,Louis Weisz,OMrUmOTPD_AnSivjxptxpA,12,3,4.1
2017-02-10,Austria,AT,YouTube watch page,Louis Weisz,OMrUmOTPD_AnSivjxptxpA,1,1,0.7
2017-02-10,Belgium,BE,YouTube watch page,Louis Weisz,OMrUmOTPD_AnSivjxptxpA,1,1,1.3
2017-02-10,Brazil,BR,YouTube watch page,Louis Weisz,OMrUmOTPD_AnSivjxptxpA,12,4,3.1
2017-02-10,Brazil,BR,Embedded in external websites and apps,Louis Weisz,OMrUmOTPD_AnSivjxptxpA,6,1,6.3
2017-02-10,Canada,CA,YouTube watch page,Louis Weisz,OMrUmOTPD_AnSivjxptxpA,3,4,0.8
2017-02-10,Canada,CA,YouTube channel page,Louis Weisz,OMrUmOTPD_AnSivjxptxpA,5,1,4.9
2017-02-10,Germany,DE,YouTube watch page,Louis Weisz,OMrUmOTPD_AnSivjxptxpA,8,5,1.7
2017-02-10,Spain,ES,YouTube watch page,Louis Weisz,OMrUmOTPD_AnSivjxptxpA,0,1,0.4
2017-02-10,Finland,FI,YouTube watch page,Louis Weisz,OMrUmOTPD_AnSivjxptxpA,2,1,2.2
2017-02-10,France,FR,YouTube watch page,Louis Weisz,OMrUmOTPD_AnSivjxptxpA,2,1,1.6
2017-02-10,United Kingdom,GB,YouTube watch page,Louis Weisz,OMrUmOTPD_AnSivjxptxpA,6,2,3.0
2017-02-10,Indonesia,ID,YouTube watch page,Louis Weisz,OMrUmOTPD_AnSivjxptxpA,0,1,0.3
2017-02-10,India,IN,YouTube watch page,Louis Weisz,OMrUmOTPD_AnSivjxptxpA,8,3,2.8
2017-02-10,India,IN,YouTube channel page,Louis Weisz,OMrUmOTPD_AnSivjxptxpA,4,1,3.7
2017-02-10,Kuwait,KW,YouTube watch page,Louis Weisz,OMrUmOTPD_AnSivjxptxpA,1,1,1.0
2017-02-10,St. Lucia,LC,YouTube watch page,Louis Weisz,OMrUmOTPD_AnSivjxptxpA,1,2,0.7
2017-02-10,Mongolia,MN,YouTube watch page,Louis Weisz,OMrUmOTPD_AnSivjxptxpA,0,1,0.4
2017-02-10,Mexico,MX,YouTube watch page,Louis Weisz,OMrUmOTPD_AnSivjxptxpA,2,1,2.3
2017-02-10,Mexico,MX,YouTube channel page,Louis Weisz,OMrUmOTPD_AnSivjxptxpA,1,1,0.8
2017-02-10,Poland,PL,YouTube watch page,Louis Weisz,OMrUmOTPD_AnSivjxptxpA,5,3,1.6
2017-02-10,Romania,RO,YouTube watch page,Louis Weisz,OMrUmOTPD_AnSivjxptxpA,4,1,3.8
2017-02-10,Saudi Arabia,SA,YouTube watch page,Louis Weisz,OMrUmOTPD_AnSivjxptxpA,1,1,0.8
2017-02-10,Singapore,SG,YouTube watch page,Louis Weisz,OMrUmOTPD_AnSivjxptxpA,0,1,0.5
2017-02-10,Slovakia,SK,YouTube watch page,Louis Weisz,OMrUmOTPD_AnSivjxptxpA,0,1,0.1
2017-02-10,Thailand,TH,YouTube watch page,Louis Weisz,OMrUmOTPD_AnSivjxptxpA,1,1,0.7
2017-02-10,United States,US,YouTube watch page,Louis Weisz,OMrUmOTPD_AnSivjxptxpA,109,29,3.8
2017-02-10,United States,US,YouTube channel page,Louis Weisz,OMrUmOTPD_AnSivjxptxpA,7,4,1.7
2017-02-11,Austria,AT,YouTube watch page,Louis Weisz,OMrUmOTPD_AnSivjxptxpA,18,4,4.5
2017-02-11,Australia,AU,YouTube watch page,Louis Weisz,OMrUmOTPD_AnSivjxptxpA,7,2,3.5
2017-02-11,Australia,AU,YouTube channel page,Louis Weisz,OMrUmOTPD_AnSivjxptxpA,2,1,1.6
2017-02-11,Brazil,BR,Embedded in external websites and apps,Louis Weisz,OMrUmOTPD_AnSivjxptxpA,4,2,1.8
2017-02-11,Canada,CA,YouTube watch page,Louis Weisz,OMrUmOTPD_AnSivjxptxpA,18,5,3.5
2017-02-11,Canada,CA,YouTube channel page,Louis Weisz,OMrUmOTPD_AnSivjxptxpA,0,1,0.3
2017-02-11,Switzerland,CH,YouTube channel page,Louis Weisz,OMrUmOTPD_AnSivjxptxpA,1,1,1.4
2017-02-11,Germany,DE,YouTube watch page,Louis Weisz,OMrUmOTPD_AnSivjxptxpA,7,3,2.3
2017-02-11,France,FR,YouTube watch page,Louis Weisz,OMrUmOTPD_AnSivjxptxpA,0,1,0.1
2017-02-11,United Kingdom,GB,YouTube watch page,Louis Weisz,OMrUmOTPD_AnSivjxptxpA,5,4,1.2
2017-02-11,Croatia,HR,YouTube watch page,Louis Weisz,OMrUmOTPD_AnSivjxptxpA,0,1,0.0
2017-02-11,Croatia,HR,YouTube channel page,Louis Weisz,OMrUmOTPD_AnSivjxptxpA,6,1,6.3
2017-02-11,Hungary,HU,YouTube channel page,Louis Weisz,OMrUmOTPD_AnSivjxptxpA,0,1,0.2
2017-02-11,Indonesia,ID,YouTube watch page,Louis Weisz,OMrUmOTPD_AnSivjxptxpA,4,1,4.0
2017-02-11,Lithuania,LT,YouTube watch page,Louis Weisz,OMrUmOTPD_AnSivjxptxpA,2,2,0.9
2017-02-11,Mexico,MX,YouTube watch page,Louis Weisz,OMrUmOTPD_AnSivjxptxpA,4,1,3.8
2017-02-11,Netherlands,NL,YouTube watch page,Louis Weisz,OMrUmOTPD_AnSivjxptxpA,8,3,2.6
2017-02-11,Norway,NO,YouTube watch page,Louis Weisz,OMrUmOTPD_AnSivjxptxpA,0,1,0.3
2017-02-11,New Zealand,NZ,YouTube watch page,Louis Weisz,OMrUmOTPD_AnSivjxptxpA,4,1,3.7
2017-02-11,New Zealand,NZ,YouTube channel page,Louis Weisz,OMrUmOTPD_AnSivjxptxpA,1,1,0.7
2017-02-11,Philippines,PH,YouTube watch page,Louis Weisz,OMrUmOTPD_AnSivjxptxpA,2,1,1.8
2017-02-11,Russia,RU,YouTube watch page,Louis Weisz,OMrUmOTPD_AnSivjxptxpA,6,1,6.0
2017-02-11,Sweden,SE,YouTube watch page,Louis Weisz,OMrUmOTPD_AnSivjxptxpA,0,1,0.1
2017-02-11,United States,US,YouTube watch page,Louis Weisz,OMrUmOTPD_AnSivjxptxpA,82,34,2.4
2017-02-11,United States,US,YouTube channel page,Louis Weisz,OMrUmOTPD_AnSivjxptxpA,9,4,2.3
2017-02-12,Austria,AT,YouTube channel page,Louis Weisz,OMrUmOTPD_AnSivjxptxpA,1,1,1.2
2017-02-12,Australia,AU,YouTube watch page,Louis Weisz,OMrUmOTPD_AnSivjxptxpA,22,5,4.5
2017-02-12,Brazil,BR,Embedded in external websites and apps,Louis Weisz,OMrUmOTPD_AnSivjxptxpA,16,3,5.2
2017-02-12,Canada,CA,YouTube watch page,Louis Weisz,OMrUmOTPD_AnSivjxptxpA,14,8,1.8
2017-02-12,Canada,CA,YouTube channel page,Louis Weisz,OMrUmOTPD_AnSivjxptxpA,7,2,3.3
2017-02-12,Czechia,CZ,YouTube watch page,Louis Weisz,OMrUmOTPD_AnSivjxptxpA,6,1,5.9
2017-02-12,Germany,DE,YouTube watch page,Louis Weisz,OMrUmOTPD_AnSivjxptxpA,16,6,2.7
2017-02-12,Germany,DE,YouTube channel page,Louis Weisz,OMrUmOTPD_AnSivjxptxpA,1,2,0.4
2017-02-12,United Kingdom,GB,YouTube watch page,Louis Weisz,OMrUmOTPD_AnSivjxptxpA,2,2,1.2
2017-02-12,Hungary,HU,YouTube watch page,Louis Weisz,OMrUmOTPD_AnSivjxptxpA,6,1,5.6
2017-02-12,Ireland,IE,YouTube channel page,Louis Weisz,OMrUmOTPD_AnSivjxptxpA,5,1,5.3
2017-02-12,India,IN,YouTube watch page,Louis Weisz,OMrUmOTPD_AnSivjxptxpA,15,3,5.1
2017-02-12,Italy,IT,YouTube watch page,Louis Weisz,OMrUmOTPD_AnSivjxptxpA,6,1,5.9
2017-02-12,Japan,JP,YouTube watch page,Louis Weisz,OMrUmOTPD_AnSivjxptxpA,2,1,2.4
2017-02-12,Mexico,MX,YouTube watch page,Louis Weisz,OMrUmOTPD_AnSivjxptxpA,5,1,4.9
2017-02-12,Poland,PL,YouTube watch page,Louis Weisz,OMrUmOTPD_AnSivjxptxpA,3,1,2.6
2017-02-12,Thailand,TH,YouTube watch page,Louis Weisz,OMrUmOTPD_AnSivjxptxpA,0,1,0.0
2017-02-12,United States,US,YouTube watch page,Louis Weisz,OMrUmOTPD_AnSivjxptxpA,70,21,3.3
2017-02-12,United States,US,YouTube channel page,Louis Weisz,OMrUmOTPD_AnSivjxptxpA,13,4,3.2
