date,country_name,country_id,channel_display_name,channel_id,watch_time_minutes,views,average_view_duration,comments,likes,dislikes,subscribers_gained,subscribers_lost
2016-07-13,Canada,CA,Louis Weisz,OMrUmOTPD_AnSivjxptxpA,6,2,3.0,0,0,1,0,0
2016-07-13,Germany,DE,Louis Weisz,OMrUmOTPD_AnSivjxptxpA,2,3,0.6,0,0,0,0,0
2016-07-13,Spain,ES,Louis Weisz,OMrUmOTPD_AnSivjxptxpA,1,1,0.5,0,0,0,0,0
2016-07-13,United Kingdom,GB,Louis Weisz,OMrUmOTPD_AnSivjxptxpA,0,1,0.5,0,0,0,0,0
2016-07-13,Italy,IT,Louis Weisz,OMrUmOTPD_AnSivjxptxpA,4,2,2.1,0,0,0,0,0
2016-07-13,Japan,JP,Louis Weisz,OMrUmOTPD_AnSivjxptxpA,0,1,0.2,0,0,0,0,0
2016-07-13,Malaysia,MY,Louis Weisz,OMrUmOTPD_AnSivjxptxpA,3,2,1.4,0,0,0,0,0
2016-07-13,Netherlands,NL,Louis Weisz,OMrUmOTPD_AnSivjxptxpA,2,1,1.6,0,0,0,0,0
2016-07-13,Philippines,PH,Louis Weisz,OMrUmOTPD_AnSivjxptxpA,1,1,0.8,0,0,0,0,0
2016-07-13,Portugal,PT,Louis Weisz,OMrUmOTPD_AnSivjxptxpA,2,1,1.6,0,0,0,0,0
2016-07-13,Tunisia,TN,Louis Weisz,OMrUmOTPD_AnSivjxptxpA,2,1,1.9,0,0,0,0,0
2016-07-13,United States,US,Louis Weisz,OMrUmOTPD_AnSivjxptxpA,3,3,1.1,0,0,0,0,0
2016-07-14,Austria,AT,Louis Weisz,OMrUmOTPD_AnSivjxptxpA,1,1,0.6,0,0,0,0,0
2016-07-14,Australia,AU,Louis Weisz,OMrUmOTPD_AnSivjxptxpA,1,2,0.7,0,0,0,0,0
2016-07-14,Brazil,BR,Louis Weisz,OMrUmOTPD_AnSivjxptxpA,1,1,1.1,0,0,0,0,0
2016-07-14,Canada,CA,Louis Weisz,OMrUmOTPD_AnSivjxptxpA,8,2,4.1,0,0,0,0,0
2016-07-14,Germany,DE,Louis Weisz,OMrUmOTPD_AnSivjxptxpA,0,2,0.1,0,0,0,0,0
2016-07-14,Spain,ES,Louis Weisz,OMrUmOTPD_AnSivjxptxpA,4,1,4.1,0,0,0,0,0
2016-07-14,United Kingdom,GB,Louis Weisz,OMrUmOTPD_AnSivjxptxpA,6,3,1.9,0,0,0,0,0
2016-07-14,Hong Kong,HK,Louis Weisz,OMrUmOTPD_AnSivjxptxpA,4,1,3.8,0,0,0,0,0
2016-07-14,Morocco,MA,Louis Weisz,OMrUmOTPD_AnSivjxptxpA,2,1,2.5,0,0,1,0,0
2016-07-14,Philippines,PH,Louis Weisz,OMrUmOTPD_AnSivjxptxpA,2,1,1.6,0,0,0,0,0
2016-07-14,Thailand,TH,Louis Weisz,OMrUmOTPD_AnSivjxptxpA,4,1,3.6,0,0,0,0,0
2016-07-14,Tunisia,TN,Louis Weisz,OMrUmOTPD_AnSivjxptxpA,2,1,1.5,0,0,0,0,0
2016-07-14,United States,US,Louis Weisz,OMrUmOTPD_AnSivjxptxpA,24,11,2.2,0,1,0,0,0
2016-07-14,Vietnam,VN,Louis Weisz,OMrUmOTPD_AnSivjxptxpA,0,3,0.2,0,0,1,0,0
2016-07-15,Canada,CA,Louis Weisz,OMrUmOTPD_AnSivjxptxpA,5,2,2.3,0,0,0,0,0
2016-07-15,Hong Kong,HK,Louis Weisz,OMrUmOTPD_AnSivjxptxpA,2,1,2.5,0,0,0,0,0
2016-07-15,Netherlands,NL,Louis Weisz,OMrUmOTPD_AnSivjxptxpA,1,1,1.0,0,0,0,0,0
2016-07-15,Poland,PL,Louis Weisz,OMrUmOTPD_AnSivjxptxpA,0,2,0.1,0,0,0,0,0
2016-07-15,Singapore,SG,Louis Weisz,OMrUmOTPD_AnSivjxptxpA,2,1,2.1,0,0,0,0,0
2016-07-15,United States,US,Louis Weisz,OMrUmOTPD_AnSivjxptxpA,27,11,2.5,0,0,0,0,0
2016-07-16,Australia,AU,Louis Weisz,OMrUmOTPD_AnSivjxptxpA,1,1,1.1,0,0,0,0,0
2016-07-16,Canada,CA,Louis Weisz,OMrUmOTPD_AnSivjxptxpA,0,1,0.3,0,0,0,0,0
2016-07-16,Germany,DE,Louis Weisz,OMrUmOTPD_AnSivjxptxpA,3,1,3.0,0,0,0,0,0
2016-07-16,United Kingdom,GB,Louis Weisz,OMrUmOTPD_AnSivjxptxpA,9,4,2.3,0,1,0,0,0
2016-07-16,Indonesia,ID,Louis Weisz,OMrUmOTPD_AnSivjxptxpA,2,1,1.6,0,0,0,0,0
2016-07-16,India,IN,Louis Weisz,OMrUmOTPD_AnSivjxptxpA,4,2,2.2,0,0,0,0,0
2016-07-16,South Korea,KR,Louis Weisz,OMrUmOTPD_AnSivjxptxpA,0,1,0.0,0,0,0,0,0
2016-07-16,Netherlands,NL,Louis Weisz,OMrUmOTPD_AnSivjxptxpA,2,1,1.6,0,0,0,0,0
2016-07-16,New Zealand,NZ,Louis Weisz,OMrUmOTPD_AnSivjxptxpA,4,1,4.4,0,0,0,0,0
2016-07-16,Poland,PL,Louis Weisz,OMrUmOTPD_AnSivjxptxpA,0,1,0.2,0,0,0,0,0
2016-07-16,Singapore,SG,Louis Weisz,OMrUmOTPD_AnSivjxptxpA,2,1,2.1,0,0,0,0,0
2016-07-16,United States,US,Louis Weisz,OMrUmOTPD_AnSivjxptxpA,33,16,2.0,0,1,0,0,0
2016-07-16,South Africa,ZA,Louis Weisz,OMrUmOTPD_AnSivjxptxpA,4,1,3.8,0,0,0,0,0
2016-07-17,Australia,AU,Louis Weisz,OMrUmOTPD_AnSivjxptxpA,4,2,1.9,0,0,0,0,0
2016-07-17,Brazil,BR,Louis Weisz,OMrUmOTPD_AnSivjxptxpA,2,1,1.8,0,0,0,0,0
2016-07-17,Canada,CA,Louis Weisz,OMrUmOTPD_AnSivjxptxpA,0,1,0.2,0,0,0,0,0
2016-07-17,Switzerland,CH,Louis Weisz,OMrUmOTPD_AnSivjxptxpA,4,1,4.4,0,0,0,0,0
2016-07-17,Croatia,HR,Louis Weisz,OMrUmOTPD_AnSivjxptxpA,0,1,0.2,0,0,0,0,0
2016-07-17,Israel,IL,Louis Weisz,OMrUmOTPD_AnSivjxptxpA,0,1,0.1,0,0,0,0,0
2016-07-17,Italy,IT,Louis Weisz,OMrUmOTPD_AnSivjxptxpA,1,1,1.5,0,0,0,0,0
2016-07-17,Malaysia,MY,Louis Weisz,OMrUmOTPD_AnSivjxptxpA,9,3,3.0,0,0,0,0,0
2016-07-17,Netherlands,NL,Louis Weisz,OMrUmOTPD_AnSivjxptxpA,1,1,0.6,0,0,0,0,0
2016-07-17,United States,US,Louis Weisz,OMrUmOTPD_AnSivjxptxpA,18,8,2.2,0,0,0,0,0
2016-07-18,Brazil,BR,Louis Weisz,OMrUmOTPD_AnSivjxptxpA,4,3,1.4,0,0,0,0,0
2016-07-18,France,FR,Louis Weisz,OMrUmOTPD_AnSivjxptxpA,2,2,1.1,0,0,0,0,0
2016-07-18,Greece,GR,Louis Weisz,OMrUmOTPD_AnSivjxptxpA,1,1,0.8,0,0,0,0,0
2016-07-18,Malaysia,MY,Louis Weisz,OMrUmOTPD_AnSivjxptxpA,5,4,1.2,0,0,0,0,0
2016-07-18,Philippines,PH,Louis Weisz,OMrUmOTPD_AnSivjxptxpA,2,1,2.0,0,0,0,0,0
2016-07-18,Poland,PL,Louis Weisz,OMrUmOTPD_AnSivjxptxpA,4,2,2.2,0,0,0,0,0
2016-07-18,Russia,RU,Louis Weisz,OMrUmOTPD_AnSivjxptxpA,0,1,0.1,0,0,0,0,0
2016-07-18,Sweden,SE,Louis Weisz,OMrUmOTPD_AnSivjxptxpA,4,1,3.7,0,0,0,0,0
2016-07-18,Singapore,SG,Louis Weisz,OMrUmOTPD_AnSivjxptxpA,3,1,3.3,0,0,0,0,0
2016-07-18,Turkey,TR,Louis Weisz,OMrUmOTPD_AnSivjxptxpA,1,1,0.7,0,0,0,0,0
2016-07-18,United States,US,Louis Weisz,OMrUmOTPD_AnSivjxptxpA,16,7,2.3,0,0,0,0,0
2016-07-19,Austria,AT,Louis Weisz,OMrUmOTPD_AnSivjxptxpA,2,1,1.9,0,0,0,0,0
2016-07-19,Australia,AU,Louis Weisz,OMrUmOTPD_AnSivjxptxpA,1,2,0.6,0,0,0,0,0
2016-07-19,France,FR,Louis Weisz,OMrUmOTPD_AnSivjxptxpA,3,1,2.5,0,0,0,0,0
2016-07-19,Morocco,MA,Louis Weisz,OMrUmOTPD_AnSivjxptxpA,1,1,1.1,0,0,0,0,0
2016-07-19,Sweden,SE,Louis Weisz,OMrUmOTPD_AnSivjxptxpA,4,1,3.7,0,0,0,0,0
2016-07-19,United States,US,Louis Weisz,OMrUmOTPD_AnSivjxptxpA,7,5,1.4,0,0,0,0,0
2016-07-19,Unknown Region,ZZ,Louis Weisz,OMrUmOTPD_AnSivjxptxpA,1,1,0.9,0,0,0,0,0
2016-07-20,Australia,AU,Louis Weisz,OMrUmOTPD_AnSivjxptxpA,2,2,1.2,0,0,0,0,0
2016-07-20,Brazil,BR,Louis Weisz,OMrUmOTPD_AnSivjxptxpA,5,1,4.5,0,0,0,0,0
2016-07-20,Canada,CA,Louis Weisz,OMrUmOTPD_AnSivjxptxpA,1,2,0.3,0,0,0,0,0
2016-07-20,Germany,DE,Louis Weisz,OMrUmOTPD_AnSivjxptxpA,4,1,4.5,0,0,0,0,0
2016-07-20,France,FR,Louis Weisz,OMrUmOTPD_AnSivjxptxpA,3,2,1.4,0,0,0,0,0
2016-07-20,United Kingdom,GB,Louis Weisz,OMrUmOTPD_AnSivjxptxpA,0,1,0.1,0,0,0,0,0
2016-07-20,Iceland,IS,Louis Weisz,OMrUmOTPD_AnSivjxptxpA,2,1,1.6,0,0,0,0,0
2016-07-20,Cayman Islands,KY,Louis Weisz,OMrUmOTPD_AnSivjxptxpA,3,1,3.5,0,0,1,0,0
2016-07-20,Malaysia,MY,Louis Weisz,OMrUmOTPD_AnSivjxptxpA,4,2,2.2,0,0,0,0,0
2016-07-20,Netherlands,NL,Louis Weisz,OMrUmOTPD_AnSivjxptxpA,4,3,1.3,0,0,0,0,0
2016-07-20,Poland,PL,Louis Weisz,OMrUmOTPD_AnSivjxptxpA,0,1,0.1,0,0,0,0,0
2016-07-20,Portugal,PT,Louis Weisz,OMrUmOTPD_AnSivjxptxpA,0,1,0.2,0,0,0,0,0
2016-07-20,United States,US,Louis Weisz,OMrUmOTPD_AnSivjxptxpA,28,13,2.2,0,0,0,1,0
2016-07-21,Australia,AU,Louis Weisz,OMrUmOTPD_AnSivjxptxpA,1,1,0.9,0,0,0,0,0
2016-07-21,Canada,CA,Louis Weisz,OMrUmOTPD_AnSivjxptxpA,5,4,1.2,0,0,0,0,0
2016-07-21,Germany,DE,Louis Weisz,OMrUmOTPD_AnSivjxptxpA,1,2,0.7,1,0,0,0,0
2016-07-21,France,FR,Louis Weisz,OMrUmOTPD_AnSivjxptxpA,1,1,1.1,0,0,0,0,0
2016-07-21,United Kingdom,GB,Louis Weisz,OMrUmOTPD_AnSivjxptxpA,5,2,2.7,0,0,0,0,0
2016-07-21,Hong Kong,HK,Louis Weisz,OMrUmOTPD_AnSivjxptxpA,2,1,1.9,0,0,0,0,0
2016-07-21,Iceland,IS,Louis Weisz,OMrUmOTPD_AnSivjxptxpA,2,1,2.0,0,0,0,0,0
2016-07-21,South Korea,KR,Louis Weisz,OMrUmOTPD_AnSivjxptxpA,2,1,2.1,0,0,0,0,0
2016-07-21,Mexico,MX,Louis Weisz,OMrUmOTPD_AnSivjxptxpA,1,2,0.3,0,0,0,0,0
2016-07-21,Philippines,PH,Louis Weisz,OMrUmOTPD_AnSivjxptxpA,2,1,1.8,0,0,0,0,0
2016-07-21,Poland,PL,Louis Weisz,OMrUmOTPD_AnSivjxptxpA,4,1,4.1,0,0,0,0,0
2016-07-21,Russia,RU,Louis Weisz,OMrUmOTPD_AnSivjxptxpA,1,1,0.7,0,0,0,0,0
2016-07-21,Sweden,SE,Louis Weisz,OMrUmOTPD_AnSivjxptxpA,4,1,4.4,0,0,0,0,0
2016-07-21,Turkey,TR,Louis Weisz,OMrUmOTPD_AnSivjxptxpA,3,1,3.3,0,0,0,0,0
2016-07-21,United States,US,Louis Weisz,OMrUmOTPD_AnSivjxptxpA,204,123,1.7,2,11,0,0,0
2016-07-22,Australia,AU,Louis Weisz,OMrUmOTPD_AnSivjxptxpA,1,2,0.6,0,1,0,0,0
2016-07-22,Canada,CA,Louis Weisz,OMrUmOTPD_AnSivjxptxpA,6,2,2.9,0,0,0,0,0
2016-07-22,Chile,CL,Louis Weisz,OMrUmOTPD_AnSivjxptxpA,0,1,0.0,0,0,0,0,0
2016-07-22,Germany,DE,Louis Weisz,OMrUmOTPD_AnSivjxptxpA,4,1,4.4,0,0,0,0,0
2016-07-22,Finland,FI,Louis Weisz,OMrUmOTPD_AnSivjxptxpA,2,1,2.2,0,0,0,0,0
2016-07-22,United Kingdom,GB,Louis Weisz,OMrUmOTPD_AnSivjxptxpA,3,3,0.9,0,0,0,0,0
2016-07-22,Israel,IL,Louis Weisz,OMrUmOTPD_AnSivjxptxpA,3,1,2.5,0,0,0,0,0
2016-07-22,Italy,IT,Louis Weisz,OMrUmOTPD_AnSivjxptxpA,0,1,0.4,0,1,0,0,0
2016-07-22,Japan,JP,Louis Weisz,OMrUmOTPD_AnSivjxptxpA,2,3,0.6,0,0,0,0,0
2016-07-22,Malaysia,MY,Louis Weisz,OMrUmOTPD_AnSivjxptxpA,4,2,2.2,0,0,0,0,0
2016-07-22,Philippines,PH,Louis Weisz,OMrUmOTPD_AnSivjxptxpA,0,1,0.2,0,0,0,0,0
2016-07-22,Romania,RO,Louis Weisz,OMrUmOTPD_AnSivjxptxpA,1,1,0.8,0,0,0,0,0
2016-07-22,Serbia,RS,Louis Weisz,OMrUmOTPD_AnSivjxptxpA,1,1,1.2,0,0,0,0,0
2016-07-22,Russia,RU,Louis Weisz,OMrUmOTPD_AnSivjxptxpA,0,1,0.0,0,0,0,0,0
2016-07-22,El Salvador,SV,Louis Weisz,OMrUmOTPD_AnSivjxptxpA,0,2,0.1,0,0,0,0,0
2016-07-22,United States,US,Louis Weisz,OMrUmOTPD_AnSivjxptxpA,88,50,1.8,0,4,0,1,0
2016-07-23,Brazil,BR,Louis Weisz,OMrUmOTPD_AnSivjxptxpA,0,1,0.1,0,0,0,0,0
2016-07-23,Canada,CA,Louis Weisz,OMrUmOTPD_AnSivjxptxpA,6,4,1.6,0,0,0,0,0
2016-07-23,Germany,DE,Louis Weisz,OMrUmOTPD_AnSivjxptxpA,2,2,0.8,0,0,0,0,0
2016-07-23,United Kingdom,GB,Louis Weisz,OMrUmOTPD_AnSivjxptxpA,5,2,2.5,0,0,0,0,0
2016-07-23,Iceland,IS,Louis Weisz,OMrUmOTPD_AnSivjxptxpA,1,1,1.3,0,0,0,0,0
2016-07-23,Malaysia,MY,Louis Weisz,OMrUmOTPD_AnSivjxptxpA,2,1,2.2,0,0,0,0,0
2016-07-23,Singapore,SG,Louis Weisz,OMrUmOTPD_AnSivjxptxpA,3,2,1.7,0,0,0,0,0
2016-07-23,Turkey,TR,Louis Weisz,OMrUmOTPD_AnSivjxptxpA,3,1,2.7,0,0,0,0,0
2016-07-23,Taiwan,TW,Louis Weisz,OMrUmOTPD_AnSivjxptxpA,1,3,0.4,0,0,0,0,0
2016-07-23,United States,US,Louis Weisz,OMrUmOTPD_AnSivjxptxpA,100,51,2.0,0,0,0,1,0
2016-07-23,South Africa,ZA,Louis Weisz,OMrUmOTPD_AnSivjxptxpA,3,1,3.4,0,0,0,0,0
2016-07-24,Austria,AT,Louis Weisz,OMrUmOTPD_AnSivjxptxpA,1,1,0.7,0,0,0,0,0
2016-07-24,Czechia,CZ,Louis Weisz,OMrUmOTPD_AnSivjxptxpA,1,1,0.8,0,0,0,0,0
2016-07-24,Germany,DE,Louis Weisz,OMrUmOTPD_AnSivjxptxpA,4,2,2.1,0,0,0,0,0
2016-07-24,Denmark,DK,Louis Weisz,OMrUmOTPD_AnSivjxptxpA,1,1,1.3,0,0,0,0,0
2016-07-24,Spain,ES,Louis Weisz,OMrUmOTPD_AnSivjxptxpA,3,1,2.7,0,0,0,0,0
2016-07-24,Finland,FI,Louis Weisz,OMrUmOTPD_AnSivjxptxpA,2,1,2.5,0,0,0,0,0
2016-07-24,United Kingdom,GB,Louis Weisz,OMrUmOTPD_AnSivjxptxpA,2,4,0.6,0,0,0,0,0
2016-07-24,Indonesia,ID,Louis Weisz,OMrUmOTPD_AnSivjxptxpA,2,1,1.7,0,0,0,0,0
2016-07-24,India,IN,Louis Weisz,OMrUmOTPD_AnSivjxptxpA,0,1,0.1,0,0,0,0,0
2016-07-24,Italy,IT,Louis Weisz,OMrUmOTPD_AnSivjxptxpA,0,1,0.1,0,0,0,0,0
2016-07-24,Mauritius,MU,Louis Weisz,OMrUmOTPD_AnSivjxptxpA,2,1,2.4,0,0,0,0,0
2016-07-24,Netherlands,NL,Louis Weisz,OMrUmOTPD_AnSivjxptxpA,4,1,3.7,0,0,0,0,0
2016-07-24,New Zealand,NZ,Louis Weisz,OMrUmOTPD_AnSivjxptxpA,0,1,0.1,0,0,0,0,0
2016-07-24,Philippines,PH,Louis Weisz,OMrUmOTPD_AnSivjxptxpA,0,1,0.2,0,0,0,0,0
2016-07-24,Poland,PL,Louis Weisz,OMrUmOTPD_AnSivjxptxpA,4,1,4.1,0,0,0,0,0
2016-07-24,Turkey,TR,Louis Weisz,OMrUmOTPD_AnSivjxptxpA,0,1,0.4,0,0,0,0,0
2016-07-24,United States,US,Louis Weisz,OMrUmOTPD_AnSivjxptxpA,100,56,1.8,0,0,3,2,0
2016-07-24,Vietnam,VN,Louis Weisz,OMrUmOTPD_AnSivjxptxpA,0,0,0.0,0,1,0,0,0
2016-07-24,Unknown Region,ZZ,Louis Weisz,OMrUmOTPD_AnSivjxptxpA,0,0,0.0,0,0,0,0,1
2016-07-25,Australia,AU,Louis Weisz,OMrUmOTPD_AnSivjxptxpA,0,1,0.1,0,0,0,0,0
2016-07-25,Bahrain,BH,Louis Weisz,OMrUmOTPD_AnSivjxptxpA,3,1,3.2,0,0,0,0,0
2016-07-25,Canada,CA,Louis Weisz,OMrUmOTPD_AnSivjxptxpA,102,55,1.9,0,0,0,0,0
2016-07-25,Germany,DE,Louis Weisz,OMrUmOTPD_AnSivjxptxpA,1,2,0.5,0,0,0,0,0
2016-07-25,Denmark,DK,Louis Weisz,OMrUmOTPD_AnSivjxptxpA,2,2,0.9,0,0,0,0,0
2016-07-25,Indonesia,ID,Louis Weisz,OMrUmOTPD_AnSivjxptxpA,1,2,0.6,0,0,0,0,0
2016-07-25,South Korea,KR,Louis Weisz,OMrUmOTPD_AnSivjxptxpA,0,1,0.3,0,0,0,0,0
2016-07-25,Morocco,MA,Louis Weisz,OMrUmOTPD_AnSivjxptxpA,0,2,0.2,0,0,0,0,0
2016-07-25,Moldova,MD,Louis Weisz,OMrUmOTPD_AnSivjxptxpA,0,1,0.2,0,0,0,0,0
2016-07-25,Netherlands,NL,Louis Weisz,OMrUmOTPD_AnSivjxptxpA,1,2,0.6,0,0,0,0,0
2016-07-25,Norway,NO,Louis Weisz,OMrUmOTPD_AnSivjxptxpA,3,1,3.2,0,0,0,0,0
2016-07-25,Philippines,PH,Louis Weisz,OMrUmOTPD_AnSivjxptxpA,1,3,0.4,0,0,0,0,0
2016-07-25,Russia,RU,Louis Weisz,OMrUmOTPD_AnSivjxptxpA,1,2,0.7,0,0,0,0,0
2016-07-25,United States,US,Louis Weisz,OMrUmOTPD_AnSivjxptxpA,199,101,2.0,0,1,1,0,0
2016-07-26,Argentina,AR,Louis Weisz,OMrUmOTPD_AnSivjxptxpA,0,1,0.0,0,0,0,0,0
2016-07-26,Australia,AU,Louis Weisz,OMrUmOTPD_AnSivjxptxpA,3,1,3.0,0,0,0,0,0
2016-07-26,Canada,CA,Louis Weisz,OMrUmOTPD_AnSivjxptxpA,182,58,3.1,0,0,0,0,0
2016-07-26,Switzerland,CH,Louis Weisz,OMrUmOTPD_AnSivjxptxpA,0,1,0.3,0,0,0,0,0
2016-07-26,Denmark,DK,Louis Weisz,OMrUmOTPD_AnSivjxptxpA,2,2,0.8,0,0,0,0,0
2016-07-26,France,FR,Louis Weisz,OMrUmOTPD_AnSivjxptxpA,2,2,1.0,0,0,0,0,0
2016-07-26,Georgia,GE,Louis Weisz,OMrUmOTPD_AnSivjxptxpA,1,1,0.8,0,0,0,0,0
2016-07-26,Greece,GR,Louis Weisz,OMrUmOTPD_AnSivjxptxpA,0,1,0.2,0,0,0,0,0
2016-07-26,Iceland,IS,Louis Weisz,OMrUmOTPD_AnSivjxptxpA,4,1,4.3,0,0,0,0,0
2016-07-26,Italy,IT,Louis Weisz,OMrUmOTPD_AnSivjxptxpA,4,1,3.9,0,0,0,0,0
2016-07-26,Mexico,MX,Louis Weisz,OMrUmOTPD_AnSivjxptxpA,2,1,2.4,0,0,0,0,0
2016-07-26,Pakistan,PK,Louis Weisz,OMrUmOTPD_AnSivjxptxpA,0,1,0.1,0,0,0,0,0
2016-07-26,Singapore,SG,Louis Weisz,OMrUmOTPD_AnSivjxptxpA,1,1,1.3,0,0,0,0,0
2016-07-26,United States,US,Louis Weisz,OMrUmOTPD_AnSivjxptxpA,52,36,1.4,0,1,0,1,0
2016-07-26,Vietnam,VN,Louis Weisz,OMrUmOTPD_AnSivjxptxpA,0,1,0.3,0,0,0,0,0
2016-07-27,Australia,AU,Louis Weisz,OMrUmOTPD_AnSivjxptxpA,4,1,3.7,0,0,0,0,0
2016-07-27,Canada,CA,Louis Weisz,OMrUmOTPD_AnSivjxptxpA,333,128,2.6,1,0,0,0,0
2016-07-27,Switzerland,CH,Louis Weisz,OMrUmOTPD_AnSivjxptxpA,1,1,1.3,0,0,0,0,0
2016-07-27,Colombia,CO,Louis Weisz,OMrUmOTPD_AnSivjxptxpA,0,1,0.1,0,0,0,0,0
2016-07-27,Germany,DE,Louis Weisz,OMrUmOTPD_AnSivjxptxpA,1,1,0.8,0,0,0,0,0
2016-07-27,Ecuador,EC,Louis Weisz,OMrUmOTPD_AnSivjxptxpA,8,1,7.6,0,0,0,0,0
2016-07-27,Finland,FI,Louis Weisz,OMrUmOTPD_AnSivjxptxpA,4,1,3.7,0,0,0,0,0
2016-07-27,United Kingdom,GB,Louis Weisz,OMrUmOTPD_AnSivjxptxpA,1,1,0.6,0,0,0,0,0
2016-07-27,Indonesia,ID,Louis Weisz,OMrUmOTPD_AnSivjxptxpA,4,1,4.3,0,0,0,0,0
2016-07-27,India,IN,Louis Weisz,OMrUmOTPD_AnSivjxptxpA,2,1,1.7,0,0,0,0,0
2016-07-27,Malaysia,MY,Louis Weisz,OMrUmOTPD_AnSivjxptxpA,0,1,0.1,0,0,0,0,0
2016-07-27,Netherlands,NL,Louis Weisz,OMrUmOTPD_AnSivjxptxpA,3,2,1.7,0,0,0,0,0
2016-07-27,New Zealand,NZ,Louis Weisz,OMrUmOTPD_AnSivjxptxpA,1,1,1.4,0,0,0,0,0
2016-07-27,Portugal,PT,Louis Weisz,OMrUmOTPD_AnSivjxptxpA,1,1,0.6,0,0,0,0,0
2016-07-27,Sweden,SE,Louis Weisz,OMrUmOTPD_AnSivjxptxpA,2,1,1.7,0,0,0,0,0
2016-07-27,United States,US,Louis Weisz,OMrUmOTPD_AnSivjxptxpA,113,67,1.7,0,3,0,2,0
2016-07-28,Argentina,AR,Louis Weisz,OMrUmOTPD_AnSivjxptxpA,2,1,2.3,0,0,0,0,0
2016-07-28,Australia,AU,Louis Weisz,OMrUmOTPD_AnSivjxptxpA,3,1,2.7,0,0,0,0,0
2016-07-28,Brazil,BR,Louis Weisz,OMrUmOTPD_AnSivjxptxpA,0,1,0.1,0,0,0,0,0
2016-07-28,Canada,CA,Louis Weisz,OMrUmOTPD_AnSivjxptxpA,55,27,2.0,0,0,0,0,0
2016-07-28,Chile,CL,Louis Weisz,OMrUmOTPD_AnSivjxptxpA,0,1,0.1,0,0,0,0,0
2016-07-28,Germany,DE,Louis Weisz,OMrUmOTPD_AnSivjxptxpA,0,1,0.4,0,0,0,0,0
2016-07-28,Denmark,DK,Louis Weisz,OMrUmOTPD_AnSivjxptxpA,1,2,0.7,0,0,0,0,0
2016-07-28,Spain,ES,Louis Weisz,OMrUmOTPD_AnSivjxptxpA,0,1,0.4,0,0,0,0,0
2016-07-28,France,FR,Louis Weisz,OMrUmOTPD_AnSivjxptxpA,0,1,0.1,0,0,0,0,0
2016-07-28,United Kingdom,GB,Louis Weisz,OMrUmOTPD_AnSivjxptxpA,4,2,2.2,0,0,0,0,0
2016-07-28,Hong Kong,HK,Louis Weisz,OMrUmOTPD_AnSivjxptxpA,0,1,0.4,0,0,0,0,0
2016-07-28,Indonesia,ID,Louis Weisz,OMrUmOTPD_AnSivjxptxpA,3,2,1.7,0,0,0,0,0
2016-07-28,India,IN,Louis Weisz,OMrUmOTPD_AnSivjxptxpA,1,1,1.1,0,0,0,0,0
2016-07-28,Malta,MT,Louis Weisz,OMrUmOTPD_AnSivjxptxpA,0,1,0.0,0,0,0,0,0
2016-07-28,Mauritius,MU,Louis Weisz,OMrUmOTPD_AnSivjxptxpA,3,1,3.1,0,0,0,0,0
2016-07-28,Mexico,MX,Louis Weisz,OMrUmOTPD_AnSivjxptxpA,0,1,0.1,0,0,0,0,0
2016-07-28,Peru,PE,Louis Weisz,OMrUmOTPD_AnSivjxptxpA,0,1,0.3,0,0,0,0,0
2016-07-28,Portugal,PT,Louis Weisz,OMrUmOTPD_AnSivjxptxpA,0,1,0.2,0,0,0,0,0
2016-07-28,Sweden,SE,Louis Weisz,OMrUmOTPD_AnSivjxptxpA,2,1,2.2,0,0,0,0,0
2016-07-28,Singapore,SG,Louis Weisz,OMrUmOTPD_AnSivjxptxpA,1,1,0.7,0,0,0,0,0
2016-07-28,Taiwan,TW,Louis Weisz,OMrUmOTPD_AnSivjxptxpA,1,1,0.6,0,0,0,0,0
2016-07-28,United States,US,Louis Weisz,OMrUmOTPD_AnSivjxptxpA,53,27,2.0,2,2,1,0,0
2016-07-28,Vietnam,VN,Louis Weisz,OMrUmOTPD_AnSivjxptxpA,1,2,0.5,0,0,0,0,0
2016-07-28,Vanuatu,VU,Louis Weisz,OMrUmOTPD_AnSivjxptxpA,0,1,0.1,0,0,0,0,0
2016-07-29,Austria,AT,Louis Weisz,OMrUmOTPD_AnSivjxptxpA,3,1,3.4,0,0,0,0,0
2016-07-29,Australia,AU,Louis Weisz,OMrUmOTPD_AnSivjxptxpA,0,1,0.4,0,0,0,0,0
2016-07-29,Switzerland,CH,Louis Weisz,OMrUmOTPD_AnSivjxptxpA,3,1,2.8,0,0,0,0,0
2016-07-29,Germany,DE,Louis Weisz,OMrUmOTPD_AnSivjxptxpA,1,1,0.6,0,0,0,0,0
2016-07-29,Indonesia,ID,Louis Weisz,OMrUmOTPD_AnSivjxptxpA,5,2,2.5,0,0,0,0,0
2016-07-29,India,IN,Louis Weisz,OMrUmOTPD_AnSivjxptxpA,3,3,0.9,0,0,0,0,0
2016-07-29,Japan,JP,Louis Weisz,OMrUmOTPD_AnSivjxptxpA,1,1,0.6,0,0,0,0,0
2016-07-29,Malta,MT,Louis Weisz,OMrUmOTPD_AnSivjxptxpA,0,1,0.2,0,0,0,0,0
2016-07-29,Norway,NO,Louis Weisz,OMrUmOTPD_AnSivjxptxpA,4,1,4.0,0,0,0,0,0
2016-07-29,Romania,RO,Louis Weisz,OMrUmOTPD_AnSivjxptxpA,1,1,1.0,0,0,0,0,0
2016-07-29,Sweden,SE,Louis Weisz,OMrUmOTPD_AnSivjxptxpA,4,1,3.7,0,0,0,0,0
2016-07-29,Ukraine,UA,Louis Weisz,OMrUmOTPD_AnSivjxptxpA,1,1,0.6,0,0,0,0,0
2016-07-29,United States,US,Louis Weisz,OMrUmOTPD_AnSivjxptxpA,30,16,1.9,0,0,0,0,0
2016-07-29,Venezuela,VE,Louis Weisz,OMrUmOTPD_AnSivjxptxpA,0,1,0.4,0,0,0,0,0
2016-07-30,Argentina,AR,Louis Weisz,OMrUmOTPD_AnSivjxptxpA,3,1,2.6,4,0,0,0,0
2016-07-30,Brazil,BR,Louis Weisz,OMrUmOTPD_AnSivjxptxpA,1,1,1.1,0,0,0,0,0
2016-07-30,Canada,CA,Louis Weisz,OMrUmOTPD_AnSivjxptxpA,5,1,4.7,0,0,0,0,0
2016-07-30,Switzerland,CH,Louis Weisz,OMrUmOTPD_AnSivjxptxpA,0,1,0.1,0,0,0,0,0
2016-07-30,Germany,DE,Louis Weisz,OMrUmOTPD_AnSivjxptxpA,2,1,1.5,0,0,0,0,0
2016-07-30,Denmark,DK,Louis Weisz,OMrUmOTPD_AnSivjxptxpA,0,1,0.3,0,0,0,0,0
2016-07-30,Ecuador,EC,Louis Weisz,OMrUmOTPD_AnSivjxptxpA,1,2,0.4,0,0,0,0,0
2016-07-30,United Kingdom,GB,Louis Weisz,OMrUmOTPD_AnSivjxptxpA,7,4,1.6,0,0,0,0,0
2016-07-30,Indonesia,ID,Louis Weisz,OMrUmOTPD_AnSivjxptxpA,7,5,1.4,0,0,0,0,0
2016-07-30,Israel,IL,Louis Weisz,OMrUmOTPD_AnSivjxptxpA,0,1,0.3,0,0,0,0,0
2016-07-30,India,IN,Louis Weisz,OMrUmOTPD_AnSivjxptxpA,3,4,0.7,0,0,0,0,0
2016-07-30,Japan,JP,Louis Weisz,OMrUmOTPD_AnSivjxptxpA,1,1,0.5,0,0,0,0,0
2016-07-30,Nigeria,NG,Louis Weisz,OMrUmOTPD_AnSivjxptxpA,2,1,2.4,0,0,0,0,0
2016-07-30,Netherlands,NL,Louis Weisz,OMrUmOTPD_AnSivjxptxpA,0,1,0.1,0,0,0,0,0
2016-07-30,Norway,NO,Louis Weisz,OMrUmOTPD_AnSivjxptxpA,3,1,3.0,0,0,0,0,0
2016-07-30,Philippines,PH,Louis Weisz,OMrUmOTPD_AnSivjxptxpA,3,1,3.3,0,0,0,0,0
2016-07-30,Russia,RU,Louis Weisz,OMrUmOTPD_AnSivjxptxpA,2,1,1.5,0,0,0,0,0
2016-07-30,Saudi Arabia,SA,Louis Weisz,OMrUmOTPD_AnSivjxptxpA,2,4,0.4,2,0,0,0,0
2016-07-30,Singapore,SG,Louis Weisz,OMrUmOTPD_AnSivjxptxpA,0,1,0.1,0,0,0,0,0
2016-07-30,Taiwan,TW,Louis Weisz,OMrUmOTPD_AnSivjxptxpA,6,2,3.0,0,2,0,0,0
2016-07-30,United States,US,Louis Weisz,OMrUmOTPD_AnSivjxptxpA,97,53,1.8,3,5,0,2,0
2016-07-31,Australia,AU,Louis Weisz,OMrUmOTPD_AnSivjxptxpA,4,1,4.2,0,0,0,0,0
2016-07-31,Belgium,BE,Louis Weisz,OMrUmOTPD_AnSivjxptxpA,1,1,0.6,0,0,0,0,0
2016-07-31,Canada,CA,Louis Weisz,OMrUmOTPD_AnSivjxptxpA,10,3,3.3,0,0,0,0,0
2016-07-31,Germany,DE,Louis Weisz,OMrUmOTPD_AnSivjxptxpA,0,1,0.1,0,0,0,0,0
2016-07-31,Spain,ES,Louis Weisz,OMrUmOTPD_AnSivjxptxpA,0,2,0.1,0,0,0,0,0
2016-07-31,France,FR,Louis Weisz,OMrUmOTPD_AnSivjxptxpA,1,1,0.5,0,0,0,0,0
2016-07-31,United Kingdom,GB,Louis Weisz,OMrUmOTPD_AnSivjxptxpA,1,1,0.8,0,0,0,0,0
2016-07-31,Hungary,HU,Louis Weisz,OMrUmOTPD_AnSivjxptxpA,0,1,0.2,0,0,0,0,0
2016-07-31,India,IN,Louis Weisz,OMrUmOTPD_AnSivjxptxpA,0,2,0.2,0,0,0,0,0
2016-07-31,Italy,IT,Louis Weisz,OMrUmOTPD_AnSivjxptxpA,4,2,2.0,0,0,1,0,0
2016-07-31,South Korea,KR,Louis Weisz,OMrUmOTPD_AnSivjxptxpA,1,1,1.4,0,0,0,0,0
2016-07-31,Lithuania,LT,Louis Weisz,OMrUmOTPD_AnSivjxptxpA,1,1,1.1,0,0,0,0,0
2016-07-31,Mexico,MX,Louis Weisz,OMrUmOTPD_AnSivjxptxpA,0,1,0.1,0,0,0,0,0
2016-07-31,Malaysia,MY,Louis Weisz,OMrUmOTPD_AnSivjxptxpA,0,1,0.0,0,0,0,0,0
2016-07-31,Poland,PL,Louis Weisz,OMrUmOTPD_AnSivjxptxpA,1,1,0.6,0,0,0,0,0
2016-07-31,Sweden,SE,Louis Weisz,OMrUmOTPD_AnSivjxptxpA,1,2,0.4,0,0,0,0,0
2016-07-31,Tunisia,TN,Louis Weisz,OMrUmOTPD_AnSivjxptxpA,0,1,0.1,0,0,0,0,0
2016-07-31,United States,US,Louis Weisz,OMrUmOTPD_AnSivjxptxpA,29,17,1.7,0,3,0,0,0
2016-08-01,Argentina,AR,Louis Weisz,OMrUmOTPD_AnSivjxptxpA,0,1,0.1,0,0,0,0,0
2016-08-01,Austria,AT,Louis Weisz,OMrUmOTPD_AnSivjxptxpA,2,1,2.5,0,0,0,0,0
2016-08-01,Australia,AU,Louis Weisz,OMrUmOTPD_AnSivjxptxpA,9,3,3.1,0,0,0,0,0
2016-08-01,Bahrain,BH,Louis Weisz,OMrUmOTPD_AnSivjxptxpA,0,1,0.1,0,0,0,0,0
2016-08-01,Brazil,BR,Louis Weisz,OMrUmOTPD_AnSivjxptxpA,6,1,6.1,0,0,0,0,0
2016-08-01,Canada,CA,Louis Weisz,OMrUmOTPD_AnSivjxptxpA,2,1,1.8,0,0,0,0,0
2016-08-01,Germany,DE,Louis Weisz,OMrUmOTPD_AnSivjxptxpA,1,1,0.9,0,0,0,0,0
2016-08-01,Spain,ES,Louis Weisz,OMrUmOTPD_AnSivjxptxpA,0,1,0.1,0,0,0,0,0
2016-08-01,Indonesia,ID,Louis Weisz,OMrUmOTPD_AnSivjxptxpA,4,1,3.9,0,0,0,0,0
2016-08-01,India,IN,Louis Weisz,OMrUmOTPD_AnSivjxptxpA,2,1,1.6,0,0,0,0,0
2016-08-01,Mauritius,MU,Louis Weisz,OMrUmOTPD_AnSivjxptxpA,2,2,0.8,0,0,0,0,0
2016-08-01,Philippines,PH,Louis Weisz,OMrUmOTPD_AnSivjxptxpA,1,2,0.5,0,0,0,0,0
2016-08-01,Saudi Arabia,SA,Louis Weisz,OMrUmOTPD_AnSivjxptxpA,4,1,3.9,1,0,0,0,0
2016-08-01,Sweden,SE,Louis Weisz,OMrUmOTPD_AnSivjxptxpA,0,1,0.0,0,0,0,0,0
2016-08-01,Thailand,TH,Louis Weisz,OMrUmOTPD_AnSivjxptxpA,0,1,0.0,0,0,0,0,0
2016-08-01,Turkey,TR,Louis Weisz,OMrUmOTPD_AnSivjxptxpA,0,1,0.2,0,0,0,0,0
2016-08-01,Taiwan,TW,Louis Weisz,OMrUmOTPD_AnSivjxptxpA,3,2,1.3,0,0,0,0,0
2016-08-01,United States,US,Louis Weisz,OMrUmOTPD_AnSivjxptxpA,27,16,1.7,1,4,0,0,0
2016-08-01,South Africa,ZA,Louis Weisz,OMrUmOTPD_AnSivjxptxpA,0,1,0.1,0,0,0,0,0
2016-08-02,Argentina,AR,Louis Weisz,OMrUmOTPD_AnSivjxptxpA,0,1,0.1,0,0,1,0,0
2016-08-02,Bolivia,BO,Louis Weisz,OMrUmOTPD_AnSivjxptxpA,0,1,0.3,0,0,0,0,0
2016-08-02,Brazil,BR,Louis Weisz,OMrUmOTPD_AnSivjxptxpA,4,1,3.5,0,0,0,0,0
2016-08-02,Germany,DE,Louis Weisz,OMrUmOTPD_AnSivjxptxpA,4,1,3.7,0,0,0,0,0
2016-08-02,Estonia,EE,Louis Weisz,OMrUmOTPD_AnSivjxptxpA,0,1,0.3,0,0,0,0,0
2016-08-02,United Kingdom,GB,Louis Weisz,OMrUmOTPD_AnSivjxptxpA,3,3,0.9,0,0,1,0,0
2016-08-02,Hong Kong,HK,Louis Weisz,OMrUmOTPD_AnSivjxptxpA,1,1,0.5,0,0,0,0,0
2016-08-02,Indonesia,ID,Louis Weisz,OMrUmOTPD_AnSivjxptxpA,3,5,0.7,0,0,0,0,0
2016-08-02,Morocco,MA,Louis Weisz,OMrUmOTPD_AnSivjxptxpA,0,1,0.1,0,0,0,0,0
2016-08-02,Malaysia,MY,Louis Weisz,OMrUmOTPD_AnSivjxptxpA,3,1,2.7,0,0,1,0,0
2016-08-02,Norway,NO,Louis Weisz,OMrUmOTPD_AnSivjxptxpA,1,1,0.9,0,0,0,0,0
2016-08-02,Peru,PE,Louis Weisz,OMrUmOTPD_AnSivjxptxpA,3,2,1.5,0,0,0,0,0
2016-08-02,Sweden,SE,Louis Weisz,OMrUmOTPD_AnSivjxptxpA,0,1,0.5,0,0,0,0,0
2016-08-02,United States,US,Louis Weisz,OMrUmOTPD_AnSivjxptxpA,27,12,2.2,0,0,0,0,0
2016-08-02,Vietnam,VN,Louis Weisz,OMrUmOTPD_AnSivjxptxpA,5,1,4.6,0,0,0,0,0
2016-08-03,Belgium,BE,Louis Weisz,OMrUmOTPD_AnSivjxptxpA,4,1,3.8,0,0,0,0,0
2016-08-03,Chile,CL,Louis Weisz,OMrUmOTPD_AnSivjxptxpA,0,1,0.1,0,0,0,0,0
2016-08-03,Germany,DE,Louis Weisz,OMrUmOTPD_AnSivjxptxpA,1,1,0.5,0,0,0,0,0
2016-08-03,Finland,FI,Louis Weisz,OMrUmOTPD_AnSivjxptxpA,4,1,3.7,0,0,0,0,0
2016-08-03,France,FR,Louis Weisz,OMrUmOTPD_AnSivjxptxpA,0,1,0.4,0,0,0,0,0
2016-08-03,Hungary,HU,Louis Weisz,OMrUmOTPD_AnSivjxptxpA,0,1,0.2,0,0,0,0,0
2016-08-03,India,IN,Louis Weisz,OMrUmOTPD_AnSivjxptxpA,2,2,0.8,0,0,0,0,0
2016-08-03,Japan,JP,Louis Weisz,OMrUmOTPD_AnSivjxptxpA,0,1,0.1,0,0,0,0,0
2016-08-03,Namibia,NA,Louis Weisz,OMrUmOTPD_AnSivjxptxpA,1,1,0.6,0,1,0,0,0
2016-08-03,Pakistan,PK,Louis Weisz,OMrUmOTPD_AnSivjxptxpA,4,1,4.4,0,0,0,0,0
2016-08-03,Poland,PL,Louis Weisz,OMrUmOTPD_AnSivjxptxpA,1,3,0.3,0,0,0,0,0
2016-08-03,Saudi Arabia,SA,Louis Weisz,OMrUmOTPD_AnSivjxptxpA,0,1,0.3,0,0,0,0,0
2016-08-03,Sweden,SE,Louis Weisz,OMrUmOTPD_AnSivjxptxpA,0,1,0.1,0,0,0,0,0
2016-08-03,Thailand,TH,Louis Weisz,OMrUmOTPD_AnSivjxptxpA,1,2,0.3,0,0,0,0,0
2016-08-03,United States,US,Louis Weisz,OMrUmOTPD_AnSivjxptxpA,5,5,0.9,0,0,0,1,0
2016-08-04,Argentina,AR,Louis Weisz,OMrUmOTPD_AnSivjxptxpA,1,1,0.5,0,0,0,0,0
2016-08-04,Australia,AU,Louis Weisz,OMrUmOTPD_AnSivjxptxpA,4,3,1.3,0,0,0,0,0
2016-08-04,Bangladesh,BD,Louis Weisz,OMrUmOTPD_AnSivjxptxpA,0,1,0.1,0,0,0,0,0
2016-08-04,Germany,DE,Louis Weisz,OMrUmOTPD_AnSivjxptxpA,2,5,0.3,0,0,1,0,0
2016-08-04,Spain,ES,Louis Weisz,OMrUmOTPD_AnSivjxptxpA,0,1,0.1,0,0,0,0,0
2016-08-04,United Kingdom,GB,Louis Weisz,OMrUmOTPD_AnSivjxptxpA,4,4,1.0,0,0,0,0,0
2016-08-04,Indonesia,ID,Louis Weisz,OMrUmOTPD_AnSivjxptxpA,9,2,4.3,0,0,0,0,0
2016-08-04,Israel,IL,Louis Weisz,OMrUmOTPD_AnSivjxptxpA,3,1,3.3,0,0,0,0,0
2016-08-04,Mauritius,MU,Louis Weisz,OMrUmOTPD_AnSivjxptxpA,0,1,0.5,0,0,0,0,0
2016-08-04,Malaysia,MY,Louis Weisz,OMrUmOTPD_AnSivjxptxpA,0,1,0.4,0,0,0,0,0
2016-08-04,Philippines,PH,Louis Weisz,OMrUmOTPD_AnSivjxptxpA,4,1,3.7,0,0,0,0,0
2016-08-04,Saudi Arabia,SA,Louis Weisz,OMrUmOTPD_AnSivjxptxpA,3,1,2.7,0,0,0,0,0
2016-08-04,United States,US,Louis Weisz,OMrUmOTPD_AnSivjxptxpA,35,17,2.1,0,0,0,1,0
2016-08-05,Brunei,BN,Louis Weisz,OMrUmOTPD_AnSivjxptxpA,2,1,2.1,0,0,0,0,0
2016-08-05,Brazil,BR,Louis Weisz,OMrUmOTPD_AnSivjxptxpA,0,1,0.0,0,0,0,0,0
2016-08-05,Germany,DE,Louis Weisz,OMrUmOTPD_AnSivjxptxpA,0,1,0.1,0,0,0,0,0
2016-08-05,Egypt,EG,Louis Weisz,OMrUmOTPD_AnSivjxptxpA,0,1,0.3,0,0,0,0,0
2016-08-05,France,FR,Louis Weisz,OMrUmOTPD_AnSivjxptxpA,0,1,0.1,0,0,0,0,0
2016-08-05,United Kingdom,GB,Louis Weisz,OMrUmOTPD_AnSivjxptxpA,1,1,0.8,0,0,0,0,0
2016-08-05,Indonesia,ID,Louis Weisz,OMrUmOTPD_AnSivjxptxpA,0,1,0.4,0,0,0,0,0
2016-08-05,India,IN,Louis Weisz,OMrUmOTPD_AnSivjxptxpA,1,1,1.0,0,0,0,0,0
2016-08-05,Italy,IT,Louis Weisz,OMrUmOTPD_AnSivjxptxpA,0,2,0.0,0,0,0,0,0
2016-08-05,Lithuania,LT,Louis Weisz,OMrUmOTPD_AnSivjxptxpA,8,2,4.0,0,0,0,0,0
2016-08-05,Mexico,MX,Louis Weisz,OMrUmOTPD_AnSivjxptxpA,0,1,0.0,0,0,0,0,0
2016-08-05,Malaysia,MY,Louis Weisz,OMrUmOTPD_AnSivjxptxpA,5,2,2.6,0,0,1,0,0
2016-08-05,Netherlands,NL,Louis Weisz,OMrUmOTPD_AnSivjxptxpA,2,2,0.8,0,0,0,0,0
2016-08-05,Norway,NO,Louis Weisz,OMrUmOTPD_AnSivjxptxpA,4,1,4.4,0,0,0,0,0
2016-08-05,Peru,PE,Louis Weisz,OMrUmOTPD_AnSivjxptxpA,7,4,1.7,0,0,0,0,0
2016-08-05,Singapore,SG,Louis Weisz,OMrUmOTPD_AnSivjxptxpA,0,1,0.1,0,0,0,0,0
2016-08-05,Ukraine,UA,Louis Weisz,OMrUmOTPD_AnSivjxptxpA,2,1,1.9,0,0,0,0,0
2016-08-05,United States,US,Louis Weisz,OMrUmOTPD_AnSivjxptxpA,60,35,1.7,1,3,0,1,0
2016-08-06,Brazil,BR,Louis Weisz,OMrUmOTPD_AnSivjxptxpA,0,1,0.1,0,0,0,0,0
2016-08-06,Canada,CA,Louis Weisz,OMrUmOTPD_AnSivjxptxpA,0,1,0.0,0,0,0,0,0
2016-08-06,Denmark,DK,Louis Weisz,OMrUmOTPD_AnSivjxptxpA,0,1,0.0,0,0,0,0,0
2016-08-06,Algeria,DZ,Louis Weisz,OMrUmOTPD_AnSivjxptxpA,0,1,0.1,0,0,0,0,0
2016-08-06,Finland,FI,Louis Weisz,OMrUmOTPD_AnSivjxptxpA,1,1,0.6,0,0,0,0,0
2016-08-06,United Kingdom,GB,Louis Weisz,OMrUmOTPD_AnSivjxptxpA,12,9,1.4,0,0,0,0,0
2016-08-06,Greece,GR,Louis Weisz,OMrUmOTPD_AnSivjxptxpA,2,1,1.7,0,0,1,0,0
2016-08-06,Indonesia,ID,Louis Weisz,OMrUmOTPD_AnSivjxptxpA,0,2,0.1,0,0,0,0,0
2016-08-06,Italy,IT,Louis Weisz,OMrUmOTPD_AnSivjxptxpA,1,1,1.0,0,1,0,0,0
2016-08-06,Malaysia,MY,Louis Weisz,OMrUmOTPD_AnSivjxptxpA,0,1,0.0,0,0,0,0,0
2016-08-06,Netherlands,NL,Louis Weisz,OMrUmOTPD_AnSivjxptxpA,0,1,0.3,0,0,0,0,0
2016-08-06,Norway,NO,Louis Weisz,OMrUmOTPD_AnSivjxptxpA,0,1,0.4,0,0,0,0,0
2016-08-06,Philippines,PH,Louis Weisz,OMrUmOTPD_AnSivjxptxpA,2,1,2.5,0,0,0,0,0
2016-08-06,Poland,PL,Louis Weisz,OMrUmOTPD_AnSivjxptxpA,0,1,0.0,0,0,0,0,0
2016-08-06,Romania,RO,Louis Weisz,OMrUmOTPD_AnSivjxptxpA,1,1,1.4,0,0,0,0,0
2016-08-06,Russia,RU,Louis Weisz,OMrUmOTPD_AnSivjxptxpA,1,1,0.5,0,0,0,0,0
2016-08-06,Turkey,TR,Louis Weisz,OMrUmOTPD_AnSivjxptxpA,0,1,0.5,0,0,0,0,0
2016-08-06,United States,US,Louis Weisz,OMrUmOTPD_AnSivjxptxpA,72,47,1.5,0,1,0,0,0
2016-08-06,Vietnam,VN,Louis Weisz,OMrUmOTPD_AnSivjxptxpA,1,1,1.3,0,0,0,0,0
2016-08-07,United Arab Emirates,AE,Louis Weisz,OMrUmOTPD_AnSivjxptxpA,1,1,1.4,0,0,0,0,0
2016-08-07,Belarus,BY,Louis Weisz,OMrUmOTPD_AnSivjxptxpA,1,1,1.0,0,0,0,0,0
2016-08-07,Canada,CA,Louis Weisz,OMrUmOTPD_AnSivjxptxpA,1,2,0.3,0,0,0,0,0
2016-08-07,Switzerland,CH,Louis Weisz,OMrUmOTPD_AnSivjxptxpA,3,2,1.3,0,0,0,0,0
2016-08-07,Chile,CL,Louis Weisz,OMrUmOTPD_AnSivjxptxpA,2,1,1.9,0,0,0,0,0
2016-08-07,Czechia,CZ,Louis Weisz,OMrUmOTPD_AnSivjxptxpA,4,1,3.5,0,0,0,0,0
2016-08-07,Germany,DE,Louis Weisz,OMrUmOTPD_AnSivjxptxpA,2,2,1.0,0,0,0,0,0
2016-08-07,Ecuador,EC,Louis Weisz,OMrUmOTPD_AnSivjxptxpA,0,1,0.3,0,0,0,0,0
2016-08-07,Spain,ES,Louis Weisz,OMrUmOTPD_AnSivjxptxpA,1,1,0.5,0,0,0,0,0
2016-08-07,United Kingdom,GB,Louis Weisz,OMrUmOTPD_AnSivjxptxpA,0,1,0.1,0,0,0,0,0
2016-08-07,Mexico,MX,Louis Weisz,OMrUmOTPD_AnSivjxptxpA,5,1,4.9,0,0,0,0,0
2016-08-07,Sweden,SE,Louis Weisz,OMrUmOTPD_AnSivjxptxpA,1,1,1.2,0,0,0,0,0
2016-08-07,Tunisia,TN,Louis Weisz,OMrUmOTPD_AnSivjxptxpA,0,1,0.2,0,0,0,0,0
2016-08-07,Taiwan,TW,Louis Weisz,OMrUmOTPD_AnSivjxptxpA,0,1,0.2,0,0,0,0,0
2016-08-07,United States,US,Louis Weisz,OMrUmOTPD_AnSivjxptxpA,19,13,1.5,0,0,0,0,0
2016-08-08,United Arab Emirates,AE,Louis Weisz,OMrUmOTPD_AnSivjxptxpA,1,1,1.4,0,0,0,0,0
2016-08-08,Austria,AT,Louis Weisz,OMrUmOTPD_AnSivjxptxpA,1,1,1.3,0,0,0,0,0
2016-08-08,Australia,AU,Louis Weisz,OMrUmOTPD_AnSivjxptxpA,0,1,0.2,0,0,0,0,0
2016-08-08,Canada,CA,Louis Weisz,OMrUmOTPD_AnSivjxptxpA,3,1,2.7,0,0,0,0,0
2016-08-08,Czechia,CZ,Louis Weisz,OMrUmOTPD_AnSivjxptxpA,6,2,2.8,0,0,1,0,0
2016-08-08,Germany,DE,Louis Weisz,OMrUmOTPD_AnSivjxptxpA,0,1,0.3,0,0,0,0,0
2016-08-08,Israel,IL,Louis Weisz,OMrUmOTPD_AnSivjxptxpA,0,1,0.3,0,0,0,0,0
2016-08-08,Italy,IT,Louis Weisz,OMrUmOTPD_AnSivjxptxpA,1,2,0.3,0,0,0,0,0
2016-08-08,Myanmar (Burma),MM,Louis Weisz,OMrUmOTPD_AnSivjxptxpA,4,1,4.4,0,0,0,0,0
2016-08-08,Peru,PE,Louis Weisz,OMrUmOTPD_AnSivjxptxpA,0,1,0.1,0,0,0,0,0
2016-08-08,Poland,PL,Louis Weisz,OMrUmOTPD_AnSivjxptxpA,0,1,0.0,0,0,0,0,0
2016-08-08,Saudi Arabia,SA,Louis Weisz,OMrUmOTPD_AnSivjxptxpA,4,1,4.4,0,0,0,0,0
2016-08-08,United States,US,Louis Weisz,OMrUmOTPD_AnSivjxptxpA,26,12,2.2,0,2,0,0,0
2016-08-08,Vietnam,VN,Louis Weisz,OMrUmOTPD_AnSivjxptxpA,2,1,2.0,0,0,0,0,0
2016-08-09,Canada,CA,Louis Weisz,OMrUmOTPD_AnSivjxptxpA,11,3,3.7,0,0,0,0,0
2016-08-09,Costa Rica,CR,Louis Weisz,OMrUmOTPD_AnSivjxptxpA,3,1,3.4,0,0,0,0,0
2016-08-09,Germany,DE,Louis Weisz,OMrUmOTPD_AnSivjxptxpA,1,1,1.2,0,0,0,0,0
2016-08-09,Dominican Republic,DO,Louis Weisz,OMrUmOTPD_AnSivjxptxpA,0,2,0.2,0,0,0,0,0
2016-08-09,Egypt,EG,Louis Weisz,OMrUmOTPD_AnSivjxptxpA,1,1,0.5,0,0,0,0,0
2016-08-09,Finland,FI,Louis Weisz,OMrUmOTPD_AnSivjxptxpA,1,2,0.3,0,0,0,0,0
2016-08-09,France,FR,Louis Weisz,OMrUmOTPD_AnSivjxptxpA,0,1,0.1,0,0,0,0,0
2016-08-09,Indonesia,ID,Louis Weisz,OMrUmOTPD_AnSivjxptxpA,1,2,0.5,0,0,0,0,0
2016-08-09,Israel,IL,Louis Weisz,OMrUmOTPD_AnSivjxptxpA,0,2,0.1,0,0,0,0,0
2016-08-09,Japan,JP,Louis Weisz,OMrUmOTPD_AnSivjxptxpA,3,1,2.5,0,0,0,0,0
2016-08-09,Morocco,MA,Louis Weisz,OMrUmOTPD_AnSivjxptxpA,1,1,0.9,0,0,0,0,0
2016-08-09,Mexico,MX,Louis Weisz,OMrUmOTPD_AnSivjxptxpA,5,1,4.7,0,0,0,0,0
2016-08-09,Netherlands,NL,Louis Weisz,OMrUmOTPD_AnSivjxptxpA,2,1,1.9,0,0,0,0,0
2016-08-09,Portugal,PT,Louis Weisz,OMrUmOTPD_AnSivjxptxpA,0,1,0.1,0,0,0,0,0
2016-08-09,Saudi Arabia,SA,Louis Weisz,OMrUmOTPD_AnSivjxptxpA,1,1,0.9,0,0,0,0,0
2016-08-09,Thailand,TH,Louis Weisz,OMrUmOTPD_AnSivjxptxpA,0,1,0.3,0,0,0,0,0
2016-08-09,Turkey,TR,Louis Weisz,OMrUmOTPD_AnSivjxptxpA,1,1,0.7,0,0,0,0,0
2016-08-09,United States,US,Louis Weisz,OMrUmOTPD_AnSivjxptxpA,12,8,1.5,0,0,0,1,0
2016-08-09,Unknown Region,ZZ,Louis Weisz,OMrUmOTPD_AnSivjxptxpA,0,1,0.3,0,0,0,0,0
2016-08-10,Australia,AU,Louis Weisz,OMrUmOTPD_AnSivjxptxpA,3,2,1.6,0,0,0,0,0
2016-08-10,Canada,CA,Louis Weisz,OMrUmOTPD_AnSivjxptxpA,8,2,3.8,0,0,0,0,0
2016-08-10,Denmark,DK,Louis Weisz,OMrUmOTPD_AnSivjxptxpA,8,2,4.0,0,0,1,0,0
2016-08-10,United Kingdom,GB,Louis Weisz,OMrUmOTPD_AnSivjxptxpA,1,2,0.6,0,0,0,0,0
2016-08-10,Guatemala,GT,Louis Weisz,OMrUmOTPD_AnSivjxptxpA,0,1,0.1,0,0,0,0,0
2016-08-10,Morocco,MA,Louis Weisz,OMrUmOTPD_AnSivjxptxpA,2,1,2.1,0,0,0,0,0
2016-08-10,Pakistan,PK,Louis Weisz,OMrUmOTPD_AnSivjxptxpA,1,1,0.7,0,0,0,0,0
2016-08-10,Portugal,PT,Louis Weisz,OMrUmOTPD_AnSivjxptxpA,2,1,1.7,0,0,0,0,0
2016-08-10,Romania,RO,Louis Weisz,OMrUmOTPD_AnSivjxptxpA,1,1,1.0,0,0,0,0,0
2016-08-10,United States,US,Louis Weisz,OMrUmOTPD_AnSivjxptxpA,26,12,2.1,0,0,0,0,0
2016-08-10,Vanuatu,VU,Louis Weisz,OMrUmOTPD_AnSivjxptxpA,1,1,0.6,0,0,0,0,0
2016-08-11,Finland,FI,Louis Weisz,OMrUmOTPD_AnSivjxptxpA,0,1,0.1,0,0,0,0,0
2016-08-11,France,FR,Louis Weisz,OMrUmOTPD_AnSivjxptxpA,1,1,0.5,0,0,0,0,0
2016-08-11,United Kingdom,GB,Louis Weisz,OMrUmOTPD_AnSivjxptxpA,4,2,1.9,0,0,0,0,0
2016-08-11,Hungary,HU,Louis Weisz,OMrUmOTPD_AnSivjxptxpA,0,1,0.4,0,0,0,0,0
2016-08-11,Indonesia,ID,Louis Weisz,OMrUmOTPD_AnSivjxptxpA,4,1,4.1,0,0,0,0,0
2016-08-11,Israel,IL,Louis Weisz,OMrUmOTPD_AnSivjxptxpA,0,1,0.3,0,0,0,0,0
2016-08-11,Italy,IT,Louis Weisz,OMrUmOTPD_AnSivjxptxpA,0,1,0.1,0,0,0,0,0
2016-08-11,Lithuania,LT,Louis Weisz,OMrUmOTPD_AnSivjxptxpA,1,1,1.1,0,0,0,0,0
2016-08-11,Netherlands,NL,Louis Weisz,OMrUmOTPD_AnSivjxptxpA,4,1,3.7,0,0,0,0,0
2016-08-11,Peru,PE,Louis Weisz,OMrUmOTPD_AnSivjxptxpA,0,1,0.0,0,0,0,0,0
2016-08-11,Philippines,PH,Louis Weisz,OMrUmOTPD_AnSivjxptxpA,0,1,0.3,0,0,0,0,0
2016-08-11,Poland,PL,Louis Weisz,OMrUmOTPD_AnSivjxptxpA,0,1,0.1,0,0,0,0,0
2016-08-11,Romania,RO,Louis Weisz,OMrUmOTPD_AnSivjxptxpA,2,1,2.2,0,0,0,0,0
2016-08-11,Serbia,RS,Louis Weisz,OMrUmOTPD_AnSivjxptxpA,4,1,4.4,0,0,0,0,0
2016-08-11,Saudi Arabia,SA,Louis Weisz,OMrUmOTPD_AnSivjxptxpA,1,1,0.8,0,0,0,0,0
2016-08-11,Sweden,SE,Louis Weisz,OMrUmOTPD_AnSivjxptxpA,2,1,1.5,0,0,0,0,0
2016-08-11,United States,US,Louis Weisz,OMrUmOTPD_AnSivjxptxpA,46,24,1.9,0,0,0,0,0
2016-08-12,Canada,CA,Louis Weisz,OMrUmOTPD_AnSivjxptxpA,3,1,3.3,0,0,0,0,0
2016-08-12,Chile,CL,Louis Weisz,OMrUmOTPD_AnSivjxptxpA,4,1,3.7,0,0,0,0,0
2016-08-12,France,FR,Louis Weisz,OMrUmOTPD_AnSivjxptxpA,3,1,3.0,0,0,0,0,0
2016-08-12,United Kingdom,GB,Louis Weisz,OMrUmOTPD_AnSivjxptxpA,2,5,0.4,0,0,0,0,0
2016-08-12,Hungary,HU,Louis Weisz,OMrUmOTPD_AnSivjxptxpA,0,1,0.1,0,0,0,0,0
2016-08-12,Indonesia,ID,Louis Weisz,OMrUmOTPD_AnSivjxptxpA,2,1,1.8,0,0,0,0,0
2016-08-12,Norway,NO,Louis Weisz,OMrUmOTPD_AnSivjxptxpA,1,3,0.4,0,0,0,0,0
2016-08-12,Sweden,SE,Louis Weisz,OMrUmOTPD_AnSivjxptxpA,0,1,0.0,0,0,0,0,0
2016-08-12,Taiwan,TW,Louis Weisz,OMrUmOTPD_AnSivjxptxpA,0,1,0.2,0,0,0,0,0
2016-08-12,United States,US,Louis Weisz,OMrUmOTPD_AnSivjxptxpA,6,9,0.7,0,0,0,0,0
2016-08-13,Australia,AU,Louis Weisz,OMrUmOTPD_AnSivjxptxpA,1,2,0.5,0,0,0,0,0
2016-08-13,Canada,CA,Louis Weisz,OMrUmOTPD_AnSivjxptxpA,8,1,8.0,0,0,0,0,0
2016-08-13,Czechia,CZ,Louis Weisz,OMrUmOTPD_AnSivjxptxpA,1,1,1.4,0,0,0,0,0
2016-08-13,Finland,FI,Louis Weisz,OMrUmOTPD_AnSivjxptxpA,4,1,3.9,0,0,0,0,0
2016-08-13,United Kingdom,GB,Louis Weisz,OMrUmOTPD_AnSivjxptxpA,1,4,0.4,0,0,0,0,0
2016-08-13,Indonesia,ID,Louis Weisz,OMrUmOTPD_AnSivjxptxpA,3,2,1.7,0,0,0,0,0
2016-08-13,Japan,JP,Louis Weisz,OMrUmOTPD_AnSivjxptxpA,4,1,3.6,0,0,0,0,0
2016-08-13,Malaysia,MY,Louis Weisz,OMrUmOTPD_AnSivjxptxpA,5,2,2.4,0,0,0,0,0
2016-08-13,Sweden,SE,Louis Weisz,OMrUmOTPD_AnSivjxptxpA,2,1,1.9,0,0,1,0,0
2016-08-13,United States,US,Louis Weisz,OMrUmOTPD_AnSivjxptxpA,24,14,1.7,0,0,0,0,0
2016-08-13,South Africa,ZA,Louis Weisz,OMrUmOTPD_AnSivjxptxpA,4,1,4.4,1,0,0,0,0
