date,country_name,country_id,playback_location,channel_display_name,channel_id,watch_time_minutes,views,average_view_duration
2016-10-13,Canada,CA,YouTube watch page,Louis Weisz,OMrUmOTPD_AnSivjxptxpA,57,9,6.3
2016-10-13,Germany,DE,YouTube watch page,Louis Weisz,OMrUmOTPD_AnSivjxptxpA,2,1,1.7
2016-10-13,Finland,FI,YouTube watch page,Louis Weisz,OMrUmOTPD_AnSivjxptxpA,4,1,3.7
2016-10-13,Lithuania,LT,YouTube watch page,Louis Weisz,OMrUmOTPD_AnSivjxptxpA,2,1,1.8
2016-10-13,Macedonia (FYROM),MK,YouTube watch page,Louis Weisz,OMrUmOTPD_AnSivjxptxpA,1,1,0.9
2016-10-13,Serbia,RS,YouTube watch page,Louis Weisz,OMrUmOTPD_AnSivjxptxpA,2,1,2.2
2016-10-13,United States,US,YouTube watch page,Louis Weisz,OMrUmOTPD_AnSivjxptxpA,29,18,1.6
2016-10-13,United States,US,YouTube channel page,Louis Weisz,OMrUmOTPD_AnSivjxptxpA,0,1,0.4
2016-10-14,United Arab Emirates,AE,YouTube watch page,Louis Weisz,OMrUmOTPD_AnSivjxptxpA,8,1,7.7
2016-10-14,Australia,AU,YouTube watch page,Louis Weisz,OMrUmOTPD_AnSivjxptxpA,0,1,0.3
2016-10-14,Canada,CA,YouTube watch page,Louis Weisz,OMrUmOTPD_AnSivjxptxpA,11,2,5.3
2016-10-14,Czechia,CZ,YouTube watch page,Louis Weisz,OMrUmOTPD_AnSivjxptxpA,4,1,3.8
2016-10-14,Spain,ES,YouTube watch page,Louis Weisz,OMrUmOTPD_AnSivjxptxpA,4,1,4.1
2016-10-14,France,FR,YouTube watch page,Louis Weisz,OMrUmOTPD_AnSivjxptxpA,0,1,0.1
2016-10-14,United Kingdom,GB,YouTube watch page,Louis Weisz,OMrUmOTPD_AnSivjxptxpA,4,2,1.9
2016-10-14,Hungary,HU,YouTube watch page,Louis Weisz,OMrUmOTPD_AnSivjxptxpA,0,1,0.1
2016-10-14,Indonesia,ID,YouTube watch page,Louis Weisz,OMrUmOTPD_AnSivjxptxpA,7,4,1.8
2016-10-14,India,IN,YouTube watch page,Louis Weisz,OMrUmOTPD_AnSivjxptxpA,1,1,0.8
2016-10-14,Norway,NO,YouTube watch page,Louis Weisz,OMrUmOTPD_AnSivjxptxpA,1,1,0.6
2016-10-14,Portugal,PT,YouTube watch page,Louis Weisz,OMrUmOTPD_AnSivjxptxpA,3,1,3.3
2016-10-14,Romania,RO,YouTube watch page,Louis Weisz,OMrUmOTPD_AnSivjxptxpA,4,1,4.4
2016-10-14,United States,US,YouTube watch page,Louis Weisz,OMrUmOTPD_AnSivjxptxpA,23,13,1.8
2016-10-15,United Arab Emirates,AE,YouTube watch page,Louis Weisz,OMrUmOTPD_AnSivjxptxpA,3,1,2.9
2016-10-15,Australia,AU,YouTube watch page,Louis Weisz,OMrUmOTPD_AnSivjxptxpA,1,1,1.5
2016-10-15,Canada,CA,YouTube watch page,Louis Weisz,OMrUmOTPD_AnSivjxptxpA,4,2,2.0
2016-10-15,Germany,DE,YouTube watch page,Louis Weisz,OMrUmOTPD_AnSivjxptxpA,4,2,2.0
2016-10-15,Indonesia,ID,YouTube watch page,Louis Weisz,OMrUmOTPD_AnSivjxptxpA,3,2,1.3
2016-10-15,Japan,JP,YouTube watch page,Louis Weisz,OMrUmOTPD_AnSivjxptxpA,4,1,3.8
2016-10-15,Netherlands,NL,YouTube watch page,Louis Weisz,OMrUmOTPD_AnSivjxptxpA,4,1,3.7
2016-10-15,Poland,PL,YouTube watch page,Louis Weisz,OMrUmOTPD_AnSivjxptxpA,0,2,0.1
2016-10-15,Romania,RO,YouTube watch page,Louis Weisz,OMrUmOTPD_AnSivjxptxpA,1,1,1.2
2016-10-15,United States,US,YouTube watch page,Louis Weisz,OMrUmOTPD_AnSivjxptxpA,28,12,2.3
2016-10-15,United States,US,YouTube channel page,Louis Weisz,OMrUmOTPD_AnSivjxptxpA,1,1,1.1
2016-10-16,United Arab Emirates,AE,YouTube watch page,Louis Weisz,OMrUmOTPD_AnSivjxptxpA,3,1,3.5
2016-10-16,Canada,CA,YouTube watch page,Louis Weisz,OMrUmOTPD_AnSivjxptxpA,9,2,4.4
2016-10-16,Germany,DE,YouTube watch page,Louis Weisz,OMrUmOTPD_AnSivjxptxpA,4,2,1.8
2016-10-16,Hong Kong,HK,YouTube watch page,Louis Weisz,OMrUmOTPD_AnSivjxptxpA,3,1,2.8
2016-10-16,Mexico,MX,YouTube watch page,Louis Weisz,OMrUmOTPD_AnSivjxptxpA,2,1,2.1
2016-10-16,New Zealand,NZ,YouTube watch page,Louis Weisz,OMrUmOTPD_AnSivjxptxpA,1,1,1.0
2016-10-16,Peru,PE,YouTube watch page,Louis Weisz,OMrUmOTPD_AnSivjxptxpA,0,1,0.3
2016-10-16,Philippines,PH,YouTube watch page,Louis Weisz,OMrUmOTPD_AnSivjxptxpA,2,3,0.8
2016-10-16,Saudi Arabia,SA,YouTube watch page,Louis Weisz,OMrUmOTPD_AnSivjxptxpA,0,1,0.1
2016-10-16,Sweden,SE,YouTube watch page,Louis Weisz,OMrUmOTPD_AnSivjxptxpA,4,1,3.6
2016-10-16,Thailand,TH,YouTube watch page,Louis Weisz,OMrUmOTPD_AnSivjxptxpA,2,1,2.5
2016-10-16,United States,US,YouTube watch page,Louis Weisz,OMrUmOTPD_AnSivjxptxpA,11,7,1.6
2016-10-16,South Africa,ZA,YouTube watch page,Louis Weisz,OMrUmOTPD_AnSivjxptxpA,0,1,0.4
2016-10-17,United Arab Emirates,AE,YouTube watch page,Louis Weisz,OMrUmOTPD_AnSivjxptxpA,3,1,3.1
2016-10-17,Australia,AU,YouTube watch page,Louis Weisz,OMrUmOTPD_AnSivjxptxpA,4,1,4.5
2016-10-17,Canada,CA,YouTube watch page,Louis Weisz,OMrUmOTPD_AnSivjxptxpA,5,5,1.1
2016-10-17,Germany,DE,YouTube watch page,Louis Weisz,OMrUmOTPD_AnSivjxptxpA,0,1,0.2
2016-10-17,Spain,ES,YouTube watch page,Louis Weisz,OMrUmOTPD_AnSivjxptxpA,0,1,0.1
2016-10-17,United Kingdom,GB,YouTube watch page,Louis Weisz,OMrUmOTPD_AnSivjxptxpA,4,2,1.9
2016-10-17,Japan,JP,YouTube watch page,Louis Weisz,OMrUmOTPD_AnSivjxptxpA,0,1,0.5
2016-10-17,Sweden,SE,YouTube watch page,Louis Weisz,OMrUmOTPD_AnSivjxptxpA,0,1,0.1
2016-10-17,United States,US,YouTube watch page,Louis Weisz,OMrUmOTPD_AnSivjxptxpA,11,7,1.6
2016-10-18,United Arab Emirates,AE,YouTube watch page,Louis Weisz,OMrUmOTPD_AnSivjxptxpA,4,2,1.8
2016-10-18,Brazil,BR,YouTube watch page,Louis Weisz,OMrUmOTPD_AnSivjxptxpA,2,2,0.9
2016-10-18,Canada,CA,YouTube watch page,Louis Weisz,OMrUmOTPD_AnSivjxptxpA,20,4,5.0
2016-10-18,Germany,DE,YouTube watch page,Louis Weisz,OMrUmOTPD_AnSivjxptxpA,2,1,1.8
2016-10-18,United Kingdom,GB,YouTube watch page,Louis Weisz,OMrUmOTPD_AnSivjxptxpA,2,2,1.2
2016-10-18,Indonesia,ID,YouTube watch page,Louis Weisz,OMrUmOTPD_AnSivjxptxpA,4,1,4.4
2016-10-18,Ireland,IE,YouTube watch page,Louis Weisz,OMrUmOTPD_AnSivjxptxpA,4,1,3.9
2016-10-18,India,IN,YouTube watch page,Louis Weisz,OMrUmOTPD_AnSivjxptxpA,4,1,3.5
2016-10-18,Italy,IT,YouTube watch page,Louis Weisz,OMrUmOTPD_AnSivjxptxpA,3,1,2.5
2016-10-18,Japan,JP,YouTube watch page,Louis Weisz,OMrUmOTPD_AnSivjxptxpA,1,1,1.0
2016-10-18,Netherlands,NL,YouTube watch page,Louis Weisz,OMrUmOTPD_AnSivjxptxpA,1,1,1.4
2016-10-18,Norway,NO,YouTube watch page,Louis Weisz,OMrUmOTPD_AnSivjxptxpA,6,1,6.3
2016-10-18,Peru,PE,YouTube watch page,Louis Weisz,OMrUmOTPD_AnSivjxptxpA,5,2,2.4
2016-10-18,Romania,RO,YouTube watch page,Louis Weisz,OMrUmOTPD_AnSivjxptxpA,2,1,2.2
2016-10-18,United States,US,YouTube watch page,Louis Weisz,OMrUmOTPD_AnSivjxptxpA,16,9,1.8
2016-10-19,Brazil,BR,YouTube watch page,Louis Weisz,OMrUmOTPD_AnSivjxptxpA,3,1,3.4
2016-10-19,Canada,CA,YouTube watch page,Louis Weisz,OMrUmOTPD_AnSivjxptxpA,14,5,2.8
2016-10-19,United Kingdom,GB,YouTube watch page,Louis Weisz,OMrUmOTPD_AnSivjxptxpA,2,2,0.9
2016-10-19,Greece,GR,YouTube watch page,Louis Weisz,OMrUmOTPD_AnSivjxptxpA,4,1,3.7
2016-10-19,Hungary,HU,YouTube watch page,Louis Weisz,OMrUmOTPD_AnSivjxptxpA,2,1,2.3
2016-10-19,Indonesia,ID,YouTube watch page,Louis Weisz,OMrUmOTPD_AnSivjxptxpA,3,1,3.1
2016-10-19,Lithuania,LT,YouTube watch page,Louis Weisz,OMrUmOTPD_AnSivjxptxpA,3,1,2.9
2016-10-19,Malaysia,MY,YouTube watch page,Louis Weisz,OMrUmOTPD_AnSivjxptxpA,2,1,2.1
2016-10-19,Netherlands,NL,YouTube watch page,Louis Weisz,OMrUmOTPD_AnSivjxptxpA,6,4,1.5
2016-10-19,Philippines,PH,YouTube watch page,Louis Weisz,OMrUmOTPD_AnSivjxptxpA,2,1,1.6
2016-10-19,Singapore,SG,YouTube watch page,Louis Weisz,OMrUmOTPD_AnSivjxptxpA,2,1,1.7
2016-10-19,United States,US,YouTube watch page,Louis Weisz,OMrUmOTPD_AnSivjxptxpA,10,4,2.5
2016-10-19,United States,US,YouTube channel page,Louis Weisz,OMrUmOTPD_AnSivjxptxpA,3,1,3.3
2016-10-20,United Arab Emirates,AE,YouTube watch page,Louis Weisz,OMrUmOTPD_AnSivjxptxpA,1,1,1.4
2016-10-20,Australia,AU,YouTube watch page,Louis Weisz,OMrUmOTPD_AnSivjxptxpA,1,1,1.1
2016-10-20,Chile,CL,YouTube watch page,Louis Weisz,OMrUmOTPD_AnSivjxptxpA,0,2,0.2
2016-10-20,Germany,DE,YouTube watch page,Louis Weisz,OMrUmOTPD_AnSivjxptxpA,4,2,2.2
2016-10-20,Finland,FI,YouTube watch page,Louis Weisz,OMrUmOTPD_AnSivjxptxpA,4,1,4.4
2016-10-20,United Kingdom,GB,YouTube watch page,Louis Weisz,OMrUmOTPD_AnSivjxptxpA,4,1,4.4
2016-10-20,Indonesia,ID,YouTube watch page,Louis Weisz,OMrUmOTPD_AnSivjxptxpA,3,2,1.3
2016-10-20,Malaysia,MY,YouTube watch page,Louis Weisz,OMrUmOTPD_AnSivjxptxpA,2,3,0.6
2016-10-20,Slovakia,SK,YouTube watch page,Louis Weisz,OMrUmOTPD_AnSivjxptxpA,0,1,0.5
2016-10-20,United States,US,YouTube watch page,Louis Weisz,OMrUmOTPD_AnSivjxptxpA,22,10,2.2
2016-10-20,United States,US,YouTube channel page,Louis Weisz,OMrUmOTPD_AnSivjxptxpA,1,1,1.2
2016-10-21,United Arab Emirates,AE,YouTube watch page,Louis Weisz,OMrUmOTPD_AnSivjxptxpA,9,2,4.3
2016-10-21,Canada,CA,YouTube watch page,Louis Weisz,OMrUmOTPD_AnSivjxptxpA,8,3,2.5
2016-10-21,Germany,DE,YouTube watch page,Louis Weisz,OMrUmOTPD_AnSivjxptxpA,4,1,4.5
2016-10-21,Finland,FI,YouTube watch page,Louis Weisz,OMrUmOTPD_AnSivjxptxpA,0,1,0.1
2016-10-21,Indonesia,ID,YouTube watch page,Louis Weisz,OMrUmOTPD_AnSivjxptxpA,2,1,2.1
2016-10-21,Portugal,PT,YouTube watch page,Louis Weisz,OMrUmOTPD_AnSivjxptxpA,1,1,0.8
2016-10-21,Sweden,SE,YouTube watch page,Louis Weisz,OMrUmOTPD_AnSivjxptxpA,1,1,0.7
2016-10-21,United States,US,YouTube watch page,Louis Weisz,OMrUmOTPD_AnSivjxptxpA,12,17,0.7
2016-10-21,United States,US,YouTube channel page,Louis Weisz,OMrUmOTPD_AnSivjxptxpA,6,2,3.1
2016-10-22,Australia,AU,YouTube watch page,Louis Weisz,OMrUmOTPD_AnSivjxptxpA,1,1,1.0
2016-10-22,Brazil,BR,YouTube watch page,Louis Weisz,OMrUmOTPD_AnSivjxptxpA,0,1,0.1
2016-10-22,Canada,CA,YouTube watch page,Louis Weisz,OMrUmOTPD_AnSivjxptxpA,1,1,1.0
2016-10-22,Germany,DE,YouTube watch page,Louis Weisz,OMrUmOTPD_AnSivjxptxpA,7,2,3.7
2016-10-22,Denmark,DK,YouTube watch page,Louis Weisz,OMrUmOTPD_AnSivjxptxpA,4,2,2.1
2016-10-22,United Kingdom,GB,YouTube watch page,Louis Weisz,OMrUmOTPD_AnSivjxptxpA,2,1,2.0
2016-10-22,Mexico,MX,YouTube watch page,Louis Weisz,OMrUmOTPD_AnSivjxptxpA,0,1,0.1
2016-10-22,Netherlands,NL,YouTube watch page,Louis Weisz,OMrUmOTPD_AnSivjxptxpA,2,1,1.6
2016-10-22,Peru,PE,YouTube watch page,Louis Weisz,OMrUmOTPD_AnSivjxptxpA,1,1,0.9
2016-10-22,Turkey,TR,YouTube watch page,Louis Weisz,OMrUmOTPD_AnSivjxptxpA,0,1,0.2
2016-10-22,Turkey,TR,YouTube channel page,Louis Weisz,OMrUmOTPD_AnSivjxptxpA,5,1,5.0
2016-10-22,United States,US,YouTube watch page,Louis Weisz,OMrUmOTPD_AnSivjxptxpA,9,7,1.3
2016-10-23,Australia,AU,YouTube watch page,Louis Weisz,OMrUmOTPD_AnSivjxptxpA,4,1,4.0
2016-10-23,Canada,CA,YouTube watch page,Louis Weisz,OMrUmOTPD_AnSivjxptxpA,4,1,3.7
2016-10-23,Germany,DE,YouTube watch page,Louis Weisz,OMrUmOTPD_AnSivjxptxpA,9,5,1.8
2016-10-23,United Kingdom,GB,YouTube watch page,Louis Weisz,OMrUmOTPD_AnSivjxptxpA,3,1,3.0
2016-10-23,Netherlands,NL,YouTube watch page,Louis Weisz,OMrUmOTPD_AnSivjxptxpA,1,1,1.0
2016-10-23,Saudi Arabia,SA,YouTube watch page,Louis Weisz,OMrUmOTPD_AnSivjxptxpA,1,1,0.7
2016-10-23,Singapore,SG,YouTube watch page,Louis Weisz,OMrUmOTPD_AnSivjxptxpA,2,1,2.1
2016-10-23,Turkey,TR,YouTube watch page,Louis Weisz,OMrUmOTPD_AnSivjxptxpA,0,1,0.1
2016-10-23,United States,US,YouTube watch page,Louis Weisz,OMrUmOTPD_AnSivjxptxpA,40,23,1.7
2016-10-23,United States,US,YouTube channel page,Louis Weisz,OMrUmOTPD_AnSivjxptxpA,2,3,0.8
2016-10-24,United Arab Emirates,AE,YouTube watch page,Louis Weisz,OMrUmOTPD_AnSivjxptxpA,9,2,4.3
2016-10-24,Australia,AU,YouTube watch page,Louis Weisz,OMrUmOTPD_AnSivjxptxpA,0,1,0.5
2016-10-24,Chile,CL,YouTube watch page,Louis Weisz,OMrUmOTPD_AnSivjxptxpA,0,1,0.3
2016-10-24,Germany,DE,YouTube watch page,Louis Weisz,OMrUmOTPD_AnSivjxptxpA,11,5,2.2
2016-10-24,United Kingdom,GB,YouTube watch page,Louis Weisz,OMrUmOTPD_AnSivjxptxpA,2,1,1.9
2016-10-24,Greece,GR,YouTube watch page,Louis Weisz,OMrUmOTPD_AnSivjxptxpA,0,1,0.2
2016-10-24,Italy,IT,YouTube watch page,Louis Weisz,OMrUmOTPD_AnSivjxptxpA,1,1,0.7
2016-10-24,Latvia,LV,YouTube watch page,Louis Weisz,OMrUmOTPD_AnSivjxptxpA,1,1,0.5
2016-10-24,Macedonia (FYROM),MK,YouTube watch page,Louis Weisz,OMrUmOTPD_AnSivjxptxpA,1,1,0.6
2016-10-24,Malaysia,MY,YouTube watch page,Louis Weisz,OMrUmOTPD_AnSivjxptxpA,2,1,1.6
2016-10-24,Philippines,PH,YouTube watch page,Louis Weisz,OMrUmOTPD_AnSivjxptxpA,0,1,0.1
2016-10-24,Turkey,TR,YouTube watch page,Louis Weisz,OMrUmOTPD_AnSivjxptxpA,0,1,0.1
2016-10-24,Ukraine,UA,YouTube watch page,Louis Weisz,OMrUmOTPD_AnSivjxptxpA,2,1,1.9
2016-10-24,United States,US,YouTube watch page,Louis Weisz,OMrUmOTPD_AnSivjxptxpA,15,9,1.7
2016-10-25,United Arab Emirates,AE,YouTube watch page,Louis Weisz,OMrUmOTPD_AnSivjxptxpA,129,3,43.0
2016-10-25,Argentina,AR,YouTube watch page,Louis Weisz,OMrUmOTPD_AnSivjxptxpA,0,1,0.0
2016-10-25,Germany,DE,YouTube watch page,Louis Weisz,OMrUmOTPD_AnSivjxptxpA,3,2,1.6
2016-10-25,Denmark,DK,YouTube watch page,Louis Weisz,OMrUmOTPD_AnSivjxptxpA,2,1,1.7
2016-10-25,Lithuania,LT,YouTube watch page,Louis Weisz,OMrUmOTPD_AnSivjxptxpA,1,1,0.9
2016-10-25,Mauritania,MR,YouTube watch page,Louis Weisz,OMrUmOTPD_AnSivjxptxpA,2,1,1.6
2016-10-25,Malaysia,MY,YouTube watch page,Louis Weisz,OMrUmOTPD_AnSivjxptxpA,1,1,0.9
2016-10-25,United States,US,YouTube watch page,Louis Weisz,OMrUmOTPD_AnSivjxptxpA,13,7,1.9
2016-10-25,Vietnam,VN,YouTube watch page,Louis Weisz,OMrUmOTPD_AnSivjxptxpA,0,1,0.4
2016-10-26,United Arab Emirates,AE,YouTube watch page,Louis Weisz,OMrUmOTPD_AnSivjxptxpA,2,1,2.3
2016-10-26,Austria,AT,YouTube watch page,Louis Weisz,OMrUmOTPD_AnSivjxptxpA,0,1,0.5
2016-10-26,Australia,AU,YouTube watch page,Louis Weisz,OMrUmOTPD_AnSivjxptxpA,4,2,1.9
2016-10-26,Canada,CA,YouTube watch page,Louis Weisz,OMrUmOTPD_AnSivjxptxpA,6,2,3.1
2016-10-26,Germany,DE,YouTube watch page,Louis Weisz,OMrUmOTPD_AnSivjxptxpA,1,1,0.6
2016-10-26,Denmark,DK,YouTube watch page,Louis Weisz,OMrUmOTPD_AnSivjxptxpA,1,1,0.9
2016-10-26,Spain,ES,YouTube watch page,Louis Weisz,OMrUmOTPD_AnSivjxptxpA,0,1,0.3
2016-10-26,United Kingdom,GB,YouTube watch page,Louis Weisz,OMrUmOTPD_AnSivjxptxpA,6,1,6.3
2016-10-26,Guam,GU,YouTube watch page,Louis Weisz,OMrUmOTPD_AnSivjxptxpA,2,1,1.9
2016-10-26,Hong Kong,HK,YouTube watch page,Louis Weisz,OMrUmOTPD_AnSivjxptxpA,3,1,3.3
2016-10-26,Indonesia,ID,YouTube watch page,Louis Weisz,OMrUmOTPD_AnSivjxptxpA,2,1,1.9
2016-10-26,Italy,IT,YouTube watch page,Louis Weisz,OMrUmOTPD_AnSivjxptxpA,2,2,1.2
2016-10-26,Netherlands,NL,YouTube watch page,Louis Weisz,OMrUmOTPD_AnSivjxptxpA,1,1,1.0
2016-10-26,Philippines,PH,YouTube watch page,Louis Weisz,OMrUmOTPD_AnSivjxptxpA,2,1,1.7
2016-10-26,Poland,PL,YouTube watch page,Louis Weisz,OMrUmOTPD_AnSivjxptxpA,1,2,0.5
2016-10-26,Portugal,PT,YouTube watch page,Louis Weisz,OMrUmOTPD_AnSivjxptxpA,1,2,0.7
2016-10-26,Sweden,SE,YouTube watch page,Louis Weisz,OMrUmOTPD_AnSivjxptxpA,7,2,3.6
2016-10-26,United States,US,YouTube watch page,Louis Weisz,OMrUmOTPD_AnSivjxptxpA,11,8,1.4
2016-10-27,United Arab Emirates,AE,YouTube watch page,Louis Weisz,OMrUmOTPD_AnSivjxptxpA,47,3,15.5
2016-10-27,Argentina,AR,YouTube watch page,Louis Weisz,OMrUmOTPD_AnSivjxptxpA,0,1,0.0
2016-10-27,Bangladesh,BD,YouTube watch page,Louis Weisz,OMrUmOTPD_AnSivjxptxpA,4,1,4.1
2016-10-27,Belgium,BE,YouTube watch page,Louis Weisz,OMrUmOTPD_AnSivjxptxpA,1,1,1.3
2016-10-27,Canada,CA,YouTube watch page,Louis Weisz,OMrUmOTPD_AnSivjxptxpA,3,1,3.4
2016-10-27,Chile,CL,YouTube watch page,Louis Weisz,OMrUmOTPD_AnSivjxptxpA,0,1,0.4
2016-10-27,Czechia,CZ,YouTube watch page,Louis Weisz,OMrUmOTPD_AnSivjxptxpA,0,1,0.2
2016-10-27,Germany,DE,YouTube watch page,Louis Weisz,OMrUmOTPD_AnSivjxptxpA,4,1,3.7
2016-10-27,Spain,ES,YouTube watch page,Louis Weisz,OMrUmOTPD_AnSivjxptxpA,0,1,0.2
2016-10-27,United Kingdom,GB,YouTube watch page,Louis Weisz,OMrUmOTPD_AnSivjxptxpA,5,2,2.3
2016-10-27,Indonesia,ID,YouTube watch page,Louis Weisz,OMrUmOTPD_AnSivjxptxpA,2,1,2.4
2016-10-27,Israel,IL,YouTube watch page,Louis Weisz,OMrUmOTPD_AnSivjxptxpA,4,1,3.7
2016-10-27,Macau,MO,YouTube watch page,Louis Weisz,OMrUmOTPD_AnSivjxptxpA,0,1,0.3
2016-10-27,Malaysia,MY,YouTube watch page,Louis Weisz,OMrUmOTPD_AnSivjxptxpA,0,1,0.1
2016-10-27,Turkey,TR,YouTube watch page,Louis Weisz,OMrUmOTPD_AnSivjxptxpA,1,1,0.9
2016-10-27,United States,US,YouTube watch page,Louis Weisz,OMrUmOTPD_AnSivjxptxpA,42,24,1.7
2016-10-28,Canada,CA,YouTube watch page,Louis Weisz,OMrUmOTPD_AnSivjxptxpA,0,1,0.2
2016-10-28,Germany,DE,YouTube watch page,Louis Weisz,OMrUmOTPD_AnSivjxptxpA,3,1,2.7
2016-10-28,United Kingdom,GB,YouTube watch page,Louis Weisz,OMrUmOTPD_AnSivjxptxpA,3,1,3.0
2016-10-28,Indonesia,ID,YouTube watch page,Louis Weisz,OMrUmOTPD_AnSivjxptxpA,1,1,1.4
2016-10-28,Israel,IL,YouTube watch page,Louis Weisz,OMrUmOTPD_AnSivjxptxpA,1,1,1.0
2016-10-28,Iceland,IS,YouTube watch page,Louis Weisz,OMrUmOTPD_AnSivjxptxpA,0,1,0.4
2016-10-28,Saudi Arabia,SA,YouTube watch page,Louis Weisz,OMrUmOTPD_AnSivjxptxpA,0,1,0.0
2016-10-28,Thailand,TH,YouTube watch page,Louis Weisz,OMrUmOTPD_AnSivjxptxpA,4,2,1.8
2016-10-28,Turkey,TR,YouTube watch page,Louis Weisz,OMrUmOTPD_AnSivjxptxpA,1,1,0.8
2016-10-28,United States,US,YouTube watch page,Louis Weisz,OMrUmOTPD_AnSivjxptxpA,13,7,1.8
2016-10-29,Australia,AU,YouTube watch page,Louis Weisz,OMrUmOTPD_AnSivjxptxpA,4,2,1.8
2016-10-29,Chile,CL,YouTube watch page,Louis Weisz,OMrUmOTPD_AnSivjxptxpA,0,1,0.1
2016-10-29,Germany,DE,YouTube watch page,Louis Weisz,OMrUmOTPD_AnSivjxptxpA,4,3,1.2
2016-10-29,Ecuador,EC,YouTube watch page,Louis Weisz,OMrUmOTPD_AnSivjxptxpA,2,1,1.7
2016-10-29,United Kingdom,GB,YouTube watch page,Louis Weisz,OMrUmOTPD_AnSivjxptxpA,6,3,2.1
2016-10-29,Luxembourg,LU,YouTube watch page,Louis Weisz,OMrUmOTPD_AnSivjxptxpA,4,1,3.8
2016-10-29,Peru,PE,YouTube watch page,Louis Weisz,OMrUmOTPD_AnSivjxptxpA,1,1,0.7
2016-10-29,United States,US,YouTube watch page,Louis Weisz,OMrUmOTPD_AnSivjxptxpA,11,5,2.2
2016-10-30,Australia,AU,YouTube watch page,Louis Weisz,OMrUmOTPD_AnSivjxptxpA,1,1,0.7
2016-10-30,Brazil,BR,YouTube watch page,Louis Weisz,OMrUmOTPD_AnSivjxptxpA,0,1,0.2
2016-10-30,Belarus,BY,YouTube watch page,Louis Weisz,OMrUmOTPD_AnSivjxptxpA,0,1,0.3
2016-10-30,Canada,CA,YouTube watch page,Louis Weisz,OMrUmOTPD_AnSivjxptxpA,17,6,2.8
2016-10-30,Germany,DE,YouTube watch page,Louis Weisz,OMrUmOTPD_AnSivjxptxpA,3,3,1.0
2016-10-30,United Kingdom,GB,YouTube watch page,Louis Weisz,OMrUmOTPD_AnSivjxptxpA,3,2,1.3
2016-10-30,Indonesia,ID,YouTube watch page,Louis Weisz,OMrUmOTPD_AnSivjxptxpA,7,2,3.5
2016-10-30,Morocco,MA,YouTube watch page,Louis Weisz,OMrUmOTPD_AnSivjxptxpA,3,1,2.6
2016-10-30,Netherlands,NL,YouTube watch page,Louis Weisz,OMrUmOTPD_AnSivjxptxpA,1,1,0.6
2016-10-30,New Zealand,NZ,YouTube watch page,Louis Weisz,OMrUmOTPD_AnSivjxptxpA,4,1,3.5
2016-10-30,Poland,PL,YouTube watch page,Louis Weisz,OMrUmOTPD_AnSivjxptxpA,5,2,2.3
2016-10-30,Russia,RU,YouTube watch page,Louis Weisz,OMrUmOTPD_AnSivjxptxpA,2,1,1.6
2016-10-30,United States,US,YouTube watch page,Louis Weisz,OMrUmOTPD_AnSivjxptxpA,12,7,1.8
2016-10-31,Colombia,CO,YouTube watch page,Louis Weisz,OMrUmOTPD_AnSivjxptxpA,0,1,0.4
2016-10-31,Germany,DE,YouTube watch page,Louis Weisz,OMrUmOTPD_AnSivjxptxpA,3,1,3.0
2016-10-31,United Kingdom,GB,YouTube watch page,Louis Weisz,OMrUmOTPD_AnSivjxptxpA,3,2,1.7
2016-10-31,Hong Kong,HK,YouTube watch page,Louis Weisz,OMrUmOTPD_AnSivjxptxpA,1,1,1.1
2016-10-31,Italy,IT,YouTube watch page,Louis Weisz,OMrUmOTPD_AnSivjxptxpA,3,2,1.6
2016-10-31,Malaysia,MY,YouTube watch page,Louis Weisz,OMrUmOTPD_AnSivjxptxpA,4,1,4.1
2016-10-31,Russia,RU,YouTube watch page,Louis Weisz,OMrUmOTPD_AnSivjxptxpA,4,2,2.2
2016-10-31,United States,US,YouTube watch page,Louis Weisz,OMrUmOTPD_AnSivjxptxpA,25,21,1.2
2016-10-31,United States,US,YouTube channel page,Louis Weisz,OMrUmOTPD_AnSivjxptxpA,0,1,0.3
2016-10-31,South Africa,ZA,YouTube watch page,Louis Weisz,OMrUmOTPD_AnSivjxptxpA,4,1,3.9
2016-11-01,Australia,AU,YouTube watch page,Louis Weisz,OMrUmOTPD_AnSivjxptxpA,0,1,0.4
2016-11-01,Brazil,BR,YouTube watch page,Louis Weisz,OMrUmOTPD_AnSivjxptxpA,1,1,1.4
2016-11-01,Canada,CA,YouTube watch page,Louis Weisz,OMrUmOTPD_AnSivjxptxpA,4,1,4.4
2016-11-01,Switzerland,CH,YouTube watch page,Louis Weisz,OMrUmOTPD_AnSivjxptxpA,0,1,0.5
2016-11-01,Germany,DE,YouTube watch page,Louis Weisz,OMrUmOTPD_AnSivjxptxpA,3,2,1.3
2016-11-01,United Kingdom,GB,YouTube watch page,Louis Weisz,OMrUmOTPD_AnSivjxptxpA,5,3,1.8
2016-11-01,Indonesia,ID,YouTube watch page,Louis Weisz,OMrUmOTPD_AnSivjxptxpA,1,1,1.3
2016-11-01,Israel,IL,YouTube watch page,Louis Weisz,OMrUmOTPD_AnSivjxptxpA,3,1,3.0
2016-11-01,India,IN,YouTube watch page,Louis Weisz,OMrUmOTPD_AnSivjxptxpA,1,1,1.0
2016-11-01,Italy,IT,YouTube watch page,Louis Weisz,OMrUmOTPD_AnSivjxptxpA,1,2,0.7
2016-11-01,Japan,JP,YouTube watch page,Louis Weisz,OMrUmOTPD_AnSivjxptxpA,1,1,0.7
2016-11-01,Peru,PE,YouTube watch page,Louis Weisz,OMrUmOTPD_AnSivjxptxpA,1,1,0.8
2016-11-01,Poland,PL,YouTube watch page,Louis Weisz,OMrUmOTPD_AnSivjxptxpA,3,1,2.9
2016-11-01,Portugal,PT,YouTube watch page,Louis Weisz,OMrUmOTPD_AnSivjxptxpA,4,2,2.2
2016-11-01,Russia,RU,YouTube watch page,Louis Weisz,OMrUmOTPD_AnSivjxptxpA,2,2,0.8
2016-11-01,Taiwan,TW,YouTube watch page,Louis Weisz,OMrUmOTPD_AnSivjxptxpA,0,1,0.4
2016-11-01,United States,US,YouTube watch page,Louis Weisz,OMrUmOTPD_AnSivjxptxpA,26,20,1.3
2016-11-01,United States,US,YouTube channel page,Louis Weisz,OMrUmOTPD_AnSivjxptxpA,1,1,0.9
2016-11-02,United Arab Emirates,AE,YouTube watch page,Louis Weisz,OMrUmOTPD_AnSivjxptxpA,1,1,0.8
2016-11-02,Austria,AT,YouTube watch page,Louis Weisz,OMrUmOTPD_AnSivjxptxpA,4,2,1.9
2016-11-02,Australia,AU,YouTube watch page,Louis Weisz,OMrUmOTPD_AnSivjxptxpA,2,1,1.6
2016-11-02,Brazil,BR,YouTube watch page,Louis Weisz,OMrUmOTPD_AnSivjxptxpA,0,1,0.2
2016-11-02,Canada,CA,YouTube watch page,Louis Weisz,OMrUmOTPD_AnSivjxptxpA,0,1,0.0
2016-11-02,Costa Rica,CR,YouTube watch page,Louis Weisz,OMrUmOTPD_AnSivjxptxpA,1,1,0.5
2016-11-02,Germany,DE,YouTube watch page,Louis Weisz,OMrUmOTPD_AnSivjxptxpA,4,1,4.1
2016-11-02,Denmark,DK,YouTube watch page,Louis Weisz,OMrUmOTPD_AnSivjxptxpA,2,1,1.9
2016-11-02,Spain,ES,YouTube watch page,Louis Weisz,OMrUmOTPD_AnSivjxptxpA,1,1,0.7
2016-11-02,Japan,JP,YouTube watch page,Louis Weisz,OMrUmOTPD_AnSivjxptxpA,5,2,2.6
2016-11-02,Lithuania,LT,YouTube watch page,Louis Weisz,OMrUmOTPD_AnSivjxptxpA,2,1,1.7
2016-11-02,Poland,PL,YouTube watch page,Louis Weisz,OMrUmOTPD_AnSivjxptxpA,4,2,2.2
2016-11-02,Sweden,SE,YouTube watch page,Louis Weisz,OMrUmOTPD_AnSivjxptxpA,2,1,1.5
2016-11-02,United States,US,YouTube watch page,Louis Weisz,OMrUmOTPD_AnSivjxptxpA,8,7,1.2
2016-11-03,Australia,AU,YouTube watch page,Louis Weisz,OMrUmOTPD_AnSivjxptxpA,0,1,0.3
2016-11-03,Canada,CA,YouTube watch page,Louis Weisz,OMrUmOTPD_AnSivjxptxpA,2,1,2.4
2016-11-03,Germany,DE,YouTube watch page,Louis Weisz,OMrUmOTPD_AnSivjxptxpA,2,2,1.1
2016-11-03,Spain,ES,YouTube watch page,Louis Weisz,OMrUmOTPD_AnSivjxptxpA,0,1,0.1
2016-11-03,Finland,FI,YouTube watch page,Louis Weisz,OMrUmOTPD_AnSivjxptxpA,4,1,3.9
2016-11-03,United Kingdom,GB,YouTube watch page,Louis Weisz,OMrUmOTPD_AnSivjxptxpA,1,3,0.4
2016-11-03,Hungary,HU,YouTube watch page,Louis Weisz,OMrUmOTPD_AnSivjxptxpA,2,1,1.7
2016-11-03,Italy,IT,YouTube watch page,Louis Weisz,OMrUmOTPD_AnSivjxptxpA,1,1,1.1
2016-11-03,Poland,PL,YouTube watch page,Louis Weisz,OMrUmOTPD_AnSivjxptxpA,3,2,1.4
2016-11-03,United States,US,YouTube watch page,Louis Weisz,OMrUmOTPD_AnSivjxptxpA,14,8,1.8
2016-11-04,Brazil,BR,YouTube watch page,Louis Weisz,OMrUmOTPD_AnSivjxptxpA,4,1,4.1
2016-11-04,Canada,CA,YouTube watch page,Louis Weisz,OMrUmOTPD_AnSivjxptxpA,4,1,3.7
2016-11-04,Switzerland,CH,YouTube watch page,Louis Weisz,OMrUmOTPD_AnSivjxptxpA,0,1,0.3
2016-11-04,Czechia,CZ,YouTube watch page,Louis Weisz,OMrUmOTPD_AnSivjxptxpA,1,1,0.5
2016-11-04,Germany,DE,YouTube watch page,Louis Weisz,OMrUmOTPD_AnSivjxptxpA,1,2,0.5
2016-11-04,Finland,FI,YouTube watch page,Louis Weisz,OMrUmOTPD_AnSivjxptxpA,5,2,2.3
2016-11-04,United Kingdom,GB,YouTube watch page,Louis Weisz,OMrUmOTPD_AnSivjxptxpA,2,1,1.8
2016-11-04,Hungary,HU,YouTube watch page,Louis Weisz,OMrUmOTPD_AnSivjxptxpA,0,1,0.4
2016-11-04,United States,US,YouTube watch page,Louis Weisz,OMrUmOTPD_AnSivjxptxpA,10,12,0.8
2016-11-04,United States,US,Embedded in external websites and apps,Louis Weisz,OMrUmOTPD_AnSivjxptxpA,1,1,1.1
2016-11-04,Unknown Region,ZZ,YouTube watch page,Louis Weisz,OMrUmOTPD_AnSivjxptxpA,4,1,4.0
2016-11-05,Belgium,BE,YouTube watch page,Louis Weisz,OMrUmOTPD_AnSivjxptxpA,0,1,0.4
2016-11-05,Finland,FI,YouTube watch page,Louis Weisz,OMrUmOTPD_AnSivjxptxpA,3,1,3.0
2016-11-05,United Kingdom,GB,YouTube watch page,Louis Weisz,OMrUmOTPD_AnSivjxptxpA,3,3,1.0
2016-11-05,Hungary,HU,YouTube watch page,Louis Weisz,OMrUmOTPD_AnSivjxptxpA,0,1,0.3
2016-11-05,Italy,IT,YouTube watch page,Louis Weisz,OMrUmOTPD_AnSivjxptxpA,0,1,0.3
2016-11-05,Latvia,LV,YouTube watch page,Louis Weisz,OMrUmOTPD_AnSivjxptxpA,2,1,1.7
2016-11-05,Serbia,RS,YouTube watch page,Louis Weisz,OMrUmOTPD_AnSivjxptxpA,3,1,2.7
2016-11-05,Russia,RU,YouTube watch page,Louis Weisz,OMrUmOTPD_AnSivjxptxpA,1,3,0.4
2016-11-05,Singapore,SG,YouTube watch page,Louis Weisz,OMrUmOTPD_AnSivjxptxpA,4,1,3.7
2016-11-05,Ukraine,UA,YouTube watch page,Louis Weisz,OMrUmOTPD_AnSivjxptxpA,4,1,3.7
2016-11-05,United States,US,YouTube watch page,Louis Weisz,OMrUmOTPD_AnSivjxptxpA,42,17,2.5
2016-11-06,United Arab Emirates,AE,YouTube watch page,Louis Weisz,OMrUmOTPD_AnSivjxptxpA,0,1,0.1
2016-11-06,Bosnia & Herzegovina,BA,YouTube watch page,Louis Weisz,OMrUmOTPD_AnSivjxptxpA,0,1,0.4
2016-11-06,Brunei,BN,YouTube watch page,Louis Weisz,OMrUmOTPD_AnSivjxptxpA,0,1,0.2
2016-11-06,Canada,CA,YouTube watch page,Louis Weisz,OMrUmOTPD_AnSivjxptxpA,4,1,3.5
2016-11-06,Chile,CL,YouTube watch page,Louis Weisz,OMrUmOTPD_AnSivjxptxpA,1,1,0.7
2016-11-06,Czechia,CZ,YouTube watch page,Louis Weisz,OMrUmOTPD_AnSivjxptxpA,0,1,0.4
2016-11-06,Germany,DE,YouTube watch page,Louis Weisz,OMrUmOTPD_AnSivjxptxpA,2,1,1.9
2016-11-06,Denmark,DK,YouTube watch page,Louis Weisz,OMrUmOTPD_AnSivjxptxpA,2,1,1.7
2016-11-06,Spain,ES,YouTube watch page,Louis Weisz,OMrUmOTPD_AnSivjxptxpA,0,1,0.3
2016-11-06,United Kingdom,GB,YouTube watch page,Louis Weisz,OMrUmOTPD_AnSivjxptxpA,1,1,0.6
2016-11-06,Indonesia,ID,YouTube watch page,Louis Weisz,OMrUmOTPD_AnSivjxptxpA,3,2,1.5
2016-11-06,Myanmar (Burma),MM,YouTube watch page,Louis Weisz,OMrUmOTPD_AnSivjxptxpA,4,1,3.9
2016-11-06,Peru,PE,YouTube watch page,Louis Weisz,OMrUmOTPD_AnSivjxptxpA,4,1,4.0
2016-11-06,Sweden,SE,YouTube watch page,Louis Weisz,OMrUmOTPD_AnSivjxptxpA,2,1,2.4
2016-11-06,Tunisia,TN,YouTube watch page,Louis Weisz,OMrUmOTPD_AnSivjxptxpA,8,2,4.1
2016-11-06,Tunisia,TN,YouTube channel page,Louis Weisz,OMrUmOTPD_AnSivjxptxpA,0,1,0.2
2016-11-06,Turkey,TR,YouTube watch page,Louis Weisz,OMrUmOTPD_AnSivjxptxpA,4,1,4.4
2016-11-06,Turkey,TR,YouTube channel page,Louis Weisz,OMrUmOTPD_AnSivjxptxpA,1,1,1.0
2016-11-06,United States,US,YouTube watch page,Louis Weisz,OMrUmOTPD_AnSivjxptxpA,105,59,1.8
2016-11-06,United States,US,Embedded in external websites and apps,Louis Weisz,OMrUmOTPD_AnSivjxptxpA,6,3,1.9
2016-11-06,United States,US,YouTube channel page,Louis Weisz,OMrUmOTPD_AnSivjxptxpA,6,3,1.9
2016-11-07,Australia,AU,YouTube watch page,Louis Weisz,OMrUmOTPD_AnSivjxptxpA,0,1,0.3
2016-11-07,Switzerland,CH,YouTube watch page,Louis Weisz,OMrUmOTPD_AnSivjxptxpA,2,1,2.2
2016-11-07,Chile,CL,YouTube watch page,Louis Weisz,OMrUmOTPD_AnSivjxptxpA,1,1,0.9
2016-11-07,Colombia,CO,YouTube watch page,Louis Weisz,OMrUmOTPD_AnSivjxptxpA,0,1,0.4
2016-11-07,Germany,DE,YouTube watch page,Louis Weisz,OMrUmOTPD_AnSivjxptxpA,2,2,1.0
2016-11-07,Spain,ES,YouTube watch page,Louis Weisz,OMrUmOTPD_AnSivjxptxpA,2,1,2.1
2016-11-07,Finland,FI,YouTube watch page,Louis Weisz,OMrUmOTPD_AnSivjxptxpA,2,2,0.8
2016-11-07,United Kingdom,GB,YouTube watch page,Louis Weisz,OMrUmOTPD_AnSivjxptxpA,5,2,2.3
2016-11-07,India,IN,YouTube watch page,Louis Weisz,OMrUmOTPD_AnSivjxptxpA,4,1,4.2
2016-11-07,Malaysia,MY,YouTube watch page,Louis Weisz,OMrUmOTPD_AnSivjxptxpA,2,1,2.4
2016-11-07,Netherlands,NL,YouTube watch page,Louis Weisz,OMrUmOTPD_AnSivjxptxpA,0,2,0.1
2016-11-07,Sweden,SE,YouTube watch page,Louis Weisz,OMrUmOTPD_AnSivjxptxpA,2,1,1.9
2016-11-07,Turkey,TR,YouTube watch page,Louis Weisz,OMrUmOTPD_AnSivjxptxpA,2,1,1.9
2016-11-07,Ukraine,UA,YouTube watch page,Louis Weisz,OMrUmOTPD_AnSivjxptxpA,0,1,0.1
2016-11-07,United States,US,YouTube watch page,Louis Weisz,OMrUmOTPD_AnSivjxptxpA,26,14,1.9
2016-11-07,United States,US,Embedded in external websites and apps,Louis Weisz,OMrUmOTPD_AnSivjxptxpA,9,3,3.0
2016-11-08,Belgium,BE,YouTube watch page,Louis Weisz,OMrUmOTPD_AnSivjxptxpA,1,1,1.1
2016-11-08,Canada,CA,YouTube watch page,Louis Weisz,OMrUmOTPD_AnSivjxptxpA,1,2,0.7
2016-11-08,Germany,DE,YouTube watch page,Louis Weisz,OMrUmOTPD_AnSivjxptxpA,1,1,0.6
2016-11-08,India,IN,YouTube watch page,Louis Weisz,OMrUmOTPD_AnSivjxptxpA,1,1,0.6
2016-11-08,Poland,PL,YouTube watch page,Louis Weisz,OMrUmOTPD_AnSivjxptxpA,1,1,0.6
2016-11-08,United States,US,YouTube watch page,Louis Weisz,OMrUmOTPD_AnSivjxptxpA,11,8,1.4
2016-11-09,Belarus,BY,YouTube watch page,Louis Weisz,OMrUmOTPD_AnSivjxptxpA,0,1,0.5
2016-11-09,Canada,CA,YouTube watch page,Louis Weisz,OMrUmOTPD_AnSivjxptxpA,3,1,3.2
2016-11-09,Czechia,CZ,YouTube watch page,Louis Weisz,OMrUmOTPD_AnSivjxptxpA,1,1,0.6
2016-11-09,France,FR,YouTube watch page,Louis Weisz,OMrUmOTPD_AnSivjxptxpA,1,1,1.4
2016-11-09,United Kingdom,GB,YouTube watch page,Louis Weisz,OMrUmOTPD_AnSivjxptxpA,2,3,0.8
2016-11-09,United Kingdom,GB,Embedded in external websites and apps,Louis Weisz,OMrUmOTPD_AnSivjxptxpA,3,1,2.8
2016-11-09,Indonesia,ID,YouTube watch page,Louis Weisz,OMrUmOTPD_AnSivjxptxpA,8,3,2.8
2016-11-09,New Zealand,NZ,YouTube watch page,Louis Weisz,OMrUmOTPD_AnSivjxptxpA,3,1,2.6
2016-11-09,Singapore,SG,YouTube watch page,Louis Weisz,OMrUmOTPD_AnSivjxptxpA,0,2,0.2
2016-11-09,United States,US,YouTube watch page,Louis Weisz,OMrUmOTPD_AnSivjxptxpA,11,8,1.4
2016-11-10,Austria,AT,YouTube watch page,Louis Weisz,OMrUmOTPD_AnSivjxptxpA,4,1,3.9
2016-11-10,Australia,AU,YouTube watch page,Louis Weisz,OMrUmOTPD_AnSivjxptxpA,0,1,0.1
2016-11-10,Bosnia & Herzegovina,BA,YouTube watch page,Louis Weisz,OMrUmOTPD_AnSivjxptxpA,0,1,0.1
2016-11-10,Switzerland,CH,YouTube watch page,Louis Weisz,OMrUmOTPD_AnSivjxptxpA,3,1,2.7
2016-11-10,Germany,DE,YouTube watch page,Louis Weisz,OMrUmOTPD_AnSivjxptxpA,1,1,0.9
2016-11-10,Finland,FI,YouTube watch page,Louis Weisz,OMrUmOTPD_AnSivjxptxpA,1,1,1.0
2016-11-10,Faroe Islands,FO,YouTube watch page,Louis Weisz,OMrUmOTPD_AnSivjxptxpA,0,1,0.3
2016-11-10,United Kingdom,GB,YouTube watch page,Louis Weisz,OMrUmOTPD_AnSivjxptxpA,3,1,3.5
2016-11-10,India,IN,YouTube watch page,Louis Weisz,OMrUmOTPD_AnSivjxptxpA,0,1,0.0
2016-11-10,Italy,IT,YouTube watch page,Louis Weisz,OMrUmOTPD_AnSivjxptxpA,0,1,0.2
2016-11-10,Netherlands,NL,YouTube watch page,Louis Weisz,OMrUmOTPD_AnSivjxptxpA,4,1,3.9
2016-11-10,New Zealand,NZ,YouTube watch page,Louis Weisz,OMrUmOTPD_AnSivjxptxpA,5,2,2.7
2016-11-10,Serbia,RS,YouTube watch page,Louis Weisz,OMrUmOTPD_AnSivjxptxpA,5,1,4.7
2016-11-10,Turkey,TR,YouTube watch page,Louis Weisz,OMrUmOTPD_AnSivjxptxpA,3,1,3.1
2016-11-10,United States,US,YouTube watch page,Louis Weisz,OMrUmOTPD_AnSivjxptxpA,10,11,0.9
2016-11-10,United States,US,YouTube channel page,Louis Weisz,OMrUmOTPD_AnSivjxptxpA,2,2,1.0
2016-11-10,Vietnam,VN,YouTube watch page,Louis Weisz,OMrUmOTPD_AnSivjxptxpA,1,1,0.7
2016-11-11,Canada,CA,YouTube watch page,Louis Weisz,OMrUmOTPD_AnSivjxptxpA,5,2,2.7
2016-11-11,China,CN,YouTube watch page,Louis Weisz,OMrUmOTPD_AnSivjxptxpA,2,1,2.0
2016-11-11,Germany,DE,YouTube watch page,Louis Weisz,OMrUmOTPD_AnSivjxptxpA,2,1,2.5
2016-11-11,United Kingdom,GB,YouTube watch page,Louis Weisz,OMrUmOTPD_AnSivjxptxpA,5,2,2.4
2016-11-11,Indonesia,ID,YouTube watch page,Louis Weisz,OMrUmOTPD_AnSivjxptxpA,5,2,2.3
2016-11-11,Macedonia (FYROM),MK,YouTube watch page,Louis Weisz,OMrUmOTPD_AnSivjxptxpA,0,1,0.3
2016-11-11,Netherlands,NL,YouTube watch page,Louis Weisz,OMrUmOTPD_AnSivjxptxpA,0,1,0.3
2016-11-11,Serbia,RS,YouTube watch page,Louis Weisz,OMrUmOTPD_AnSivjxptxpA,0,2,0.0
2016-11-11,Russia,RU,YouTube watch page,Louis Weisz,OMrUmOTPD_AnSivjxptxpA,1,1,0.6
2016-11-11,United States,US,YouTube watch page,Louis Weisz,OMrUmOTPD_AnSivjxptxpA,22,13,1.7
2016-11-12,Brazil,BR,YouTube watch page,Louis Weisz,OMrUmOTPD_AnSivjxptxpA,4,2,2.2
2016-11-12,Canada,CA,YouTube watch page,Louis Weisz,OMrUmOTPD_AnSivjxptxpA,4,1,3.8
2016-11-12,Germany,DE,YouTube watch page,Louis Weisz,OMrUmOTPD_AnSivjxptxpA,6,3,1.9
2016-11-12,Finland,FI,YouTube watch page,Louis Weisz,OMrUmOTPD_AnSivjxptxpA,2,1,2.1
2016-11-12,Greece,GR,YouTube watch page,Louis Weisz,OMrUmOTPD_AnSivjxptxpA,3,1,2.6
2016-11-12,Indonesia,ID,YouTube watch page,Louis Weisz,OMrUmOTPD_AnSivjxptxpA,0,1,0.1
2016-11-12,India,IN,YouTube watch page,Louis Weisz,OMrUmOTPD_AnSivjxptxpA,1,1,1.4
2016-11-12,Italy,IT,YouTube watch page,Louis Weisz,OMrUmOTPD_AnSivjxptxpA,0,1,0.1
2016-11-12,Lithuania,LT,YouTube watch page,Louis Weisz,OMrUmOTPD_AnSivjxptxpA,2,1,2.0
2016-11-12,Malaysia,MY,YouTube watch page,Louis Weisz,OMrUmOTPD_AnSivjxptxpA,2,2,0.9
2016-11-12,Netherlands,NL,YouTube watch page,Louis Weisz,OMrUmOTPD_AnSivjxptxpA,4,1,3.8
2016-11-12,New Zealand,NZ,YouTube watch page,Louis Weisz,OMrUmOTPD_AnSivjxptxpA,3,1,2.8
2016-11-12,United States,US,YouTube watch page,Louis Weisz,OMrUmOTPD_AnSivjxptxpA,6,9,0.7
