date,country_name,country_id,playback_location,channel_display_name,channel_id,watch_time_minutes,views,average_view_duration
2017-09-12,Australia,AU,YouTube watch page,Louis Weisz,OMrUmOTPD_AnSivjxptxpA,2,2,0.8
2017-09-12,Australia,AU,YouTube channel page,Louis Weisz,OMrUmOTPD_AnSivjxptxpA,4,2,1.9
2017-09-12,Brazil,BR,YouTube watch page,Louis Weisz,OMrUmOTPD_AnSivjxptxpA,3,1,2.9
2017-09-12,Canada,CA,YouTube watch page,Louis Weisz,OMrUmOTPD_AnSivjxptxpA,8,2,3.9
2017-09-12,Canada,CA,Embedded in external websites and apps,Louis Weisz,OMrUmOTPD_AnSivjxptxpA,1,1,1.1
2017-09-12,Germany,DE,YouTube watch page,Louis Weisz,OMrUmOTPD_AnSivjxptxpA,6,3,2.0
2017-09-12,Spain,ES,YouTube watch page,Louis Weisz,OMrUmOTPD_AnSivjxptxpA,5,1,5.3
2017-09-12,France,FR,YouTube watch page,Louis Weisz,OMrUmOTPD_AnSivjxptxpA,0,1,0.2
2017-09-12,Ireland,IE,YouTube watch page,Louis Weisz,OMrUmOTPD_AnSivjxptxpA,2,2,1.1
2017-09-12,Israel,IL,YouTube watch page,Louis Weisz,OMrUmOTPD_AnSivjxptxpA,0,1,0.1
2017-09-12,India,IN,YouTube watch page,Louis Weisz,OMrUmOTPD_AnSivjxptxpA,4,2,1.9
2017-09-12,South Korea,KR,YouTube watch page,Louis Weisz,OMrUmOTPD_AnSivjxptxpA,1,1,1.1
2017-09-12,Mexico,MX,YouTube watch page,Louis Weisz,OMrUmOTPD_AnSivjxptxpA,3,5,0.6
2017-09-12,Netherlands,NL,YouTube watch page,Louis Weisz,OMrUmOTPD_AnSivjxptxpA,0,1,0.1
2017-09-12,Netherlands,NL,Embedded in external websites and apps,Louis Weisz,OMrUmOTPD_AnSivjxptxpA,1,1,1.2
2017-09-12,Philippines,PH,YouTube watch page,Louis Weisz,OMrUmOTPD_AnSivjxptxpA,18,6,3.1
2017-09-12,Pakistan,PK,YouTube watch page,Louis Weisz,OMrUmOTPD_AnSivjxptxpA,1,1,0.9
2017-09-12,Poland,PL,YouTube watch page,Louis Weisz,OMrUmOTPD_AnSivjxptxpA,1,2,0.4
2017-09-12,Sweden,SE,YouTube watch page,Louis Weisz,OMrUmOTPD_AnSivjxptxpA,6,1,5.8
2017-09-12,United States,US,YouTube watch page,Louis Weisz,OMrUmOTPD_AnSivjxptxpA,141,60,2.4
2017-09-12,United States,US,Embedded in external websites and apps,Louis Weisz,OMrUmOTPD_AnSivjxptxpA,6,5,1.3
2017-09-12,United States,US,YouTube channel page,Louis Weisz,OMrUmOTPD_AnSivjxptxpA,5,5,1.1
2017-09-12,South Africa,ZA,YouTube watch page,Louis Weisz,OMrUmOTPD_AnSivjxptxpA,1,1,0.9
2017-09-13,Australia,AU,YouTube watch page,Louis Weisz,OMrUmOTPD_AnSivjxptxpA,12,2,5.8
2017-09-13,Australia,AU,Embedded in external websites and apps,Louis Weisz,OMrUmOTPD_AnSivjxptxpA,0,1,0.0
2017-09-13,Belgium,BE,YouTube watch page,Louis Weisz,OMrUmOTPD_AnSivjxptxpA,1,1,1.5
2017-09-13,Brazil,BR,YouTube watch page,Louis Weisz,OMrUmOTPD_AnSivjxptxpA,3,1,2.8
2017-09-13,Canada,CA,YouTube watch page,Louis Weisz,OMrUmOTPD_AnSivjxptxpA,5,2,2.4
2017-09-13,Canada,CA,YouTube channel page,Louis Weisz,OMrUmOTPD_AnSivjxptxpA,0,1,0.2
2017-09-13,Chile,CL,YouTube watch page,Louis Weisz,OMrUmOTPD_AnSivjxptxpA,4,1,3.9
2017-09-13,Colombia,CO,YouTube watch page,Louis Weisz,OMrUmOTPD_AnSivjxptxpA,2,1,1.6
2017-09-13,Germany,DE,YouTube watch page,Louis Weisz,OMrUmOTPD_AnSivjxptxpA,3,1,3.1
2017-09-13,Spain,ES,YouTube watch page,Louis Weisz,OMrUmOTPD_AnSivjxptxpA,1,1,0.9
2017-09-13,United Kingdom,GB,YouTube watch page,Louis Weisz,OMrUmOTPD_AnSivjxptxpA,14,4,3.5
2017-09-13,United Kingdom,GB,Embedded in external websites and apps,Louis Weisz,OMrUmOTPD_AnSivjxptxpA,3,2,1.6
2017-09-13,United Kingdom,GB,YouTube channel page,Louis Weisz,OMrUmOTPD_AnSivjxptxpA,3,1,3.1
2017-09-13,Indonesia,ID,YouTube watch page,Louis Weisz,OMrUmOTPD_AnSivjxptxpA,6,1,6.1
2017-09-13,India,IN,YouTube watch page,Louis Weisz,OMrUmOTPD_AnSivjxptxpA,3,2,1.3
2017-09-13,Mexico,MX,YouTube watch page,Louis Weisz,OMrUmOTPD_AnSivjxptxpA,0,2,0.2
2017-09-13,Netherlands,NL,YouTube watch page,Louis Weisz,OMrUmOTPD_AnSivjxptxpA,4,1,4.2
2017-09-13,Saudi Arabia,SA,YouTube watch page,Louis Weisz,OMrUmOTPD_AnSivjxptxpA,0,1,0.1
2017-09-13,Sweden,SE,YouTube watch page,Louis Weisz,OMrUmOTPD_AnSivjxptxpA,17,6,2.9
2017-09-13,Sweden,SE,YouTube channel page,Louis Weisz,OMrUmOTPD_AnSivjxptxpA,4,1,3.6
2017-09-13,Turkey,TR,Embedded in external websites and apps,Louis Weisz,OMrUmOTPD_AnSivjxptxpA,1,1,0.7
2017-09-13,United States,US,YouTube watch page,Louis Weisz,OMrUmOTPD_AnSivjxptxpA,84,31,2.7
2017-09-13,United States,US,Embedded in external websites and apps,Louis Weisz,OMrUmOTPD_AnSivjxptxpA,5,3,1.8
2017-09-13,United States,US,YouTube channel page,Louis Weisz,OMrUmOTPD_AnSivjxptxpA,3,6,0.5
2017-09-13,Uzbekistan,UZ,YouTube watch page,Louis Weisz,OMrUmOTPD_AnSivjxptxpA,0,1,0.0
2017-09-13,South Africa,ZA,YouTube watch page,Louis Weisz,OMrUmOTPD_AnSivjxptxpA,3,1,2.8
2017-09-14,Australia,AU,YouTube watch page,Louis Weisz,OMrUmOTPD_AnSivjxptxpA,3,1,3.2
2017-09-14,Australia,AU,Embedded in external websites and apps,Louis Weisz,OMrUmOTPD_AnSivjxptxpA,0,1,0.0
2017-09-14,Bulgaria,BG,YouTube watch page,Louis Weisz,OMrUmOTPD_AnSivjxptxpA,1,1,1.1
2017-09-14,Brazil,BR,YouTube watch page,Louis Weisz,OMrUmOTPD_AnSivjxptxpA,3,1,2.7
2017-09-14,Canada,CA,YouTube watch page,Louis Weisz,OMrUmOTPD_AnSivjxptxpA,3,1,3.1
2017-09-14,Germany,DE,YouTube watch page,Louis Weisz,OMrUmOTPD_AnSivjxptxpA,4,1,3.9
2017-09-14,France,FR,Embedded in external websites and apps,Louis Weisz,OMrUmOTPD_AnSivjxptxpA,1,1,1.3
2017-09-14,United Kingdom,GB,YouTube watch page,Louis Weisz,OMrUmOTPD_AnSivjxptxpA,9,3,3.1
2017-09-14,United Kingdom,GB,YouTube channel page,Louis Weisz,OMrUmOTPD_AnSivjxptxpA,1,1,0.5
2017-09-14,Croatia,HR,YouTube watch page,Louis Weisz,OMrUmOTPD_AnSivjxptxpA,2,1,1.6
2017-09-14,Indonesia,ID,YouTube watch page,Louis Weisz,OMrUmOTPD_AnSivjxptxpA,8,2,4.0
2017-09-14,India,IN,YouTube watch page,Louis Weisz,OMrUmOTPD_AnSivjxptxpA,1,2,0.6
2017-09-14,Japan,JP,YouTube watch page,Louis Weisz,OMrUmOTPD_AnSivjxptxpA,1,1,1.4
2017-09-14,Sri Lanka,LK,YouTube watch page,Louis Weisz,OMrUmOTPD_AnSivjxptxpA,0,1,0.4
2017-09-14,Mexico,MX,YouTube watch page,Louis Weisz,OMrUmOTPD_AnSivjxptxpA,2,3,0.5
2017-09-14,Netherlands,NL,YouTube watch page,Louis Weisz,OMrUmOTPD_AnSivjxptxpA,0,1,0.1
2017-09-14,Serbia,RS,YouTube watch page,Louis Weisz,OMrUmOTPD_AnSivjxptxpA,0,1,0.1
2017-09-14,United States,US,YouTube watch page,Louis Weisz,OMrUmOTPD_AnSivjxptxpA,94,42,2.2
2017-09-14,United States,US,Embedded in external websites and apps,Louis Weisz,OMrUmOTPD_AnSivjxptxpA,5,2,2.3
2017-09-15,Australia,AU,YouTube watch page,Louis Weisz,OMrUmOTPD_AnSivjxptxpA,3,4,0.7
2017-09-15,Australia,AU,Embedded in external websites and apps,Louis Weisz,OMrUmOTPD_AnSivjxptxpA,0,4,0.0
2017-09-15,Australia,AU,YouTube channel page,Louis Weisz,OMrUmOTPD_AnSivjxptxpA,1,1,1.0
2017-09-15,Belgium,BE,YouTube watch page,Louis Weisz,OMrUmOTPD_AnSivjxptxpA,1,2,0.7
2017-09-15,Bulgaria,BG,YouTube watch page,Louis Weisz,OMrUmOTPD_AnSivjxptxpA,2,1,1.7
2017-09-15,Canada,CA,YouTube watch page,Louis Weisz,OMrUmOTPD_AnSivjxptxpA,3,1,3.2
2017-09-15,Canada,CA,YouTube channel page,Louis Weisz,OMrUmOTPD_AnSivjxptxpA,1,1,1.4
2017-09-15,Switzerland,CH,YouTube watch page,Louis Weisz,OMrUmOTPD_AnSivjxptxpA,0,1,0.1
2017-09-15,Germany,DE,YouTube watch page,Louis Weisz,OMrUmOTPD_AnSivjxptxpA,3,1,3.5
2017-09-15,Egypt,EG,YouTube watch page,Louis Weisz,OMrUmOTPD_AnSivjxptxpA,1,1,0.9
2017-09-15,Finland,FI,YouTube watch page,Louis Weisz,OMrUmOTPD_AnSivjxptxpA,8,4,1.9
2017-09-15,Finland,FI,YouTube channel page,Louis Weisz,OMrUmOTPD_AnSivjxptxpA,0,1,0.2
2017-09-15,Greece,GR,YouTube watch page,Louis Weisz,OMrUmOTPD_AnSivjxptxpA,1,1,0.9
2017-09-15,Indonesia,ID,YouTube watch page,Louis Weisz,OMrUmOTPD_AnSivjxptxpA,2,1,1.9
2017-09-15,India,IN,YouTube watch page,Louis Weisz,OMrUmOTPD_AnSivjxptxpA,16,6,2.6
2017-09-15,Italy,IT,YouTube watch page,Louis Weisz,OMrUmOTPD_AnSivjxptxpA,1,2,0.6
2017-09-15,Japan,JP,YouTube watch page,Louis Weisz,OMrUmOTPD_AnSivjxptxpA,1,1,0.6
2017-09-15,Japan,JP,Embedded in external websites and apps,Louis Weisz,OMrUmOTPD_AnSivjxptxpA,1,1,1.2
2017-09-15,Mexico,MX,YouTube watch page,Louis Weisz,OMrUmOTPD_AnSivjxptxpA,0,1,0.3
2017-09-15,Netherlands,NL,YouTube watch page,Louis Weisz,OMrUmOTPD_AnSivjxptxpA,0,1,0.4
2017-09-15,Norway,NO,YouTube watch page,Louis Weisz,OMrUmOTPD_AnSivjxptxpA,4,3,1.2
2017-09-15,Norway,NO,YouTube channel page,Louis Weisz,OMrUmOTPD_AnSivjxptxpA,1,1,0.6
2017-09-15,United States,US,YouTube watch page,Louis Weisz,OMrUmOTPD_AnSivjxptxpA,61,25,2.4
2017-09-15,United States,US,Embedded in external websites and apps,Louis Weisz,OMrUmOTPD_AnSivjxptxpA,3,2,1.6
2017-09-15,United States,US,YouTube channel page,Louis Weisz,OMrUmOTPD_AnSivjxptxpA,3,1,3.1
2017-09-15,South Africa,ZA,YouTube watch page,Louis Weisz,OMrUmOTPD_AnSivjxptxpA,3,1,2.7
2017-09-16,Australia,AU,YouTube watch page,Louis Weisz,OMrUmOTPD_AnSivjxptxpA,18,5,3.6
2017-09-16,Australia,AU,Embedded in external websites and apps,Louis Weisz,OMrUmOTPD_AnSivjxptxpA,0,1,0.1
2017-09-16,Brazil,BR,YouTube watch page,Louis Weisz,OMrUmOTPD_AnSivjxptxpA,9,2,4.4
2017-09-16,Canada,CA,YouTube watch page,Louis Weisz,OMrUmOTPD_AnSivjxptxpA,8,3,2.6
2017-09-16,Germany,DE,YouTube watch page,Louis Weisz,OMrUmOTPD_AnSivjxptxpA,5,5,0.9
2017-09-16,United Kingdom,GB,YouTube watch page,Louis Weisz,OMrUmOTPD_AnSivjxptxpA,17,5,3.3
2017-09-16,Indonesia,ID,YouTube watch page,Louis Weisz,OMrUmOTPD_AnSivjxptxpA,2,1,2.1
2017-09-16,India,IN,YouTube watch page,Louis Weisz,OMrUmOTPD_AnSivjxptxpA,3,5,0.7
2017-09-16,Japan,JP,YouTube watch page,Louis Weisz,OMrUmOTPD_AnSivjxptxpA,4,2,2.0
2017-09-16,Netherlands,NL,YouTube watch page,Louis Weisz,OMrUmOTPD_AnSivjxptxpA,6,3,2.0
2017-09-16,Norway,NO,YouTube watch page,Louis Weisz,OMrUmOTPD_AnSivjxptxpA,17,4,4.2
2017-09-16,Norway,NO,YouTube channel page,Louis Weisz,OMrUmOTPD_AnSivjxptxpA,0,1,0.4
2017-09-16,Portugal,PT,YouTube watch page,Louis Weisz,OMrUmOTPD_AnSivjxptxpA,4,4,0.9
2017-09-16,Singapore,SG,YouTube watch page,Louis Weisz,OMrUmOTPD_AnSivjxptxpA,6,2,2.8
2017-09-16,United States,US,YouTube watch page,Louis Weisz,OMrUmOTPD_AnSivjxptxpA,90,44,2.0
2017-09-16,United States,US,Embedded in external websites and apps,Louis Weisz,OMrUmOTPD_AnSivjxptxpA,4,2,1.8
2017-09-16,United States,US,YouTube channel page,Louis Weisz,OMrUmOTPD_AnSivjxptxpA,3,3,1.1
2017-09-17,Austria,AT,YouTube watch page,Louis Weisz,OMrUmOTPD_AnSivjxptxpA,4,1,3.5
2017-09-17,Australia,AU,YouTube watch page,Louis Weisz,OMrUmOTPD_AnSivjxptxpA,6,2,2.8
2017-09-17,Bulgaria,BG,YouTube watch page,Louis Weisz,OMrUmOTPD_AnSivjxptxpA,8,2,4.1
2017-09-17,Brazil,BR,YouTube watch page,Louis Weisz,OMrUmOTPD_AnSivjxptxpA,18,5,3.6
2017-09-17,Brazil,BR,YouTube channel page,Louis Weisz,OMrUmOTPD_AnSivjxptxpA,3,1,2.9
2017-09-17,Canada,CA,YouTube watch page,Louis Weisz,OMrUmOTPD_AnSivjxptxpA,9,5,1.7
2017-09-17,Canada,CA,YouTube channel page,Louis Weisz,OMrUmOTPD_AnSivjxptxpA,1,1,0.6
2017-09-17,Germany,DE,YouTube watch page,Louis Weisz,OMrUmOTPD_AnSivjxptxpA,5,2,2.4
2017-09-17,Germany,DE,YouTube channel page,Louis Weisz,OMrUmOTPD_AnSivjxptxpA,1,1,0.5
2017-09-17,Denmark,DK,YouTube watch page,Louis Weisz,OMrUmOTPD_AnSivjxptxpA,5,2,2.5
2017-09-17,Dominican Republic,DO,YouTube watch page,Louis Weisz,OMrUmOTPD_AnSivjxptxpA,1,1,0.8
2017-09-17,Greece,GR,YouTube watch page,Louis Weisz,OMrUmOTPD_AnSivjxptxpA,1,1,0.6
2017-09-17,Indonesia,ID,YouTube watch page,Louis Weisz,OMrUmOTPD_AnSivjxptxpA,4,3,1.4
2017-09-17,India,IN,YouTube watch page,Louis Weisz,OMrUmOTPD_AnSivjxptxpA,2,2,0.8
2017-09-17,Morocco,MA,YouTube watch page,Louis Weisz,OMrUmOTPD_AnSivjxptxpA,1,1,0.7
2017-09-17,Mexico,MX,YouTube watch page,Louis Weisz,OMrUmOTPD_AnSivjxptxpA,0,1,0.1
2017-09-17,Mexico,MX,Embedded in external websites and apps,Louis Weisz,OMrUmOTPD_AnSivjxptxpA,2,1,2.1
2017-09-17,Malaysia,MY,YouTube watch page,Louis Weisz,OMrUmOTPD_AnSivjxptxpA,1,1,0.7
2017-09-17,New Zealand,NZ,YouTube watch page,Louis Weisz,OMrUmOTPD_AnSivjxptxpA,2,1,1.5
2017-09-17,Philippines,PH,YouTube watch page,Louis Weisz,OMrUmOTPD_AnSivjxptxpA,0,1,0.1
2017-09-17,Pakistan,PK,YouTube watch page,Louis Weisz,OMrUmOTPD_AnSivjxptxpA,0,1,0.2
2017-09-17,Portugal,PT,YouTube watch page,Louis Weisz,OMrUmOTPD_AnSivjxptxpA,15,6,2.4
2017-09-17,Saudi Arabia,SA,YouTube watch page,Louis Weisz,OMrUmOTPD_AnSivjxptxpA,4,1,4.2
2017-09-17,Slovakia,SK,YouTube watch page,Louis Weisz,OMrUmOTPD_AnSivjxptxpA,2,2,0.8
2017-09-17,United States,US,YouTube watch page,Louis Weisz,OMrUmOTPD_AnSivjxptxpA,110,35,3.1
2017-09-17,United States,US,Embedded in external websites and apps,Louis Weisz,OMrUmOTPD_AnSivjxptxpA,11,3,3.6
2017-09-17,United States,US,YouTube channel page,Louis Weisz,OMrUmOTPD_AnSivjxptxpA,6,2,2.8
2017-09-18,Australia,AU,YouTube watch page,Louis Weisz,OMrUmOTPD_AnSivjxptxpA,13,3,4.4
2017-09-18,Australia,AU,Embedded in external websites and apps,Louis Weisz,OMrUmOTPD_AnSivjxptxpA,0,2,0.0
2017-09-18,Canada,CA,YouTube watch page,Louis Weisz,OMrUmOTPD_AnSivjxptxpA,1,1,0.6
2017-09-18,Canada,CA,YouTube channel page,Louis Weisz,OMrUmOTPD_AnSivjxptxpA,1,1,1.3
2017-09-18,Germany,DE,YouTube watch page,Louis Weisz,OMrUmOTPD_AnSivjxptxpA,2,3,0.6
2017-09-18,Germany,DE,Embedded in external websites and apps,Louis Weisz,OMrUmOTPD_AnSivjxptxpA,0,1,0.1
2017-09-18,Denmark,DK,YouTube watch page,Louis Weisz,OMrUmOTPD_AnSivjxptxpA,8,2,3.9
2017-09-18,France,FR,YouTube watch page,Louis Weisz,OMrUmOTPD_AnSivjxptxpA,2,1,1.9
2017-09-18,United Kingdom,GB,YouTube watch page,Louis Weisz,OMrUmOTPD_AnSivjxptxpA,7,3,2.4
2017-09-18,United Kingdom,GB,Embedded in external websites and apps,Louis Weisz,OMrUmOTPD_AnSivjxptxpA,2,1,1.8
2017-09-18,Greece,GR,YouTube watch page,Louis Weisz,OMrUmOTPD_AnSivjxptxpA,0,1,0.1
2017-09-18,Japan,JP,YouTube watch page,Louis Weisz,OMrUmOTPD_AnSivjxptxpA,1,1,1.0
2017-09-18,Mexico,MX,YouTube watch page,Louis Weisz,OMrUmOTPD_AnSivjxptxpA,0,1,0.0
2017-09-18,Netherlands,NL,YouTube watch page,Louis Weisz,OMrUmOTPD_AnSivjxptxpA,5,2,2.5
2017-09-18,New Zealand,NZ,YouTube watch page,Louis Weisz,OMrUmOTPD_AnSivjxptxpA,1,1,1.3
2017-09-18,New Zealand,NZ,YouTube channel page,Louis Weisz,OMrUmOTPD_AnSivjxptxpA,1,2,0.3
2017-09-18,Philippines,PH,YouTube watch page,Louis Weisz,OMrUmOTPD_AnSivjxptxpA,4,3,1.4
2017-09-18,Poland,PL,YouTube watch page,Louis Weisz,OMrUmOTPD_AnSivjxptxpA,3,1,3.3
2017-09-18,Russia,RU,YouTube watch page,Louis Weisz,OMrUmOTPD_AnSivjxptxpA,0,1,0.2
2017-09-18,Sweden,SE,YouTube watch page,Louis Weisz,OMrUmOTPD_AnSivjxptxpA,4,1,4.3
2017-09-18,Slovenia,SI,YouTube watch page,Louis Weisz,OMrUmOTPD_AnSivjxptxpA,4,1,3.7
2017-09-18,Slovenia,SI,YouTube channel page,Louis Weisz,OMrUmOTPD_AnSivjxptxpA,1,1,0.5
2017-09-18,Trinidad & Tobago,TT,YouTube watch page,Louis Weisz,OMrUmOTPD_AnSivjxptxpA,0,1,0.1
2017-09-18,United States,US,YouTube watch page,Louis Weisz,OMrUmOTPD_AnSivjxptxpA,123,43,2.9
2017-09-18,United States,US,Embedded in external websites and apps,Louis Weisz,OMrUmOTPD_AnSivjxptxpA,0,1,0.2
2017-09-18,United States,US,YouTube channel page,Louis Weisz,OMrUmOTPD_AnSivjxptxpA,1,2,0.3
2017-09-19,Argentina,AR,YouTube watch page,Louis Weisz,OMrUmOTPD_AnSivjxptxpA,2,2,0.8
2017-09-19,Austria,AT,YouTube watch page,Louis Weisz,OMrUmOTPD_AnSivjxptxpA,0,1,0.3
2017-09-19,Australia,AU,YouTube watch page,Louis Weisz,OMrUmOTPD_AnSivjxptxpA,9,3,3.0
2017-09-19,Australia,AU,Embedded in external websites and apps,Louis Weisz,OMrUmOTPD_AnSivjxptxpA,0,2,0.0
2017-09-19,Australia,AU,YouTube channel page,Louis Weisz,OMrUmOTPD_AnSivjxptxpA,0,1,0.2
2017-09-19,Belgium,BE,YouTube watch page,Louis Weisz,OMrUmOTPD_AnSivjxptxpA,1,1,1.4
2017-09-19,Canada,CA,YouTube watch page,Louis Weisz,OMrUmOTPD_AnSivjxptxpA,28,13,2.1
2017-09-19,Canada,CA,YouTube channel page,Louis Weisz,OMrUmOTPD_AnSivjxptxpA,0,1,0.2
2017-09-19,France,FR,YouTube watch page,Louis Weisz,OMrUmOTPD_AnSivjxptxpA,3,3,0.9
2017-09-19,United Kingdom,GB,YouTube watch page,Louis Weisz,OMrUmOTPD_AnSivjxptxpA,3,1,3.3
2017-09-19,United Kingdom,GB,Embedded in external websites and apps,Louis Weisz,OMrUmOTPD_AnSivjxptxpA,4,1,3.5
2017-09-19,Ireland,IE,YouTube watch page,Louis Weisz,OMrUmOTPD_AnSivjxptxpA,2,1,2.1
2017-09-19,India,IN,YouTube watch page,Louis Weisz,OMrUmOTPD_AnSivjxptxpA,5,4,1.3
2017-09-19,Italy,IT,YouTube watch page,Louis Weisz,OMrUmOTPD_AnSivjxptxpA,4,4,1.0
2017-09-19,Malaysia,MY,YouTube watch page,Louis Weisz,OMrUmOTPD_AnSivjxptxpA,1,1,0.8
2017-09-19,Netherlands,NL,YouTube watch page,Louis Weisz,OMrUmOTPD_AnSivjxptxpA,0,1,0.3
2017-09-19,Norway,NO,YouTube watch page,Louis Weisz,OMrUmOTPD_AnSivjxptxpA,10,2,4.8
2017-09-19,New Zealand,NZ,YouTube watch page,Louis Weisz,OMrUmOTPD_AnSivjxptxpA,4,1,4.1
2017-09-19,Pakistan,PK,YouTube watch page,Louis Weisz,OMrUmOTPD_AnSivjxptxpA,0,1,0.2
2017-09-19,Poland,PL,YouTube watch page,Louis Weisz,OMrUmOTPD_AnSivjxptxpA,0,1,0.4
2017-09-19,Portugal,PT,YouTube watch page,Louis Weisz,OMrUmOTPD_AnSivjxptxpA,2,3,0.8
2017-09-19,Slovenia,SI,YouTube watch page,Louis Weisz,OMrUmOTPD_AnSivjxptxpA,0,1,0.1
2017-09-19,United States,US,YouTube watch page,Louis Weisz,OMrUmOTPD_AnSivjxptxpA,86,35,2.5
2017-09-19,United States,US,Embedded in external websites and apps,Louis Weisz,OMrUmOTPD_AnSivjxptxpA,5,3,1.8
2017-09-19,United States,US,YouTube channel page,Louis Weisz,OMrUmOTPD_AnSivjxptxpA,3,2,1.7
2017-09-19,South Africa,ZA,YouTube watch page,Louis Weisz,OMrUmOTPD_AnSivjxptxpA,1,2,0.6
2017-09-20,Australia,AU,Embedded in external websites and apps,Louis Weisz,OMrUmOTPD_AnSivjxptxpA,0,2,0.0
2017-09-20,Australia,AU,YouTube channel page,Louis Weisz,OMrUmOTPD_AnSivjxptxpA,0,1,0.2
2017-09-20,Brazil,BR,YouTube watch page,Louis Weisz,OMrUmOTPD_AnSivjxptxpA,4,1,3.6
2017-09-20,Switzerland,CH,YouTube watch page,Louis Weisz,OMrUmOTPD_AnSivjxptxpA,1,1,1.4
2017-09-20,Czechia,CZ,YouTube watch page,Louis Weisz,OMrUmOTPD_AnSivjxptxpA,0,1,0.4
2017-09-20,Germany,DE,YouTube channel page,Louis Weisz,OMrUmOTPD_AnSivjxptxpA,0,1,0.5
2017-09-20,Spain,ES,YouTube watch page,Louis Weisz,OMrUmOTPD_AnSivjxptxpA,0,1,0.4
2017-09-20,Finland,FI,YouTube watch page,Louis Weisz,OMrUmOTPD_AnSivjxptxpA,7,1,6.6
2017-09-20,United Kingdom,GB,YouTube watch page,Louis Weisz,OMrUmOTPD_AnSivjxptxpA,27,8,3.3
2017-09-20,Hungary,HU,YouTube watch page,Louis Weisz,OMrUmOTPD_AnSivjxptxpA,0,1,0.0
2017-09-20,Indonesia,ID,YouTube watch page,Louis Weisz,OMrUmOTPD_AnSivjxptxpA,5,1,5.5
2017-09-20,Ireland,IE,YouTube watch page,Louis Weisz,OMrUmOTPD_AnSivjxptxpA,3,1,2.6
2017-09-20,India,IN,YouTube watch page,Louis Weisz,OMrUmOTPD_AnSivjxptxpA,0,1,0.3
2017-09-20,Japan,JP,Embedded in external websites and apps,Louis Weisz,OMrUmOTPD_AnSivjxptxpA,4,1,3.6
2017-09-20,Mauritius,MU,YouTube watch page,Louis Weisz,OMrUmOTPD_AnSivjxptxpA,4,1,4.3
2017-09-20,Netherlands,NL,YouTube watch page,Louis Weisz,OMrUmOTPD_AnSivjxptxpA,4,1,3.6
2017-09-20,Norway,NO,YouTube watch page,Louis Weisz,OMrUmOTPD_AnSivjxptxpA,7,1,7.3
2017-09-20,Russia,RU,YouTube watch page,Louis Weisz,OMrUmOTPD_AnSivjxptxpA,1,1,0.5
2017-09-20,United States,US,YouTube watch page,Louis Weisz,OMrUmOTPD_AnSivjxptxpA,67,25,2.7
2017-09-20,United States,US,Embedded in external websites and apps,Louis Weisz,OMrUmOTPD_AnSivjxptxpA,4,2,1.9
2017-09-20,United States,US,YouTube channel page,Louis Weisz,OMrUmOTPD_AnSivjxptxpA,7,3,2.3
2017-09-20,Vietnam,VN,YouTube watch page,Louis Weisz,OMrUmOTPD_AnSivjxptxpA,1,1,1.0
2017-09-20,South Africa,ZA,YouTube watch page,Louis Weisz,OMrUmOTPD_AnSivjxptxpA,1,1,0.5
2017-09-21,Austria,AT,YouTube watch page,Louis Weisz,OMrUmOTPD_AnSivjxptxpA,1,1,0.5
2017-09-21,Australia,AU,YouTube watch page,Louis Weisz,OMrUmOTPD_AnSivjxptxpA,6,1,6.1
2017-09-21,Australia,AU,Embedded in external websites and apps,Louis Weisz,OMrUmOTPD_AnSivjxptxpA,0,1,0.0
2017-09-21,Canada,CA,YouTube watch page,Louis Weisz,OMrUmOTPD_AnSivjxptxpA,2,1,2.3
2017-09-21,Canada,CA,YouTube channel page,Louis Weisz,OMrUmOTPD_AnSivjxptxpA,0,1,0.5
2017-09-21,Germany,DE,YouTube watch page,Louis Weisz,OMrUmOTPD_AnSivjxptxpA,1,1,0.6
2017-09-21,Denmark,DK,YouTube watch page,Louis Weisz,OMrUmOTPD_AnSivjxptxpA,3,1,2.5
2017-09-21,Spain,ES,YouTube watch page,Louis Weisz,OMrUmOTPD_AnSivjxptxpA,4,1,4.2
2017-09-21,France,FR,YouTube channel page,Louis Weisz,OMrUmOTPD_AnSivjxptxpA,0,1,0.2
2017-09-21,United Kingdom,GB,YouTube watch page,Louis Weisz,OMrUmOTPD_AnSivjxptxpA,17,4,4.2
2017-09-21,United Kingdom,GB,YouTube channel page,Louis Weisz,OMrUmOTPD_AnSivjxptxpA,1,1,0.5
2017-09-21,Greece,GR,YouTube watch page,Louis Weisz,OMrUmOTPD_AnSivjxptxpA,0,2,0.2
2017-09-21,Honduras,HN,YouTube watch page,Louis Weisz,OMrUmOTPD_AnSivjxptxpA,4,1,4.3
2017-09-21,Indonesia,ID,YouTube watch page,Louis Weisz,OMrUmOTPD_AnSivjxptxpA,4,1,3.5
2017-09-21,India,IN,YouTube watch page,Louis Weisz,OMrUmOTPD_AnSivjxptxpA,2,8,0.3
2017-09-21,Jamaica,JM,YouTube watch page,Louis Weisz,OMrUmOTPD_AnSivjxptxpA,2,1,2.1
2017-09-21,Japan,JP,YouTube watch page,Louis Weisz,OMrUmOTPD_AnSivjxptxpA,5,2,2.7
2017-09-21,Japan,JP,Embedded in external websites and apps,Louis Weisz,OMrUmOTPD_AnSivjxptxpA,0,1,0.2
2017-09-21,Malaysia,MY,YouTube watch page,Louis Weisz,OMrUmOTPD_AnSivjxptxpA,0,1,0.1
2017-09-21,Netherlands,NL,YouTube watch page,Louis Weisz,OMrUmOTPD_AnSivjxptxpA,0,1,0.0
2017-09-21,New Zealand,NZ,YouTube watch page,Louis Weisz,OMrUmOTPD_AnSivjxptxpA,4,2,1.9
2017-09-21,Poland,PL,YouTube watch page,Louis Weisz,OMrUmOTPD_AnSivjxptxpA,1,1,1.1
2017-09-21,Sweden,SE,YouTube watch page,Louis Weisz,OMrUmOTPD_AnSivjxptxpA,14,5,2.8
2017-09-21,Sweden,SE,YouTube channel page,Louis Weisz,OMrUmOTPD_AnSivjxptxpA,0,1,0.2
2017-09-21,Singapore,SG,YouTube watch page,Louis Weisz,OMrUmOTPD_AnSivjxptxpA,5,2,2.5
2017-09-21,United States,US,YouTube watch page,Louis Weisz,OMrUmOTPD_AnSivjxptxpA,116,41,2.8
2017-09-21,United States,US,Embedded in external websites and apps,Louis Weisz,OMrUmOTPD_AnSivjxptxpA,1,1,0.6
2017-09-21,United States,US,YouTube channel page,Louis Weisz,OMrUmOTPD_AnSivjxptxpA,7,4,1.8
2017-09-22,Argentina,AR,YouTube watch page,Louis Weisz,OMrUmOTPD_AnSivjxptxpA,1,1,1.1
2017-09-22,Australia,AU,YouTube watch page,Louis Weisz,OMrUmOTPD_AnSivjxptxpA,4,3,1.2
2017-09-22,Australia,AU,Embedded in external websites and apps,Louis Weisz,OMrUmOTPD_AnSivjxptxpA,0,2,0.0
2017-09-22,Australia,AU,YouTube channel page,Louis Weisz,OMrUmOTPD_AnSivjxptxpA,0,1,0.5
2017-09-22,Bulgaria,BG,YouTube watch page,Louis Weisz,OMrUmOTPD_AnSivjxptxpA,4,1,3.9
2017-09-22,Canada,CA,YouTube watch page,Louis Weisz,OMrUmOTPD_AnSivjxptxpA,1,1,1.1
2017-09-22,Switzerland,CH,YouTube watch page,Louis Weisz,OMrUmOTPD_AnSivjxptxpA,11,4,2.8
2017-09-22,Germany,DE,YouTube watch page,Louis Weisz,OMrUmOTPD_AnSivjxptxpA,3,3,0.9
2017-09-22,Spain,ES,YouTube watch page,Louis Weisz,OMrUmOTPD_AnSivjxptxpA,0,1,0.1
2017-09-22,France,FR,YouTube watch page,Louis Weisz,OMrUmOTPD_AnSivjxptxpA,5,3,1.6
2017-09-22,France,FR,YouTube channel page,Louis Weisz,OMrUmOTPD_AnSivjxptxpA,0,1,0.3
2017-09-22,United Kingdom,GB,YouTube watch page,Louis Weisz,OMrUmOTPD_AnSivjxptxpA,3,4,0.8
2017-09-22,Guatemala,GT,YouTube watch page,Louis Weisz,OMrUmOTPD_AnSivjxptxpA,2,1,2.4
2017-09-22,Hungary,HU,YouTube watch page,Louis Weisz,OMrUmOTPD_AnSivjxptxpA,2,1,1.7
2017-09-22,Indonesia,ID,YouTube watch page,Louis Weisz,OMrUmOTPD_AnSivjxptxpA,6,1,5.9
2017-09-22,India,IN,YouTube watch page,Louis Weisz,OMrUmOTPD_AnSivjxptxpA,2,1,1.9
2017-09-22,Japan,JP,YouTube watch page,Louis Weisz,OMrUmOTPD_AnSivjxptxpA,1,2,0.7
2017-09-22,Latvia,LV,YouTube watch page,Louis Weisz,OMrUmOTPD_AnSivjxptxpA,5,5,1.0
2017-09-22,Latvia,LV,YouTube channel page,Louis Weisz,OMrUmOTPD_AnSivjxptxpA,2,1,1.6
2017-09-22,Mexico,MX,YouTube watch page,Louis Weisz,OMrUmOTPD_AnSivjxptxpA,6,3,1.8
2017-09-22,Philippines,PH,YouTube watch page,Louis Weisz,OMrUmOTPD_AnSivjxptxpA,4,1,4.0
2017-09-22,Pakistan,PK,YouTube channel page,Louis Weisz,OMrUmOTPD_AnSivjxptxpA,1,1,0.7
2017-09-22,Russia,RU,YouTube watch page,Louis Weisz,OMrUmOTPD_AnSivjxptxpA,2,1,2.0
2017-09-22,United States,US,YouTube watch page,Louis Weisz,OMrUmOTPD_AnSivjxptxpA,98,35,2.8
2017-09-22,United States,US,YouTube channel page,Louis Weisz,OMrUmOTPD_AnSivjxptxpA,3,2,1.5
2017-09-23,Australia,AU,YouTube watch page,Louis Weisz,OMrUmOTPD_AnSivjxptxpA,36,11,3.3
2017-09-23,Belgium,BE,YouTube watch page,Louis Weisz,OMrUmOTPD_AnSivjxptxpA,10,2,5.0
2017-09-23,Belgium,BE,YouTube channel page,Louis Weisz,OMrUmOTPD_AnSivjxptxpA,4,1,3.6
2017-09-23,Canada,CA,YouTube watch page,Louis Weisz,OMrUmOTPD_AnSivjxptxpA,4,3,1.4
2017-09-23,Germany,DE,YouTube watch page,Louis Weisz,OMrUmOTPD_AnSivjxptxpA,33,12,2.8
2017-09-23,Germany,DE,Embedded in external websites and apps,Louis Weisz,OMrUmOTPD_AnSivjxptxpA,4,1,3.5
2017-09-23,Germany,DE,YouTube channel page,Louis Weisz,OMrUmOTPD_AnSivjxptxpA,0,1,0.3
2017-09-23,United Kingdom,GB,YouTube watch page,Louis Weisz,OMrUmOTPD_AnSivjxptxpA,36,10,3.6
2017-09-23,United Kingdom,GB,Embedded in external websites and apps,Louis Weisz,OMrUmOTPD_AnSivjxptxpA,1,1,1.4
2017-09-23,Indonesia,ID,YouTube watch page,Louis Weisz,OMrUmOTPD_AnSivjxptxpA,4,1,3.9
2017-09-23,India,IN,YouTube watch page,Louis Weisz,OMrUmOTPD_AnSivjxptxpA,0,1,0.4
2017-09-23,Jersey,JE,YouTube watch page,Louis Weisz,OMrUmOTPD_AnSivjxptxpA,1,1,1.1
2017-09-23,Jersey,JE,YouTube channel page,Louis Weisz,OMrUmOTPD_AnSivjxptxpA,3,1,3.5
2017-09-23,Japan,JP,YouTube watch page,Louis Weisz,OMrUmOTPD_AnSivjxptxpA,11,7,1.6
2017-09-23,Japan,JP,Embedded in external websites and apps,Louis Weisz,OMrUmOTPD_AnSivjxptxpA,1,1,0.5
2017-09-23,Kyrgyzstan,KG,YouTube watch page,Louis Weisz,OMrUmOTPD_AnSivjxptxpA,1,1,0.6
2017-09-23,Lithuania,LT,YouTube channel page,Louis Weisz,OMrUmOTPD_AnSivjxptxpA,0,1,0.5
2017-09-23,Luxembourg,LU,YouTube channel page,Louis Weisz,OMrUmOTPD_AnSivjxptxpA,0,1,0.3
2017-09-23,Mexico,MX,YouTube watch page,Louis Weisz,OMrUmOTPD_AnSivjxptxpA,17,4,4.2
2017-09-23,Netherlands,NL,YouTube watch page,Louis Weisz,OMrUmOTPD_AnSivjxptxpA,2,2,0.8
2017-09-23,Netherlands,NL,YouTube channel page,Louis Weisz,OMrUmOTPD_AnSivjxptxpA,1,1,0.6
2017-09-23,Philippines,PH,YouTube watch page,Louis Weisz,OMrUmOTPD_AnSivjxptxpA,4,1,4.3
2017-09-23,Poland,PL,YouTube watch page,Louis Weisz,OMrUmOTPD_AnSivjxptxpA,1,1,1.4
2017-09-23,Sweden,SE,YouTube watch page,Louis Weisz,OMrUmOTPD_AnSivjxptxpA,4,1,4.0
2017-09-23,Slovakia,SK,YouTube watch page,Louis Weisz,OMrUmOTPD_AnSivjxptxpA,0,1,0.3
2017-09-23,United States,US,YouTube watch page,Louis Weisz,OMrUmOTPD_AnSivjxptxpA,131,48,2.7
2017-09-23,United States,US,Embedded in external websites and apps,Louis Weisz,OMrUmOTPD_AnSivjxptxpA,0,1,0.1
2017-09-23,United States,US,YouTube channel page,Louis Weisz,OMrUmOTPD_AnSivjxptxpA,16,6,2.7
2017-09-24,Australia,AU,YouTube watch page,Louis Weisz,OMrUmOTPD_AnSivjxptxpA,25,10,2.5
2017-09-24,Australia,AU,Embedded in external websites and apps,Louis Weisz,OMrUmOTPD_AnSivjxptxpA,0,2,0.0
2017-09-24,Belgium,BE,YouTube watch page,Louis Weisz,OMrUmOTPD_AnSivjxptxpA,6,4,1.5
2017-09-24,Brazil,BR,YouTube watch page,Louis Weisz,OMrUmOTPD_AnSivjxptxpA,0,1,0.2
2017-09-24,Brazil,BR,Embedded in external websites and apps,Louis Weisz,OMrUmOTPD_AnSivjxptxpA,1,1,0.8
2017-09-24,Canada,CA,YouTube watch page,Louis Weisz,OMrUmOTPD_AnSivjxptxpA,5,3,1.7
2017-09-24,Czechia,CZ,YouTube watch page,Louis Weisz,OMrUmOTPD_AnSivjxptxpA,18,5,3.6
2017-09-24,Germany,DE,YouTube watch page,Louis Weisz,OMrUmOTPD_AnSivjxptxpA,12,4,2.9
2017-09-24,Germany,DE,YouTube channel page,Louis Weisz,OMrUmOTPD_AnSivjxptxpA,3,1,3.1
2017-09-24,Finland,FI,YouTube watch page,Louis Weisz,OMrUmOTPD_AnSivjxptxpA,29,7,4.2
2017-09-24,Finland,FI,YouTube channel page,Louis Weisz,OMrUmOTPD_AnSivjxptxpA,1,1,0.6
2017-09-24,France,FR,YouTube watch page,Louis Weisz,OMrUmOTPD_AnSivjxptxpA,1,1,0.8
2017-09-24,Hungary,HU,YouTube watch page,Louis Weisz,OMrUmOTPD_AnSivjxptxpA,7,3,2.3
2017-09-24,Indonesia,ID,YouTube watch page,Louis Weisz,OMrUmOTPD_AnSivjxptxpA,3,1,3.2
2017-09-24,Ireland,IE,YouTube watch page,Louis Weisz,OMrUmOTPD_AnSivjxptxpA,3,1,3.4
2017-09-24,India,IN,YouTube watch page,Louis Weisz,OMrUmOTPD_AnSivjxptxpA,3,4,0.6
2017-09-24,Japan,JP,YouTube watch page,Louis Weisz,OMrUmOTPD_AnSivjxptxpA,0,1,0.1
2017-09-24,Lithuania,LT,YouTube watch page,Louis Weisz,OMrUmOTPD_AnSivjxptxpA,5,4,1.1
2017-09-24,Mexico,MX,YouTube watch page,Louis Weisz,OMrUmOTPD_AnSivjxptxpA,3,1,3.0
2017-09-24,Netherlands,NL,YouTube watch page,Louis Weisz,OMrUmOTPD_AnSivjxptxpA,4,1,4.2
2017-09-24,Netherlands,NL,Embedded in external websites and apps,Louis Weisz,OMrUmOTPD_AnSivjxptxpA,2,1,2.1
2017-09-24,Philippines,PH,YouTube watch page,Louis Weisz,OMrUmOTPD_AnSivjxptxpA,1,1,0.8
2017-09-24,Poland,PL,YouTube channel page,Louis Weisz,OMrUmOTPD_AnSivjxptxpA,0,1,0.2
2017-09-24,Saudi Arabia,SA,YouTube watch page,Louis Weisz,OMrUmOTPD_AnSivjxptxpA,0,1,0.3
2017-09-24,Sweden,SE,YouTube watch page,Louis Weisz,OMrUmOTPD_AnSivjxptxpA,16,6,2.7
2017-09-24,Sweden,SE,YouTube channel page,Louis Weisz,OMrUmOTPD_AnSivjxptxpA,3,2,1.3
2017-09-24,Singapore,SG,YouTube watch page,Louis Weisz,OMrUmOTPD_AnSivjxptxpA,3,2,1.6
2017-09-24,Tanzania,TZ,YouTube watch page,Louis Weisz,OMrUmOTPD_AnSivjxptxpA,0,1,0.5
2017-09-24,United States,US,YouTube watch page,Louis Weisz,OMrUmOTPD_AnSivjxptxpA,117,59,2.0
2017-09-24,United States,US,Embedded in external websites and apps,Louis Weisz,OMrUmOTPD_AnSivjxptxpA,3,3,1.0
2017-09-24,Uzbekistan,UZ,YouTube watch page,Louis Weisz,OMrUmOTPD_AnSivjxptxpA,1,1,1.0
2017-09-24,Venezuela,VE,YouTube watch page,Louis Weisz,OMrUmOTPD_AnSivjxptxpA,0,2,0.2
2017-09-25,Australia,AU,YouTube watch page,Louis Weisz,OMrUmOTPD_AnSivjxptxpA,8,6,1.4
2017-09-25,Australia,AU,Embedded in external websites and apps,Louis Weisz,OMrUmOTPD_AnSivjxptxpA,0,2,0.1
2017-09-25,Bermuda,BM,YouTube watch page,Louis Weisz,OMrUmOTPD_AnSivjxptxpA,0,1,0.2
2017-09-25,Brazil,BR,YouTube watch page,Louis Weisz,OMrUmOTPD_AnSivjxptxpA,2,1,2.1
2017-09-25,Canada,CA,YouTube watch page,Louis Weisz,OMrUmOTPD_AnSivjxptxpA,32,11,2.9
2017-09-25,Canada,CA,YouTube channel page,Louis Weisz,OMrUmOTPD_AnSivjxptxpA,0,1,0.3
2017-09-25,France,FR,YouTube watch page,Louis Weisz,OMrUmOTPD_AnSivjxptxpA,5,2,2.4
2017-09-25,United Kingdom,GB,YouTube watch page,Louis Weisz,OMrUmOTPD_AnSivjxptxpA,9,3,3.0
2017-09-25,United Kingdom,GB,YouTube channel page,Louis Weisz,OMrUmOTPD_AnSivjxptxpA,1,1,0.5
2017-09-25,India,IN,YouTube watch page,Louis Weisz,OMrUmOTPD_AnSivjxptxpA,5,3,1.7
2017-09-25,Mauritius,MU,YouTube watch page,Louis Weisz,OMrUmOTPD_AnSivjxptxpA,1,1,0.8
2017-09-25,Netherlands,NL,YouTube watch page,Louis Weisz,OMrUmOTPD_AnSivjxptxpA,4,3,1.5
2017-09-25,New Zealand,NZ,YouTube watch page,Louis Weisz,OMrUmOTPD_AnSivjxptxpA,13,4,3.2
2017-09-25,Russia,RU,YouTube watch page,Louis Weisz,OMrUmOTPD_AnSivjxptxpA,0,1,0.0
2017-09-25,Sweden,SE,YouTube watch page,Louis Weisz,OMrUmOTPD_AnSivjxptxpA,6,1,5.7
2017-09-25,Sweden,SE,YouTube channel page,Louis Weisz,OMrUmOTPD_AnSivjxptxpA,4,1,3.6
2017-09-25,Turkey,TR,YouTube watch page,Louis Weisz,OMrUmOTPD_AnSivjxptxpA,0,1,0.0
2017-09-25,United States,US,YouTube watch page,Louis Weisz,OMrUmOTPD_AnSivjxptxpA,94,48,1.9
2017-09-25,United States,US,Embedded in external websites and apps,Louis Weisz,OMrUmOTPD_AnSivjxptxpA,9,4,2.2
2017-09-25,United States,US,YouTube channel page,Louis Weisz,OMrUmOTPD_AnSivjxptxpA,0,1,0.2
2017-09-25,South Africa,ZA,YouTube watch page,Louis Weisz,OMrUmOTPD_AnSivjxptxpA,0,1,0.0
2017-09-26,Australia,AU,Embedded in external websites and apps,Louis Weisz,OMrUmOTPD_AnSivjxptxpA,0,4,0.0
2017-09-26,Brazil,BR,YouTube watch page,Louis Weisz,OMrUmOTPD_AnSivjxptxpA,0,1,0.3
2017-09-26,Canada,CA,YouTube watch page,Louis Weisz,OMrUmOTPD_AnSivjxptxpA,16,8,2.0
2017-09-26,Germany,DE,YouTube watch page,Louis Weisz,OMrUmOTPD_AnSivjxptxpA,12,2,6.1
2017-09-26,Germany,DE,Embedded in external websites and apps,Louis Weisz,OMrUmOTPD_AnSivjxptxpA,0,1,0.3
2017-09-26,Germany,DE,YouTube channel page,Louis Weisz,OMrUmOTPD_AnSivjxptxpA,2,1,1.9
2017-09-26,United Kingdom,GB,YouTube watch page,Louis Weisz,OMrUmOTPD_AnSivjxptxpA,16,6,2.7
2017-09-26,Hungary,HU,YouTube watch page,Louis Weisz,OMrUmOTPD_AnSivjxptxpA,4,4,1.1
2017-09-26,Ireland,IE,YouTube watch page,Louis Weisz,OMrUmOTPD_AnSivjxptxpA,20,5,4.0
2017-09-26,Ireland,IE,YouTube channel page,Louis Weisz,OMrUmOTPD_AnSivjxptxpA,3,1,2.6
2017-09-26,India,IN,YouTube watch page,Louis Weisz,OMrUmOTPD_AnSivjxptxpA,5,2,2.5
2017-09-26,Japan,JP,YouTube watch page,Louis Weisz,OMrUmOTPD_AnSivjxptxpA,0,1,0.1
2017-09-26,Kuwait,KW,YouTube watch page,Louis Weisz,OMrUmOTPD_AnSivjxptxpA,0,1,0.2
2017-09-26,Mexico,MX,Embedded in external websites and apps,Louis Weisz,OMrUmOTPD_AnSivjxptxpA,1,1,0.8
2017-09-26,Norway,NO,YouTube channel page,Louis Weisz,OMrUmOTPD_AnSivjxptxpA,1,1,0.7
2017-09-26,New Zealand,NZ,YouTube watch page,Louis Weisz,OMrUmOTPD_AnSivjxptxpA,5,2,2.3
2017-09-26,Pakistan,PK,YouTube watch page,Louis Weisz,OMrUmOTPD_AnSivjxptxpA,7,2,3.5
2017-09-26,Serbia,RS,YouTube watch page,Louis Weisz,OMrUmOTPD_AnSivjxptxpA,4,1,3.9
2017-09-26,Thailand,TH,YouTube watch page,Louis Weisz,OMrUmOTPD_AnSivjxptxpA,3,1,3.0
2017-09-26,United States,US,YouTube watch page,Louis Weisz,OMrUmOTPD_AnSivjxptxpA,123,51,2.4
2017-09-26,United States,US,Embedded in external websites and apps,Louis Weisz,OMrUmOTPD_AnSivjxptxpA,7,1,7.2
2017-09-26,United States,US,YouTube channel page,Louis Weisz,OMrUmOTPD_AnSivjxptxpA,7,3,2.5
2017-09-27,Austria,AT,YouTube watch page,Louis Weisz,OMrUmOTPD_AnSivjxptxpA,3,1,2.8
2017-09-27,Austria,AT,YouTube channel page,Louis Weisz,OMrUmOTPD_AnSivjxptxpA,0,1,0.5
2017-09-27,Australia,AU,Embedded in external websites and apps,Louis Weisz,OMrUmOTPD_AnSivjxptxpA,0,4,0.0
2017-09-27,Belgium,BE,YouTube watch page,Louis Weisz,OMrUmOTPD_AnSivjxptxpA,4,2,2.1
2017-09-27,Brazil,BR,YouTube watch page,Louis Weisz,OMrUmOTPD_AnSivjxptxpA,0,1,0.1
2017-09-27,Canada,CA,YouTube watch page,Louis Weisz,OMrUmOTPD_AnSivjxptxpA,14,5,2.7
2017-09-27,Canada,CA,YouTube channel page,Louis Weisz,OMrUmOTPD_AnSivjxptxpA,2,2,1.0
2017-09-27,Germany,DE,YouTube watch page,Louis Weisz,OMrUmOTPD_AnSivjxptxpA,5,6,0.8
2017-09-27,France,FR,YouTube watch page,Louis Weisz,OMrUmOTPD_AnSivjxptxpA,1,1,0.8
2017-09-27,United Kingdom,GB,YouTube watch page,Louis Weisz,OMrUmOTPD_AnSivjxptxpA,29,13,2.2
2017-09-27,United Kingdom,GB,YouTube channel page,Louis Weisz,OMrUmOTPD_AnSivjxptxpA,6,3,2.0
2017-09-27,Hong Kong,HK,YouTube watch page,Louis Weisz,OMrUmOTPD_AnSivjxptxpA,3,1,3.1
2017-09-27,Croatia,HR,YouTube watch page,Louis Weisz,OMrUmOTPD_AnSivjxptxpA,0,1,0.1
2017-09-27,India,IN,YouTube watch page,Louis Weisz,OMrUmOTPD_AnSivjxptxpA,7,3,2.2
2017-09-27,Japan,JP,YouTube watch page,Louis Weisz,OMrUmOTPD_AnSivjxptxpA,0,1,0.2
2017-09-27,Lithuania,LT,YouTube watch page,Louis Weisz,OMrUmOTPD_AnSivjxptxpA,1,1,1.2
2017-09-27,Mexico,MX,YouTube watch page,Louis Weisz,OMrUmOTPD_AnSivjxptxpA,4,1,4.3
2017-09-27,Netherlands,NL,YouTube watch page,Louis Weisz,OMrUmOTPD_AnSivjxptxpA,3,1,2.9
2017-09-27,Netherlands,NL,Embedded in external websites and apps,Louis Weisz,OMrUmOTPD_AnSivjxptxpA,0,1,0.3
2017-09-27,Saudi Arabia,SA,YouTube watch page,Louis Weisz,OMrUmOTPD_AnSivjxptxpA,5,2,2.3
2017-09-27,Sweden,SE,YouTube watch page,Louis Weisz,OMrUmOTPD_AnSivjxptxpA,15,4,3.8
2017-09-27,Sweden,SE,YouTube channel page,Louis Weisz,OMrUmOTPD_AnSivjxptxpA,0,1,0.4
2017-09-27,Turkey,TR,YouTube watch page,Louis Weisz,OMrUmOTPD_AnSivjxptxpA,2,1,1.7
2017-09-27,United States,US,YouTube watch page,Louis Weisz,OMrUmOTPD_AnSivjxptxpA,118,40,2.9
2017-09-27,United States,US,Embedded in external websites and apps,Louis Weisz,OMrUmOTPD_AnSivjxptxpA,2,1,2.4
2017-09-27,United States,US,YouTube channel page,Louis Weisz,OMrUmOTPD_AnSivjxptxpA,2,5,0.3
2017-09-28,Austria,AT,YouTube watch page,Louis Weisz,OMrUmOTPD_AnSivjxptxpA,0,1,0.0
2017-09-28,Austria,AT,YouTube channel page,Louis Weisz,OMrUmOTPD_AnSivjxptxpA,3,1,3.2
2017-09-28,Australia,AU,YouTube watch page,Louis Weisz,OMrUmOTPD_AnSivjxptxpA,1,1,1.1
2017-09-28,Bulgaria,BG,YouTube channel page,Louis Weisz,OMrUmOTPD_AnSivjxptxpA,2,1,1.8
2017-09-28,Brazil,BR,YouTube watch page,Louis Weisz,OMrUmOTPD_AnSivjxptxpA,5,1,4.9
2017-09-28,Canada,CA,YouTube watch page,Louis Weisz,OMrUmOTPD_AnSivjxptxpA,10,3,3.4
2017-09-28,Germany,DE,YouTube watch page,Louis Weisz,OMrUmOTPD_AnSivjxptxpA,3,2,1.7
2017-09-28,United Kingdom,GB,YouTube watch page,Louis Weisz,OMrUmOTPD_AnSivjxptxpA,6,5,1.2
2017-09-28,Indonesia,ID,YouTube watch page,Louis Weisz,OMrUmOTPD_AnSivjxptxpA,3,1,2.8
2017-09-28,Ireland,IE,YouTube watch page,Louis Weisz,OMrUmOTPD_AnSivjxptxpA,23,5,4.7
2017-09-28,India,IN,YouTube watch page,Louis Weisz,OMrUmOTPD_AnSivjxptxpA,6,6,1.1
2017-09-28,Italy,IT,YouTube watch page,Louis Weisz,OMrUmOTPD_AnSivjxptxpA,3,1,3.3
2017-09-28,Japan,JP,YouTube watch page,Louis Weisz,OMrUmOTPD_AnSivjxptxpA,4,1,3.7
2017-09-28,Cambodia,KH,YouTube watch page,Louis Weisz,OMrUmOTPD_AnSivjxptxpA,1,1,1.0
2017-09-28,Netherlands,NL,YouTube watch page,Louis Weisz,OMrUmOTPD_AnSivjxptxpA,8,6,1.4
2017-09-28,Netherlands,NL,YouTube channel page,Louis Weisz,OMrUmOTPD_AnSivjxptxpA,2,1,2.3
2017-09-28,Philippines,PH,Embedded in external websites and apps,Louis Weisz,OMrUmOTPD_AnSivjxptxpA,1,1,0.8
2017-09-28,Pakistan,PK,YouTube watch page,Louis Weisz,OMrUmOTPD_AnSivjxptxpA,1,2,0.3
2017-09-28,Poland,PL,YouTube watch page,Louis Weisz,OMrUmOTPD_AnSivjxptxpA,16,5,3.1
2017-09-28,Portugal,PT,YouTube watch page,Louis Weisz,OMrUmOTPD_AnSivjxptxpA,16,5,3.3
2017-09-28,Portugal,PT,YouTube channel page,Louis Weisz,OMrUmOTPD_AnSivjxptxpA,0,2,0.2
2017-09-28,Singapore,SG,YouTube watch page,Louis Weisz,OMrUmOTPD_AnSivjxptxpA,3,2,1.5
2017-09-28,Turkey,TR,YouTube watch page,Louis Weisz,OMrUmOTPD_AnSivjxptxpA,0,1,0.1
2017-09-28,United States,US,YouTube watch page,Louis Weisz,OMrUmOTPD_AnSivjxptxpA,108,36,3.0
2017-09-28,United States,US,Embedded in external websites and apps,Louis Weisz,OMrUmOTPD_AnSivjxptxpA,13,2,6.6
2017-09-28,United States,US,YouTube channel page,Louis Weisz,OMrUmOTPD_AnSivjxptxpA,1,3,0.4
2017-09-29,Angola,AO,YouTube watch page,Louis Weisz,OMrUmOTPD_AnSivjxptxpA,1,1,0.7
2017-09-29,Australia,AU,YouTube watch page,Louis Weisz,OMrUmOTPD_AnSivjxptxpA,11,3,3.6
2017-09-29,Australia,AU,Embedded in external websites and apps,Louis Weisz,OMrUmOTPD_AnSivjxptxpA,0,2,0.0
2017-09-29,Australia,AU,YouTube channel page,Louis Weisz,OMrUmOTPD_AnSivjxptxpA,0,1,0.3
2017-09-29,Canada,CA,YouTube watch page,Louis Weisz,OMrUmOTPD_AnSivjxptxpA,11,3,3.5
2017-09-29,Canada,CA,Embedded in external websites and apps,Louis Weisz,OMrUmOTPD_AnSivjxptxpA,0,1,0.1
2017-09-29,Canada,CA,YouTube channel page,Louis Weisz,OMrUmOTPD_AnSivjxptxpA,4,1,3.5
2017-09-29,Switzerland,CH,YouTube watch page,Louis Weisz,OMrUmOTPD_AnSivjxptxpA,6,1,5.8
2017-09-29,Switzerland,CH,YouTube channel page,Louis Weisz,OMrUmOTPD_AnSivjxptxpA,0,1,0.3
2017-09-29,Germany,DE,YouTube watch page,Louis Weisz,OMrUmOTPD_AnSivjxptxpA,11,3,3.8
2017-09-29,Germany,DE,YouTube channel page,Louis Weisz,OMrUmOTPD_AnSivjxptxpA,3,1,3.2
2017-09-29,United Kingdom,GB,YouTube watch page,Louis Weisz,OMrUmOTPD_AnSivjxptxpA,14,4,3.6
2017-09-29,United Kingdom,GB,YouTube channel page,Louis Weisz,OMrUmOTPD_AnSivjxptxpA,4,3,1.3
2017-09-29,Hungary,HU,YouTube watch page,Louis Weisz,OMrUmOTPD_AnSivjxptxpA,1,1,0.6
2017-09-29,Israel,IL,YouTube watch page,Louis Weisz,OMrUmOTPD_AnSivjxptxpA,4,2,2.0
2017-09-29,India,IN,YouTube watch page,Louis Weisz,OMrUmOTPD_AnSivjxptxpA,0,2,0.1
2017-09-29,Kazakhstan,KZ,YouTube watch page,Louis Weisz,OMrUmOTPD_AnSivjxptxpA,0,1,0.1
2017-09-29,Mexico,MX,YouTube watch page,Louis Weisz,OMrUmOTPD_AnSivjxptxpA,1,1,0.9
2017-09-29,Netherlands,NL,YouTube watch page,Louis Weisz,OMrUmOTPD_AnSivjxptxpA,0,1,0.4
2017-09-29,Netherlands,NL,YouTube channel page,Louis Weisz,OMrUmOTPD_AnSivjxptxpA,1,1,1.0
2017-09-29,Peru,PE,YouTube watch page,Louis Weisz,OMrUmOTPD_AnSivjxptxpA,1,1,0.5
2017-09-29,Serbia,RS,YouTube watch page,Louis Weisz,OMrUmOTPD_AnSivjxptxpA,7,2,3.6
2017-09-29,Sweden,SE,YouTube watch page,Louis Weisz,OMrUmOTPD_AnSivjxptxpA,4,1,4.3
2017-09-29,El Salvador,SV,YouTube watch page,Louis Weisz,OMrUmOTPD_AnSivjxptxpA,2,1,1.8
2017-09-29,United States,US,YouTube watch page,Louis Weisz,OMrUmOTPD_AnSivjxptxpA,94,38,2.5
2017-09-29,United States,US,YouTube channel page,Louis Weisz,OMrUmOTPD_AnSivjxptxpA,6,5,1.3
2017-09-30,Austria,AT,YouTube watch page,Louis Weisz,OMrUmOTPD_AnSivjxptxpA,8,2,3.9
2017-09-30,Australia,AU,YouTube watch page,Louis Weisz,OMrUmOTPD_AnSivjxptxpA,28,7,4.0
2017-09-30,Canada,CA,YouTube watch page,Louis Weisz,OMrUmOTPD_AnSivjxptxpA,3,5,0.5
2017-09-30,Canada,CA,YouTube channel page,Louis Weisz,OMrUmOTPD_AnSivjxptxpA,0,1,0.3
2017-09-30,Switzerland,CH,YouTube watch page,Louis Weisz,OMrUmOTPD_AnSivjxptxpA,6,1,6.1
2017-09-30,Germany,DE,YouTube watch page,Louis Weisz,OMrUmOTPD_AnSivjxptxpA,8,6,1.3
2017-09-30,Germany,DE,YouTube channel page,Louis Weisz,OMrUmOTPD_AnSivjxptxpA,5,2,2.7
2017-09-30,France,FR,YouTube watch page,Louis Weisz,OMrUmOTPD_AnSivjxptxpA,2,1,1.8
2017-09-30,United Kingdom,GB,YouTube watch page,Louis Weisz,OMrUmOTPD_AnSivjxptxpA,32,10,3.2
2017-09-30,United Kingdom,GB,YouTube channel page,Louis Weisz,OMrUmOTPD_AnSivjxptxpA,4,2,1.9
2017-09-30,Indonesia,ID,YouTube watch page,Louis Weisz,OMrUmOTPD_AnSivjxptxpA,4,9,0.4
2017-09-30,Israel,IL,YouTube watch page,Louis Weisz,OMrUmOTPD_AnSivjxptxpA,3,1,2.8
2017-09-30,India,IN,YouTube watch page,Louis Weisz,OMrUmOTPD_AnSivjxptxpA,5,3,1.6
2017-09-30,Japan,JP,YouTube watch page,Louis Weisz,OMrUmOTPD_AnSivjxptxpA,4,3,1.2
2017-09-30,Mexico,MX,Embedded in external websites and apps,Louis Weisz,OMrUmOTPD_AnSivjxptxpA,7,1,7.1
2017-09-30,Romania,RO,YouTube watch page,Louis Weisz,OMrUmOTPD_AnSivjxptxpA,4,2,2.1
2017-09-30,Thailand,TH,YouTube watch page,Louis Weisz,OMrUmOTPD_AnSivjxptxpA,3,1,3.2
2017-09-30,Turkey,TR,YouTube watch page,Louis Weisz,OMrUmOTPD_AnSivjxptxpA,0,1,0.1
2017-09-30,Trinidad & Tobago,TT,YouTube watch page,Louis Weisz,OMrUmOTPD_AnSivjxptxpA,15,5,3.0
2017-09-30,United States,US,YouTube watch page,Louis Weisz,OMrUmOTPD_AnSivjxptxpA,120,49,2.4
2017-09-30,United States,US,Embedded in external websites and apps,Louis Weisz,OMrUmOTPD_AnSivjxptxpA,2,1,1.6
2017-09-30,United States,US,YouTube channel page,Louis Weisz,OMrUmOTPD_AnSivjxptxpA,0,1,0.3
2017-10-01,Austria,AT,YouTube watch page,Louis Weisz,OMrUmOTPD_AnSivjxptxpA,14,3,4.6
2017-10-01,Australia,AU,YouTube watch page,Louis Weisz,OMrUmOTPD_AnSivjxptxpA,3,4,0.9
2017-10-01,Brazil,BR,YouTube watch page,Louis Weisz,OMrUmOTPD_AnSivjxptxpA,2,1,1.5
2017-10-01,Canada,CA,YouTube watch page,Louis Weisz,OMrUmOTPD_AnSivjxptxpA,6,1,5.9
2017-10-01,Switzerland,CH,YouTube watch page,Louis Weisz,OMrUmOTPD_AnSivjxptxpA,1,2,0.7
2017-10-01,Germany,DE,YouTube watch page,Louis Weisz,OMrUmOTPD_AnSivjxptxpA,6,5,1.2
2017-10-01,Germany,DE,Embedded in external websites and apps,Louis Weisz,OMrUmOTPD_AnSivjxptxpA,2,1,2.4
2017-10-01,France,FR,Embedded in external websites and apps,Louis Weisz,OMrUmOTPD_AnSivjxptxpA,2,1,1.8
2017-10-01,United Kingdom,GB,YouTube watch page,Louis Weisz,OMrUmOTPD_AnSivjxptxpA,7,3,2.5
2017-10-01,Guatemala,GT,Embedded in external websites and apps,Louis Weisz,OMrUmOTPD_AnSivjxptxpA,0,1,0.1
2017-10-01,India,IN,YouTube watch page,Louis Weisz,OMrUmOTPD_AnSivjxptxpA,1,1,0.9
2017-10-01,Italy,IT,YouTube watch page,Louis Weisz,OMrUmOTPD_AnSivjxptxpA,32,7,4.6
2017-10-01,Japan,JP,YouTube watch page,Louis Weisz,OMrUmOTPD_AnSivjxptxpA,2,1,1.7
2017-10-01,Mexico,MX,YouTube watch page,Louis Weisz,OMrUmOTPD_AnSivjxptxpA,3,1,3.4
2017-10-01,Netherlands,NL,YouTube watch page,Louis Weisz,OMrUmOTPD_AnSivjxptxpA,8,4,1.9
2017-10-01,Norway,NO,YouTube watch page,Louis Weisz,OMrUmOTPD_AnSivjxptxpA,15,4,3.9
2017-10-01,New Zealand,NZ,YouTube watch page,Louis Weisz,OMrUmOTPD_AnSivjxptxpA,4,1,4.2
2017-10-01,Poland,PL,YouTube watch page,Louis Weisz,OMrUmOTPD_AnSivjxptxpA,2,2,0.9
2017-10-01,Tanzania,TZ,YouTube watch page,Louis Weisz,OMrUmOTPD_AnSivjxptxpA,0,1,0.1
2017-10-01,United States,US,YouTube watch page,Louis Weisz,OMrUmOTPD_AnSivjxptxpA,161,59,2.7
2017-10-01,United States,US,Embedded in external websites and apps,Louis Weisz,OMrUmOTPD_AnSivjxptxpA,0,1,0.2
2017-10-01,United States,US,YouTube channel page,Louis Weisz,OMrUmOTPD_AnSivjxptxpA,7,6,1.2
2017-10-02,Australia,AU,YouTube watch page,Louis Weisz,OMrUmOTPD_AnSivjxptxpA,0,1,0.3
2017-10-02,Australia,AU,YouTube channel page,Louis Weisz,OMrUmOTPD_AnSivjxptxpA,2,1,1.6
2017-10-02,Canada,CA,YouTube channel page,Louis Weisz,OMrUmOTPD_AnSivjxptxpA,1,1,1.1
2017-10-02,Switzerland,CH,YouTube watch page,Louis Weisz,OMrUmOTPD_AnSivjxptxpA,5,1,4.7
2017-10-02,Costa Rica,CR,YouTube watch page,Louis Weisz,OMrUmOTPD_AnSivjxptxpA,0,1,0.2
2017-10-02,Czechia,CZ,YouTube watch page,Louis Weisz,OMrUmOTPD_AnSivjxptxpA,0,1,0.1
2017-10-02,Germany,DE,YouTube watch page,Louis Weisz,OMrUmOTPD_AnSivjxptxpA,22,8,2.7
2017-10-02,France,FR,YouTube watch page,Louis Weisz,OMrUmOTPD_AnSivjxptxpA,1,1,1.2
2017-10-02,United Kingdom,GB,YouTube watch page,Louis Weisz,OMrUmOTPD_AnSivjxptxpA,17,6,2.9
2017-10-02,Indonesia,ID,YouTube watch page,Louis Weisz,OMrUmOTPD_AnSivjxptxpA,0,1,0.3
2017-10-02,India,IN,YouTube watch page,Louis Weisz,OMrUmOTPD_AnSivjxptxpA,4,1,3.6
2017-10-02,Liechtenstein,LI,YouTube watch page,Louis Weisz,OMrUmOTPD_AnSivjxptxpA,6,1,6.1
2017-10-02,Liechtenstein,LI,YouTube channel page,Louis Weisz,OMrUmOTPD_AnSivjxptxpA,0,1,0.2
2017-10-02,Mexico,MX,YouTube watch page,Louis Weisz,OMrUmOTPD_AnSivjxptxpA,2,1,2.4
2017-10-02,Netherlands,NL,YouTube channel page,Louis Weisz,OMrUmOTPD_AnSivjxptxpA,4,1,3.7
2017-10-02,Poland,PL,YouTube watch page,Louis Weisz,OMrUmOTPD_AnSivjxptxpA,1,3,0.5
2017-10-02,Sweden,SE,YouTube watch page,Louis Weisz,OMrUmOTPD_AnSivjxptxpA,6,3,2.1
2017-10-02,Sweden,SE,YouTube channel page,Louis Weisz,OMrUmOTPD_AnSivjxptxpA,0,2,0.2
2017-10-02,Slovenia,SI,YouTube channel page,Louis Weisz,OMrUmOTPD_AnSivjxptxpA,2,1,2.1
2017-10-02,United States,US,YouTube watch page,Louis Weisz,OMrUmOTPD_AnSivjxptxpA,112,42,2.7
2017-10-02,United States,US,Embedded in external websites and apps,Louis Weisz,OMrUmOTPD_AnSivjxptxpA,1,1,0.8
2017-10-02,United States,US,YouTube channel page,Louis Weisz,OMrUmOTPD_AnSivjxptxpA,15,10,1.5
2017-10-03,Australia,AU,YouTube watch page,Louis Weisz,OMrUmOTPD_AnSivjxptxpA,10,4,2.6
2017-10-03,Canada,CA,YouTube watch page,Louis Weisz,OMrUmOTPD_AnSivjxptxpA,24,10,2.4
2017-10-03,Canada,CA,YouTube channel page,Louis Weisz,OMrUmOTPD_AnSivjxptxpA,1,2,0.4
2017-10-03,Switzerland,CH,YouTube watch page,Louis Weisz,OMrUmOTPD_AnSivjxptxpA,3,1,3.2
2017-10-03,Costa Rica,CR,YouTube watch page,Louis Weisz,OMrUmOTPD_AnSivjxptxpA,3,1,3.3
2017-10-03,Germany,DE,YouTube watch page,Louis Weisz,OMrUmOTPD_AnSivjxptxpA,2,1,2.1
2017-10-03,Germany,DE,YouTube channel page,Louis Weisz,OMrUmOTPD_AnSivjxptxpA,0,1,0.3
2017-10-03,Spain,ES,YouTube watch page,Louis Weisz,OMrUmOTPD_AnSivjxptxpA,8,4,2.0
2017-10-03,France,FR,Embedded in external websites and apps,Louis Weisz,OMrUmOTPD_AnSivjxptxpA,1,1,0.5
2017-10-03,United Kingdom,GB,YouTube watch page,Louis Weisz,OMrUmOTPD_AnSivjxptxpA,21,9,2.4
2017-10-03,Georgia,GE,YouTube watch page,Louis Weisz,OMrUmOTPD_AnSivjxptxpA,0,1,0.1
2017-10-03,Greece,GR,YouTube watch page,Louis Weisz,OMrUmOTPD_AnSivjxptxpA,2,1,2.4
2017-10-03,Indonesia,ID,YouTube watch page,Louis Weisz,OMrUmOTPD_AnSivjxptxpA,4,1,3.8
2017-10-03,Italy,IT,YouTube watch page,Louis Weisz,OMrUmOTPD_AnSivjxptxpA,2,1,2.2
2017-10-03,Northern Mariana Islands,MP,YouTube watch page,Louis Weisz,OMrUmOTPD_AnSivjxptxpA,6,5,1.2
2017-10-03,Mexico,MX,YouTube watch page,Louis Weisz,OMrUmOTPD_AnSivjxptxpA,1,1,0.7
2017-10-03,Netherlands,NL,YouTube watch page,Louis Weisz,OMrUmOTPD_AnSivjxptxpA,8,4,2.0
2017-10-03,Netherlands,NL,YouTube channel page,Louis Weisz,OMrUmOTPD_AnSivjxptxpA,0,1,0.3
2017-10-03,Singapore,SG,YouTube watch page,Louis Weisz,OMrUmOTPD_AnSivjxptxpA,2,2,0.8
2017-10-03,El Salvador,SV,Embedded in external websites and apps,Louis Weisz,OMrUmOTPD_AnSivjxptxpA,0,1,0.2
2017-10-03,Turkey,TR,YouTube watch page,Louis Weisz,OMrUmOTPD_AnSivjxptxpA,1,1,0.9
2017-10-03,United States,US,YouTube watch page,Louis Weisz,OMrUmOTPD_AnSivjxptxpA,56,25,2.2
2017-10-03,United States,US,Embedded in external websites and apps,Louis Weisz,OMrUmOTPD_AnSivjxptxpA,2,1,1.7
2017-10-03,United States,US,YouTube channel page,Louis Weisz,OMrUmOTPD_AnSivjxptxpA,23,10,2.3
2017-10-04,Australia,AU,YouTube watch page,Louis Weisz,OMrUmOTPD_AnSivjxptxpA,8,5,1.6
2017-10-04,Brazil,BR,YouTube channel page,Louis Weisz,OMrUmOTPD_AnSivjxptxpA,2,1,1.6
2017-10-04,Canada,CA,YouTube watch page,Louis Weisz,OMrUmOTPD_AnSivjxptxpA,6,2,3.1
2017-10-04,Czechia,CZ,YouTube watch page,Louis Weisz,OMrUmOTPD_AnSivjxptxpA,0,1,0.5
2017-10-04,Germany,DE,YouTube watch page,Louis Weisz,OMrUmOTPD_AnSivjxptxpA,1,1,0.5
2017-10-04,Finland,FI,YouTube channel page,Louis Weisz,OMrUmOTPD_AnSivjxptxpA,0,1,0.3
2017-10-04,France,FR,YouTube watch page,Louis Weisz,OMrUmOTPD_AnSivjxptxpA,7,2,3.4
2017-10-04,United Kingdom,GB,YouTube watch page,Louis Weisz,OMrUmOTPD_AnSivjxptxpA,9,2,4.7
2017-10-04,United Kingdom,GB,YouTube channel page,Louis Weisz,OMrUmOTPD_AnSivjxptxpA,3,2,1.3
2017-10-04,Ireland,IE,YouTube watch page,Louis Weisz,OMrUmOTPD_AnSivjxptxpA,13,3,4.3
2017-10-04,Italy,IT,YouTube watch page,Louis Weisz,OMrUmOTPD_AnSivjxptxpA,0,1,0.3
2017-10-04,Mexico,MX,Embedded in external websites and apps,Louis Weisz,OMrUmOTPD_AnSivjxptxpA,0,1,0.1
2017-10-04,Netherlands,NL,YouTube watch page,Louis Weisz,OMrUmOTPD_AnSivjxptxpA,3,1,2.5
2017-10-04,Norway,NO,YouTube watch page,Louis Weisz,OMrUmOTPD_AnSivjxptxpA,0,1,0.1
2017-10-04,New Zealand,NZ,YouTube watch page,Louis Weisz,OMrUmOTPD_AnSivjxptxpA,8,3,2.8
2017-10-04,Poland,PL,YouTube watch page,Louis Weisz,OMrUmOTPD_AnSivjxptxpA,2,1,2.2
2017-10-04,Portugal,PT,YouTube watch page,Louis Weisz,OMrUmOTPD_AnSivjxptxpA,3,1,2.5
2017-10-04,Romania,RO,YouTube watch page,Louis Weisz,OMrUmOTPD_AnSivjxptxpA,2,2,0.9
2017-10-04,Sweden,SE,YouTube watch page,Louis Weisz,OMrUmOTPD_AnSivjxptxpA,4,2,2.1
2017-10-04,Sweden,SE,YouTube channel page,Louis Weisz,OMrUmOTPD_AnSivjxptxpA,0,1,0.2
2017-10-04,Singapore,SG,YouTube watch page,Louis Weisz,OMrUmOTPD_AnSivjxptxpA,6,1,5.6
2017-10-04,United States,US,YouTube watch page,Louis Weisz,OMrUmOTPD_AnSivjxptxpA,99,52,1.9
2017-10-04,United States,US,Embedded in external websites and apps,Louis Weisz,OMrUmOTPD_AnSivjxptxpA,2,1,1.9
2017-10-04,United States,US,YouTube channel page,Louis Weisz,OMrUmOTPD_AnSivjxptxpA,8,5,1.6
2017-10-05,Austria,AT,YouTube watch page,Louis Weisz,OMrUmOTPD_AnSivjxptxpA,1,1,1.3
2017-10-05,Australia,AU,YouTube watch page,Louis Weisz,OMrUmOTPD_AnSivjxptxpA,1,3,0.3
2017-10-05,Australia,AU,YouTube channel page,Louis Weisz,OMrUmOTPD_AnSivjxptxpA,1,3,0.3
2017-10-05,Belgium,BE,YouTube watch page,Louis Weisz,OMrUmOTPD_AnSivjxptxpA,22,6,3.7
2017-10-05,Belgium,BE,YouTube channel page,Louis Weisz,OMrUmOTPD_AnSivjxptxpA,1,2,0.5
2017-10-05,Brazil,BR,YouTube watch page,Louis Weisz,OMrUmOTPD_AnSivjxptxpA,4,4,1.1
2017-10-05,Brazil,BR,YouTube channel page,Louis Weisz,OMrUmOTPD_AnSivjxptxpA,1,1,1.3
2017-10-05,Canada,CA,YouTube watch page,Louis Weisz,OMrUmOTPD_AnSivjxptxpA,0,1,0.4
2017-10-05,Canada,CA,YouTube channel page,Louis Weisz,OMrUmOTPD_AnSivjxptxpA,0,1,0.2
2017-10-05,Germany,DE,YouTube watch page,Louis Weisz,OMrUmOTPD_AnSivjxptxpA,6,2,2.9
2017-10-05,Germany,DE,YouTube channel page,Louis Weisz,OMrUmOTPD_AnSivjxptxpA,0,1,0.2
2017-10-05,Egypt,EG,YouTube watch page,Louis Weisz,OMrUmOTPD_AnSivjxptxpA,0,1,0.2
2017-10-05,Spain,ES,YouTube watch page,Louis Weisz,OMrUmOTPD_AnSivjxptxpA,7,1,6.9
2017-10-05,Finland,FI,YouTube watch page,Louis Weisz,OMrUmOTPD_AnSivjxptxpA,5,3,1.7
2017-10-05,Finland,FI,YouTube channel page,Louis Weisz,OMrUmOTPD_AnSivjxptxpA,2,1,1.5
2017-10-05,France,FR,YouTube watch page,Louis Weisz,OMrUmOTPD_AnSivjxptxpA,2,1,1.6
2017-10-05,United Kingdom,GB,YouTube watch page,Louis Weisz,OMrUmOTPD_AnSivjxptxpA,2,1,2.3
2017-10-05,United Kingdom,GB,Embedded in external websites and apps,Louis Weisz,OMrUmOTPD_AnSivjxptxpA,1,1,1.0
2017-10-05,United Kingdom,GB,YouTube channel page,Louis Weisz,OMrUmOTPD_AnSivjxptxpA,0,1,0.3
2017-10-05,Hong Kong,HK,YouTube watch page,Louis Weisz,OMrUmOTPD_AnSivjxptxpA,2,1,1.7
2017-10-05,Hungary,HU,YouTube watch page,Louis Weisz,OMrUmOTPD_AnSivjxptxpA,2,1,1.7
2017-10-05,Ireland,IE,YouTube watch page,Louis Weisz,OMrUmOTPD_AnSivjxptxpA,6,3,1.9
2017-10-05,Ireland,IE,YouTube channel page,Louis Weisz,OMrUmOTPD_AnSivjxptxpA,4,1,3.6
2017-10-05,India,IN,YouTube watch page,Louis Weisz,OMrUmOTPD_AnSivjxptxpA,3,1,3.4
2017-10-05,South Korea,KR,YouTube watch page,Louis Weisz,OMrUmOTPD_AnSivjxptxpA,1,1,0.7
2017-10-05,Lebanon,LB,YouTube watch page,Louis Weisz,OMrUmOTPD_AnSivjxptxpA,1,1,0.6
2017-10-05,Lebanon,LB,YouTube channel page,Louis Weisz,OMrUmOTPD_AnSivjxptxpA,1,1,0.9
2017-10-05,Netherlands,NL,YouTube watch page,Louis Weisz,OMrUmOTPD_AnSivjxptxpA,14,4,3.5
2017-10-05,Norway,NO,YouTube watch page,Louis Weisz,OMrUmOTPD_AnSivjxptxpA,4,1,4.2
2017-10-05,Philippines,PH,YouTube watch page,Louis Weisz,OMrUmOTPD_AnSivjxptxpA,4,1,3.6
2017-10-05,Poland,PL,YouTube watch page,Louis Weisz,OMrUmOTPD_AnSivjxptxpA,11,4,2.8
2017-10-05,Portugal,PT,YouTube watch page,Louis Weisz,OMrUmOTPD_AnSivjxptxpA,8,4,2.0
2017-10-05,Portugal,PT,YouTube channel page,Louis Weisz,OMrUmOTPD_AnSivjxptxpA,0,1,0.2
2017-10-05,Thailand,TH,YouTube watch page,Louis Weisz,OMrUmOTPD_AnSivjxptxpA,0,1,0.2
2017-10-05,Turkey,TR,YouTube watch page,Louis Weisz,OMrUmOTPD_AnSivjxptxpA,0,1,0.2
2017-10-05,United States,US,YouTube watch page,Louis Weisz,OMrUmOTPD_AnSivjxptxpA,149,53,2.8
2017-10-05,United States,US,Embedded in external websites and apps,Louis Weisz,OMrUmOTPD_AnSivjxptxpA,0,1,0.2
2017-10-05,United States,US,YouTube channel page,Louis Weisz,OMrUmOTPD_AnSivjxptxpA,9,7,1.3
2017-10-06,United Arab Emirates,AE,YouTube watch page,Louis Weisz,OMrUmOTPD_AnSivjxptxpA,4,1,4.1
2017-10-06,Australia,AU,YouTube watch page,Louis Weisz,OMrUmOTPD_AnSivjxptxpA,3,1,3.1
2017-10-06,Australia,AU,Embedded in external websites and apps,Louis Weisz,OMrUmOTPD_AnSivjxptxpA,1,1,1.2
2017-10-06,Belgium,BE,YouTube watch page,Louis Weisz,OMrUmOTPD_AnSivjxptxpA,7,2,3.5
2017-10-06,Brazil,BR,YouTube channel page,Louis Weisz,OMrUmOTPD_AnSivjxptxpA,0,1,0.2
2017-10-06,Canada,CA,YouTube watch page,Louis Weisz,OMrUmOTPD_AnSivjxptxpA,5,2,2.5
2017-10-06,Germany,DE,YouTube watch page,Louis Weisz,OMrUmOTPD_AnSivjxptxpA,2,2,1.2
2017-10-06,Estonia,EE,YouTube watch page,Louis Weisz,OMrUmOTPD_AnSivjxptxpA,1,1,1.3
2017-10-06,United Kingdom,GB,YouTube watch page,Louis Weisz,OMrUmOTPD_AnSivjxptxpA,0,1,0.3
2017-10-06,United Kingdom,GB,YouTube channel page,Louis Weisz,OMrUmOTPD_AnSivjxptxpA,1,2,0.3
2017-10-06,India,IN,YouTube watch page,Louis Weisz,OMrUmOTPD_AnSivjxptxpA,2,2,1.2
2017-10-06,Japan,JP,YouTube watch page,Louis Weisz,OMrUmOTPD_AnSivjxptxpA,8,5,1.6
2017-10-06,Kazakhstan,KZ,YouTube watch page,Louis Weisz,OMrUmOTPD_AnSivjxptxpA,4,1,4.0
2017-10-06,Malaysia,MY,YouTube watch page,Louis Weisz,OMrUmOTPD_AnSivjxptxpA,4,1,3.6
2017-10-06,Malaysia,MY,YouTube channel page,Louis Weisz,OMrUmOTPD_AnSivjxptxpA,0,1,0.2
2017-10-06,Norway,NO,YouTube watch page,Louis Weisz,OMrUmOTPD_AnSivjxptxpA,1,1,1.4
2017-10-06,New Zealand,NZ,YouTube watch page,Louis Weisz,OMrUmOTPD_AnSivjxptxpA,12,3,4.1
2017-10-06,Philippines,PH,YouTube watch page,Louis Weisz,OMrUmOTPD_AnSivjxptxpA,2,1,2.1
2017-10-06,Poland,PL,YouTube channel page,Louis Weisz,OMrUmOTPD_AnSivjxptxpA,0,1,0.2
2017-10-06,Sweden,SE,YouTube watch page,Louis Weisz,OMrUmOTPD_AnSivjxptxpA,4,3,1.2
2017-10-06,Singapore,SG,YouTube watch page,Louis Weisz,OMrUmOTPD_AnSivjxptxpA,5,3,1.7
2017-10-06,Singapore,SG,YouTube channel page,Louis Weisz,OMrUmOTPD_AnSivjxptxpA,0,1,0.4
2017-10-06,Turkey,TR,YouTube watch page,Louis Weisz,OMrUmOTPD_AnSivjxptxpA,8,3,2.5
2017-10-06,United States,US,YouTube watch page,Louis Weisz,OMrUmOTPD_AnSivjxptxpA,120,56,2.1
2017-10-06,United States,US,Embedded in external websites and apps,Louis Weisz,OMrUmOTPD_AnSivjxptxpA,4,1,3.7
2017-10-06,United States,US,YouTube channel page,Louis Weisz,OMrUmOTPD_AnSivjxptxpA,11,9,1.3
2017-10-07,Austria,AT,YouTube watch page,Louis Weisz,OMrUmOTPD_AnSivjxptxpA,1,1,1.2
2017-10-07,Austria,AT,YouTube channel page,Louis Weisz,OMrUmOTPD_AnSivjxptxpA,0,1,0.2
2017-10-07,Australia,AU,YouTube watch page,Louis Weisz,OMrUmOTPD_AnSivjxptxpA,0,1,0.0
2017-10-07,Australia,AU,YouTube channel page,Louis Weisz,OMrUmOTPD_AnSivjxptxpA,2,1,1.7
2017-10-07,Bangladesh,BD,YouTube watch page,Louis Weisz,OMrUmOTPD_AnSivjxptxpA,17,4,4.2
2017-10-07,Canada,CA,YouTube watch page,Louis Weisz,OMrUmOTPD_AnSivjxptxpA,8,4,1.9
2017-10-07,Canada,CA,YouTube channel page,Louis Weisz,OMrUmOTPD_AnSivjxptxpA,0,1,0.3
2017-10-07,Costa Rica,CR,YouTube watch page,Louis Weisz,OMrUmOTPD_AnSivjxptxpA,3,4,0.9
2017-10-07,Germany,DE,YouTube watch page,Louis Weisz,OMrUmOTPD_AnSivjxptxpA,6,2,3.0
2017-10-07,Denmark,DK,YouTube watch page,Louis Weisz,OMrUmOTPD_AnSivjxptxpA,0,1,0.2
2017-10-07,Denmark,DK,YouTube channel page,Louis Weisz,OMrUmOTPD_AnSivjxptxpA,2,1,2.4
2017-10-07,Finland,FI,YouTube watch page,Louis Weisz,OMrUmOTPD_AnSivjxptxpA,5,2,2.7
2017-10-07,Finland,FI,YouTube channel page,Louis Weisz,OMrUmOTPD_AnSivjxptxpA,0,1,0.3
2017-10-07,France,FR,YouTube channel page,Louis Weisz,OMrUmOTPD_AnSivjxptxpA,0,1,0.2
2017-10-07,United Kingdom,GB,YouTube watch page,Louis Weisz,OMrUmOTPD_AnSivjxptxpA,11,5,2.3
2017-10-07,United Kingdom,GB,YouTube channel page,Louis Weisz,OMrUmOTPD_AnSivjxptxpA,5,2,2.3
2017-10-07,Indonesia,ID,YouTube watch page,Louis Weisz,OMrUmOTPD_AnSivjxptxpA,6,2,3.1
2017-10-07,Ireland,IE,YouTube watch page,Louis Weisz,OMrUmOTPD_AnSivjxptxpA,2,2,0.9
2017-10-07,Ireland,IE,YouTube channel page,Louis Weisz,OMrUmOTPD_AnSivjxptxpA,0,1,0.2
2017-10-07,India,IN,YouTube watch page,Louis Weisz,OMrUmOTPD_AnSivjxptxpA,0,1,0.0
2017-10-07,Mexico,MX,YouTube watch page,Louis Weisz,OMrUmOTPD_AnSivjxptxpA,12,3,4.0
2017-10-07,Netherlands,NL,YouTube watch page,Louis Weisz,OMrUmOTPD_AnSivjxptxpA,2,1,2.0
2017-10-07,Netherlands,NL,YouTube channel page,Louis Weisz,OMrUmOTPD_AnSivjxptxpA,3,1,3.3
2017-10-07,Norway,NO,YouTube watch page,Louis Weisz,OMrUmOTPD_AnSivjxptxpA,4,1,4.3
2017-10-07,Norway,NO,YouTube channel page,Louis Weisz,OMrUmOTPD_AnSivjxptxpA,1,2,0.3
2017-10-07,New Zealand,NZ,YouTube watch page,Louis Weisz,OMrUmOTPD_AnSivjxptxpA,3,1,2.5
2017-10-07,Philippines,PH,YouTube watch page,Louis Weisz,OMrUmOTPD_AnSivjxptxpA,2,1,1.6
2017-10-07,Poland,PL,YouTube watch page,Louis Weisz,OMrUmOTPD_AnSivjxptxpA,9,5,1.9
2017-10-07,Poland,PL,YouTube channel page,Louis Weisz,OMrUmOTPD_AnSivjxptxpA,2,3,0.8
2017-10-07,Portugal,PT,YouTube watch page,Louis Weisz,OMrUmOTPD_AnSivjxptxpA,6,1,6.0
2017-10-07,Sweden,SE,YouTube watch page,Louis Weisz,OMrUmOTPD_AnSivjxptxpA,14,4,3.5
2017-10-07,Sweden,SE,YouTube channel page,Louis Weisz,OMrUmOTPD_AnSivjxptxpA,3,1,2.7
2017-10-07,Singapore,SG,YouTube watch page,Louis Weisz,OMrUmOTPD_AnSivjxptxpA,4,1,4.0
2017-10-07,United States,US,YouTube watch page,Louis Weisz,OMrUmOTPD_AnSivjxptxpA,179,65,2.8
2017-10-07,United States,US,Embedded in external websites and apps,Louis Weisz,OMrUmOTPD_AnSivjxptxpA,2,1,1.9
2017-10-07,United States,US,YouTube channel page,Louis Weisz,OMrUmOTPD_AnSivjxptxpA,12,13,0.9
2017-10-07,South Africa,ZA,YouTube watch page,Louis Weisz,OMrUmOTPD_AnSivjxptxpA,4,1,4.2
2017-10-08,Angola,AO,YouTube watch page,Louis Weisz,OMrUmOTPD_AnSivjxptxpA,4,1,4.2
2017-10-08,Australia,AU,YouTube watch page,Louis Weisz,OMrUmOTPD_AnSivjxptxpA,2,1,1.8
2017-10-08,Australia,AU,YouTube channel page,Louis Weisz,OMrUmOTPD_AnSivjxptxpA,0,1,0.2
2017-10-08,Bangladesh,BD,YouTube watch page,Louis Weisz,OMrUmOTPD_AnSivjxptxpA,1,1,0.5
2017-10-08,Belgium,BE,YouTube watch page,Louis Weisz,OMrUmOTPD_AnSivjxptxpA,4,2,1.8
2017-10-08,Bermuda,BM,YouTube watch page,Louis Weisz,OMrUmOTPD_AnSivjxptxpA,4,1,4.2
2017-10-08,Brazil,BR,YouTube watch page,Louis Weisz,OMrUmOTPD_AnSivjxptxpA,4,1,3.7
2017-10-08,Canada,CA,YouTube watch page,Louis Weisz,OMrUmOTPD_AnSivjxptxpA,19,6,3.2
2017-10-08,Canada,CA,YouTube channel page,Louis Weisz,OMrUmOTPD_AnSivjxptxpA,1,1,0.5
2017-10-08,Chile,CL,YouTube watch page,Louis Weisz,OMrUmOTPD_AnSivjxptxpA,0,1,0.4
2017-10-08,Germany,DE,YouTube watch page,Louis Weisz,OMrUmOTPD_AnSivjxptxpA,14,8,1.7
2017-10-08,Germany,DE,Embedded in external websites and apps,Louis Weisz,OMrUmOTPD_AnSivjxptxpA,0,1,0.2
2017-10-08,Germany,DE,YouTube channel page,Louis Weisz,OMrUmOTPD_AnSivjxptxpA,0,1,0.2
2017-10-08,Denmark,DK,YouTube channel page,Louis Weisz,OMrUmOTPD_AnSivjxptxpA,0,1,0.4
2017-10-08,Estonia,EE,YouTube watch page,Louis Weisz,OMrUmOTPD_AnSivjxptxpA,0,1,0.1
2017-10-08,Finland,FI,YouTube watch page,Louis Weisz,OMrUmOTPD_AnSivjxptxpA,13,4,3.1
2017-10-08,United Kingdom,GB,YouTube watch page,Louis Weisz,OMrUmOTPD_AnSivjxptxpA,18,8,2.2
2017-10-08,United Kingdom,GB,YouTube channel page,Louis Weisz,OMrUmOTPD_AnSivjxptxpA,2,3,0.6
2017-10-08,Greece,GR,YouTube watch page,Louis Weisz,OMrUmOTPD_AnSivjxptxpA,6,1,5.6
2017-10-08,Greece,GR,YouTube channel page,Louis Weisz,OMrUmOTPD_AnSivjxptxpA,3,1,3.3
2017-10-08,Guatemala,GT,YouTube watch page,Louis Weisz,OMrUmOTPD_AnSivjxptxpA,1,1,0.7
2017-10-08,Indonesia,ID,YouTube watch page,Louis Weisz,OMrUmOTPD_AnSivjxptxpA,4,2,1.8
2017-10-08,Ireland,IE,Embedded in external websites and apps,Louis Weisz,OMrUmOTPD_AnSivjxptxpA,4,1,3.6
2017-10-08,India,IN,YouTube watch page,Louis Weisz,OMrUmOTPD_AnSivjxptxpA,4,3,1.2
2017-10-08,Italy,IT,YouTube watch page,Louis Weisz,OMrUmOTPD_AnSivjxptxpA,7,3,2.3
2017-10-08,Japan,JP,YouTube watch page,Louis Weisz,OMrUmOTPD_AnSivjxptxpA,4,1,4.3
2017-10-08,Mexico,MX,YouTube watch page,Louis Weisz,OMrUmOTPD_AnSivjxptxpA,5,3,1.6
2017-10-08,Mexico,MX,YouTube channel page,Louis Weisz,OMrUmOTPD_AnSivjxptxpA,3,1,3.1
2017-10-08,Netherlands,NL,YouTube watch page,Louis Weisz,OMrUmOTPD_AnSivjxptxpA,9,4,2.4
2017-10-08,Norway,NO,YouTube watch page,Louis Weisz,OMrUmOTPD_AnSivjxptxpA,5,1,4.9
2017-10-08,Philippines,PH,YouTube watch page,Louis Weisz,OMrUmOTPD_AnSivjxptxpA,1,2,0.6
2017-10-08,Poland,PL,YouTube watch page,Louis Weisz,OMrUmOTPD_AnSivjxptxpA,1,2,0.4
2017-10-08,Portugal,PT,YouTube watch page,Louis Weisz,OMrUmOTPD_AnSivjxptxpA,13,4,3.1
2017-10-08,Russia,RU,YouTube watch page,Louis Weisz,OMrUmOTPD_AnSivjxptxpA,2,2,1.1
2017-10-08,Sweden,SE,YouTube watch page,Louis Weisz,OMrUmOTPD_AnSivjxptxpA,11,3,3.6
2017-10-08,Sweden,SE,YouTube channel page,Louis Weisz,OMrUmOTPD_AnSivjxptxpA,0,1,0.2
2017-10-08,Singapore,SG,YouTube watch page,Louis Weisz,OMrUmOTPD_AnSivjxptxpA,4,4,0.9
2017-10-08,United States,US,YouTube watch page,Louis Weisz,OMrUmOTPD_AnSivjxptxpA,183,66,2.8
2017-10-08,United States,US,YouTube channel page,Louis Weisz,OMrUmOTPD_AnSivjxptxpA,9,11,0.8
2017-10-08,Vietnam,VN,YouTube watch page,Louis Weisz,OMrUmOTPD_AnSivjxptxpA,1,1,0.8
2017-10-09,Australia,AU,YouTube watch page,Louis Weisz,OMrUmOTPD_AnSivjxptxpA,7,5,1.4
2017-10-09,Canada,CA,YouTube watch page,Louis Weisz,OMrUmOTPD_AnSivjxptxpA,22,6,3.6
2017-10-09,Switzerland,CH,YouTube watch page,Louis Weisz,OMrUmOTPD_AnSivjxptxpA,1,3,0.4
2017-10-09,Chile,CL,YouTube watch page,Louis Weisz,OMrUmOTPD_AnSivjxptxpA,1,1,1.1
2017-10-09,Germany,DE,YouTube watch page,Louis Weisz,OMrUmOTPD_AnSivjxptxpA,9,3,2.8
2017-10-09,Germany,DE,YouTube channel page,Louis Weisz,OMrUmOTPD_AnSivjxptxpA,1,1,0.7
2017-10-09,Ecuador,EC,YouTube watch page,Louis Weisz,OMrUmOTPD_AnSivjxptxpA,3,1,3.4
2017-10-09,France,FR,YouTube watch page,Louis Weisz,OMrUmOTPD_AnSivjxptxpA,3,1,3.4
2017-10-09,France,FR,Embedded in external websites and apps,Louis Weisz,OMrUmOTPD_AnSivjxptxpA,3,1,3.1
2017-10-09,United Kingdom,GB,YouTube watch page,Louis Weisz,OMrUmOTPD_AnSivjxptxpA,16,6,2.6
2017-10-09,United Kingdom,GB,YouTube channel page,Louis Weisz,OMrUmOTPD_AnSivjxptxpA,0,1,0.2
2017-10-09,Greece,GR,YouTube channel page,Louis Weisz,OMrUmOTPD_AnSivjxptxpA,0,1,0.3
2017-10-09,Indonesia,ID,YouTube watch page,Louis Weisz,OMrUmOTPD_AnSivjxptxpA,7,9,0.8
2017-10-09,India,IN,YouTube watch page,Louis Weisz,OMrUmOTPD_AnSivjxptxpA,1,1,0.9
2017-10-09,Italy,IT,YouTube watch page,Louis Weisz,OMrUmOTPD_AnSivjxptxpA,1,1,1.3
2017-10-09,Japan,JP,Embedded in external websites and apps,Louis Weisz,OMrUmOTPD_AnSivjxptxpA,0,1,0.5
2017-10-09,Philippines,PH,YouTube watch page,Louis Weisz,OMrUmOTPD_AnSivjxptxpA,4,1,4.3
2017-10-09,Romania,RO,YouTube watch page,Louis Weisz,OMrUmOTPD_AnSivjxptxpA,0,1,0.1
2017-10-09,Romania,RO,YouTube channel page,Louis Weisz,OMrUmOTPD_AnSivjxptxpA,4,1,3.6
2017-10-09,Singapore,SG,YouTube watch page,Louis Weisz,OMrUmOTPD_AnSivjxptxpA,2,5,0.5
2017-10-09,Singapore,SG,YouTube channel page,Louis Weisz,OMrUmOTPD_AnSivjxptxpA,0,2,0.2
2017-10-09,Thailand,TH,YouTube watch page,Louis Weisz,OMrUmOTPD_AnSivjxptxpA,0,1,0.4
2017-10-09,Taiwan,TW,YouTube watch page,Louis Weisz,OMrUmOTPD_AnSivjxptxpA,3,1,3.1
2017-10-09,United States,US,YouTube watch page,Louis Weisz,OMrUmOTPD_AnSivjxptxpA,171,75,2.3
2017-10-09,United States,US,YouTube channel page,Louis Weisz,OMrUmOTPD_AnSivjxptxpA,5,7,0.7
2017-10-10,Australia,AU,YouTube watch page,Louis Weisz,OMrUmOTPD_AnSivjxptxpA,17,6,2.8
2017-10-10,Australia,AU,YouTube channel page,Louis Weisz,OMrUmOTPD_AnSivjxptxpA,1,1,0.8
2017-10-10,Belgium,BE,YouTube watch page,Louis Weisz,OMrUmOTPD_AnSivjxptxpA,12,5,2.4
2017-10-10,Belgium,BE,YouTube channel page,Louis Weisz,OMrUmOTPD_AnSivjxptxpA,0,1,0.3
2017-10-10,Bulgaria,BG,YouTube watch page,Louis Weisz,OMrUmOTPD_AnSivjxptxpA,5,5,1.0
2017-10-10,Brazil,BR,YouTube watch page,Louis Weisz,OMrUmOTPD_AnSivjxptxpA,2,2,1.0
2017-10-10,Canada,CA,YouTube watch page,Louis Weisz,OMrUmOTPD_AnSivjxptxpA,4,3,1.3
2017-10-10,Czechia,CZ,YouTube watch page,Louis Weisz,OMrUmOTPD_AnSivjxptxpA,0,2,0.1
2017-10-10,Germany,DE,YouTube watch page,Louis Weisz,OMrUmOTPD_AnSivjxptxpA,29,8,3.6
2017-10-10,Denmark,DK,YouTube watch page,Louis Weisz,OMrUmOTPD_AnSivjxptxpA,1,1,1.0
2017-10-10,Spain,ES,YouTube watch page,Louis Weisz,OMrUmOTPD_AnSivjxptxpA,0,1,0.4
2017-10-10,Finland,FI,YouTube watch page,Louis Weisz,OMrUmOTPD_AnSivjxptxpA,8,2,3.9
2017-10-10,France,FR,Embedded in external websites and apps,Louis Weisz,OMrUmOTPD_AnSivjxptxpA,2,1,2.4
2017-10-10,France,FR,YouTube channel page,Louis Weisz,OMrUmOTPD_AnSivjxptxpA,0,1,0.2
2017-10-10,United Kingdom,GB,YouTube watch page,Louis Weisz,OMrUmOTPD_AnSivjxptxpA,21,7,3.0
2017-10-10,United Kingdom,GB,YouTube channel page,Louis Weisz,OMrUmOTPD_AnSivjxptxpA,1,1,0.6
2017-10-10,Guam,GU,YouTube watch page,Louis Weisz,OMrUmOTPD_AnSivjxptxpA,1,1,1.4
2017-10-10,Croatia,HR,YouTube watch page,Louis Weisz,OMrUmOTPD_AnSivjxptxpA,4,1,4.5
2017-10-10,Indonesia,ID,YouTube watch page,Louis Weisz,OMrUmOTPD_AnSivjxptxpA,0,1,0.1
2017-10-10,Indonesia,ID,YouTube channel page,Louis Weisz,OMrUmOTPD_AnSivjxptxpA,3,1,2.8
2017-10-10,Ireland,IE,YouTube watch page,Louis Weisz,OMrUmOTPD_AnSivjxptxpA,6,1,6.1
2017-10-10,Ireland,IE,YouTube channel page,Louis Weisz,OMrUmOTPD_AnSivjxptxpA,3,1,3.5
2017-10-10,India,IN,YouTube watch page,Louis Weisz,OMrUmOTPD_AnSivjxptxpA,12,3,3.8
2017-10-10,Iceland,IS,YouTube watch page,Louis Weisz,OMrUmOTPD_AnSivjxptxpA,1,3,0.3
2017-10-10,Italy,IT,YouTube watch page,Louis Weisz,OMrUmOTPD_AnSivjxptxpA,1,1,1.5
2017-10-10,Latvia,LV,YouTube watch page,Louis Weisz,OMrUmOTPD_AnSivjxptxpA,4,1,3.8
2017-10-10,Mexico,MX,YouTube watch page,Louis Weisz,OMrUmOTPD_AnSivjxptxpA,3,1,2.9
2017-10-10,New Zealand,NZ,YouTube watch page,Louis Weisz,OMrUmOTPD_AnSivjxptxpA,1,1,0.8
2017-10-10,Philippines,PH,YouTube watch page,Louis Weisz,OMrUmOTPD_AnSivjxptxpA,2,1,2.2
2017-10-10,Poland,PL,YouTube watch page,Louis Weisz,OMrUmOTPD_AnSivjxptxpA,2,3,0.6
2017-10-10,Sweden,SE,YouTube watch page,Louis Weisz,OMrUmOTPD_AnSivjxptxpA,1,1,1.1
2017-10-10,Turkey,TR,YouTube watch page,Louis Weisz,OMrUmOTPD_AnSivjxptxpA,4,1,4.3
2017-10-10,United States,US,YouTube watch page,Louis Weisz,OMrUmOTPD_AnSivjxptxpA,91,48,1.9
2017-10-10,United States,US,Embedded in external websites and apps,Louis Weisz,OMrUmOTPD_AnSivjxptxpA,0,2,0.2
2017-10-10,United States,US,YouTube channel page,Louis Weisz,OMrUmOTPD_AnSivjxptxpA,7,4,1.7
2017-10-11,Austria,AT,YouTube watch page,Louis Weisz,OMrUmOTPD_AnSivjxptxpA,3,1,3.5
2017-10-11,Australia,AU,YouTube watch page,Louis Weisz,OMrUmOTPD_AnSivjxptxpA,0,1,0.4
2017-10-11,Belgium,BE,YouTube watch page,Louis Weisz,OMrUmOTPD_AnSivjxptxpA,9,5,1.8
2017-10-11,Canada,CA,YouTube watch page,Louis Weisz,OMrUmOTPD_AnSivjxptxpA,9,4,2.2
2017-10-11,Egypt,EG,YouTube watch page,Louis Weisz,OMrUmOTPD_AnSivjxptxpA,1,1,0.6
2017-10-11,France,FR,YouTube watch page,Louis Weisz,OMrUmOTPD_AnSivjxptxpA,4,1,4.1
2017-10-11,United Kingdom,GB,YouTube watch page,Louis Weisz,OMrUmOTPD_AnSivjxptxpA,28,11,2.6
2017-10-11,United Kingdom,GB,YouTube channel page,Louis Weisz,OMrUmOTPD_AnSivjxptxpA,0,1,0.2
2017-10-11,Indonesia,ID,YouTube watch page,Louis Weisz,OMrUmOTPD_AnSivjxptxpA,1,2,0.3
2017-10-11,Ireland,IE,YouTube watch page,Louis Weisz,OMrUmOTPD_AnSivjxptxpA,1,1,0.6
2017-10-11,Israel,IL,YouTube watch page,Louis Weisz,OMrUmOTPD_AnSivjxptxpA,2,1,2.3
2017-10-11,Italy,IT,YouTube watch page,Louis Weisz,OMrUmOTPD_AnSivjxptxpA,16,4,3.9
2017-10-11,New Zealand,NZ,YouTube watch page,Louis Weisz,OMrUmOTPD_AnSivjxptxpA,4,2,1.9
2017-10-11,Romania,RO,YouTube watch page,Louis Weisz,OMrUmOTPD_AnSivjxptxpA,0,1,0.4
2017-10-11,Russia,RU,YouTube watch page,Louis Weisz,OMrUmOTPD_AnSivjxptxpA,0,1,0.2
2017-10-11,Sweden,SE,YouTube watch page,Louis Weisz,OMrUmOTPD_AnSivjxptxpA,10,3,3.3
2017-10-11,Sweden,SE,YouTube channel page,Louis Weisz,OMrUmOTPD_AnSivjxptxpA,3,3,1.1
2017-10-11,Turkey,TR,YouTube watch page,Louis Weisz,OMrUmOTPD_AnSivjxptxpA,2,1,2.3
2017-10-11,Turkey,TR,YouTube channel page,Louis Weisz,OMrUmOTPD_AnSivjxptxpA,1,1,0.7
2017-10-11,United States,US,YouTube watch page,Louis Weisz,OMrUmOTPD_AnSivjxptxpA,67,32,2.1
2017-10-11,United States,US,YouTube channel page,Louis Weisz,OMrUmOTPD_AnSivjxptxpA,5,7,0.7
2017-10-11,Vietnam,VN,YouTube watch page,Louis Weisz,OMrUmOTPD_AnSivjxptxpA,1,1,0.8
2017-10-11,South Africa,ZA,YouTube watch page,Louis Weisz,OMrUmOTPD_AnSivjxptxpA,2,1,1.8
2017-10-12,Australia,AU,YouTube watch page,Louis Weisz,OMrUmOTPD_AnSivjxptxpA,5,2,2.3
2017-10-12,Australia,AU,YouTube channel page,Louis Weisz,OMrUmOTPD_AnSivjxptxpA,0,1,0.2
2017-10-12,Belgium,BE,YouTube watch page,Louis Weisz,OMrUmOTPD_AnSivjxptxpA,6,1,5.8
2017-10-12,Bulgaria,BG,YouTube watch page,Louis Weisz,OMrUmOTPD_AnSivjxptxpA,0,1,0.3
2017-10-12,Bulgaria,BG,YouTube channel page,Louis Weisz,OMrUmOTPD_AnSivjxptxpA,1,1,0.8
2017-10-12,Brazil,BR,YouTube watch page,Louis Weisz,OMrUmOTPD_AnSivjxptxpA,3,2,1.6
2017-10-12,Canada,CA,YouTube watch page,Louis Weisz,OMrUmOTPD_AnSivjxptxpA,6,1,5.6
2017-10-12,Germany,DE,YouTube watch page,Louis Weisz,OMrUmOTPD_AnSivjxptxpA,39,12,3.2
2017-10-12,Finland,FI,YouTube channel page,Louis Weisz,OMrUmOTPD_AnSivjxptxpA,0,1,0.2
2017-10-12,United Kingdom,GB,YouTube watch page,Louis Weisz,OMrUmOTPD_AnSivjxptxpA,4,2,1.9
2017-10-12,India,IN,YouTube watch page,Louis Weisz,OMrUmOTPD_AnSivjxptxpA,2,3,0.6
2017-10-12,India,IN,Embedded in external websites and apps,Louis Weisz,OMrUmOTPD_AnSivjxptxpA,1,1,0.9
2017-10-12,Japan,JP,YouTube watch page,Louis Weisz,OMrUmOTPD_AnSivjxptxpA,1,1,0.7
2017-10-12,Philippines,PH,YouTube watch page,Louis Weisz,OMrUmOTPD_AnSivjxptxpA,0,1,0.0
2017-10-12,Saudi Arabia,SA,YouTube watch page,Louis Weisz,OMrUmOTPD_AnSivjxptxpA,6,3,1.9
2017-10-12,Sweden,SE,YouTube watch page,Louis Weisz,OMrUmOTPD_AnSivjxptxpA,10,3,3.2
2017-10-12,Sweden,SE,YouTube channel page,Louis Weisz,OMrUmOTPD_AnSivjxptxpA,0,1,0.2
2017-10-12,United States,US,YouTube watch page,Louis Weisz,OMrUmOTPD_AnSivjxptxpA,117,45,2.6
2017-10-12,United States,US,Embedded in external websites and apps,Louis Weisz,OMrUmOTPD_AnSivjxptxpA,1,1,1.0
2017-10-12,United States,US,YouTube channel page,Louis Weisz,OMrUmOTPD_AnSivjxptxpA,8,8,1.0
