date,country_name,country_id,traffic_source,channel_display_name,channel_id,watch_time_minutes,views,average_view_duration
2017-09-12,Australia,AU,Channel pages,Louis Weisz,OMrUmOTPD_AnSivjxptxpA,5,3,1.7
2017-09-12,Australia,AU,YouTube search,Louis Weisz,OMrUmOTPD_AnSivjxptxpA,0,1,0.3
2017-09-12,Brazil,BR,YouTube search,Louis Weisz,OMrUmOTPD_AnSivjxptxpA,3,1,2.9
2017-09-12,Canada,CA,Channel pages,Louis Weisz,OMrUmOTPD_AnSivjxptxpA,5,1,5.3
2017-09-12,Canada,CA,YouTube search,Louis Weisz,OMrUmOTPD_AnSivjxptxpA,2,1,2.4
2017-09-12,Canada,CA,External,Louis Weisz,OMrUmOTPD_AnSivjxptxpA,1,1,1.1
2017-09-12,Germany,DE,Direct or unknown,Louis Weisz,OMrUmOTPD_AnSivjxptxpA,4,1,3.6
2017-09-12,Germany,DE,YouTube search,Louis Weisz,OMrUmOTPD_AnSivjxptxpA,1,1,1.1
2017-09-12,Germany,DE,Suggested videos,Louis Weisz,OMrUmOTPD_AnSivjxptxpA,1,1,1.2
2017-09-12,Spain,ES,Channel pages,Louis Weisz,OMrUmOTPD_AnSivjxptxpA,5,1,5.3
2017-09-12,France,FR,Channel pages,Louis Weisz,OMrUmOTPD_AnSivjxptxpA,0,1,0.2
2017-09-12,Ireland,IE,Channel pages,Louis Weisz,OMrUmOTPD_AnSivjxptxpA,2,2,1.1
2017-09-12,Israel,IL,Channel pages,Louis Weisz,OMrUmOTPD_AnSivjxptxpA,0,1,0.1
2017-09-12,India,IN,YouTube search,Louis Weisz,OMrUmOTPD_AnSivjxptxpA,4,2,1.9
2017-09-12,South Korea,KR,YouTube search,Louis Weisz,OMrUmOTPD_AnSivjxptxpA,1,1,1.1
2017-09-12,Mexico,MX,Browse features,Louis Weisz,OMrUmOTPD_AnSivjxptxpA,0,1,0.1
2017-09-12,Mexico,MX,Suggested videos,Louis Weisz,OMrUmOTPD_AnSivjxptxpA,3,4,0.7
2017-09-12,Netherlands,NL,Direct or unknown,Louis Weisz,OMrUmOTPD_AnSivjxptxpA,0,1,0.1
2017-09-12,Netherlands,NL,External,Louis Weisz,OMrUmOTPD_AnSivjxptxpA,1,1,1.2
2017-09-12,Philippines,PH,Channel pages,Louis Weisz,OMrUmOTPD_AnSivjxptxpA,4,1,3.5
2017-09-12,Philippines,PH,YouTube search,Louis Weisz,OMrUmOTPD_AnSivjxptxpA,1,1,0.5
2017-09-12,Philippines,PH,Suggested videos,Louis Weisz,OMrUmOTPD_AnSivjxptxpA,14,4,3.6
2017-09-12,Pakistan,PK,External,Louis Weisz,OMrUmOTPD_AnSivjxptxpA,1,1,0.9
2017-09-12,Poland,PL,YouTube search,Louis Weisz,OMrUmOTPD_AnSivjxptxpA,1,1,0.6
2017-09-12,Poland,PL,Suggested videos,Louis Weisz,OMrUmOTPD_AnSivjxptxpA,0,1,0.2
2017-09-12,Sweden,SE,Browse features,Louis Weisz,OMrUmOTPD_AnSivjxptxpA,6,1,5.8
2017-09-12,United States,US,Direct or unknown,Louis Weisz,OMrUmOTPD_AnSivjxptxpA,2,2,0.9
2017-09-12,United States,US,Browse features,Louis Weisz,OMrUmOTPD_AnSivjxptxpA,5,2,2.4
2017-09-12,United States,US,Channel pages,Louis Weisz,OMrUmOTPD_AnSivjxptxpA,70,33,2.1
2017-09-12,United States,US,YouTube search,Louis Weisz,OMrUmOTPD_AnSivjxptxpA,15,7,2.2
2017-09-12,United States,US,Suggested videos,Louis Weisz,OMrUmOTPD_AnSivjxptxpA,35,12,2.9
2017-09-12,United States,US,Other YouTube features,Louis Weisz,OMrUmOTPD_AnSivjxptxpA,5,3,1.8
2017-09-12,United States,US,External,Louis Weisz,OMrUmOTPD_AnSivjxptxpA,11,8,1.4
2017-09-12,United States,US,Video cards and annotations,Louis Weisz,OMrUmOTPD_AnSivjxptxpA,5,2,2.3
2017-09-12,United States,US,Playlists,Louis Weisz,OMrUmOTPD_AnSivjxptxpA,5,1,4.7
2017-09-12,South Africa,ZA,YouTube search,Louis Weisz,OMrUmOTPD_AnSivjxptxpA,1,1,0.9
2017-09-13,Australia,AU,YouTube search,Louis Weisz,OMrUmOTPD_AnSivjxptxpA,7,1,7.3
2017-09-13,Australia,AU,Suggested videos,Louis Weisz,OMrUmOTPD_AnSivjxptxpA,4,1,4.3
2017-09-13,Australia,AU,External,Louis Weisz,OMrUmOTPD_AnSivjxptxpA,0,1,0.0
2017-09-13,Belgium,BE,YouTube search,Louis Weisz,OMrUmOTPD_AnSivjxptxpA,1,1,1.5
2017-09-13,Brazil,BR,YouTube search,Louis Weisz,OMrUmOTPD_AnSivjxptxpA,3,1,2.8
2017-09-13,Canada,CA,Channel pages,Louis Weisz,OMrUmOTPD_AnSivjxptxpA,5,3,1.7
2017-09-13,Chile,CL,Suggested videos,Louis Weisz,OMrUmOTPD_AnSivjxptxpA,4,1,3.9
2017-09-13,Colombia,CO,YouTube search,Louis Weisz,OMrUmOTPD_AnSivjxptxpA,2,1,1.6
2017-09-13,Germany,DE,Channel pages,Louis Weisz,OMrUmOTPD_AnSivjxptxpA,3,1,3.1
2017-09-13,Spain,ES,YouTube search,Louis Weisz,OMrUmOTPD_AnSivjxptxpA,1,1,0.9
2017-09-13,United Kingdom,GB,Channel pages,Louis Weisz,OMrUmOTPD_AnSivjxptxpA,17,5,3.4
2017-09-13,United Kingdom,GB,External,Louis Weisz,OMrUmOTPD_AnSivjxptxpA,3,2,1.6
2017-09-13,Indonesia,ID,Channel pages,Louis Weisz,OMrUmOTPD_AnSivjxptxpA,6,1,6.1
2017-09-13,India,IN,YouTube search,Louis Weisz,OMrUmOTPD_AnSivjxptxpA,3,2,1.3
2017-09-13,Mexico,MX,Suggested videos,Louis Weisz,OMrUmOTPD_AnSivjxptxpA,0,2,0.2
2017-09-13,Netherlands,NL,Browse features,Louis Weisz,OMrUmOTPD_AnSivjxptxpA,4,1,4.2
2017-09-13,Saudi Arabia,SA,YouTube search,Louis Weisz,OMrUmOTPD_AnSivjxptxpA,0,1,0.1
2017-09-13,Sweden,SE,Channel pages,Louis Weisz,OMrUmOTPD_AnSivjxptxpA,7,2,3.4
2017-09-13,Sweden,SE,Suggested videos,Louis Weisz,OMrUmOTPD_AnSivjxptxpA,8,3,2.8
2017-09-13,Sweden,SE,Video cards and annotations,Louis Weisz,OMrUmOTPD_AnSivjxptxpA,6,2,2.9
2017-09-13,Turkey,TR,External,Louis Weisz,OMrUmOTPD_AnSivjxptxpA,1,1,0.7
2017-09-13,United States,US,Channel pages,Louis Weisz,OMrUmOTPD_AnSivjxptxpA,23,12,1.9
2017-09-13,United States,US,YouTube search,Louis Weisz,OMrUmOTPD_AnSivjxptxpA,18,7,2.6
2017-09-13,United States,US,Suggested videos,Louis Weisz,OMrUmOTPD_AnSivjxptxpA,32,11,2.9
2017-09-13,United States,US,Other YouTube features,Louis Weisz,OMrUmOTPD_AnSivjxptxpA,4,1,3.9
2017-09-13,United States,US,External,Louis Weisz,OMrUmOTPD_AnSivjxptxpA,15,9,1.6
2017-09-13,Uzbekistan,UZ,YouTube search,Louis Weisz,OMrUmOTPD_AnSivjxptxpA,0,1,0.0
2017-09-13,South Africa,ZA,Suggested videos,Louis Weisz,OMrUmOTPD_AnSivjxptxpA,3,1,2.8
2017-09-14,Australia,AU,YouTube search,Louis Weisz,OMrUmOTPD_AnSivjxptxpA,3,1,3.2
2017-09-14,Australia,AU,External,Louis Weisz,OMrUmOTPD_AnSivjxptxpA,0,1,0.0
2017-09-14,Bulgaria,BG,YouTube search,Louis Weisz,OMrUmOTPD_AnSivjxptxpA,1,1,1.1
2017-09-14,Brazil,BR,Suggested videos,Louis Weisz,OMrUmOTPD_AnSivjxptxpA,3,1,2.7
2017-09-14,Canada,CA,External,Louis Weisz,OMrUmOTPD_AnSivjxptxpA,3,1,3.1
2017-09-14,Germany,DE,YouTube search,Louis Weisz,OMrUmOTPD_AnSivjxptxpA,4,1,3.9
2017-09-14,France,FR,External,Louis Weisz,OMrUmOTPD_AnSivjxptxpA,1,1,1.3
2017-09-14,United Kingdom,GB,Channel pages,Louis Weisz,OMrUmOTPD_AnSivjxptxpA,1,1,0.5
2017-09-14,United Kingdom,GB,YouTube search,Louis Weisz,OMrUmOTPD_AnSivjxptxpA,2,1,2.1
2017-09-14,United Kingdom,GB,External,Louis Weisz,OMrUmOTPD_AnSivjxptxpA,1,1,1.4
2017-09-14,United Kingdom,GB,Playlist page,Louis Weisz,OMrUmOTPD_AnSivjxptxpA,6,1,5.9
2017-09-14,Croatia,HR,Channel pages,Louis Weisz,OMrUmOTPD_AnSivjxptxpA,2,1,1.6
2017-09-14,Indonesia,ID,Suggested videos,Louis Weisz,OMrUmOTPD_AnSivjxptxpA,8,2,4.0
2017-09-14,India,IN,YouTube search,Louis Weisz,OMrUmOTPD_AnSivjxptxpA,1,2,0.6
2017-09-14,Japan,JP,Suggested videos,Louis Weisz,OMrUmOTPD_AnSivjxptxpA,1,1,1.4
2017-09-14,Sri Lanka,LK,External,Louis Weisz,OMrUmOTPD_AnSivjxptxpA,0,1,0.4
2017-09-14,Mexico,MX,Suggested videos,Louis Weisz,OMrUmOTPD_AnSivjxptxpA,2,3,0.5
2017-09-14,Netherlands,NL,Direct or unknown,Louis Weisz,OMrUmOTPD_AnSivjxptxpA,0,1,0.1
2017-09-14,Serbia,RS,External,Louis Weisz,OMrUmOTPD_AnSivjxptxpA,0,1,0.1
2017-09-14,United States,US,Direct or unknown,Louis Weisz,OMrUmOTPD_AnSivjxptxpA,0,1,0.1
2017-09-14,United States,US,Browse features,Louis Weisz,OMrUmOTPD_AnSivjxptxpA,4,1,4.1
2017-09-14,United States,US,Channel pages,Louis Weisz,OMrUmOTPD_AnSivjxptxpA,19,11,1.7
2017-09-14,United States,US,YouTube search,Louis Weisz,OMrUmOTPD_AnSivjxptxpA,25,8,3.1
2017-09-14,United States,US,Suggested videos,Louis Weisz,OMrUmOTPD_AnSivjxptxpA,30,14,2.2
2017-09-14,United States,US,Other YouTube features,Louis Weisz,OMrUmOTPD_AnSivjxptxpA,4,1,3.9
2017-09-14,United States,US,External,Louis Weisz,OMrUmOTPD_AnSivjxptxpA,16,8,2.0
2017-09-15,Australia,AU,Direct or unknown,Louis Weisz,OMrUmOTPD_AnSivjxptxpA,3,4,0.7
2017-09-15,Australia,AU,Channel pages,Louis Weisz,OMrUmOTPD_AnSivjxptxpA,1,1,1.0
2017-09-15,Australia,AU,External,Louis Weisz,OMrUmOTPD_AnSivjxptxpA,0,4,0.0
2017-09-15,Belgium,BE,YouTube search,Louis Weisz,OMrUmOTPD_AnSivjxptxpA,0,1,0.4
2017-09-15,Belgium,BE,Suggested videos,Louis Weisz,OMrUmOTPD_AnSivjxptxpA,1,1,1.0
2017-09-15,Bulgaria,BG,Channel pages,Louis Weisz,OMrUmOTPD_AnSivjxptxpA,2,1,1.7
2017-09-15,Canada,CA,Channel pages,Louis Weisz,OMrUmOTPD_AnSivjxptxpA,5,2,2.3
2017-09-15,Switzerland,CH,Channel pages,Louis Weisz,OMrUmOTPD_AnSivjxptxpA,0,1,0.1
2017-09-15,Germany,DE,YouTube search,Louis Weisz,OMrUmOTPD_AnSivjxptxpA,3,1,3.5
2017-09-15,Egypt,EG,Suggested videos,Louis Weisz,OMrUmOTPD_AnSivjxptxpA,1,1,0.9
2017-09-15,Finland,FI,Channel pages,Louis Weisz,OMrUmOTPD_AnSivjxptxpA,2,2,0.9
2017-09-15,Finland,FI,Suggested videos,Louis Weisz,OMrUmOTPD_AnSivjxptxpA,3,2,1.5
2017-09-15,Finland,FI,Video cards and annotations,Louis Weisz,OMrUmOTPD_AnSivjxptxpA,3,1,3.0
2017-09-15,Greece,GR,YouTube search,Louis Weisz,OMrUmOTPD_AnSivjxptxpA,1,1,0.9
2017-09-15,Indonesia,ID,Suggested videos,Louis Weisz,OMrUmOTPD_AnSivjxptxpA,2,1,1.9
2017-09-15,India,IN,Direct or unknown,Louis Weisz,OMrUmOTPD_AnSivjxptxpA,0,1,0.1
2017-09-15,India,IN,Channel pages,Louis Weisz,OMrUmOTPD_AnSivjxptxpA,6,1,6.3
2017-09-15,India,IN,Suggested videos,Louis Weisz,OMrUmOTPD_AnSivjxptxpA,2,1,2.4
2017-09-15,India,IN,External,Louis Weisz,OMrUmOTPD_AnSivjxptxpA,7,3,2.3
2017-09-15,Italy,IT,YouTube search,Louis Weisz,OMrUmOTPD_AnSivjxptxpA,0,1,0.3
2017-09-15,Italy,IT,External,Louis Weisz,OMrUmOTPD_AnSivjxptxpA,1,1,1.0
2017-09-15,Japan,JP,Suggested videos,Louis Weisz,OMrUmOTPD_AnSivjxptxpA,1,1,0.6
2017-09-15,Japan,JP,External,Louis Weisz,OMrUmOTPD_AnSivjxptxpA,1,1,1.2
2017-09-15,Mexico,MX,YouTube search,Louis Weisz,OMrUmOTPD_AnSivjxptxpA,0,1,0.3
2017-09-15,Netherlands,NL,YouTube search,Louis Weisz,OMrUmOTPD_AnSivjxptxpA,0,1,0.4
2017-09-15,Norway,NO,Channel pages,Louis Weisz,OMrUmOTPD_AnSivjxptxpA,4,3,1.2
2017-09-15,Norway,NO,Suggested videos,Louis Weisz,OMrUmOTPD_AnSivjxptxpA,1,1,0.6
2017-09-15,United States,US,Channel pages,Louis Weisz,OMrUmOTPD_AnSivjxptxpA,25,9,2.7
2017-09-15,United States,US,YouTube search,Louis Weisz,OMrUmOTPD_AnSivjxptxpA,7,4,1.6
2017-09-15,United States,US,Suggested videos,Louis Weisz,OMrUmOTPD_AnSivjxptxpA,18,6,3.1
2017-09-15,United States,US,Other YouTube features,Louis Weisz,OMrUmOTPD_AnSivjxptxpA,6,3,2.0
2017-09-15,United States,US,External,Louis Weisz,OMrUmOTPD_AnSivjxptxpA,5,3,1.8
2017-09-15,United States,US,Playlists,Louis Weisz,OMrUmOTPD_AnSivjxptxpA,6,3,1.9
2017-09-15,South Africa,ZA,YouTube search,Louis Weisz,OMrUmOTPD_AnSivjxptxpA,3,1,2.7
2017-09-16,Australia,AU,YouTube search,Louis Weisz,OMrUmOTPD_AnSivjxptxpA,0,1,0.3
2017-09-16,Australia,AU,Suggested videos,Louis Weisz,OMrUmOTPD_AnSivjxptxpA,8,2,4.2
2017-09-16,Australia,AU,External,Louis Weisz,OMrUmOTPD_AnSivjxptxpA,0,1,0.1
2017-09-16,Australia,AU,Playlists,Louis Weisz,OMrUmOTPD_AnSivjxptxpA,6,1,5.7
2017-09-16,Australia,AU,Playlist page,Louis Weisz,OMrUmOTPD_AnSivjxptxpA,4,1,3.5
2017-09-16,Brazil,BR,Channel pages,Louis Weisz,OMrUmOTPD_AnSivjxptxpA,6,1,5.9
2017-09-16,Brazil,BR,Suggested videos,Louis Weisz,OMrUmOTPD_AnSivjxptxpA,3,1,2.9
2017-09-16,Canada,CA,Suggested videos,Louis Weisz,OMrUmOTPD_AnSivjxptxpA,7,2,3.5
2017-09-16,Canada,CA,Other YouTube features,Louis Weisz,OMrUmOTPD_AnSivjxptxpA,1,1,0.7
2017-09-16,Germany,DE,Channel pages,Louis Weisz,OMrUmOTPD_AnSivjxptxpA,1,2,0.3
2017-09-16,Germany,DE,Suggested videos,Louis Weisz,OMrUmOTPD_AnSivjxptxpA,4,3,1.3
2017-09-16,United Kingdom,GB,Channel pages,Louis Weisz,OMrUmOTPD_AnSivjxptxpA,9,2,4.7
2017-09-16,United Kingdom,GB,YouTube search,Louis Weisz,OMrUmOTPD_AnSivjxptxpA,1,2,0.5
2017-09-16,United Kingdom,GB,Suggested videos,Louis Weisz,OMrUmOTPD_AnSivjxptxpA,6,1,6.3
2017-09-16,Indonesia,ID,Suggested videos,Louis Weisz,OMrUmOTPD_AnSivjxptxpA,2,1,2.1
2017-09-16,India,IN,External,Louis Weisz,OMrUmOTPD_AnSivjxptxpA,3,5,0.7
2017-09-16,Japan,JP,Suggested videos,Louis Weisz,OMrUmOTPD_AnSivjxptxpA,4,2,2.0
2017-09-16,Netherlands,NL,Channel pages,Louis Weisz,OMrUmOTPD_AnSivjxptxpA,2,2,0.8
2017-09-16,Netherlands,NL,YouTube search,Louis Weisz,OMrUmOTPD_AnSivjxptxpA,4,1,4.3
2017-09-16,Norway,NO,Channel pages,Louis Weisz,OMrUmOTPD_AnSivjxptxpA,4,2,1.8
2017-09-16,Norway,NO,Suggested videos,Louis Weisz,OMrUmOTPD_AnSivjxptxpA,14,3,4.6
2017-09-16,Portugal,PT,Suggested videos,Louis Weisz,OMrUmOTPD_AnSivjxptxpA,3,3,1.1
2017-09-16,Portugal,PT,External,Louis Weisz,OMrUmOTPD_AnSivjxptxpA,0,1,0.2
2017-09-16,Singapore,SG,YouTube search,Louis Weisz,OMrUmOTPD_AnSivjxptxpA,6,2,2.8
2017-09-16,United States,US,Direct or unknown,Louis Weisz,OMrUmOTPD_AnSivjxptxpA,0,1,0.0
2017-09-16,United States,US,Browse features,Louis Weisz,OMrUmOTPD_AnSivjxptxpA,1,1,0.6
2017-09-16,United States,US,Channel pages,Louis Weisz,OMrUmOTPD_AnSivjxptxpA,34,17,2.0
2017-09-16,United States,US,YouTube search,Louis Weisz,OMrUmOTPD_AnSivjxptxpA,11,9,1.2
2017-09-16,United States,US,Suggested videos,Louis Weisz,OMrUmOTPD_AnSivjxptxpA,44,18,2.4
2017-09-16,United States,US,External,Louis Weisz,OMrUmOTPD_AnSivjxptxpA,4,2,1.8
2017-09-16,United States,US,Playlist page,Louis Weisz,OMrUmOTPD_AnSivjxptxpA,3,1,3.2
2017-09-17,Austria,AT,YouTube search,Louis Weisz,OMrUmOTPD_AnSivjxptxpA,4,1,3.5
2017-09-17,Australia,AU,Channel pages,Louis Weisz,OMrUmOTPD_AnSivjxptxpA,1,1,1.3
2017-09-17,Australia,AU,YouTube search,Louis Weisz,OMrUmOTPD_AnSivjxptxpA,4,1,4.3
2017-09-17,Bulgaria,BG,Direct or unknown,Louis Weisz,OMrUmOTPD_AnSivjxptxpA,4,1,4.3
2017-09-17,Bulgaria,BG,Suggested videos,Louis Weisz,OMrUmOTPD_AnSivjxptxpA,4,1,3.9
2017-09-17,Brazil,BR,Channel pages,Louis Weisz,OMrUmOTPD_AnSivjxptxpA,9,3,2.8
2017-09-17,Brazil,BR,Suggested videos,Louis Weisz,OMrUmOTPD_AnSivjxptxpA,12,3,4.1
2017-09-17,Canada,CA,Channel pages,Louis Weisz,OMrUmOTPD_AnSivjxptxpA,2,4,0.5
2017-09-17,Canada,CA,YouTube search,Louis Weisz,OMrUmOTPD_AnSivjxptxpA,3,1,2.5
2017-09-17,Canada,CA,Suggested videos,Louis Weisz,OMrUmOTPD_AnSivjxptxpA,5,1,4.9
2017-09-17,Germany,DE,Channel pages,Louis Weisz,OMrUmOTPD_AnSivjxptxpA,5,2,2.6
2017-09-17,Germany,DE,YouTube search,Louis Weisz,OMrUmOTPD_AnSivjxptxpA,0,1,0.1
2017-09-17,Denmark,DK,Channel pages,Louis Weisz,OMrUmOTPD_AnSivjxptxpA,5,2,2.5
2017-09-17,Dominican Republic,DO,YouTube search,Louis Weisz,OMrUmOTPD_AnSivjxptxpA,1,1,0.8
2017-09-17,Greece,GR,Suggested videos,Louis Weisz,OMrUmOTPD_AnSivjxptxpA,1,1,0.6
2017-09-17,Indonesia,ID,Browse features,Louis Weisz,OMrUmOTPD_AnSivjxptxpA,4,2,1.8
2017-09-17,Indonesia,ID,YouTube search,Louis Weisz,OMrUmOTPD_AnSivjxptxpA,1,1,0.6
2017-09-17,India,IN,YouTube search,Louis Weisz,OMrUmOTPD_AnSivjxptxpA,2,2,0.8
2017-09-17,Morocco,MA,Suggested videos,Louis Weisz,OMrUmOTPD_AnSivjxptxpA,1,1,0.7
2017-09-17,Mexico,MX,Suggested videos,Louis Weisz,OMrUmOTPD_AnSivjxptxpA,0,1,0.1
2017-09-17,Mexico,MX,External,Louis Weisz,OMrUmOTPD_AnSivjxptxpA,2,1,2.1
2017-09-17,Malaysia,MY,YouTube search,Louis Weisz,OMrUmOTPD_AnSivjxptxpA,1,1,0.7
2017-09-17,New Zealand,NZ,Channel pages,Louis Weisz,OMrUmOTPD_AnSivjxptxpA,2,1,1.5
2017-09-17,Philippines,PH,External,Louis Weisz,OMrUmOTPD_AnSivjxptxpA,0,1,0.1
2017-09-17,Pakistan,PK,External,Louis Weisz,OMrUmOTPD_AnSivjxptxpA,0,1,0.2
2017-09-17,Portugal,PT,Channel pages,Louis Weisz,OMrUmOTPD_AnSivjxptxpA,3,3,1.1
2017-09-17,Portugal,PT,Suggested videos,Louis Weisz,OMrUmOTPD_AnSivjxptxpA,11,3,3.8
2017-09-17,Saudi Arabia,SA,Suggested videos,Louis Weisz,OMrUmOTPD_AnSivjxptxpA,4,1,4.2
2017-09-17,Slovakia,SK,Channel pages,Louis Weisz,OMrUmOTPD_AnSivjxptxpA,2,1,1.5
2017-09-17,Slovakia,SK,YouTube search,Louis Weisz,OMrUmOTPD_AnSivjxptxpA,0,1,0.1
2017-09-17,United States,US,Channel pages,Louis Weisz,OMrUmOTPD_AnSivjxptxpA,69,21,3.3
2017-09-17,United States,US,YouTube search,Louis Weisz,OMrUmOTPD_AnSivjxptxpA,17,6,2.9
2017-09-17,United States,US,Suggested videos,Louis Weisz,OMrUmOTPD_AnSivjxptxpA,24,7,3.5
2017-09-17,United States,US,External,Louis Weisz,OMrUmOTPD_AnSivjxptxpA,15,5,3.1
2017-09-17,United States,US,End screens,Louis Weisz,OMrUmOTPD_AnSivjxptxpA,0,1,0.3
2017-09-18,Australia,AU,Channel pages,Louis Weisz,OMrUmOTPD_AnSivjxptxpA,13,3,4.4
2017-09-18,Australia,AU,External,Louis Weisz,OMrUmOTPD_AnSivjxptxpA,0,2,0.0
2017-09-18,Canada,CA,Channel pages,Louis Weisz,OMrUmOTPD_AnSivjxptxpA,1,1,1.3
2017-09-18,Canada,CA,Suggested videos,Louis Weisz,OMrUmOTPD_AnSivjxptxpA,1,1,0.6
2017-09-18,Germany,DE,Channel pages,Louis Weisz,OMrUmOTPD_AnSivjxptxpA,2,2,0.8
2017-09-18,Germany,DE,External,Louis Weisz,OMrUmOTPD_AnSivjxptxpA,0,2,0.2
2017-09-18,Denmark,DK,Suggested videos,Louis Weisz,OMrUmOTPD_AnSivjxptxpA,8,2,3.9
2017-09-18,France,FR,YouTube search,Louis Weisz,OMrUmOTPD_AnSivjxptxpA,2,1,1.9
2017-09-18,United Kingdom,GB,YouTube search,Louis Weisz,OMrUmOTPD_AnSivjxptxpA,3,1,2.8
2017-09-18,United Kingdom,GB,Suggested videos,Louis Weisz,OMrUmOTPD_AnSivjxptxpA,4,1,3.8
2017-09-18,United Kingdom,GB,External,Louis Weisz,OMrUmOTPD_AnSivjxptxpA,2,2,1.1
2017-09-18,Greece,GR,Suggested videos,Louis Weisz,OMrUmOTPD_AnSivjxptxpA,0,1,0.1
2017-09-18,Japan,JP,External,Louis Weisz,OMrUmOTPD_AnSivjxptxpA,1,1,1.0
2017-09-18,Mexico,MX,Suggested videos,Louis Weisz,OMrUmOTPD_AnSivjxptxpA,0,1,0.0
2017-09-18,Netherlands,NL,Direct or unknown,Louis Weisz,OMrUmOTPD_AnSivjxptxpA,0,1,0.2
2017-09-18,Netherlands,NL,Channel pages,Louis Weisz,OMrUmOTPD_AnSivjxptxpA,5,1,4.7
2017-09-18,New Zealand,NZ,Channel pages,Louis Weisz,OMrUmOTPD_AnSivjxptxpA,2,3,0.6
2017-09-18,Philippines,PH,YouTube search,Louis Weisz,OMrUmOTPD_AnSivjxptxpA,4,3,1.4
2017-09-18,Poland,PL,Suggested videos,Louis Weisz,OMrUmOTPD_AnSivjxptxpA,3,1,3.3
2017-09-18,Russia,RU,YouTube search,Louis Weisz,OMrUmOTPD_AnSivjxptxpA,0,1,0.2
2017-09-18,Sweden,SE,Suggested videos,Louis Weisz,OMrUmOTPD_AnSivjxptxpA,4,1,4.3
2017-09-18,Slovenia,SI,Channel pages,Louis Weisz,OMrUmOTPD_AnSivjxptxpA,4,2,2.1
2017-09-18,Trinidad & Tobago,TT,YouTube search,Louis Weisz,OMrUmOTPD_AnSivjxptxpA,0,1,0.1
2017-09-18,United States,US,Browse features,Louis Weisz,OMrUmOTPD_AnSivjxptxpA,2,1,1.6
2017-09-18,United States,US,Channel pages,Louis Weisz,OMrUmOTPD_AnSivjxptxpA,62,20,3.1
2017-09-18,United States,US,YouTube search,Louis Weisz,OMrUmOTPD_AnSivjxptxpA,11,6,1.8
2017-09-18,United States,US,Suggested videos,Louis Weisz,OMrUmOTPD_AnSivjxptxpA,46,15,3.1
2017-09-18,United States,US,Other YouTube features,Louis Weisz,OMrUmOTPD_AnSivjxptxpA,4,3,1.2
2017-09-18,United States,US,External,Louis Weisz,OMrUmOTPD_AnSivjxptxpA,0,1,0.2
2017-09-19,Argentina,AR,External,Louis Weisz,OMrUmOTPD_AnSivjxptxpA,1,1,1.3
2017-09-19,Argentina,AR,Video cards and annotations,Louis Weisz,OMrUmOTPD_AnSivjxptxpA,0,1,0.3
2017-09-19,Austria,AT,YouTube search,Louis Weisz,OMrUmOTPD_AnSivjxptxpA,0,1,0.3
2017-09-19,Australia,AU,Channel pages,Louis Weisz,OMrUmOTPD_AnSivjxptxpA,3,2,1.7
2017-09-19,Australia,AU,Suggested videos,Louis Weisz,OMrUmOTPD_AnSivjxptxpA,6,2,3.0
2017-09-19,Australia,AU,External,Louis Weisz,OMrUmOTPD_AnSivjxptxpA,0,2,0.0
2017-09-19,Belgium,BE,YouTube search,Louis Weisz,OMrUmOTPD_AnSivjxptxpA,1,1,1.4
2017-09-19,Canada,CA,Channel pages,Louis Weisz,OMrUmOTPD_AnSivjxptxpA,6,8,0.7
2017-09-19,Canada,CA,Suggested videos,Louis Weisz,OMrUmOTPD_AnSivjxptxpA,18,4,4.6
2017-09-19,Canada,CA,External,Louis Weisz,OMrUmOTPD_AnSivjxptxpA,4,1,3.7
2017-09-19,Canada,CA,Video cards and annotations,Louis Weisz,OMrUmOTPD_AnSivjxptxpA,0,1,0.0
2017-09-19,France,FR,Suggested videos,Louis Weisz,OMrUmOTPD_AnSivjxptxpA,3,3,0.9
2017-09-19,United Kingdom,GB,Suggested videos,Louis Weisz,OMrUmOTPD_AnSivjxptxpA,3,1,3.3
2017-09-19,United Kingdom,GB,External,Louis Weisz,OMrUmOTPD_AnSivjxptxpA,4,1,3.5
2017-09-19,Ireland,IE,Channel pages,Louis Weisz,OMrUmOTPD_AnSivjxptxpA,2,1,2.1
2017-09-19,India,IN,YouTube search,Louis Weisz,OMrUmOTPD_AnSivjxptxpA,1,1,0.7
2017-09-19,India,IN,Suggested videos,Louis Weisz,OMrUmOTPD_AnSivjxptxpA,2,1,2.2
2017-09-19,India,IN,External,Louis Weisz,OMrUmOTPD_AnSivjxptxpA,2,2,1.1
2017-09-19,Italy,IT,Channel pages,Louis Weisz,OMrUmOTPD_AnSivjxptxpA,0,1,0.1
2017-09-19,Italy,IT,Suggested videos,Louis Weisz,OMrUmOTPD_AnSivjxptxpA,4,3,1.2
2017-09-19,Malaysia,MY,External,Louis Weisz,OMrUmOTPD_AnSivjxptxpA,1,1,0.8
2017-09-19,Netherlands,NL,Browse features,Louis Weisz,OMrUmOTPD_AnSivjxptxpA,0,1,0.3
2017-09-19,Norway,NO,Channel pages,Louis Weisz,OMrUmOTPD_AnSivjxptxpA,6,1,6.2
2017-09-19,Norway,NO,Suggested videos,Louis Weisz,OMrUmOTPD_AnSivjxptxpA,3,1,3.4
2017-09-19,New Zealand,NZ,Suggested videos,Louis Weisz,OMrUmOTPD_AnSivjxptxpA,4,1,4.1
2017-09-19,Pakistan,PK,YouTube search,Louis Weisz,OMrUmOTPD_AnSivjxptxpA,0,1,0.2
2017-09-19,Poland,PL,External,Louis Weisz,OMrUmOTPD_AnSivjxptxpA,0,1,0.4
2017-09-19,Portugal,PT,Channel pages,Louis Weisz,OMrUmOTPD_AnSivjxptxpA,0,1,0.4
2017-09-19,Portugal,PT,Suggested videos,Louis Weisz,OMrUmOTPD_AnSivjxptxpA,2,2,1.0
2017-09-19,Slovenia,SI,YouTube search,Louis Weisz,OMrUmOTPD_AnSivjxptxpA,0,1,0.1
2017-09-19,United States,US,Channel pages,Louis Weisz,OMrUmOTPD_AnSivjxptxpA,15,8,1.9
2017-09-19,United States,US,YouTube search,Louis Weisz,OMrUmOTPD_AnSivjxptxpA,17,8,2.1
2017-09-19,United States,US,Suggested videos,Louis Weisz,OMrUmOTPD_AnSivjxptxpA,55,18,3.1
2017-09-19,United States,US,External,Louis Weisz,OMrUmOTPD_AnSivjxptxpA,8,6,1.3
2017-09-19,South Africa,ZA,YouTube search,Louis Weisz,OMrUmOTPD_AnSivjxptxpA,1,2,0.6
2017-09-20,Australia,AU,Channel pages,Louis Weisz,OMrUmOTPD_AnSivjxptxpA,0,1,0.2
2017-09-20,Australia,AU,External,Louis Weisz,OMrUmOTPD_AnSivjxptxpA,0,2,0.0
2017-09-20,Brazil,BR,Direct or unknown,Louis Weisz,OMrUmOTPD_AnSivjxptxpA,4,1,3.6
2017-09-20,Switzerland,CH,Channel pages,Louis Weisz,OMrUmOTPD_AnSivjxptxpA,1,1,1.4
2017-09-20,Czechia,CZ,External,Louis Weisz,OMrUmOTPD_AnSivjxptxpA,0,1,0.4
2017-09-20,Germany,DE,Channel pages,Louis Weisz,OMrUmOTPD_AnSivjxptxpA,0,1,0.5
2017-09-20,Spain,ES,YouTube search,Louis Weisz,OMrUmOTPD_AnSivjxptxpA,0,1,0.4
2017-09-20,Finland,FI,Channel pages,Louis Weisz,OMrUmOTPD_AnSivjxptxpA,7,1,6.6
2017-09-20,United Kingdom,GB,Channel pages,Louis Weisz,OMrUmOTPD_AnSivjxptxpA,8,3,2.7
2017-09-20,United Kingdom,GB,Suggested videos,Louis Weisz,OMrUmOTPD_AnSivjxptxpA,19,5,3.7
2017-09-20,Hungary,HU,YouTube search,Louis Weisz,OMrUmOTPD_AnSivjxptxpA,0,1,0.0
2017-09-20,Indonesia,ID,YouTube search,Louis Weisz,OMrUmOTPD_AnSivjxptxpA,5,1,5.5
2017-09-20,Ireland,IE,YouTube search,Louis Weisz,OMrUmOTPD_AnSivjxptxpA,3,1,2.6
2017-09-20,India,IN,YouTube search,Louis Weisz,OMrUmOTPD_AnSivjxptxpA,0,1,0.3
2017-09-20,Japan,JP,External,Louis Weisz,OMrUmOTPD_AnSivjxptxpA,4,1,3.6
2017-09-20,Mauritius,MU,Suggested videos,Louis Weisz,OMrUmOTPD_AnSivjxptxpA,4,1,4.3
2017-09-20,Netherlands,NL,YouTube search,Louis Weisz,OMrUmOTPD_AnSivjxptxpA,4,1,3.6
2017-09-20,Norway,NO,YouTube search,Louis Weisz,OMrUmOTPD_AnSivjxptxpA,7,1,7.3
2017-09-20,Russia,RU,Suggested videos,Louis Weisz,OMrUmOTPD_AnSivjxptxpA,1,1,0.5
2017-09-20,United States,US,Browse features,Louis Weisz,OMrUmOTPD_AnSivjxptxpA,0,1,0.0
2017-09-20,United States,US,Channel pages,Louis Weisz,OMrUmOTPD_AnSivjxptxpA,29,12,2.4
2017-09-20,United States,US,YouTube search,Louis Weisz,OMrUmOTPD_AnSivjxptxpA,11,5,2.3
2017-09-20,United States,US,Suggested videos,Louis Weisz,OMrUmOTPD_AnSivjxptxpA,23,8,2.9
2017-09-20,United States,US,External,Louis Weisz,OMrUmOTPD_AnSivjxptxpA,8,3,2.6
2017-09-20,United States,US,Video cards and annotations,Louis Weisz,OMrUmOTPD_AnSivjxptxpA,6,1,6.4
2017-09-20,Vietnam,VN,Suggested videos,Louis Weisz,OMrUmOTPD_AnSivjxptxpA,1,1,1.0
2017-09-20,South Africa,ZA,External,Louis Weisz,OMrUmOTPD_AnSivjxptxpA,1,1,0.5
2017-09-21,Austria,AT,YouTube search,Louis Weisz,OMrUmOTPD_AnSivjxptxpA,1,1,0.5
2017-09-21,Australia,AU,Channel pages,Louis Weisz,OMrUmOTPD_AnSivjxptxpA,6,1,6.1
2017-09-21,Australia,AU,External,Louis Weisz,OMrUmOTPD_AnSivjxptxpA,0,1,0.0
2017-09-21,Canada,CA,Browse features,Louis Weisz,OMrUmOTPD_AnSivjxptxpA,2,1,2.3
2017-09-21,Canada,CA,Channel pages,Louis Weisz,OMrUmOTPD_AnSivjxptxpA,0,1,0.5
2017-09-21,Germany,DE,Suggested videos,Louis Weisz,OMrUmOTPD_AnSivjxptxpA,1,1,0.6
2017-09-21,Denmark,DK,YouTube search,Louis Weisz,OMrUmOTPD_AnSivjxptxpA,3,1,2.5
2017-09-21,Spain,ES,YouTube search,Louis Weisz,OMrUmOTPD_AnSivjxptxpA,4,1,4.2
2017-09-21,France,FR,Channel pages,Louis Weisz,OMrUmOTPD_AnSivjxptxpA,0,1,0.2
2017-09-21,United Kingdom,GB,Channel pages,Louis Weisz,OMrUmOTPD_AnSivjxptxpA,1,1,0.5
2017-09-21,United Kingdom,GB,Suggested videos,Louis Weisz,OMrUmOTPD_AnSivjxptxpA,14,3,4.6
2017-09-21,United Kingdom,GB,Playlist page,Louis Weisz,OMrUmOTPD_AnSivjxptxpA,3,1,2.9
2017-09-21,Greece,GR,Suggested videos,Louis Weisz,OMrUmOTPD_AnSivjxptxpA,0,2,0.2
2017-09-21,Honduras,HN,Suggested videos,Louis Weisz,OMrUmOTPD_AnSivjxptxpA,4,1,4.3
2017-09-21,Indonesia,ID,YouTube search,Louis Weisz,OMrUmOTPD_AnSivjxptxpA,4,1,3.5
2017-09-21,India,IN,YouTube search,Louis Weisz,OMrUmOTPD_AnSivjxptxpA,1,1,0.8
2017-09-21,India,IN,Suggested videos,Louis Weisz,OMrUmOTPD_AnSivjxptxpA,0,3,0.2
2017-09-21,India,IN,External,Louis Weisz,OMrUmOTPD_AnSivjxptxpA,1,4,0.2
2017-09-21,Jamaica,JM,Suggested videos,Louis Weisz,OMrUmOTPD_AnSivjxptxpA,2,1,2.1
2017-09-21,Japan,JP,YouTube search,Louis Weisz,OMrUmOTPD_AnSivjxptxpA,1,1,1.1
2017-09-21,Japan,JP,Suggested videos,Louis Weisz,OMrUmOTPD_AnSivjxptxpA,4,1,4.3
2017-09-21,Japan,JP,External,Louis Weisz,OMrUmOTPD_AnSivjxptxpA,0,1,0.2
2017-09-21,Malaysia,MY,YouTube search,Louis Weisz,OMrUmOTPD_AnSivjxptxpA,0,1,0.1
2017-09-21,Netherlands,NL,YouTube search,Louis Weisz,OMrUmOTPD_AnSivjxptxpA,0,1,0.0
2017-09-21,New Zealand,NZ,YouTube search,Louis Weisz,OMrUmOTPD_AnSivjxptxpA,3,1,3.1
2017-09-21,New Zealand,NZ,Suggested videos,Louis Weisz,OMrUmOTPD_AnSivjxptxpA,1,1,0.6
2017-09-21,Poland,PL,Channel pages,Louis Weisz,OMrUmOTPD_AnSivjxptxpA,1,1,1.1
2017-09-21,Sweden,SE,Channel pages,Louis Weisz,OMrUmOTPD_AnSivjxptxpA,2,3,0.7
2017-09-21,Sweden,SE,Suggested videos,Louis Weisz,OMrUmOTPD_AnSivjxptxpA,12,3,4.0
2017-09-21,Singapore,SG,Suggested videos,Louis Weisz,OMrUmOTPD_AnSivjxptxpA,5,2,2.5
2017-09-21,United States,US,Direct or unknown,Louis Weisz,OMrUmOTPD_AnSivjxptxpA,4,1,4.3
2017-09-21,United States,US,Browse features,Louis Weisz,OMrUmOTPD_AnSivjxptxpA,7,3,2.2
2017-09-21,United States,US,Channel pages,Louis Weisz,OMrUmOTPD_AnSivjxptxpA,35,15,2.3
2017-09-21,United States,US,YouTube search,Louis Weisz,OMrUmOTPD_AnSivjxptxpA,17,7,2.4
2017-09-21,United States,US,Suggested videos,Louis Weisz,OMrUmOTPD_AnSivjxptxpA,49,16,3.1
2017-09-21,United States,US,Other YouTube features,Louis Weisz,OMrUmOTPD_AnSivjxptxpA,4,1,4.0
2017-09-21,United States,US,External,Louis Weisz,OMrUmOTPD_AnSivjxptxpA,8,3,2.8
2017-09-22,Argentina,AR,YouTube search,Louis Weisz,OMrUmOTPD_AnSivjxptxpA,1,1,1.1
2017-09-22,Australia,AU,Channel pages,Louis Weisz,OMrUmOTPD_AnSivjxptxpA,2,2,0.8
2017-09-22,Australia,AU,Suggested videos,Louis Weisz,OMrUmOTPD_AnSivjxptxpA,3,2,1.3
2017-09-22,Australia,AU,External,Louis Weisz,OMrUmOTPD_AnSivjxptxpA,0,2,0.0
2017-09-22,Bulgaria,BG,Suggested videos,Louis Weisz,OMrUmOTPD_AnSivjxptxpA,4,1,3.9
2017-09-22,Canada,CA,YouTube search,Louis Weisz,OMrUmOTPD_AnSivjxptxpA,1,1,1.1
2017-09-22,Switzerland,CH,YouTube search,Louis Weisz,OMrUmOTPD_AnSivjxptxpA,2,1,1.9
2017-09-22,Switzerland,CH,Suggested videos,Louis Weisz,OMrUmOTPD_AnSivjxptxpA,9,3,3.1
2017-09-22,Germany,DE,Channel pages,Louis Weisz,OMrUmOTPD_AnSivjxptxpA,0,1,0.1
2017-09-22,Germany,DE,YouTube search,Louis Weisz,OMrUmOTPD_AnSivjxptxpA,3,2,1.3
2017-09-22,Spain,ES,Suggested videos,Louis Weisz,OMrUmOTPD_AnSivjxptxpA,0,1,0.1
2017-09-22,France,FR,Channel pages,Louis Weisz,OMrUmOTPD_AnSivjxptxpA,1,2,0.7
2017-09-22,France,FR,YouTube search,Louis Weisz,OMrUmOTPD_AnSivjxptxpA,1,1,1.1
2017-09-22,France,FR,Suggested videos,Louis Weisz,OMrUmOTPD_AnSivjxptxpA,2,1,2.4
2017-09-22,United Kingdom,GB,Channel pages,Louis Weisz,OMrUmOTPD_AnSivjxptxpA,1,1,0.6
2017-09-22,United Kingdom,GB,YouTube search,Louis Weisz,OMrUmOTPD_AnSivjxptxpA,2,3,0.8
2017-09-22,Guatemala,GT,Suggested videos,Louis Weisz,OMrUmOTPD_AnSivjxptxpA,2,1,2.4
2017-09-22,Hungary,HU,Suggested videos,Louis Weisz,OMrUmOTPD_AnSivjxptxpA,2,1,1.7
2017-09-22,Indonesia,ID,YouTube search,Louis Weisz,OMrUmOTPD_AnSivjxptxpA,6,1,5.9
2017-09-22,India,IN,YouTube search,Louis Weisz,OMrUmOTPD_AnSivjxptxpA,2,1,1.9
2017-09-22,Japan,JP,YouTube search,Louis Weisz,OMrUmOTPD_AnSivjxptxpA,1,2,0.7
2017-09-22,Latvia,LV,Channel pages,Louis Weisz,OMrUmOTPD_AnSivjxptxpA,7,6,1.1
2017-09-22,Mexico,MX,YouTube search,Louis Weisz,OMrUmOTPD_AnSivjxptxpA,1,1,1.5
2017-09-22,Mexico,MX,External,Louis Weisz,OMrUmOTPD_AnSivjxptxpA,4,2,2.0
2017-09-22,Philippines,PH,Suggested videos,Louis Weisz,OMrUmOTPD_AnSivjxptxpA,4,1,4.0
2017-09-22,Pakistan,PK,Channel pages,Louis Weisz,OMrUmOTPD_AnSivjxptxpA,1,1,0.7
2017-09-22,Russia,RU,Suggested videos,Louis Weisz,OMrUmOTPD_AnSivjxptxpA,2,1,2.0
2017-09-22,United States,US,Direct or unknown,Louis Weisz,OMrUmOTPD_AnSivjxptxpA,0,1,0.4
2017-09-22,United States,US,Browse features,Louis Weisz,OMrUmOTPD_AnSivjxptxpA,3,1,3.4
2017-09-22,United States,US,Channel pages,Louis Weisz,OMrUmOTPD_AnSivjxptxpA,25,10,2.5
2017-09-22,United States,US,YouTube search,Louis Weisz,OMrUmOTPD_AnSivjxptxpA,26,12,2.2
2017-09-22,United States,US,Suggested videos,Louis Weisz,OMrUmOTPD_AnSivjxptxpA,25,8,3.2
2017-09-22,United States,US,Other YouTube features,Louis Weisz,OMrUmOTPD_AnSivjxptxpA,7,2,3.3
2017-09-22,United States,US,External,Louis Weisz,OMrUmOTPD_AnSivjxptxpA,8,2,4.0
2017-09-22,United States,US,Video cards and annotations,Louis Weisz,OMrUmOTPD_AnSivjxptxpA,6,1,6.3
2017-09-23,Australia,AU,Channel pages,Louis Weisz,OMrUmOTPD_AnSivjxptxpA,9,3,2.9
2017-09-23,Australia,AU,Suggested videos,Louis Weisz,OMrUmOTPD_AnSivjxptxpA,27,7,3.9
2017-09-23,Australia,AU,External,Louis Weisz,OMrUmOTPD_AnSivjxptxpA,0,1,0.1
2017-09-23,Belgium,BE,Channel pages,Louis Weisz,OMrUmOTPD_AnSivjxptxpA,10,2,4.9
2017-09-23,Belgium,BE,End screens,Louis Weisz,OMrUmOTPD_AnSivjxptxpA,4,1,3.9
2017-09-23,Canada,CA,Channel pages,Louis Weisz,OMrUmOTPD_AnSivjxptxpA,2,1,1.9
2017-09-23,Canada,CA,Suggested videos,Louis Weisz,OMrUmOTPD_AnSivjxptxpA,2,2,1.1
2017-09-23,Germany,DE,Channel pages,Louis Weisz,OMrUmOTPD_AnSivjxptxpA,9,6,1.4
2017-09-23,Germany,DE,YouTube search,Louis Weisz,OMrUmOTPD_AnSivjxptxpA,1,1,0.7
2017-09-23,Germany,DE,Suggested videos,Louis Weisz,OMrUmOTPD_AnSivjxptxpA,9,2,4.4
2017-09-23,Germany,DE,External,Louis Weisz,OMrUmOTPD_AnSivjxptxpA,4,1,3.5
2017-09-23,Germany,DE,Video cards and annotations,Louis Weisz,OMrUmOTPD_AnSivjxptxpA,6,1,6.2
2017-09-23,Germany,DE,Playlists,Louis Weisz,OMrUmOTPD_AnSivjxptxpA,9,3,3.1
2017-09-23,United Kingdom,GB,Direct or unknown,Louis Weisz,OMrUmOTPD_AnSivjxptxpA,18,5,3.5
2017-09-23,United Kingdom,GB,Channel pages,Louis Weisz,OMrUmOTPD_AnSivjxptxpA,3,1,2.5
2017-09-23,United Kingdom,GB,YouTube search,Louis Weisz,OMrUmOTPD_AnSivjxptxpA,3,1,2.6
2017-09-23,United Kingdom,GB,Suggested videos,Louis Weisz,OMrUmOTPD_AnSivjxptxpA,5,1,5.3
2017-09-23,United Kingdom,GB,External,Louis Weisz,OMrUmOTPD_AnSivjxptxpA,1,1,1.4
2017-09-23,United Kingdom,GB,Playlists,Louis Weisz,OMrUmOTPD_AnSivjxptxpA,8,2,3.9
2017-09-23,Indonesia,ID,Suggested videos,Louis Weisz,OMrUmOTPD_AnSivjxptxpA,4,1,3.9
2017-09-23,India,IN,External,Louis Weisz,OMrUmOTPD_AnSivjxptxpA,0,1,0.4
2017-09-23,Jersey,JE,Channel pages,Louis Weisz,OMrUmOTPD_AnSivjxptxpA,5,2,2.3
2017-09-23,Japan,JP,Suggested videos,Louis Weisz,OMrUmOTPD_AnSivjxptxpA,11,7,1.6
2017-09-23,Japan,JP,External,Louis Weisz,OMrUmOTPD_AnSivjxptxpA,1,1,0.5
2017-09-23,Kyrgyzstan,KG,External,Louis Weisz,OMrUmOTPD_AnSivjxptxpA,1,1,0.6
2017-09-23,Lithuania,LT,Channel pages,Louis Weisz,OMrUmOTPD_AnSivjxptxpA,0,1,0.5
2017-09-23,Luxembourg,LU,Channel pages,Louis Weisz,OMrUmOTPD_AnSivjxptxpA,0,1,0.3
2017-09-23,Mexico,MX,Channel pages,Louis Weisz,OMrUmOTPD_AnSivjxptxpA,11,3,3.6
2017-09-23,Mexico,MX,Suggested videos,Louis Weisz,OMrUmOTPD_AnSivjxptxpA,6,1,5.8
2017-09-23,Netherlands,NL,Channel pages,Louis Weisz,OMrUmOTPD_AnSivjxptxpA,1,2,0.5
2017-09-23,Netherlands,NL,Suggested videos,Louis Weisz,OMrUmOTPD_AnSivjxptxpA,1,1,1.4
2017-09-23,Philippines,PH,Other YouTube features,Louis Weisz,OMrUmOTPD_AnSivjxptxpA,4,1,4.3
2017-09-23,Poland,PL,Suggested videos,Louis Weisz,OMrUmOTPD_AnSivjxptxpA,1,1,1.4
2017-09-23,Sweden,SE,YouTube search,Louis Weisz,OMrUmOTPD_AnSivjxptxpA,4,1,4.0
2017-09-23,Slovakia,SK,Suggested videos,Louis Weisz,OMrUmOTPD_AnSivjxptxpA,0,1,0.3
2017-09-23,United States,US,Direct or unknown,Louis Weisz,OMrUmOTPD_AnSivjxptxpA,1,1,0.6
2017-09-23,United States,US,Browse features,Louis Weisz,OMrUmOTPD_AnSivjxptxpA,4,1,3.8
2017-09-23,United States,US,Channel pages,Louis Weisz,OMrUmOTPD_AnSivjxptxpA,37,16,2.3
2017-09-23,United States,US,YouTube search,Louis Weisz,OMrUmOTPD_AnSivjxptxpA,18,10,1.8
2017-09-23,United States,US,Suggested videos,Louis Weisz,OMrUmOTPD_AnSivjxptxpA,69,20,3.5
2017-09-23,United States,US,Other YouTube features,Louis Weisz,OMrUmOTPD_AnSivjxptxpA,8,2,4.0
2017-09-23,United States,US,External,Louis Weisz,OMrUmOTPD_AnSivjxptxpA,5,3,1.8
2017-09-23,United States,US,Playlist page,Louis Weisz,OMrUmOTPD_AnSivjxptxpA,2,1,2.4
2017-09-23,United States,US,End screens,Louis Weisz,OMrUmOTPD_AnSivjxptxpA,2,1,2.4
2017-09-24,Australia,AU,Browse features,Louis Weisz,OMrUmOTPD_AnSivjxptxpA,12,2,5.8
2017-09-24,Australia,AU,Channel pages,Louis Weisz,OMrUmOTPD_AnSivjxptxpA,8,5,1.5
2017-09-24,Australia,AU,YouTube search,Louis Weisz,OMrUmOTPD_AnSivjxptxpA,1,1,0.7
2017-09-24,Australia,AU,Suggested videos,Louis Weisz,OMrUmOTPD_AnSivjxptxpA,5,2,2.5
2017-09-24,Australia,AU,External,Louis Weisz,OMrUmOTPD_AnSivjxptxpA,0,2,0.0
2017-09-24,Belgium,BE,YouTube search,Louis Weisz,OMrUmOTPD_AnSivjxptxpA,3,1,3.2
2017-09-24,Belgium,BE,Suggested videos,Louis Weisz,OMrUmOTPD_AnSivjxptxpA,2,2,0.8
2017-09-24,Belgium,BE,Video cards and annotations,Louis Weisz,OMrUmOTPD_AnSivjxptxpA,1,1,1.3
2017-09-24,Brazil,BR,YouTube search,Louis Weisz,OMrUmOTPD_AnSivjxptxpA,0,1,0.2
2017-09-24,Brazil,BR,External,Louis Weisz,OMrUmOTPD_AnSivjxptxpA,1,1,0.8
2017-09-24,Canada,CA,Suggested videos,Louis Weisz,OMrUmOTPD_AnSivjxptxpA,5,2,2.5
2017-09-24,Canada,CA,External,Louis Weisz,OMrUmOTPD_AnSivjxptxpA,0,1,0.3
2017-09-24,Czechia,CZ,YouTube search,Louis Weisz,OMrUmOTPD_AnSivjxptxpA,3,1,2.6
2017-09-24,Czechia,CZ,Playlists,Louis Weisz,OMrUmOTPD_AnSivjxptxpA,13,3,4.4
2017-09-24,Czechia,CZ,Playlist page,Louis Weisz,OMrUmOTPD_AnSivjxptxpA,2,1,2.4
2017-09-24,Germany,DE,Channel pages,Louis Weisz,OMrUmOTPD_AnSivjxptxpA,6,3,2.1
2017-09-24,Germany,DE,YouTube search,Louis Weisz,OMrUmOTPD_AnSivjxptxpA,4,1,3.9
2017-09-24,Germany,DE,Playlist page,Louis Weisz,OMrUmOTPD_AnSivjxptxpA,4,1,4.5
2017-09-24,Finland,FI,Channel pages,Louis Weisz,OMrUmOTPD_AnSivjxptxpA,12,4,2.9
2017-09-24,Finland,FI,Suggested videos,Louis Weisz,OMrUmOTPD_AnSivjxptxpA,15,3,5.0
2017-09-24,Finland,FI,External,Louis Weisz,OMrUmOTPD_AnSivjxptxpA,3,1,2.8
2017-09-24,France,FR,External,Louis Weisz,OMrUmOTPD_AnSivjxptxpA,1,1,0.8
2017-09-24,Hungary,HU,Suggested videos,Louis Weisz,OMrUmOTPD_AnSivjxptxpA,7,3,2.3
2017-09-24,Indonesia,ID,External,Louis Weisz,OMrUmOTPD_AnSivjxptxpA,3,1,3.2
2017-09-24,Ireland,IE,Channel pages,Louis Weisz,OMrUmOTPD_AnSivjxptxpA,3,1,3.4
2017-09-24,India,IN,External,Louis Weisz,OMrUmOTPD_AnSivjxptxpA,3,4,0.6
2017-09-24,Japan,JP,Suggested videos,Louis Weisz,OMrUmOTPD_AnSivjxptxpA,0,1,0.1
2017-09-24,Lithuania,LT,Channel pages,Louis Weisz,OMrUmOTPD_AnSivjxptxpA,0,1,0.3
2017-09-24,Lithuania,LT,Suggested videos,Louis Weisz,OMrUmOTPD_AnSivjxptxpA,4,3,1.4
2017-09-24,Mexico,MX,Suggested videos,Louis Weisz,OMrUmOTPD_AnSivjxptxpA,3,1,3.0
2017-09-24,Netherlands,NL,Channel pages,Louis Weisz,OMrUmOTPD_AnSivjxptxpA,4,1,4.2
2017-09-24,Netherlands,NL,External,Louis Weisz,OMrUmOTPD_AnSivjxptxpA,2,1,2.1
2017-09-24,Philippines,PH,YouTube search,Louis Weisz,OMrUmOTPD_AnSivjxptxpA,1,1,0.8
2017-09-24,Poland,PL,Channel pages,Louis Weisz,OMrUmOTPD_AnSivjxptxpA,0,1,0.2
2017-09-24,Saudi Arabia,SA,YouTube search,Louis Weisz,OMrUmOTPD_AnSivjxptxpA,0,1,0.3
2017-09-24,Sweden,SE,Channel pages,Louis Weisz,OMrUmOTPD_AnSivjxptxpA,10,5,1.9
2017-09-24,Sweden,SE,Suggested videos,Louis Weisz,OMrUmOTPD_AnSivjxptxpA,5,2,2.6
2017-09-24,Sweden,SE,Video cards and annotations,Louis Weisz,OMrUmOTPD_AnSivjxptxpA,4,1,3.9
2017-09-24,Singapore,SG,Suggested videos,Louis Weisz,OMrUmOTPD_AnSivjxptxpA,3,2,1.6
2017-09-24,Tanzania,TZ,YouTube search,Louis Weisz,OMrUmOTPD_AnSivjxptxpA,0,1,0.5
2017-09-24,United States,US,Direct or unknown,Louis Weisz,OMrUmOTPD_AnSivjxptxpA,0,6,0.0
2017-09-24,United States,US,Channel pages,Louis Weisz,OMrUmOTPD_AnSivjxptxpA,35,15,2.3
2017-09-24,United States,US,YouTube search,Louis Weisz,OMrUmOTPD_AnSivjxptxpA,18,11,1.7
2017-09-24,United States,US,Suggested videos,Louis Weisz,OMrUmOTPD_AnSivjxptxpA,40,19,2.1
2017-09-24,United States,US,Other YouTube features,Louis Weisz,OMrUmOTPD_AnSivjxptxpA,2,1,2.0
2017-09-24,United States,US,External,Louis Weisz,OMrUmOTPD_AnSivjxptxpA,11,5,2.2
2017-09-24,United States,US,Playlists,Louis Weisz,OMrUmOTPD_AnSivjxptxpA,5,2,2.5
2017-09-24,United States,US,Playlist page,Louis Weisz,OMrUmOTPD_AnSivjxptxpA,5,1,4.9
2017-09-24,United States,US,End screens,Louis Weisz,OMrUmOTPD_AnSivjxptxpA,4,2,2.0
2017-09-24,Uzbekistan,UZ,YouTube search,Louis Weisz,OMrUmOTPD_AnSivjxptxpA,1,1,1.0
2017-09-24,Venezuela,VE,YouTube search,Louis Weisz,OMrUmOTPD_AnSivjxptxpA,0,2,0.2
2017-09-25,Australia,AU,Channel pages,Louis Weisz,OMrUmOTPD_AnSivjxptxpA,0,2,0.1
2017-09-25,Australia,AU,Suggested videos,Louis Weisz,OMrUmOTPD_AnSivjxptxpA,8,4,2.0
2017-09-25,Australia,AU,External,Louis Weisz,OMrUmOTPD_AnSivjxptxpA,0,2,0.1
2017-09-25,Bermuda,BM,Suggested videos,Louis Weisz,OMrUmOTPD_AnSivjxptxpA,0,1,0.2
2017-09-25,Brazil,BR,YouTube search,Louis Weisz,OMrUmOTPD_AnSivjxptxpA,2,1,2.1
2017-09-25,Canada,CA,Direct or unknown,Louis Weisz,OMrUmOTPD_AnSivjxptxpA,2,1,1.6
2017-09-25,Canada,CA,Channel pages,Louis Weisz,OMrUmOTPD_AnSivjxptxpA,10,4,2.6
2017-09-25,Canada,CA,YouTube search,Louis Weisz,OMrUmOTPD_AnSivjxptxpA,0,1,0.1
2017-09-25,Canada,CA,Suggested videos,Louis Weisz,OMrUmOTPD_AnSivjxptxpA,20,6,3.4
2017-09-25,France,FR,Channel pages,Louis Weisz,OMrUmOTPD_AnSivjxptxpA,4,1,3.6
2017-09-25,France,FR,Suggested videos,Louis Weisz,OMrUmOTPD_AnSivjxptxpA,1,1,1.1
2017-09-25,United Kingdom,GB,Browse features,Louis Weisz,OMrUmOTPD_AnSivjxptxpA,1,1,0.9
2017-09-25,United Kingdom,GB,Channel pages,Louis Weisz,OMrUmOTPD_AnSivjxptxpA,9,3,2.9
2017-09-25,India,IN,YouTube search,Louis Weisz,OMrUmOTPD_AnSivjxptxpA,2,1,2.0
2017-09-25,India,IN,External,Louis Weisz,OMrUmOTPD_AnSivjxptxpA,3,2,1.5
2017-09-25,Mauritius,MU,YouTube search,Louis Weisz,OMrUmOTPD_AnSivjxptxpA,1,1,0.8
2017-09-25,Netherlands,NL,Channel pages,Louis Weisz,OMrUmOTPD_AnSivjxptxpA,2,1,1.9
2017-09-25,Netherlands,NL,Suggested videos,Louis Weisz,OMrUmOTPD_AnSivjxptxpA,3,2,1.3
2017-09-25,New Zealand,NZ,Channel pages,Louis Weisz,OMrUmOTPD_AnSivjxptxpA,1,1,0.8
2017-09-25,New Zealand,NZ,Suggested videos,Louis Weisz,OMrUmOTPD_AnSivjxptxpA,12,3,4.1
2017-09-25,Russia,RU,YouTube search,Louis Weisz,OMrUmOTPD_AnSivjxptxpA,0,1,0.0
2017-09-25,Sweden,SE,Channel pages,Louis Weisz,OMrUmOTPD_AnSivjxptxpA,9,2,4.6
2017-09-25,Turkey,TR,YouTube search,Louis Weisz,OMrUmOTPD_AnSivjxptxpA,0,1,0.0
2017-09-25,United States,US,Direct or unknown,Louis Weisz,OMrUmOTPD_AnSivjxptxpA,0,1,0.2
2017-09-25,United States,US,Browse features,Louis Weisz,OMrUmOTPD_AnSivjxptxpA,8,2,4.1
2017-09-25,United States,US,Channel pages,Louis Weisz,OMrUmOTPD_AnSivjxptxpA,29,16,1.8
2017-09-25,United States,US,YouTube search,Louis Weisz,OMrUmOTPD_AnSivjxptxpA,15,9,1.7
2017-09-25,United States,US,Suggested videos,Louis Weisz,OMrUmOTPD_AnSivjxptxpA,33,12,2.8
2017-09-25,United States,US,External,Louis Weisz,OMrUmOTPD_AnSivjxptxpA,14,8,1.7
2017-09-25,United States,US,Playlists,Louis Weisz,OMrUmOTPD_AnSivjxptxpA,2,3,0.8
2017-09-25,United States,US,Playlist page,Louis Weisz,OMrUmOTPD_AnSivjxptxpA,1,1,0.6
2017-09-25,United States,US,End screens,Louis Weisz,OMrUmOTPD_AnSivjxptxpA,0,1,0.0
2017-09-25,South Africa,ZA,Channel pages,Louis Weisz,OMrUmOTPD_AnSivjxptxpA,0,1,0.0
2017-09-26,Australia,AU,External,Louis Weisz,OMrUmOTPD_AnSivjxptxpA,0,4,0.0
2017-09-26,Brazil,BR,YouTube search,Louis Weisz,OMrUmOTPD_AnSivjxptxpA,0,1,0.3
2017-09-26,Canada,CA,Channel pages,Louis Weisz,OMrUmOTPD_AnSivjxptxpA,12,5,2.3
2017-09-26,Canada,CA,Suggested videos,Louis Weisz,OMrUmOTPD_AnSivjxptxpA,4,2,1.9
2017-09-26,Canada,CA,Video cards and annotations,Louis Weisz,OMrUmOTPD_AnSivjxptxpA,1,1,0.6
2017-09-26,Germany,DE,Direct or unknown,Louis Weisz,OMrUmOTPD_AnSivjxptxpA,6,1,6.0
2017-09-26,Germany,DE,Channel pages,Louis Weisz,OMrUmOTPD_AnSivjxptxpA,8,2,4.0
2017-09-26,Germany,DE,External,Louis Weisz,OMrUmOTPD_AnSivjxptxpA,0,1,0.3
2017-09-26,United Kingdom,GB,Channel pages,Louis Weisz,OMrUmOTPD_AnSivjxptxpA,6,2,3.2
2017-09-26,United Kingdom,GB,Suggested videos,Louis Weisz,OMrUmOTPD_AnSivjxptxpA,10,3,3.3
2017-09-26,United Kingdom,GB,External,Louis Weisz,OMrUmOTPD_AnSivjxptxpA,0,1,0.2
2017-09-26,Hungary,HU,Suggested videos,Louis Weisz,OMrUmOTPD_AnSivjxptxpA,0,1,0.3
2017-09-26,Hungary,HU,Other YouTube features,Louis Weisz,OMrUmOTPD_AnSivjxptxpA,4,3,1.4
2017-09-26,Ireland,IE,Channel pages,Louis Weisz,OMrUmOTPD_AnSivjxptxpA,8,3,2.8
2017-09-26,Ireland,IE,Suggested videos,Louis Weisz,OMrUmOTPD_AnSivjxptxpA,14,3,4.7
2017-09-26,India,IN,External,Louis Weisz,OMrUmOTPD_AnSivjxptxpA,5,2,2.5
2017-09-26,Japan,JP,Direct or unknown,Louis Weisz,OMrUmOTPD_AnSivjxptxpA,0,1,0.1
2017-09-26,Kuwait,KW,YouTube search,Louis Weisz,OMrUmOTPD_AnSivjxptxpA,0,1,0.2
2017-09-26,Mexico,MX,External,Louis Weisz,OMrUmOTPD_AnSivjxptxpA,1,1,0.8
2017-09-26,Norway,NO,Channel pages,Louis Weisz,OMrUmOTPD_AnSivjxptxpA,1,1,0.7
2017-09-26,New Zealand,NZ,Suggested videos,Louis Weisz,OMrUmOTPD_AnSivjxptxpA,5,2,2.3
2017-09-26,Pakistan,PK,External,Louis Weisz,OMrUmOTPD_AnSivjxptxpA,7,2,3.5
2017-09-26,Serbia,RS,Suggested videos,Louis Weisz,OMrUmOTPD_AnSivjxptxpA,4,1,3.9
2017-09-26,Thailand,TH,Suggested videos,Louis Weisz,OMrUmOTPD_AnSivjxptxpA,3,1,3.0
2017-09-26,United States,US,Direct or unknown,Louis Weisz,OMrUmOTPD_AnSivjxptxpA,1,1,0.7
2017-09-26,United States,US,Browse features,Louis Weisz,OMrUmOTPD_AnSivjxptxpA,4,1,4.3
2017-09-26,United States,US,Channel pages,Louis Weisz,OMrUmOTPD_AnSivjxptxpA,37,13,2.8
2017-09-26,United States,US,YouTube search,Louis Weisz,OMrUmOTPD_AnSivjxptxpA,22,13,1.7
2017-09-26,United States,US,Suggested videos,Louis Weisz,OMrUmOTPD_AnSivjxptxpA,37,14,2.7
2017-09-26,United States,US,Other YouTube features,Louis Weisz,OMrUmOTPD_AnSivjxptxpA,4,1,4.3
2017-09-26,United States,US,External,Louis Weisz,OMrUmOTPD_AnSivjxptxpA,16,8,2.0
2017-09-26,United States,US,Playlists,Louis Weisz,OMrUmOTPD_AnSivjxptxpA,6,1,5.9
2017-09-26,United States,US,Playlist page,Louis Weisz,OMrUmOTPD_AnSivjxptxpA,3,1,3.1
2017-09-26,United States,US,End screens,Louis Weisz,OMrUmOTPD_AnSivjxptxpA,7,2,3.4
2017-09-27,Austria,AT,Channel pages,Louis Weisz,OMrUmOTPD_AnSivjxptxpA,3,2,1.6
2017-09-27,Australia,AU,External,Louis Weisz,OMrUmOTPD_AnSivjxptxpA,0,4,0.0
2017-09-27,Belgium,BE,Channel pages,Louis Weisz,OMrUmOTPD_AnSivjxptxpA,0,1,0.4
2017-09-27,Belgium,BE,YouTube search,Louis Weisz,OMrUmOTPD_AnSivjxptxpA,4,1,3.9
2017-09-27,Brazil,BR,YouTube search,Louis Weisz,OMrUmOTPD_AnSivjxptxpA,0,1,0.1
2017-09-27,Canada,CA,Channel pages,Louis Weisz,OMrUmOTPD_AnSivjxptxpA,8,4,1.9
2017-09-27,Canada,CA,Suggested videos,Louis Weisz,OMrUmOTPD_AnSivjxptxpA,8,3,2.7
2017-09-27,Germany,DE,Channel pages,Louis Weisz,OMrUmOTPD_AnSivjxptxpA,4,3,1.2
2017-09-27,Germany,DE,YouTube search,Louis Weisz,OMrUmOTPD_AnSivjxptxpA,1,1,0.6
2017-09-27,Germany,DE,Suggested videos,Louis Weisz,OMrUmOTPD_AnSivjxptxpA,1,1,0.5
2017-09-27,Germany,DE,External,Louis Weisz,OMrUmOTPD_AnSivjxptxpA,0,1,0.3
2017-09-27,France,FR,Channel pages,Louis Weisz,OMrUmOTPD_AnSivjxptxpA,1,1,0.8
2017-09-27,United Kingdom,GB,Channel pages,Louis Weisz,OMrUmOTPD_AnSivjxptxpA,7,4,1.8
2017-09-27,United Kingdom,GB,Suggested videos,Louis Weisz,OMrUmOTPD_AnSivjxptxpA,27,11,2.5
2017-09-27,United Kingdom,GB,End screens,Louis Weisz,OMrUmOTPD_AnSivjxptxpA,0,1,0.1
2017-09-27,Hong Kong,HK,Suggested videos,Louis Weisz,OMrUmOTPD_AnSivjxptxpA,3,1,3.1
2017-09-27,Croatia,HR,Browse features,Louis Weisz,OMrUmOTPD_AnSivjxptxpA,0,1,0.1
2017-09-27,India,IN,YouTube search,Louis Weisz,OMrUmOTPD_AnSivjxptxpA,0,1,0.3
2017-09-27,India,IN,Suggested videos,Louis Weisz,OMrUmOTPD_AnSivjxptxpA,6,2,3.2
2017-09-27,Japan,JP,YouTube search,Louis Weisz,OMrUmOTPD_AnSivjxptxpA,0,1,0.2
2017-09-27,Lithuania,LT,YouTube search,Louis Weisz,OMrUmOTPD_AnSivjxptxpA,1,1,1.2
2017-09-27,Mexico,MX,Suggested videos,Louis Weisz,OMrUmOTPD_AnSivjxptxpA,4,1,4.3
2017-09-27,Netherlands,NL,Suggested videos,Louis Weisz,OMrUmOTPD_AnSivjxptxpA,3,1,2.9
2017-09-27,Netherlands,NL,External,Louis Weisz,OMrUmOTPD_AnSivjxptxpA,0,1,0.3
2017-09-27,Saudi Arabia,SA,Channel pages,Louis Weisz,OMrUmOTPD_AnSivjxptxpA,5,2,2.3
2017-09-27,Sweden,SE,Channel pages,Louis Weisz,OMrUmOTPD_AnSivjxptxpA,3,2,1.6
2017-09-27,Sweden,SE,Suggested videos,Louis Weisz,OMrUmOTPD_AnSivjxptxpA,12,3,4.2
2017-09-27,Turkey,TR,YouTube search,Louis Weisz,OMrUmOTPD_AnSivjxptxpA,2,1,1.7
2017-09-27,United States,US,Browse features,Louis Weisz,OMrUmOTPD_AnSivjxptxpA,4,1,3.9
2017-09-27,United States,US,Channel pages,Louis Weisz,OMrUmOTPD_AnSivjxptxpA,43,20,2.1
2017-09-27,United States,US,YouTube search,Louis Weisz,OMrUmOTPD_AnSivjxptxpA,25,11,2.3
2017-09-27,United States,US,Suggested videos,Louis Weisz,OMrUmOTPD_AnSivjxptxpA,27,9,3.0
2017-09-27,United States,US,External,Louis Weisz,OMrUmOTPD_AnSivjxptxpA,19,4,4.6
2017-09-27,United States,US,End screens,Louis Weisz,OMrUmOTPD_AnSivjxptxpA,4,1,4.0
2017-09-28,Austria,AT,Direct or unknown,Louis Weisz,OMrUmOTPD_AnSivjxptxpA,0,1,0.0
2017-09-28,Austria,AT,Channel pages,Louis Weisz,OMrUmOTPD_AnSivjxptxpA,3,1,3.2
2017-09-28,Australia,AU,YouTube search,Louis Weisz,OMrUmOTPD_AnSivjxptxpA,1,1,1.1
2017-09-28,Bulgaria,BG,Channel pages,Louis Weisz,OMrUmOTPD_AnSivjxptxpA,2,1,1.8
2017-09-28,Brazil,BR,Channel pages,Louis Weisz,OMrUmOTPD_AnSivjxptxpA,5,1,4.9
2017-09-28,Canada,CA,Channel pages,Louis Weisz,OMrUmOTPD_AnSivjxptxpA,2,1,2.4
2017-09-28,Canada,CA,Suggested videos,Louis Weisz,OMrUmOTPD_AnSivjxptxpA,8,2,3.9
2017-09-28,Germany,DE,Suggested videos,Louis Weisz,OMrUmOTPD_AnSivjxptxpA,3,2,1.7
2017-09-28,United Kingdom,GB,Channel pages,Louis Weisz,OMrUmOTPD_AnSivjxptxpA,0,2,0.1
2017-09-28,United Kingdom,GB,YouTube search,Louis Weisz,OMrUmOTPD_AnSivjxptxpA,0,1,0.4
2017-09-28,United Kingdom,GB,Suggested videos,Louis Weisz,OMrUmOTPD_AnSivjxptxpA,5,2,2.7
2017-09-28,Indonesia,ID,YouTube search,Louis Weisz,OMrUmOTPD_AnSivjxptxpA,3,1,2.8
2017-09-28,Ireland,IE,Channel pages,Louis Weisz,OMrUmOTPD_AnSivjxptxpA,23,5,4.7
2017-09-28,India,IN,YouTube search,Louis Weisz,OMrUmOTPD_AnSivjxptxpA,0,1,0.3
2017-09-28,India,IN,Suggested videos,Louis Weisz,OMrUmOTPD_AnSivjxptxpA,3,1,2.9
2017-09-28,India,IN,External,Louis Weisz,OMrUmOTPD_AnSivjxptxpA,3,4,0.8
2017-09-28,Italy,IT,YouTube search,Louis Weisz,OMrUmOTPD_AnSivjxptxpA,3,1,3.3
2017-09-28,Japan,JP,Suggested videos,Louis Weisz,OMrUmOTPD_AnSivjxptxpA,4,1,3.7
2017-09-28,Cambodia,KH,YouTube search,Louis Weisz,OMrUmOTPD_AnSivjxptxpA,1,1,1.0
2017-09-28,Netherlands,NL,Direct or unknown,Louis Weisz,OMrUmOTPD_AnSivjxptxpA,0,1,0.2
2017-09-28,Netherlands,NL,Channel pages,Louis Weisz,OMrUmOTPD_AnSivjxptxpA,2,1,2.3
2017-09-28,Netherlands,NL,Suggested videos,Louis Weisz,OMrUmOTPD_AnSivjxptxpA,8,5,1.7
2017-09-28,Philippines,PH,External,Louis Weisz,OMrUmOTPD_AnSivjxptxpA,1,1,0.8
2017-09-28,Pakistan,PK,YouTube search,Louis Weisz,OMrUmOTPD_AnSivjxptxpA,1,2,0.3
2017-09-28,Poland,PL,Channel pages,Louis Weisz,OMrUmOTPD_AnSivjxptxpA,3,1,3.3
2017-09-28,Poland,PL,Suggested videos,Louis Weisz,OMrUmOTPD_AnSivjxptxpA,12,4,3.1
2017-09-28,Portugal,PT,Channel pages,Louis Weisz,OMrUmOTPD_AnSivjxptxpA,6,4,1.6
2017-09-28,Portugal,PT,Suggested videos,Louis Weisz,OMrUmOTPD_AnSivjxptxpA,10,3,3.5
2017-09-28,Singapore,SG,YouTube search,Louis Weisz,OMrUmOTPD_AnSivjxptxpA,3,2,1.5
2017-09-28,Turkey,TR,YouTube search,Louis Weisz,OMrUmOTPD_AnSivjxptxpA,0,1,0.1
2017-09-28,United States,US,Browse features,Louis Weisz,OMrUmOTPD_AnSivjxptxpA,4,1,4.1
2017-09-28,United States,US,Channel pages,Louis Weisz,OMrUmOTPD_AnSivjxptxpA,21,12,1.8
2017-09-28,United States,US,YouTube search,Louis Weisz,OMrUmOTPD_AnSivjxptxpA,10,3,3.4
2017-09-28,United States,US,Suggested videos,Louis Weisz,OMrUmOTPD_AnSivjxptxpA,72,22,3.3
2017-09-28,United States,US,External,Louis Weisz,OMrUmOTPD_AnSivjxptxpA,16,3,5.2
2017-09-29,Angola,AO,YouTube search,Louis Weisz,OMrUmOTPD_AnSivjxptxpA,1,1,0.7
2017-09-29,Australia,AU,Channel pages,Louis Weisz,OMrUmOTPD_AnSivjxptxpA,6,2,3.1
2017-09-29,Australia,AU,Suggested videos,Louis Weisz,OMrUmOTPD_AnSivjxptxpA,4,1,3.9
2017-09-29,Australia,AU,External,Louis Weisz,OMrUmOTPD_AnSivjxptxpA,0,2,0.0
2017-09-29,Australia,AU,End screens,Louis Weisz,OMrUmOTPD_AnSivjxptxpA,1,1,1.1
2017-09-29,Canada,CA,Channel pages,Louis Weisz,OMrUmOTPD_AnSivjxptxpA,10,3,3.4
2017-09-29,Canada,CA,Suggested videos,Louis Weisz,OMrUmOTPD_AnSivjxptxpA,4,1,3.8
2017-09-29,Canada,CA,External,Louis Weisz,OMrUmOTPD_AnSivjxptxpA,0,1,0.1
2017-09-29,Switzerland,CH,Channel pages,Louis Weisz,OMrUmOTPD_AnSivjxptxpA,6,2,3.1
2017-09-29,Germany,DE,Channel pages,Louis Weisz,OMrUmOTPD_AnSivjxptxpA,9,2,4.7
2017-09-29,Germany,DE,YouTube search,Louis Weisz,OMrUmOTPD_AnSivjxptxpA,3,1,2.7
2017-09-29,Germany,DE,Suggested videos,Louis Weisz,OMrUmOTPD_AnSivjxptxpA,3,1,2.6
2017-09-29,United Kingdom,GB,Channel pages,Louis Weisz,OMrUmOTPD_AnSivjxptxpA,18,7,2.6
2017-09-29,Hungary,HU,YouTube search,Louis Weisz,OMrUmOTPD_AnSivjxptxpA,1,1,0.6
2017-09-29,Israel,IL,External,Louis Weisz,OMrUmOTPD_AnSivjxptxpA,4,2,2.0
2017-09-29,India,IN,YouTube search,Louis Weisz,OMrUmOTPD_AnSivjxptxpA,0,1,0.1
2017-09-29,India,IN,External,Louis Weisz,OMrUmOTPD_AnSivjxptxpA,0,1,0.1
2017-09-29,Kazakhstan,KZ,YouTube search,Louis Weisz,OMrUmOTPD_AnSivjxptxpA,0,1,0.1
2017-09-29,Mexico,MX,Suggested videos,Louis Weisz,OMrUmOTPD_AnSivjxptxpA,1,1,0.9
2017-09-29,Netherlands,NL,Channel pages,Louis Weisz,OMrUmOTPD_AnSivjxptxpA,1,2,0.7
2017-09-29,Peru,PE,Channel pages,Louis Weisz,OMrUmOTPD_AnSivjxptxpA,1,1,0.5
2017-09-29,Serbia,RS,Channel pages,Louis Weisz,OMrUmOTPD_AnSivjxptxpA,6,1,6.1
2017-09-29,Serbia,RS,Suggested videos,Louis Weisz,OMrUmOTPD_AnSivjxptxpA,1,1,1.0
2017-09-29,Sweden,SE,Suggested videos,Louis Weisz,OMrUmOTPD_AnSivjxptxpA,4,1,4.3
2017-09-29,El Salvador,SV,YouTube search,Louis Weisz,OMrUmOTPD_AnSivjxptxpA,2,1,1.8
2017-09-29,United States,US,Browse features,Louis Weisz,OMrUmOTPD_AnSivjxptxpA,4,1,4.3
2017-09-29,United States,US,Channel pages,Louis Weisz,OMrUmOTPD_AnSivjxptxpA,36,15,2.4
2017-09-29,United States,US,YouTube search,Louis Weisz,OMrUmOTPD_AnSivjxptxpA,10,6,1.7
2017-09-29,United States,US,Suggested videos,Louis Weisz,OMrUmOTPD_AnSivjxptxpA,35,15,2.3
2017-09-29,United States,US,Other YouTube features,Louis Weisz,OMrUmOTPD_AnSivjxptxpA,4,3,1.3
2017-09-29,United States,US,External,Louis Weisz,OMrUmOTPD_AnSivjxptxpA,4,1,3.5
2017-09-29,United States,US,Video cards and annotations,Louis Weisz,OMrUmOTPD_AnSivjxptxpA,2,1,1.8
2017-09-29,United States,US,Playlist page,Louis Weisz,OMrUmOTPD_AnSivjxptxpA,6,1,5.8
2017-09-30,Austria,AT,Channel pages,Louis Weisz,OMrUmOTPD_AnSivjxptxpA,8,2,3.9
2017-09-30,Australia,AU,Direct or unknown,Louis Weisz,OMrUmOTPD_AnSivjxptxpA,5,1,5.4
2017-09-30,Australia,AU,Channel pages,Louis Weisz,OMrUmOTPD_AnSivjxptxpA,7,2,3.3
2017-09-30,Australia,AU,Suggested videos,Louis Weisz,OMrUmOTPD_AnSivjxptxpA,15,3,4.9
2017-09-30,Australia,AU,Playlist page,Louis Weisz,OMrUmOTPD_AnSivjxptxpA,1,1,1.2
2017-09-30,Canada,CA,Channel pages,Louis Weisz,OMrUmOTPD_AnSivjxptxpA,3,5,0.5
2017-09-30,Canada,CA,Suggested videos,Louis Weisz,OMrUmOTPD_AnSivjxptxpA,0,1,0.2
2017-09-30,Switzerland,CH,Channel pages,Louis Weisz,OMrUmOTPD_AnSivjxptxpA,6,1,6.1
2017-09-30,Germany,DE,Channel pages,Louis Weisz,OMrUmOTPD_AnSivjxptxpA,7,4,1.9
2017-09-30,Germany,DE,Suggested videos,Louis Weisz,OMrUmOTPD_AnSivjxptxpA,6,3,1.9
2017-09-30,Germany,DE,External,Louis Weisz,OMrUmOTPD_AnSivjxptxpA,0,1,0.2
2017-09-30,France,FR,Suggested videos,Louis Weisz,OMrUmOTPD_AnSivjxptxpA,2,1,1.8
2017-09-30,United Kingdom,GB,Channel pages,Louis Weisz,OMrUmOTPD_AnSivjxptxpA,16,6,2.7
2017-09-30,United Kingdom,GB,Suggested videos,Louis Weisz,OMrUmOTPD_AnSivjxptxpA,19,6,3.2
2017-09-30,Indonesia,ID,YouTube search,Louis Weisz,OMrUmOTPD_AnSivjxptxpA,1,4,0.3
2017-09-30,Indonesia,ID,Suggested videos,Louis Weisz,OMrUmOTPD_AnSivjxptxpA,2,5,0.5
2017-09-30,Israel,IL,Suggested videos,Louis Weisz,OMrUmOTPD_AnSivjxptxpA,3,1,2.8
2017-09-30,India,IN,Direct or unknown,Louis Weisz,OMrUmOTPD_AnSivjxptxpA,2,1,1.7
2017-09-30,India,IN,YouTube search,Louis Weisz,OMrUmOTPD_AnSivjxptxpA,3,2,1.5
2017-09-30,Japan,JP,Browse features,Louis Weisz,OMrUmOTPD_AnSivjxptxpA,4,1,3.5
2017-09-30,Japan,JP,YouTube search,Louis Weisz,OMrUmOTPD_AnSivjxptxpA,0,2,0.1
2017-09-30,Mexico,MX,External,Louis Weisz,OMrUmOTPD_AnSivjxptxpA,7,1,7.1
2017-09-30,Romania,RO,Channel pages,Louis Weisz,OMrUmOTPD_AnSivjxptxpA,4,2,2.1
2017-09-30,Thailand,TH,Suggested videos,Louis Weisz,OMrUmOTPD_AnSivjxptxpA,3,1,3.2
2017-09-30,Turkey,TR,YouTube search,Louis Weisz,OMrUmOTPD_AnSivjxptxpA,0,1,0.1
2017-09-30,Trinidad & Tobago,TT,Channel pages,Louis Weisz,OMrUmOTPD_AnSivjxptxpA,15,5,3.0
2017-09-30,United States,US,Direct or unknown,Louis Weisz,OMrUmOTPD_AnSivjxptxpA,1,1,0.6
2017-09-30,United States,US,Channel pages,Louis Weisz,OMrUmOTPD_AnSivjxptxpA,54,19,2.8
2017-09-30,United States,US,YouTube search,Louis Weisz,OMrUmOTPD_AnSivjxptxpA,21,10,2.1
2017-09-30,United States,US,Suggested videos,Louis Weisz,OMrUmOTPD_AnSivjxptxpA,27,16,1.7
2017-09-30,United States,US,Other YouTube features,Louis Weisz,OMrUmOTPD_AnSivjxptxpA,4,1,4.3
2017-09-30,United States,US,External,Louis Weisz,OMrUmOTPD_AnSivjxptxpA,5,2,2.6
2017-09-30,United States,US,Video cards and annotations,Louis Weisz,OMrUmOTPD_AnSivjxptxpA,10,2,5.1
2017-10-01,Austria,AT,Channel pages,Louis Weisz,OMrUmOTPD_AnSivjxptxpA,5,1,5.3
2017-10-01,Austria,AT,Suggested videos,Louis Weisz,OMrUmOTPD_AnSivjxptxpA,8,2,4.2
2017-10-01,Australia,AU,Channel pages,Louis Weisz,OMrUmOTPD_AnSivjxptxpA,2,2,0.8
2017-10-01,Australia,AU,YouTube search,Louis Weisz,OMrUmOTPD_AnSivjxptxpA,1,1,0.5
2017-10-01,Australia,AU,Suggested videos,Louis Weisz,OMrUmOTPD_AnSivjxptxpA,1,1,1.4
2017-10-01,Brazil,BR,Suggested videos,Louis Weisz,OMrUmOTPD_AnSivjxptxpA,2,1,1.5
2017-10-01,Canada,CA,Playlist page,Louis Weisz,OMrUmOTPD_AnSivjxptxpA,6,1,5.9
2017-10-01,Switzerland,CH,Channel pages,Louis Weisz,OMrUmOTPD_AnSivjxptxpA,1,2,0.7
2017-10-01,Germany,DE,YouTube search,Louis Weisz,OMrUmOTPD_AnSivjxptxpA,6,5,1.2
2017-10-01,Germany,DE,External,Louis Weisz,OMrUmOTPD_AnSivjxptxpA,2,1,2.4
2017-10-01,France,FR,External,Louis Weisz,OMrUmOTPD_AnSivjxptxpA,2,1,1.8
2017-10-01,United Kingdom,GB,Channel pages,Louis Weisz,OMrUmOTPD_AnSivjxptxpA,7,2,3.4
2017-10-01,United Kingdom,GB,YouTube search,Louis Weisz,OMrUmOTPD_AnSivjxptxpA,1,1,0.6
2017-10-01,Guatemala,GT,External,Louis Weisz,OMrUmOTPD_AnSivjxptxpA,0,1,0.1
2017-10-01,India,IN,YouTube search,Louis Weisz,OMrUmOTPD_AnSivjxptxpA,1,1,0.9
2017-10-01,Italy,IT,Channel pages,Louis Weisz,OMrUmOTPD_AnSivjxptxpA,32,7,4.6
2017-10-01,Japan,JP,YouTube search,Louis Weisz,OMrUmOTPD_AnSivjxptxpA,2,1,1.7
2017-10-01,Mexico,MX,YouTube search,Louis Weisz,OMrUmOTPD_AnSivjxptxpA,3,1,3.4
2017-10-01,Netherlands,NL,Channel pages,Louis Weisz,OMrUmOTPD_AnSivjxptxpA,3,1,3.4
2017-10-01,Netherlands,NL,Suggested videos,Louis Weisz,OMrUmOTPD_AnSivjxptxpA,4,3,1.4
2017-10-01,Norway,NO,Channel pages,Louis Weisz,OMrUmOTPD_AnSivjxptxpA,1,1,1.3
2017-10-01,Norway,NO,Suggested videos,Louis Weisz,OMrUmOTPD_AnSivjxptxpA,14,3,4.7
2017-10-01,New Zealand,NZ,Channel pages,Louis Weisz,OMrUmOTPD_AnSivjxptxpA,4,1,4.2
2017-10-01,Poland,PL,Direct or unknown,Louis Weisz,OMrUmOTPD_AnSivjxptxpA,0,1,0.2
2017-10-01,Poland,PL,Suggested videos,Louis Weisz,OMrUmOTPD_AnSivjxptxpA,2,1,1.6
2017-10-01,Tanzania,TZ,YouTube search,Louis Weisz,OMrUmOTPD_AnSivjxptxpA,0,1,0.1
2017-10-01,United States,US,Browse features,Louis Weisz,OMrUmOTPD_AnSivjxptxpA,5,2,2.3
2017-10-01,United States,US,Channel pages,Louis Weisz,OMrUmOTPD_AnSivjxptxpA,57,24,2.4
2017-10-01,United States,US,YouTube search,Louis Weisz,OMrUmOTPD_AnSivjxptxpA,21,10,2.1
2017-10-01,United States,US,Suggested videos,Louis Weisz,OMrUmOTPD_AnSivjxptxpA,59,19,3.1
2017-10-01,United States,US,External,Louis Weisz,OMrUmOTPD_AnSivjxptxpA,15,6,2.5
2017-10-01,United States,US,Video cards and annotations,Louis Weisz,OMrUmOTPD_AnSivjxptxpA,0,1,0.1
2017-10-01,United States,US,Playlists,Louis Weisz,OMrUmOTPD_AnSivjxptxpA,11,3,3.8
2017-10-01,United States,US,End screens,Louis Weisz,OMrUmOTPD_AnSivjxptxpA,0,1,0.1
2017-10-02,Australia,AU,Direct or unknown,Louis Weisz,OMrUmOTPD_AnSivjxptxpA,0,1,0.3
2017-10-02,Australia,AU,Channel pages,Louis Weisz,OMrUmOTPD_AnSivjxptxpA,2,1,1.6
2017-10-02,Canada,CA,Channel pages,Louis Weisz,OMrUmOTPD_AnSivjxptxpA,1,1,1.1
2017-10-02,Switzerland,CH,Channel pages,Louis Weisz,OMrUmOTPD_AnSivjxptxpA,5,1,4.7
2017-10-02,Costa Rica,CR,YouTube search,Louis Weisz,OMrUmOTPD_AnSivjxptxpA,0,1,0.2
2017-10-02,Czechia,CZ,YouTube search,Louis Weisz,OMrUmOTPD_AnSivjxptxpA,0,1,0.1
2017-10-02,Germany,DE,Channel pages,Louis Weisz,OMrUmOTPD_AnSivjxptxpA,8,4,1.9
2017-10-02,Germany,DE,YouTube search,Louis Weisz,OMrUmOTPD_AnSivjxptxpA,0,1,0.1
2017-10-02,Germany,DE,Suggested videos,Louis Weisz,OMrUmOTPD_AnSivjxptxpA,8,2,4.0
2017-10-02,Germany,DE,Video cards and annotations,Louis Weisz,OMrUmOTPD_AnSivjxptxpA,6,1,5.8
2017-10-02,France,FR,YouTube search,Louis Weisz,OMrUmOTPD_AnSivjxptxpA,1,1,1.2
2017-10-02,United Kingdom,GB,Direct or unknown,Louis Weisz,OMrUmOTPD_AnSivjxptxpA,0,2,0.0
2017-10-02,United Kingdom,GB,Channel pages,Louis Weisz,OMrUmOTPD_AnSivjxptxpA,6,1,5.7
2017-10-02,United Kingdom,GB,YouTube search,Louis Weisz,OMrUmOTPD_AnSivjxptxpA,3,1,3.4
2017-10-02,United Kingdom,GB,Suggested videos,Louis Weisz,OMrUmOTPD_AnSivjxptxpA,8,2,4.0
2017-10-02,Indonesia,ID,Suggested videos,Louis Weisz,OMrUmOTPD_AnSivjxptxpA,0,1,0.3
2017-10-02,India,IN,External,Louis Weisz,OMrUmOTPD_AnSivjxptxpA,4,1,3.6
2017-10-02,Liechtenstein,LI,Channel pages,Louis Weisz,OMrUmOTPD_AnSivjxptxpA,6,2,3.1
2017-10-02,Mexico,MX,External,Louis Weisz,OMrUmOTPD_AnSivjxptxpA,2,1,2.4
2017-10-02,Netherlands,NL,Channel pages,Louis Weisz,OMrUmOTPD_AnSivjxptxpA,4,1,3.7
2017-10-02,Poland,PL,Channel pages,Louis Weisz,OMrUmOTPD_AnSivjxptxpA,1,3,0.5
2017-10-02,Sweden,SE,Channel pages,Louis Weisz,OMrUmOTPD_AnSivjxptxpA,7,5,1.4
2017-10-02,Slovenia,SI,Channel pages,Louis Weisz,OMrUmOTPD_AnSivjxptxpA,2,1,2.1
2017-10-02,United States,US,Direct or unknown,Louis Weisz,OMrUmOTPD_AnSivjxptxpA,6,3,2.1
2017-10-02,United States,US,Channel pages,Louis Weisz,OMrUmOTPD_AnSivjxptxpA,40,21,1.9
2017-10-02,United States,US,YouTube search,Louis Weisz,OMrUmOTPD_AnSivjxptxpA,11,9,1.3
2017-10-02,United States,US,Suggested videos,Louis Weisz,OMrUmOTPD_AnSivjxptxpA,58,16,3.6
2017-10-02,United States,US,External,Louis Weisz,OMrUmOTPD_AnSivjxptxpA,8,3,2.7
2017-10-02,United States,US,End screens,Louis Weisz,OMrUmOTPD_AnSivjxptxpA,4,1,4.2
2017-10-03,Australia,AU,YouTube search,Louis Weisz,OMrUmOTPD_AnSivjxptxpA,2,1,2.1
2017-10-03,Australia,AU,Suggested videos,Louis Weisz,OMrUmOTPD_AnSivjxptxpA,8,3,2.8
2017-10-03,Canada,CA,Channel pages,Louis Weisz,OMrUmOTPD_AnSivjxptxpA,12,7,1.7
2017-10-03,Canada,CA,Suggested videos,Louis Weisz,OMrUmOTPD_AnSivjxptxpA,13,5,2.7
2017-10-03,Switzerland,CH,Channel pages,Louis Weisz,OMrUmOTPD_AnSivjxptxpA,3,1,3.2
2017-10-03,Costa Rica,CR,Direct or unknown,Louis Weisz,OMrUmOTPD_AnSivjxptxpA,3,1,3.3
2017-10-03,Germany,DE,Channel pages,Louis Weisz,OMrUmOTPD_AnSivjxptxpA,2,2,1.2
2017-10-03,Spain,ES,Channel pages,Louis Weisz,OMrUmOTPD_AnSivjxptxpA,4,3,1.5
2017-10-03,Spain,ES,Suggested videos,Louis Weisz,OMrUmOTPD_AnSivjxptxpA,3,1,3.5
2017-10-03,France,FR,External,Louis Weisz,OMrUmOTPD_AnSivjxptxpA,1,1,0.5
2017-10-03,United Kingdom,GB,Channel pages,Louis Weisz,OMrUmOTPD_AnSivjxptxpA,0,1,0.2
2017-10-03,United Kingdom,GB,YouTube search,Louis Weisz,OMrUmOTPD_AnSivjxptxpA,21,7,3.0
2017-10-03,United Kingdom,GB,Suggested videos,Louis Weisz,OMrUmOTPD_AnSivjxptxpA,0,1,0.4
2017-10-03,Georgia,GE,Suggested videos,Louis Weisz,OMrUmOTPD_AnSivjxptxpA,0,1,0.1
2017-10-03,Greece,GR,YouTube search,Louis Weisz,OMrUmOTPD_AnSivjxptxpA,2,1,2.4
2017-10-03,Indonesia,ID,Suggested videos,Louis Weisz,OMrUmOTPD_AnSivjxptxpA,4,1,3.8
2017-10-03,Italy,IT,YouTube search,Louis Weisz,OMrUmOTPD_AnSivjxptxpA,2,1,2.2
2017-10-03,Northern Mariana Islands,MP,Channel pages,Louis Weisz,OMrUmOTPD_AnSivjxptxpA,1,2,0.3
2017-10-03,Northern Mariana Islands,MP,Suggested videos,Louis Weisz,OMrUmOTPD_AnSivjxptxpA,6,3,1.9
2017-10-03,Mexico,MX,YouTube search,Louis Weisz,OMrUmOTPD_AnSivjxptxpA,1,1,0.7
2017-10-03,Netherlands,NL,Channel pages,Louis Weisz,OMrUmOTPD_AnSivjxptxpA,6,3,1.9
2017-10-03,Netherlands,NL,YouTube search,Louis Weisz,OMrUmOTPD_AnSivjxptxpA,3,2,1.3
2017-10-03,Singapore,SG,Channel pages,Louis Weisz,OMrUmOTPD_AnSivjxptxpA,0,1,0.1
2017-10-03,Singapore,SG,Suggested videos,Louis Weisz,OMrUmOTPD_AnSivjxptxpA,1,1,1.4
2017-10-03,El Salvador,SV,External,Louis Weisz,OMrUmOTPD_AnSivjxptxpA,0,1,0.2
2017-10-03,Turkey,TR,Channel pages,Louis Weisz,OMrUmOTPD_AnSivjxptxpA,1,1,0.9
2017-10-03,United States,US,Direct or unknown,Louis Weisz,OMrUmOTPD_AnSivjxptxpA,0,1,0.1
2017-10-03,United States,US,Channel pages,Louis Weisz,OMrUmOTPD_AnSivjxptxpA,40,17,2.4
2017-10-03,United States,US,YouTube search,Louis Weisz,OMrUmOTPD_AnSivjxptxpA,10,5,2.1
2017-10-03,United States,US,Suggested videos,Louis Weisz,OMrUmOTPD_AnSivjxptxpA,26,10,2.6
2017-10-03,United States,US,External,Louis Weisz,OMrUmOTPD_AnSivjxptxpA,4,2,1.8
2017-10-03,United States,US,Video cards and annotations,Louis Weisz,OMrUmOTPD_AnSivjxptxpA,0,1,0.3
2017-10-04,Australia,AU,Channel pages,Louis Weisz,OMrUmOTPD_AnSivjxptxpA,4,4,0.9
2017-10-04,Australia,AU,Suggested videos,Louis Weisz,OMrUmOTPD_AnSivjxptxpA,4,1,4.3
2017-10-04,Brazil,BR,Channel pages,Louis Weisz,OMrUmOTPD_AnSivjxptxpA,2,1,1.6
2017-10-04,Canada,CA,Suggested videos,Louis Weisz,OMrUmOTPD_AnSivjxptxpA,3,1,2.7
2017-10-04,Canada,CA,Other YouTube features,Louis Weisz,OMrUmOTPD_AnSivjxptxpA,3,1,3.5
2017-10-04,Czechia,CZ,Suggested videos,Louis Weisz,OMrUmOTPD_AnSivjxptxpA,0,1,0.5
2017-10-04,Germany,DE,Suggested videos,Louis Weisz,OMrUmOTPD_AnSivjxptxpA,1,1,0.5
2017-10-04,Finland,FI,Channel pages,Louis Weisz,OMrUmOTPD_AnSivjxptxpA,0,1,0.3
2017-10-04,France,FR,YouTube search,Louis Weisz,OMrUmOTPD_AnSivjxptxpA,4,1,4.3
2017-10-04,France,FR,Suggested videos,Louis Weisz,OMrUmOTPD_AnSivjxptxpA,3,1,2.6
2017-10-04,United Kingdom,GB,Channel pages,Louis Weisz,OMrUmOTPD_AnSivjxptxpA,3,2,1.3
2017-10-04,United Kingdom,GB,YouTube search,Louis Weisz,OMrUmOTPD_AnSivjxptxpA,7,1,7.3
2017-10-04,United Kingdom,GB,External,Louis Weisz,OMrUmOTPD_AnSivjxptxpA,2,1,2.1
2017-10-04,Ireland,IE,Channel pages,Louis Weisz,OMrUmOTPD_AnSivjxptxpA,10,2,4.9
2017-10-04,Ireland,IE,YouTube search,Louis Weisz,OMrUmOTPD_AnSivjxptxpA,3,1,3.0
2017-10-04,Italy,IT,YouTube search,Louis Weisz,OMrUmOTPD_AnSivjxptxpA,0,1,0.3
2017-10-04,Mexico,MX,External,Louis Weisz,OMrUmOTPD_AnSivjxptxpA,0,1,0.1
2017-10-04,Netherlands,NL,Channel pages,Louis Weisz,OMrUmOTPD_AnSivjxptxpA,3,1,2.5
2017-10-04,Norway,NO,Channel pages,Louis Weisz,OMrUmOTPD_AnSivjxptxpA,0,1,0.1
2017-10-04,New Zealand,NZ,Channel pages,Louis Weisz,OMrUmOTPD_AnSivjxptxpA,3,1,2.7
2017-10-04,New Zealand,NZ,Suggested videos,Louis Weisz,OMrUmOTPD_AnSivjxptxpA,6,2,2.9
2017-10-04,Poland,PL,Browse features,Louis Weisz,OMrUmOTPD_AnSivjxptxpA,2,1,2.2
2017-10-04,Portugal,PT,Channel pages,Louis Weisz,OMrUmOTPD_AnSivjxptxpA,3,1,2.5
2017-10-04,Romania,RO,Channel pages,Louis Weisz,OMrUmOTPD_AnSivjxptxpA,1,1,1.4
2017-10-04,Romania,RO,End screens,Louis Weisz,OMrUmOTPD_AnSivjxptxpA,0,1,0.4
2017-10-04,Sweden,SE,Channel pages,Louis Weisz,OMrUmOTPD_AnSivjxptxpA,2,2,1.1
2017-10-04,Sweden,SE,Suggested videos,Louis Weisz,OMrUmOTPD_AnSivjxptxpA,2,1,2.2
2017-10-04,Singapore,SG,Channel pages,Louis Weisz,OMrUmOTPD_AnSivjxptxpA,6,1,5.6
2017-10-04,United States,US,Browse features,Louis Weisz,OMrUmOTPD_AnSivjxptxpA,4,2,1.9
2017-10-04,United States,US,Channel pages,Louis Weisz,OMrUmOTPD_AnSivjxptxpA,30,20,1.5
2017-10-04,United States,US,YouTube search,Louis Weisz,OMrUmOTPD_AnSivjxptxpA,17,9,1.9
2017-10-04,United States,US,Suggested videos,Louis Weisz,OMrUmOTPD_AnSivjxptxpA,46,19,2.4
2017-10-04,United States,US,External,Louis Weisz,OMrUmOTPD_AnSivjxptxpA,10,4,2.5
2017-10-04,United States,US,Playlists,Louis Weisz,OMrUmOTPD_AnSivjxptxpA,1,4,0.3
2017-10-05,Austria,AT,YouTube search,Louis Weisz,OMrUmOTPD_AnSivjxptxpA,1,1,1.3
2017-10-05,Australia,AU,Channel pages,Louis Weisz,OMrUmOTPD_AnSivjxptxpA,1,5,0.3
2017-10-05,Australia,AU,Suggested videos,Louis Weisz,OMrUmOTPD_AnSivjxptxpA,0,1,0.2
2017-10-05,Belgium,BE,Channel pages,Louis Weisz,OMrUmOTPD_AnSivjxptxpA,8,4,2.0
2017-10-05,Belgium,BE,Video cards and annotations,Louis Weisz,OMrUmOTPD_AnSivjxptxpA,15,4,3.8
2017-10-05,Brazil,BR,Channel pages,Louis Weisz,OMrUmOTPD_AnSivjxptxpA,2,2,1.2
2017-10-05,Brazil,BR,Suggested videos,Louis Weisz,OMrUmOTPD_AnSivjxptxpA,3,3,1.1
2017-10-05,Canada,CA,Channel pages,Louis Weisz,OMrUmOTPD_AnSivjxptxpA,0,1,0.2
2017-10-05,Canada,CA,YouTube search,Louis Weisz,OMrUmOTPD_AnSivjxptxpA,0,1,0.4
2017-10-05,Germany,DE,Channel pages,Louis Weisz,OMrUmOTPD_AnSivjxptxpA,0,1,0.2
2017-10-05,Germany,DE,YouTube search,Louis Weisz,OMrUmOTPD_AnSivjxptxpA,6,2,2.9
2017-10-05,Egypt,EG,External,Louis Weisz,OMrUmOTPD_AnSivjxptxpA,0,1,0.2
2017-10-05,Spain,ES,YouTube search,Louis Weisz,OMrUmOTPD_AnSivjxptxpA,7,1,6.9
2017-10-05,Finland,FI,Channel pages,Louis Weisz,OMrUmOTPD_AnSivjxptxpA,6,4,1.6
2017-10-05,France,FR,Suggested videos,Louis Weisz,OMrUmOTPD_AnSivjxptxpA,2,1,1.6
2017-10-05,United Kingdom,GB,Channel pages,Louis Weisz,OMrUmOTPD_AnSivjxptxpA,3,2,1.3
2017-10-05,United Kingdom,GB,External,Louis Weisz,OMrUmOTPD_AnSivjxptxpA,1,1,1.0
2017-10-05,Hong Kong,HK,Suggested videos,Louis Weisz,OMrUmOTPD_AnSivjxptxpA,2,1,1.7
2017-10-05,Hungary,HU,YouTube search,Louis Weisz,OMrUmOTPD_AnSivjxptxpA,2,1,1.7
2017-10-05,Ireland,IE,Channel pages,Louis Weisz,OMrUmOTPD_AnSivjxptxpA,5,2,2.3
2017-10-05,Ireland,IE,YouTube search,Louis Weisz,OMrUmOTPD_AnSivjxptxpA,2,1,2.1
2017-10-05,Ireland,IE,Suggested videos,Louis Weisz,OMrUmOTPD_AnSivjxptxpA,3,1,2.7
2017-10-05,India,IN,External,Louis Weisz,OMrUmOTPD_AnSivjxptxpA,3,1,3.4
2017-10-05,South Korea,KR,Channel pages,Louis Weisz,OMrUmOTPD_AnSivjxptxpA,1,1,0.7
2017-10-05,Lebanon,LB,Channel pages,Louis Weisz,OMrUmOTPD_AnSivjxptxpA,2,2,0.8
2017-10-05,Netherlands,NL,Channel pages,Louis Weisz,OMrUmOTPD_AnSivjxptxpA,3,1,2.9
2017-10-05,Netherlands,NL,Suggested videos,Louis Weisz,OMrUmOTPD_AnSivjxptxpA,11,3,3.7
2017-10-05,Norway,NO,Channel pages,Louis Weisz,OMrUmOTPD_AnSivjxptxpA,4,1,4.2
2017-10-05,Philippines,PH,Suggested videos,Louis Weisz,OMrUmOTPD_AnSivjxptxpA,4,1,3.6
2017-10-05,Poland,PL,Channel pages,Louis Weisz,OMrUmOTPD_AnSivjxptxpA,9,3,3.1
2017-10-05,Poland,PL,YouTube search,Louis Weisz,OMrUmOTPD_AnSivjxptxpA,2,1,1.8
2017-10-05,Portugal,PT,Channel pages,Louis Weisz,OMrUmOTPD_AnSivjxptxpA,1,2,0.4
2017-10-05,Portugal,PT,Suggested videos,Louis Weisz,OMrUmOTPD_AnSivjxptxpA,4,2,2.2
2017-10-05,Portugal,PT,Video cards and annotations,Louis Weisz,OMrUmOTPD_AnSivjxptxpA,3,1,3.0
2017-10-05,Thailand,TH,Channel pages,Louis Weisz,OMrUmOTPD_AnSivjxptxpA,0,1,0.2
2017-10-05,Turkey,TR,YouTube search,Louis Weisz,OMrUmOTPD_AnSivjxptxpA,0,1,0.2
2017-10-05,United States,US,Channel pages,Louis Weisz,OMrUmOTPD_AnSivjxptxpA,44,20,2.2
2017-10-05,United States,US,YouTube search,Louis Weisz,OMrUmOTPD_AnSivjxptxpA,17,8,2.1
2017-10-05,United States,US,Suggested videos,Louis Weisz,OMrUmOTPD_AnSivjxptxpA,92,28,3.3
2017-10-05,United States,US,External,Louis Weisz,OMrUmOTPD_AnSivjxptxpA,6,5,1.1
2017-10-06,United Arab Emirates,AE,Suggested videos,Louis Weisz,OMrUmOTPD_AnSivjxptxpA,4,1,4.1
2017-10-06,Australia,AU,Channel pages,Louis Weisz,OMrUmOTPD_AnSivjxptxpA,3,1,3.1
2017-10-06,Australia,AU,External,Louis Weisz,OMrUmOTPD_AnSivjxptxpA,1,1,1.2
2017-10-06,Belgium,BE,Browse features,Louis Weisz,OMrUmOTPD_AnSivjxptxpA,1,1,0.6
2017-10-06,Belgium,BE,YouTube search,Louis Weisz,OMrUmOTPD_AnSivjxptxpA,6,1,6.4
2017-10-06,Brazil,BR,Channel pages,Louis Weisz,OMrUmOTPD_AnSivjxptxpA,0,1,0.2
2017-10-06,Canada,CA,YouTube search,Louis Weisz,OMrUmOTPD_AnSivjxptxpA,1,1,0.8
2017-10-06,Canada,CA,External,Louis Weisz,OMrUmOTPD_AnSivjxptxpA,4,1,4.3
2017-10-06,Germany,DE,YouTube search,Louis Weisz,OMrUmOTPD_AnSivjxptxpA,1,1,0.6
2017-10-06,Germany,DE,External,Louis Weisz,OMrUmOTPD_AnSivjxptxpA,2,1,1.8
2017-10-06,Estonia,EE,Channel pages,Louis Weisz,OMrUmOTPD_AnSivjxptxpA,1,1,1.3
2017-10-06,United Kingdom,GB,Channel pages,Louis Weisz,OMrUmOTPD_AnSivjxptxpA,1,2,0.3
2017-10-06,United Kingdom,GB,YouTube search,Louis Weisz,OMrUmOTPD_AnSivjxptxpA,0,1,0.3
2017-10-06,India,IN,YouTube search,Louis Weisz,OMrUmOTPD_AnSivjxptxpA,2,2,1.2
2017-10-06,Japan,JP,YouTube search,Louis Weisz,OMrUmOTPD_AnSivjxptxpA,6,4,1.4
2017-10-06,Japan,JP,Suggested videos,Louis Weisz,OMrUmOTPD_AnSivjxptxpA,2,1,2.2
2017-10-06,Kazakhstan,KZ,Suggested videos,Louis Weisz,OMrUmOTPD_AnSivjxptxpA,4,1,4.0
2017-10-06,Malaysia,MY,Browse features,Louis Weisz,OMrUmOTPD_AnSivjxptxpA,4,1,3.6
2017-10-06,Malaysia,MY,Channel pages,Louis Weisz,OMrUmOTPD_AnSivjxptxpA,0,1,0.2
2017-10-06,Norway,NO,Channel pages,Louis Weisz,OMrUmOTPD_AnSivjxptxpA,1,1,1.4
2017-10-06,New Zealand,NZ,Channel pages,Louis Weisz,OMrUmOTPD_AnSivjxptxpA,9,2,4.4
2017-10-06,New Zealand,NZ,Suggested videos,Louis Weisz,OMrUmOTPD_AnSivjxptxpA,4,1,3.6
2017-10-06,Philippines,PH,YouTube search,Louis Weisz,OMrUmOTPD_AnSivjxptxpA,2,1,2.1
2017-10-06,Poland,PL,Channel pages,Louis Weisz,OMrUmOTPD_AnSivjxptxpA,0,1,0.2
2017-10-06,Sweden,SE,Channel pages,Louis Weisz,OMrUmOTPD_AnSivjxptxpA,2,2,0.9
2017-10-06,Sweden,SE,Suggested videos,Louis Weisz,OMrUmOTPD_AnSivjxptxpA,2,1,1.8
2017-10-06,Singapore,SG,Channel pages,Louis Weisz,OMrUmOTPD_AnSivjxptxpA,4,2,1.9
2017-10-06,Singapore,SG,YouTube search,Louis Weisz,OMrUmOTPD_AnSivjxptxpA,1,1,0.8
2017-10-06,Singapore,SG,Suggested videos,Louis Weisz,OMrUmOTPD_AnSivjxptxpA,1,1,0.9
2017-10-06,Turkey,TR,Channel pages,Louis Weisz,OMrUmOTPD_AnSivjxptxpA,4,1,4.0
2017-10-06,Turkey,TR,YouTube search,Louis Weisz,OMrUmOTPD_AnSivjxptxpA,3,1,2.8
2017-10-06,Turkey,TR,External,Louis Weisz,OMrUmOTPD_AnSivjxptxpA,1,1,0.8
2017-10-06,United States,US,Direct or unknown,Louis Weisz,OMrUmOTPD_AnSivjxptxpA,7,1,7.2
2017-10-06,United States,US,Channel pages,Louis Weisz,OMrUmOTPD_AnSivjxptxpA,56,29,1.9
2017-10-06,United States,US,YouTube search,Louis Weisz,OMrUmOTPD_AnSivjxptxpA,19,15,1.2
2017-10-06,United States,US,Suggested videos,Louis Weisz,OMrUmOTPD_AnSivjxptxpA,44,18,2.5
2017-10-06,United States,US,External,Louis Weisz,OMrUmOTPD_AnSivjxptxpA,5,2,2.4
2017-10-06,United States,US,End screens,Louis Weisz,OMrUmOTPD_AnSivjxptxpA,5,1,4.5
2017-10-07,Austria,AT,Channel pages,Louis Weisz,OMrUmOTPD_AnSivjxptxpA,1,2,0.7
2017-10-07,Australia,AU,Channel pages,Louis Weisz,OMrUmOTPD_AnSivjxptxpA,2,2,0.9
2017-10-07,Bangladesh,BD,Channel pages,Louis Weisz,OMrUmOTPD_AnSivjxptxpA,3,1,2.8
2017-10-07,Bangladesh,BD,Suggested videos,Louis Weisz,OMrUmOTPD_AnSivjxptxpA,14,3,4.7
2017-10-07,Canada,CA,Channel pages,Louis Weisz,OMrUmOTPD_AnSivjxptxpA,7,4,1.8
2017-10-07,Canada,CA,YouTube search,Louis Weisz,OMrUmOTPD_AnSivjxptxpA,1,1,0.7
2017-10-07,Costa Rica,CR,Channel pages,Louis Weisz,OMrUmOTPD_AnSivjxptxpA,0,1,0.4
2017-10-07,Costa Rica,CR,Suggested videos,Louis Weisz,OMrUmOTPD_AnSivjxptxpA,3,3,1.0
2017-10-07,Germany,DE,Channel pages,Louis Weisz,OMrUmOTPD_AnSivjxptxpA,6,2,3.0
2017-10-07,Denmark,DK,Channel pages,Louis Weisz,OMrUmOTPD_AnSivjxptxpA,3,2,1.3
2017-10-07,Finland,FI,Channel pages,Louis Weisz,OMrUmOTPD_AnSivjxptxpA,6,3,1.9
2017-10-07,France,FR,Channel pages,Louis Weisz,OMrUmOTPD_AnSivjxptxpA,0,1,0.2
2017-10-07,United Kingdom,GB,Channel pages,Louis Weisz,OMrUmOTPD_AnSivjxptxpA,11,4,2.7
2017-10-07,United Kingdom,GB,YouTube search,Louis Weisz,OMrUmOTPD_AnSivjxptxpA,1,1,0.7
2017-10-07,United Kingdom,GB,Suggested videos,Louis Weisz,OMrUmOTPD_AnSivjxptxpA,4,1,4.0
2017-10-07,United Kingdom,GB,External,Louis Weisz,OMrUmOTPD_AnSivjxptxpA,0,1,0.1
2017-10-07,Indonesia,ID,YouTube search,Louis Weisz,OMrUmOTPD_AnSivjxptxpA,3,1,3.0
2017-10-07,Indonesia,ID,Suggested videos,Louis Weisz,OMrUmOTPD_AnSivjxptxpA,3,1,3.3
2017-10-07,Ireland,IE,Channel pages,Louis Weisz,OMrUmOTPD_AnSivjxptxpA,2,3,0.7
2017-10-07,India,IN,YouTube search,Louis Weisz,OMrUmOTPD_AnSivjxptxpA,0,1,0.0
2017-10-07,Mexico,MX,Channel pages,Louis Weisz,OMrUmOTPD_AnSivjxptxpA,4,1,4.4
2017-10-07,Mexico,MX,Suggested videos,Louis Weisz,OMrUmOTPD_AnSivjxptxpA,8,2,3.8
2017-10-07,Netherlands,NL,Channel pages,Louis Weisz,OMrUmOTPD_AnSivjxptxpA,5,2,2.7
2017-10-07,Norway,NO,Channel pages,Louis Weisz,OMrUmOTPD_AnSivjxptxpA,1,2,0.3
2017-10-07,Norway,NO,Suggested videos,Louis Weisz,OMrUmOTPD_AnSivjxptxpA,4,1,4.3
2017-10-07,New Zealand,NZ,Channel pages,Louis Weisz,OMrUmOTPD_AnSivjxptxpA,3,1,2.5
2017-10-07,Philippines,PH,Suggested videos,Louis Weisz,OMrUmOTPD_AnSivjxptxpA,2,1,1.6
2017-10-07,Poland,PL,Channel pages,Louis Weisz,OMrUmOTPD_AnSivjxptxpA,4,4,0.9
2017-10-07,Poland,PL,YouTube search,Louis Weisz,OMrUmOTPD_AnSivjxptxpA,3,1,3.0
2017-10-07,Poland,PL,Suggested videos,Louis Weisz,OMrUmOTPD_AnSivjxptxpA,5,3,1.8
2017-10-07,Portugal,PT,Channel pages,Louis Weisz,OMrUmOTPD_AnSivjxptxpA,6,1,6.0
2017-10-07,Sweden,SE,Channel pages,Louis Weisz,OMrUmOTPD_AnSivjxptxpA,6,2,3.0
2017-10-07,Sweden,SE,Suggested videos,Louis Weisz,OMrUmOTPD_AnSivjxptxpA,11,3,3.6
2017-10-07,Singapore,SG,Browse features,Louis Weisz,OMrUmOTPD_AnSivjxptxpA,4,1,4.0
2017-10-07,United States,US,Browse features,Louis Weisz,OMrUmOTPD_AnSivjxptxpA,9,3,3.0
2017-10-07,United States,US,Channel pages,Louis Weisz,OMrUmOTPD_AnSivjxptxpA,76,41,1.9
2017-10-07,United States,US,YouTube search,Louis Weisz,OMrUmOTPD_AnSivjxptxpA,2,4,0.6
2017-10-07,United States,US,Suggested videos,Louis Weisz,OMrUmOTPD_AnSivjxptxpA,64,20,3.2
2017-10-07,United States,US,External,Louis Weisz,OMrUmOTPD_AnSivjxptxpA,15,5,3.0
2017-10-07,United States,US,Video cards and annotations,Louis Weisz,OMrUmOTPD_AnSivjxptxpA,10,2,4.8
2017-10-07,United States,US,Playlists,Louis Weisz,OMrUmOTPD_AnSivjxptxpA,14,3,4.7
2017-10-07,United States,US,End screens,Louis Weisz,OMrUmOTPD_AnSivjxptxpA,3,1,2.8
2017-10-07,South Africa,ZA,Channel pages,Louis Weisz,OMrUmOTPD_AnSivjxptxpA,4,1,4.2
2017-10-08,Angola,AO,YouTube search,Louis Weisz,OMrUmOTPD_AnSivjxptxpA,4,1,4.2
2017-10-08,Australia,AU,Channel pages,Louis Weisz,OMrUmOTPD_AnSivjxptxpA,2,2,1.0
2017-10-08,Bangladesh,BD,YouTube search,Louis Weisz,OMrUmOTPD_AnSivjxptxpA,1,1,0.5
2017-10-08,Belgium,BE,Channel pages,Louis Weisz,OMrUmOTPD_AnSivjxptxpA,3,1,3.4
2017-10-08,Belgium,BE,End screens,Louis Weisz,OMrUmOTPD_AnSivjxptxpA,0,1,0.2
2017-10-08,Bermuda,BM,Suggested videos,Louis Weisz,OMrUmOTPD_AnSivjxptxpA,4,1,4.2
2017-10-08,Brazil,BR,Channel pages,Louis Weisz,OMrUmOTPD_AnSivjxptxpA,4,1,3.7
2017-10-08,Canada,CA,Channel pages,Louis Weisz,OMrUmOTPD_AnSivjxptxpA,1,1,0.5
2017-10-08,Canada,CA,YouTube search,Louis Weisz,OMrUmOTPD_AnSivjxptxpA,4,2,2.0
2017-10-08,Canada,CA,Suggested videos,Louis Weisz,OMrUmOTPD_AnSivjxptxpA,15,4,3.8
2017-10-08,Chile,CL,YouTube search,Louis Weisz,OMrUmOTPD_AnSivjxptxpA,0,1,0.4
2017-10-08,Germany,DE,Channel pages,Louis Weisz,OMrUmOTPD_AnSivjxptxpA,4,3,1.4
2017-10-08,Germany,DE,YouTube search,Louis Weisz,OMrUmOTPD_AnSivjxptxpA,2,2,1.1
2017-10-08,Germany,DE,Suggested videos,Louis Weisz,OMrUmOTPD_AnSivjxptxpA,8,4,2.0
2017-10-08,Germany,DE,External,Louis Weisz,OMrUmOTPD_AnSivjxptxpA,0,1,0.2
2017-10-08,Denmark,DK,Channel pages,Louis Weisz,OMrUmOTPD_AnSivjxptxpA,0,1,0.4
2017-10-08,Estonia,EE,Channel pages,Louis Weisz,OMrUmOTPD_AnSivjxptxpA,0,1,0.1
2017-10-08,Finland,FI,Channel pages,Louis Weisz,OMrUmOTPD_AnSivjxptxpA,8,3,2.8
2017-10-08,Finland,FI,Suggested videos,Louis Weisz,OMrUmOTPD_AnSivjxptxpA,4,1,4.1
2017-10-08,United Kingdom,GB,Channel pages,Louis Weisz,OMrUmOTPD_AnSivjxptxpA,17,8,2.2
2017-10-08,United Kingdom,GB,External,Louis Weisz,OMrUmOTPD_AnSivjxptxpA,1,2,0.7
2017-10-08,United Kingdom,GB,End screens,Louis Weisz,OMrUmOTPD_AnSivjxptxpA,1,1,0.7
2017-10-08,Greece,GR,Channel pages,Louis Weisz,OMrUmOTPD_AnSivjxptxpA,9,2,4.5
2017-10-08,Guatemala,GT,YouTube search,Louis Weisz,OMrUmOTPD_AnSivjxptxpA,1,1,0.7
2017-10-08,Indonesia,ID,Suggested videos,Louis Weisz,OMrUmOTPD_AnSivjxptxpA,4,2,1.8
2017-10-08,Ireland,IE,External,Louis Weisz,OMrUmOTPD_AnSivjxptxpA,4,1,3.6
2017-10-08,India,IN,YouTube search,Louis Weisz,OMrUmOTPD_AnSivjxptxpA,4,2,1.8
2017-10-08,India,IN,External,Louis Weisz,OMrUmOTPD_AnSivjxptxpA,0,1,0.1
2017-10-08,Italy,IT,Browse features,Louis Weisz,OMrUmOTPD_AnSivjxptxpA,4,1,3.6
2017-10-08,Italy,IT,YouTube search,Louis Weisz,OMrUmOTPD_AnSivjxptxpA,3,2,1.7
2017-10-08,Japan,JP,Browse features,Louis Weisz,OMrUmOTPD_AnSivjxptxpA,4,1,4.3
2017-10-08,Mexico,MX,Channel pages,Louis Weisz,OMrUmOTPD_AnSivjxptxpA,4,3,1.2
2017-10-08,Mexico,MX,Suggested videos,Louis Weisz,OMrUmOTPD_AnSivjxptxpA,4,1,4.2
2017-10-08,Netherlands,NL,Channel pages,Louis Weisz,OMrUmOTPD_AnSivjxptxpA,3,3,1.2
2017-10-08,Netherlands,NL,Suggested videos,Louis Weisz,OMrUmOTPD_AnSivjxptxpA,6,1,6.0
2017-10-08,Norway,NO,Channel pages,Louis Weisz,OMrUmOTPD_AnSivjxptxpA,5,1,4.9
2017-10-08,Philippines,PH,Channel pages,Louis Weisz,OMrUmOTPD_AnSivjxptxpA,0,1,0.1
2017-10-08,Philippines,PH,Suggested videos,Louis Weisz,OMrUmOTPD_AnSivjxptxpA,1,1,1.1
2017-10-08,Poland,PL,Suggested videos,Louis Weisz,OMrUmOTPD_AnSivjxptxpA,1,2,0.4
2017-10-08,Portugal,PT,Channel pages,Louis Weisz,OMrUmOTPD_AnSivjxptxpA,13,4,3.1
2017-10-08,Russia,RU,Suggested videos,Louis Weisz,OMrUmOTPD_AnSivjxptxpA,2,2,1.1
2017-10-08,Sweden,SE,Channel pages,Louis Weisz,OMrUmOTPD_AnSivjxptxpA,9,3,2.9
2017-10-08,Sweden,SE,End screens,Louis Weisz,OMrUmOTPD_AnSivjxptxpA,2,1,2.3
2017-10-08,Singapore,SG,Playlists,Louis Weisz,OMrUmOTPD_AnSivjxptxpA,3,2,1.4
2017-10-08,Singapore,SG,Playlist page,Louis Weisz,OMrUmOTPD_AnSivjxptxpA,1,2,0.5
2017-10-08,United States,US,Channel pages,Louis Weisz,OMrUmOTPD_AnSivjxptxpA,119,49,2.4
2017-10-08,United States,US,YouTube search,Louis Weisz,OMrUmOTPD_AnSivjxptxpA,8,8,1.1
2017-10-08,United States,US,Suggested videos,Louis Weisz,OMrUmOTPD_AnSivjxptxpA,53,16,3.3
2017-10-08,United States,US,External,Louis Weisz,OMrUmOTPD_AnSivjxptxpA,1,1,0.9
2017-10-08,United States,US,Playlists,Louis Weisz,OMrUmOTPD_AnSivjxptxpA,3,1,2.7
2017-10-08,United States,US,Playlist page,Louis Weisz,OMrUmOTPD_AnSivjxptxpA,4,1,3.7
2017-10-08,United States,US,End screens,Louis Weisz,OMrUmOTPD_AnSivjxptxpA,4,1,3.6
2017-10-08,Vietnam,VN,YouTube search,Louis Weisz,OMrUmOTPD_AnSivjxptxpA,1,1,0.8
2017-10-09,Australia,AU,Direct or unknown,Louis Weisz,OMrUmOTPD_AnSivjxptxpA,1,1,0.9
2017-10-09,Australia,AU,Channel pages,Louis Weisz,OMrUmOTPD_AnSivjxptxpA,1,1,0.5
2017-10-09,Australia,AU,YouTube search,Louis Weisz,OMrUmOTPD_AnSivjxptxpA,5,2,2.7
2017-10-09,Australia,AU,Playlist page,Louis Weisz,OMrUmOTPD_AnSivjxptxpA,0,1,0.1
2017-10-09,Canada,CA,YouTube search,Louis Weisz,OMrUmOTPD_AnSivjxptxpA,9,3,3.1
2017-10-09,Canada,CA,Suggested videos,Louis Weisz,OMrUmOTPD_AnSivjxptxpA,12,3,4.1
2017-10-09,Switzerland,CH,Browse features,Louis Weisz,OMrUmOTPD_AnSivjxptxpA,0,1,0.3
2017-10-09,Switzerland,CH,Suggested videos,Louis Weisz,OMrUmOTPD_AnSivjxptxpA,0,1,0.3
2017-10-09,Switzerland,CH,External,Louis Weisz,OMrUmOTPD_AnSivjxptxpA,0,1,0.4
2017-10-09,Chile,CL,YouTube search,Louis Weisz,OMrUmOTPD_AnSivjxptxpA,1,1,1.1
2017-10-09,Germany,DE,Channel pages,Louis Weisz,OMrUmOTPD_AnSivjxptxpA,7,2,3.4
2017-10-09,Germany,DE,YouTube search,Louis Weisz,OMrUmOTPD_AnSivjxptxpA,2,2,1.2
2017-10-09,Ecuador,EC,Suggested videos,Louis Weisz,OMrUmOTPD_AnSivjxptxpA,3,1,3.4
2017-10-09,France,FR,YouTube search,Louis Weisz,OMrUmOTPD_AnSivjxptxpA,3,1,3.4
2017-10-09,France,FR,External,Louis Weisz,OMrUmOTPD_AnSivjxptxpA,3,1,3.1
2017-10-09,United Kingdom,GB,Channel pages,Louis Weisz,OMrUmOTPD_AnSivjxptxpA,2,3,0.7
2017-10-09,United Kingdom,GB,YouTube search,Louis Weisz,OMrUmOTPD_AnSivjxptxpA,6,2,3.0
2017-10-09,United Kingdom,GB,Suggested videos,Louis Weisz,OMrUmOTPD_AnSivjxptxpA,8,2,3.9
2017-10-09,Greece,GR,Channel pages,Louis Weisz,OMrUmOTPD_AnSivjxptxpA,0,1,0.3
2017-10-09,Indonesia,ID,Channel pages,Louis Weisz,OMrUmOTPD_AnSivjxptxpA,1,1,1.2
2017-10-09,Indonesia,ID,YouTube search,Louis Weisz,OMrUmOTPD_AnSivjxptxpA,1,2,0.5
2017-10-09,Indonesia,ID,Suggested videos,Louis Weisz,OMrUmOTPD_AnSivjxptxpA,5,6,0.8
2017-10-09,India,IN,External,Louis Weisz,OMrUmOTPD_AnSivjxptxpA,1,1,0.9
2017-10-09,Italy,IT,YouTube search,Louis Weisz,OMrUmOTPD_AnSivjxptxpA,1,1,1.3
2017-10-09,Japan,JP,External,Louis Weisz,OMrUmOTPD_AnSivjxptxpA,0,1,0.5
2017-10-09,Philippines,PH,YouTube search,Louis Weisz,OMrUmOTPD_AnSivjxptxpA,4,1,4.3
2017-10-09,Romania,RO,Channel pages,Louis Weisz,OMrUmOTPD_AnSivjxptxpA,4,2,1.9
2017-10-09,Singapore,SG,Direct or unknown,Louis Weisz,OMrUmOTPD_AnSivjxptxpA,0,1,0.3
2017-10-09,Singapore,SG,Channel pages,Louis Weisz,OMrUmOTPD_AnSivjxptxpA,1,4,0.3
2017-10-09,Singapore,SG,Suggested videos,Louis Weisz,OMrUmOTPD_AnSivjxptxpA,1,2,0.7
2017-10-09,Thailand,TH,YouTube search,Louis Weisz,OMrUmOTPD_AnSivjxptxpA,0,1,0.4
2017-10-09,Taiwan,TW,Suggested videos,Louis Weisz,OMrUmOTPD_AnSivjxptxpA,3,1,3.1
2017-10-09,United States,US,Direct or unknown,Louis Weisz,OMrUmOTPD_AnSivjxptxpA,3,1,3.3
2017-10-09,United States,US,Channel pages,Louis Weisz,OMrUmOTPD_AnSivjxptxpA,83,39,2.1
2017-10-09,United States,US,YouTube search,Louis Weisz,OMrUmOTPD_AnSivjxptxpA,14,8,1.7
2017-10-09,United States,US,Suggested videos,Louis Weisz,OMrUmOTPD_AnSivjxptxpA,53,24,2.2
2017-10-09,United States,US,Other YouTube features,Louis Weisz,OMrUmOTPD_AnSivjxptxpA,14,6,2.3
2017-10-09,United States,US,External,Louis Weisz,OMrUmOTPD_AnSivjxptxpA,6,3,2.0
2017-10-09,United States,US,End screens,Louis Weisz,OMrUmOTPD_AnSivjxptxpA,2,1,2.4
2017-10-10,Australia,AU,Channel pages,Louis Weisz,OMrUmOTPD_AnSivjxptxpA,5,4,1.3
2017-10-10,Australia,AU,Suggested videos,Louis Weisz,OMrUmOTPD_AnSivjxptxpA,12,3,4.2
2017-10-10,Belgium,BE,Channel pages,Louis Weisz,OMrUmOTPD_AnSivjxptxpA,4,3,1.3
2017-10-10,Belgium,BE,Suggested videos,Louis Weisz,OMrUmOTPD_AnSivjxptxpA,9,3,2.9
2017-10-10,Bulgaria,BG,Channel pages,Louis Weisz,OMrUmOTPD_AnSivjxptxpA,0,1,0.2
2017-10-10,Bulgaria,BG,Suggested videos,Louis Weisz,OMrUmOTPD_AnSivjxptxpA,5,4,1.2
2017-10-10,Brazil,BR,Suggested videos,Louis Weisz,OMrUmOTPD_AnSivjxptxpA,2,1,1.7
2017-10-10,Brazil,BR,External,Louis Weisz,OMrUmOTPD_AnSivjxptxpA,0,1,0.3
2017-10-10,Canada,CA,Channel pages,Louis Weisz,OMrUmOTPD_AnSivjxptxpA,3,1,3.1
2017-10-10,Canada,CA,Suggested videos,Louis Weisz,OMrUmOTPD_AnSivjxptxpA,0,1,0.2
2017-10-10,Canada,CA,External,Louis Weisz,OMrUmOTPD_AnSivjxptxpA,1,1,0.7
2017-10-10,Czechia,CZ,YouTube search,Louis Weisz,OMrUmOTPD_AnSivjxptxpA,0,1,0.1
2017-10-10,Czechia,CZ,Suggested videos,Louis Weisz,OMrUmOTPD_AnSivjxptxpA,0,1,0.1
2017-10-10,Germany,DE,Channel pages,Louis Weisz,OMrUmOTPD_AnSivjxptxpA,23,6,3.9
2017-10-10,Germany,DE,YouTube search,Louis Weisz,OMrUmOTPD_AnSivjxptxpA,1,1,1.1
2017-10-10,Germany,DE,Suggested videos,Louis Weisz,OMrUmOTPD_AnSivjxptxpA,4,1,4.3
2017-10-10,Denmark,DK,Channel pages,Louis Weisz,OMrUmOTPD_AnSivjxptxpA,1,1,1.0
2017-10-10,Spain,ES,External,Louis Weisz,OMrUmOTPD_AnSivjxptxpA,0,1,0.4
2017-10-10,Finland,FI,Channel pages,Louis Weisz,OMrUmOTPD_AnSivjxptxpA,4,1,3.9
2017-10-10,Finland,FI,Suggested videos,Louis Weisz,OMrUmOTPD_AnSivjxptxpA,4,1,4.0
2017-10-10,France,FR,Channel pages,Louis Weisz,OMrUmOTPD_AnSivjxptxpA,0,1,0.2
2017-10-10,France,FR,External,Louis Weisz,OMrUmOTPD_AnSivjxptxpA,2,1,2.4
2017-10-10,United Kingdom,GB,Channel pages,Louis Weisz,OMrUmOTPD_AnSivjxptxpA,12,4,2.9
2017-10-10,United Kingdom,GB,YouTube search,Louis Weisz,OMrUmOTPD_AnSivjxptxpA,7,2,3.4
2017-10-10,United Kingdom,GB,Video cards and annotations,Louis Weisz,OMrUmOTPD_AnSivjxptxpA,2,1,1.9
2017-10-10,United Kingdom,GB,End screens,Louis Weisz,OMrUmOTPD_AnSivjxptxpA,1,1,1.1
2017-10-10,Guam,GU,External,Louis Weisz,OMrUmOTPD_AnSivjxptxpA,1,1,1.4
2017-10-10,Croatia,HR,YouTube search,Louis Weisz,OMrUmOTPD_AnSivjxptxpA,4,1,4.5
2017-10-10,Indonesia,ID,Channel pages,Louis Weisz,OMrUmOTPD_AnSivjxptxpA,3,1,2.8
2017-10-10,Indonesia,ID,YouTube search,Louis Weisz,OMrUmOTPD_AnSivjxptxpA,0,1,0.1
2017-10-10,Ireland,IE,Channel pages,Louis Weisz,OMrUmOTPD_AnSivjxptxpA,10,2,4.8
2017-10-10,India,IN,YouTube search,Louis Weisz,OMrUmOTPD_AnSivjxptxpA,12,3,3.8
2017-10-10,Iceland,IS,Suggested videos,Louis Weisz,OMrUmOTPD_AnSivjxptxpA,1,2,0.3
2017-10-10,Iceland,IS,External,Louis Weisz,OMrUmOTPD_AnSivjxptxpA,0,1,0.2
2017-10-10,Italy,IT,Channel pages,Louis Weisz,OMrUmOTPD_AnSivjxptxpA,1,1,1.5
2017-10-10,Latvia,LV,Channel pages,Louis Weisz,OMrUmOTPD_AnSivjxptxpA,4,1,3.8
2017-10-10,Mexico,MX,Suggested videos,Louis Weisz,OMrUmOTPD_AnSivjxptxpA,3,1,2.9
2017-10-10,New Zealand,NZ,Channel pages,Louis Weisz,OMrUmOTPD_AnSivjxptxpA,1,1,0.8
2017-10-10,Philippines,PH,Channel pages,Louis Weisz,OMrUmOTPD_AnSivjxptxpA,2,1,2.2
2017-10-10,Poland,PL,Channel pages,Louis Weisz,OMrUmOTPD_AnSivjxptxpA,1,1,1.1
2017-10-10,Poland,PL,YouTube search,Louis Weisz,OMrUmOTPD_AnSivjxptxpA,0,1,0.1
2017-10-10,Poland,PL,Suggested videos,Louis Weisz,OMrUmOTPD_AnSivjxptxpA,1,1,0.5
2017-10-10,Sweden,SE,External,Louis Weisz,OMrUmOTPD_AnSivjxptxpA,1,1,1.1
2017-10-10,Turkey,TR,Suggested videos,Louis Weisz,OMrUmOTPD_AnSivjxptxpA,4,1,4.3
2017-10-10,United States,US,Channel pages,Louis Weisz,OMrUmOTPD_AnSivjxptxpA,53,26,2.0
2017-10-10,United States,US,YouTube search,Louis Weisz,OMrUmOTPD_AnSivjxptxpA,14,12,1.2
2017-10-10,United States,US,Suggested videos,Louis Weisz,OMrUmOTPD_AnSivjxptxpA,25,11,2.3
2017-10-10,United States,US,Other YouTube features,Louis Weisz,OMrUmOTPD_AnSivjxptxpA,4,1,3.7
2017-10-10,United States,US,External,Louis Weisz,OMrUmOTPD_AnSivjxptxpA,0,2,0.2
2017-10-10,United States,US,End screens,Louis Weisz,OMrUmOTPD_AnSivjxptxpA,2,2,1.1
2017-10-11,Austria,AT,YouTube search,Louis Weisz,OMrUmOTPD_AnSivjxptxpA,3,1,3.5
2017-10-11,Australia,AU,YouTube search,Louis Weisz,OMrUmOTPD_AnSivjxptxpA,0,1,0.4
2017-10-11,Belgium,BE,Channel pages,Louis Weisz,OMrUmOTPD_AnSivjxptxpA,4,2,2.0
2017-10-11,Belgium,BE,Suggested videos,Louis Weisz,OMrUmOTPD_AnSivjxptxpA,5,3,1.7
2017-10-11,Canada,CA,Direct or unknown,Louis Weisz,OMrUmOTPD_AnSivjxptxpA,0,1,0.2
2017-10-11,Canada,CA,YouTube search,Louis Weisz,OMrUmOTPD_AnSivjxptxpA,0,1,0.4
2017-10-11,Canada,CA,Suggested videos,Louis Weisz,OMrUmOTPD_AnSivjxptxpA,8,2,4.2
2017-10-11,Egypt,EG,YouTube search,Louis Weisz,OMrUmOTPD_AnSivjxptxpA,1,1,0.6
2017-10-11,France,FR,External,Louis Weisz,OMrUmOTPD_AnSivjxptxpA,4,1,4.1
2017-10-11,United Kingdom,GB,Channel pages,Louis Weisz,OMrUmOTPD_AnSivjxptxpA,5,3,1.7
2017-10-11,United Kingdom,GB,Suggested videos,Louis Weisz,OMrUmOTPD_AnSivjxptxpA,23,9,2.6
2017-10-11,Indonesia,ID,YouTube search,Louis Weisz,OMrUmOTPD_AnSivjxptxpA,1,2,0.3
2017-10-11,Ireland,IE,YouTube search,Louis Weisz,OMrUmOTPD_AnSivjxptxpA,1,1,0.6
2017-10-11,Israel,IL,YouTube search,Louis Weisz,OMrUmOTPD_AnSivjxptxpA,2,1,2.3
2017-10-11,Italy,IT,Channel pages,Louis Weisz,OMrUmOTPD_AnSivjxptxpA,3,1,3.1
2017-10-11,Italy,IT,Suggested videos,Louis Weisz,OMrUmOTPD_AnSivjxptxpA,13,3,4.2
2017-10-11,New Zealand,NZ,Channel pages,Louis Weisz,OMrUmOTPD_AnSivjxptxpA,4,2,1.9
2017-10-11,Romania,RO,Channel pages,Louis Weisz,OMrUmOTPD_AnSivjxptxpA,0,1,0.4
2017-10-11,Russia,RU,Suggested videos,Louis Weisz,OMrUmOTPD_AnSivjxptxpA,0,1,0.2
2017-10-11,Sweden,SE,Channel pages,Louis Weisz,OMrUmOTPD_AnSivjxptxpA,13,6,2.2
2017-10-11,Turkey,TR,Direct or unknown,Louis Weisz,OMrUmOTPD_AnSivjxptxpA,2,1,2.3
2017-10-11,Turkey,TR,Channel pages,Louis Weisz,OMrUmOTPD_AnSivjxptxpA,1,1,0.7
2017-10-11,United States,US,Channel pages,Louis Weisz,OMrUmOTPD_AnSivjxptxpA,39,21,1.9
2017-10-11,United States,US,YouTube search,Louis Weisz,OMrUmOTPD_AnSivjxptxpA,12,6,2.0
2017-10-11,United States,US,Suggested videos,Louis Weisz,OMrUmOTPD_AnSivjxptxpA,21,11,1.9
2017-10-11,United States,US,External,Louis Weisz,OMrUmOTPD_AnSivjxptxpA,0,1,0.4
2017-10-11,Vietnam,VN,YouTube search,Louis Weisz,OMrUmOTPD_AnSivjxptxpA,1,1,0.8
2017-10-11,South Africa,ZA,Channel pages,Louis Weisz,OMrUmOTPD_AnSivjxptxpA,2,1,1.8
2017-10-12,Australia,AU,Channel pages,Louis Weisz,OMrUmOTPD_AnSivjxptxpA,4,2,1.9
2017-10-12,Australia,AU,YouTube search,Louis Weisz,OMrUmOTPD_AnSivjxptxpA,1,1,1.1
2017-10-12,Belgium,BE,Channel pages,Louis Weisz,OMrUmOTPD_AnSivjxptxpA,6,1,5.8
2017-10-12,Bulgaria,BG,Channel pages,Louis Weisz,OMrUmOTPD_AnSivjxptxpA,1,2,0.6
2017-10-12,Brazil,BR,YouTube search,Louis Weisz,OMrUmOTPD_AnSivjxptxpA,3,1,2.9
2017-10-12,Brazil,BR,Suggested videos,Louis Weisz,OMrUmOTPD_AnSivjxptxpA,0,1,0.2
2017-10-12,Canada,CA,Channel pages,Louis Weisz,OMrUmOTPD_AnSivjxptxpA,6,1,5.6
2017-10-12,Germany,DE,Channel pages,Louis Weisz,OMrUmOTPD_AnSivjxptxpA,18,8,2.3
2017-10-12,Germany,DE,Suggested videos,Louis Weisz,OMrUmOTPD_AnSivjxptxpA,16,3,5.3
2017-10-12,Germany,DE,End screens,Louis Weisz,OMrUmOTPD_AnSivjxptxpA,5,1,4.7
2017-10-12,Finland,FI,Channel pages,Louis Weisz,OMrUmOTPD_AnSivjxptxpA,0,1,0.2
2017-10-12,United Kingdom,GB,Channel pages,Louis Weisz,OMrUmOTPD_AnSivjxptxpA,2,1,2.0
2017-10-12,United Kingdom,GB,YouTube search,Louis Weisz,OMrUmOTPD_AnSivjxptxpA,2,1,1.8
2017-10-12,India,IN,External,Louis Weisz,OMrUmOTPD_AnSivjxptxpA,3,4,0.7
2017-10-12,Japan,JP,YouTube search,Louis Weisz,OMrUmOTPD_AnSivjxptxpA,1,1,0.7
2017-10-12,Philippines,PH,Other YouTube features,Louis Weisz,OMrUmOTPD_AnSivjxptxpA,0,1,0.0
2017-10-12,Saudi Arabia,SA,YouTube search,Louis Weisz,OMrUmOTPD_AnSivjxptxpA,6,3,1.9
2017-10-12,Sweden,SE,Channel pages,Louis Weisz,OMrUmOTPD_AnSivjxptxpA,1,2,0.7
2017-10-12,Sweden,SE,YouTube search,Louis Weisz,OMrUmOTPD_AnSivjxptxpA,8,2,4.2
2017-10-12,United States,US,Browse features,Louis Weisz,OMrUmOTPD_AnSivjxptxpA,3,1,3.2
2017-10-12,United States,US,Channel pages,Louis Weisz,OMrUmOTPD_AnSivjxptxpA,54,28,1.9
2017-10-12,United States,US,YouTube search,Louis Weisz,OMrUmOTPD_AnSivjxptxpA,25,10,2.5
2017-10-12,United States,US,Suggested videos,Louis Weisz,OMrUmOTPD_AnSivjxptxpA,39,11,3.6
2017-10-12,United States,US,Other YouTube features,Louis Weisz,OMrUmOTPD_AnSivjxptxpA,2,1,1.7
2017-10-12,United States,US,External,Louis Weisz,OMrUmOTPD_AnSivjxptxpA,3,3,1.2
