date,country_name,country_id,playback_location,channel_display_name,channel_id,watch_time_minutes,views,average_view_duration
2017-03-12,United Arab Emirates,AE,YouTube watch page,Louis Weisz,OMrUmOTPD_AnSivjxptxpA,2,1,2.1
2017-03-12,Australia,AU,YouTube watch page,Louis Weisz,OMrUmOTPD_AnSivjxptxpA,6,1,5.9
2017-03-12,Canada,CA,YouTube watch page,Louis Weisz,OMrUmOTPD_AnSivjxptxpA,14,3,4.6
2017-03-12,Switzerland,CH,YouTube watch page,Louis Weisz,OMrUmOTPD_AnSivjxptxpA,4,2,1.8
2017-03-12,Chile,CL,YouTube watch page,Louis Weisz,OMrUmOTPD_AnSivjxptxpA,1,1,0.7
2017-03-12,Czechia,CZ,YouTube watch page,Louis Weisz,OMrUmOTPD_AnSivjxptxpA,6,1,5.8
2017-03-12,Germany,DE,YouTube watch page,Louis Weisz,OMrUmOTPD_AnSivjxptxpA,6,1,5.9
2017-03-12,Denmark,DK,YouTube channel page,Louis Weisz,OMrUmOTPD_AnSivjxptxpA,1,2,0.7
2017-03-12,Estonia,EE,YouTube watch page,Louis Weisz,OMrUmOTPD_AnSivjxptxpA,5,2,2.6
2017-03-12,France,FR,YouTube watch page,Louis Weisz,OMrUmOTPD_AnSivjxptxpA,2,2,1.0
2017-03-12,United Kingdom,GB,YouTube watch page,Louis Weisz,OMrUmOTPD_AnSivjxptxpA,6,1,5.8
2017-03-12,United Kingdom,GB,YouTube channel page,Louis Weisz,OMrUmOTPD_AnSivjxptxpA,1,1,1.5
2017-03-12,Croatia,HR,YouTube watch page,Louis Weisz,OMrUmOTPD_AnSivjxptxpA,1,2,0.5
2017-03-12,Ireland,IE,YouTube watch page,Louis Weisz,OMrUmOTPD_AnSivjxptxpA,3,1,2.9
2017-03-12,India,IN,YouTube watch page,Louis Weisz,OMrUmOTPD_AnSivjxptxpA,9,2,4.7
2017-03-12,Italy,IT,YouTube watch page,Louis Weisz,OMrUmOTPD_AnSivjxptxpA,3,1,2.8
2017-03-12,Latvia,LV,YouTube channel page,Louis Weisz,OMrUmOTPD_AnSivjxptxpA,1,1,0.7
2017-03-12,Mexico,MX,YouTube watch page,Louis Weisz,OMrUmOTPD_AnSivjxptxpA,1,1,1.0
2017-03-12,Malaysia,MY,YouTube watch page,Louis Weisz,OMrUmOTPD_AnSivjxptxpA,10,3,3.2
2017-03-12,Netherlands,NL,YouTube channel page,Louis Weisz,OMrUmOTPD_AnSivjxptxpA,1,1,0.5
2017-03-12,Norway,NO,YouTube watch page,Louis Weisz,OMrUmOTPD_AnSivjxptxpA,7,2,3.4
2017-03-12,Poland,PL,YouTube watch page,Louis Weisz,OMrUmOTPD_AnSivjxptxpA,2,1,2.1
2017-03-12,Romania,RO,YouTube channel page,Louis Weisz,OMrUmOTPD_AnSivjxptxpA,5,1,5.3
2017-03-12,Russia,RU,YouTube watch page,Louis Weisz,OMrUmOTPD_AnSivjxptxpA,6,1,6.2
2017-03-12,Saudi Arabia,SA,YouTube watch page,Louis Weisz,OMrUmOTPD_AnSivjxptxpA,4,2,1.8
2017-03-12,Slovakia,SK,YouTube channel page,Louis Weisz,OMrUmOTPD_AnSivjxptxpA,2,1,2.4
2017-03-12,Ukraine,UA,YouTube watch page,Louis Weisz,OMrUmOTPD_AnSivjxptxpA,4,1,3.7
2017-03-12,United States,US,YouTube watch page,Louis Weisz,OMrUmOTPD_AnSivjxptxpA,135,45,3.0
2017-03-12,United States,US,YouTube channel page,Louis Weisz,OMrUmOTPD_AnSivjxptxpA,26,11,2.4
2017-03-13,United Arab Emirates,AE,YouTube watch page,Louis Weisz,OMrUmOTPD_AnSivjxptxpA,3,1,2.8
2017-03-13,Argentina,AR,YouTube watch page,Louis Weisz,OMrUmOTPD_AnSivjxptxpA,2,1,2.1
2017-03-13,Australia,AU,YouTube watch page,Louis Weisz,OMrUmOTPD_AnSivjxptxpA,11,2,5.3
2017-03-13,Belgium,BE,YouTube watch page,Louis Weisz,OMrUmOTPD_AnSivjxptxpA,0,1,0.5
2017-03-13,Brazil,BR,YouTube watch page,Louis Weisz,OMrUmOTPD_AnSivjxptxpA,6,6,1.0
2017-03-13,Bahamas,BS,YouTube watch page,Louis Weisz,OMrUmOTPD_AnSivjxptxpA,0,1,0.1
2017-03-13,Canada,CA,YouTube watch page,Louis Weisz,OMrUmOTPD_AnSivjxptxpA,6,2,2.8
2017-03-13,Canada,CA,YouTube channel page,Louis Weisz,OMrUmOTPD_AnSivjxptxpA,1,1,1.2
2017-03-13,Germany,DE,YouTube watch page,Louis Weisz,OMrUmOTPD_AnSivjxptxpA,16,4,3.9
2017-03-13,Germany,DE,YouTube channel page,Louis Weisz,OMrUmOTPD_AnSivjxptxpA,6,1,6.3
2017-03-13,France,FR,YouTube channel page,Louis Weisz,OMrUmOTPD_AnSivjxptxpA,2,1,1.6
2017-03-13,Greece,GR,YouTube watch page,Louis Weisz,OMrUmOTPD_AnSivjxptxpA,0,1,0.1
2017-03-13,Hungary,HU,YouTube channel page,Louis Weisz,OMrUmOTPD_AnSivjxptxpA,2,1,1.8
2017-03-13,Indonesia,ID,YouTube watch page,Louis Weisz,OMrUmOTPD_AnSivjxptxpA,2,1,1.6
2017-03-13,Israel,IL,YouTube watch page,Louis Weisz,OMrUmOTPD_AnSivjxptxpA,1,1,0.9
2017-03-13,India,IN,YouTube watch page,Louis Weisz,OMrUmOTPD_AnSivjxptxpA,1,1,0.6
2017-03-13,Japan,JP,YouTube watch page,Louis Weisz,OMrUmOTPD_AnSivjxptxpA,0,1,0.1
2017-03-13,Kazakhstan,KZ,YouTube watch page,Louis Weisz,OMrUmOTPD_AnSivjxptxpA,0,1,0.3
2017-03-13,Mexico,MX,YouTube watch page,Louis Weisz,OMrUmOTPD_AnSivjxptxpA,1,1,0.6
2017-03-13,Mexico,MX,YouTube channel page,Louis Weisz,OMrUmOTPD_AnSivjxptxpA,6,1,5.9
2017-03-13,Malaysia,MY,YouTube watch page,Louis Weisz,OMrUmOTPD_AnSivjxptxpA,1,2,0.3
2017-03-13,Netherlands,NL,YouTube watch page,Louis Weisz,OMrUmOTPD_AnSivjxptxpA,5,1,5.3
2017-03-13,Netherlands,NL,YouTube channel page,Louis Weisz,OMrUmOTPD_AnSivjxptxpA,4,1,3.7
2017-03-13,Norway,NO,YouTube watch page,Louis Weisz,OMrUmOTPD_AnSivjxptxpA,18,4,4.4
2017-03-13,New Zealand,NZ,YouTube watch page,Louis Weisz,OMrUmOTPD_AnSivjxptxpA,4,2,2.0
2017-03-13,Philippines,PH,YouTube watch page,Louis Weisz,OMrUmOTPD_AnSivjxptxpA,4,1,3.6
2017-03-13,Saudi Arabia,SA,YouTube watch page,Louis Weisz,OMrUmOTPD_AnSivjxptxpA,7,1,7.5
2017-03-13,Thailand,TH,YouTube watch page,Louis Weisz,OMrUmOTPD_AnSivjxptxpA,0,1,0.3
2017-03-13,United States,US,YouTube watch page,Louis Weisz,OMrUmOTPD_AnSivjxptxpA,78,30,2.6
2017-03-13,United States,US,YouTube channel page,Louis Weisz,OMrUmOTPD_AnSivjxptxpA,13,5,2.6
2017-03-13,South Africa,ZA,YouTube watch page,Louis Weisz,OMrUmOTPD_AnSivjxptxpA,0,1,0.4
2017-03-14,Australia,AU,YouTube watch page,Louis Weisz,OMrUmOTPD_AnSivjxptxpA,4,1,3.6
2017-03-14,Bulgaria,BG,YouTube watch page,Louis Weisz,OMrUmOTPD_AnSivjxptxpA,0,1,0.1
2017-03-14,Canada,CA,YouTube watch page,Louis Weisz,OMrUmOTPD_AnSivjxptxpA,10,2,4.8
2017-03-14,Switzerland,CH,YouTube watch page,Louis Weisz,OMrUmOTPD_AnSivjxptxpA,4,1,4.4
2017-03-14,Germany,DE,YouTube watch page,Louis Weisz,OMrUmOTPD_AnSivjxptxpA,14,5,2.8
2017-03-14,Denmark,DK,YouTube watch page,Louis Weisz,OMrUmOTPD_AnSivjxptxpA,3,1,2.5
2017-03-14,Estonia,EE,YouTube watch page,Louis Weisz,OMrUmOTPD_AnSivjxptxpA,5,4,1.1
2017-03-14,Spain,ES,YouTube watch page,Louis Weisz,OMrUmOTPD_AnSivjxptxpA,0,1,0.0
2017-03-14,United Kingdom,GB,YouTube watch page,Louis Weisz,OMrUmOTPD_AnSivjxptxpA,25,9,2.8
2017-03-14,Greece,GR,YouTube watch page,Louis Weisz,OMrUmOTPD_AnSivjxptxpA,6,1,6.3
2017-03-14,Madagascar,MG,YouTube watch page,Louis Weisz,OMrUmOTPD_AnSivjxptxpA,1,1,0.5
2017-03-14,Malaysia,MY,YouTube watch page,Louis Weisz,OMrUmOTPD_AnSivjxptxpA,3,1,2.8
2017-03-14,New Zealand,NZ,YouTube watch page,Louis Weisz,OMrUmOTPD_AnSivjxptxpA,6,1,6.3
2017-03-14,Puerto Rico,PR,YouTube watch page,Louis Weisz,OMrUmOTPD_AnSivjxptxpA,1,1,1.3
2017-03-14,Portugal,PT,YouTube watch page,Louis Weisz,OMrUmOTPD_AnSivjxptxpA,2,1,1.8
2017-03-14,Sudan,SD,YouTube watch page,Louis Weisz,OMrUmOTPD_AnSivjxptxpA,4,1,4.5
2017-03-14,Sweden,SE,YouTube watch page,Louis Weisz,OMrUmOTPD_AnSivjxptxpA,3,3,0.9
2017-03-14,Singapore,SG,YouTube watch page,Louis Weisz,OMrUmOTPD_AnSivjxptxpA,4,1,4.2
2017-03-14,United States,US,YouTube watch page,Louis Weisz,OMrUmOTPD_AnSivjxptxpA,101,36,2.8
2017-03-14,United States,US,YouTube channel page,Louis Weisz,OMrUmOTPD_AnSivjxptxpA,29,12,2.4
2017-03-15,Australia,AU,YouTube watch page,Louis Weisz,OMrUmOTPD_AnSivjxptxpA,12,6,2.0
2017-03-15,Australia,AU,YouTube channel page,Louis Weisz,OMrUmOTPD_AnSivjxptxpA,6,1,6.1
2017-03-15,Belgium,BE,YouTube watch page,Louis Weisz,OMrUmOTPD_AnSivjxptxpA,0,1,0.4
2017-03-15,Canada,CA,YouTube watch page,Louis Weisz,OMrUmOTPD_AnSivjxptxpA,5,9,0.6
2017-03-15,Germany,DE,YouTube watch page,Louis Weisz,OMrUmOTPD_AnSivjxptxpA,5,1,5.0
2017-03-15,Denmark,DK,YouTube watch page,Louis Weisz,OMrUmOTPD_AnSivjxptxpA,6,1,5.9
2017-03-15,Algeria,DZ,YouTube watch page,Louis Weisz,OMrUmOTPD_AnSivjxptxpA,0,1,0.1
2017-03-15,France,FR,YouTube watch page,Louis Weisz,OMrUmOTPD_AnSivjxptxpA,0,1,0.2
2017-03-15,Indonesia,ID,YouTube watch page,Louis Weisz,OMrUmOTPD_AnSivjxptxpA,2,1,2.5
2017-03-15,India,IN,YouTube watch page,Louis Weisz,OMrUmOTPD_AnSivjxptxpA,0,1,0.1
2017-03-15,Nigeria,NG,YouTube watch page,Louis Weisz,OMrUmOTPD_AnSivjxptxpA,0,5,0.1
2017-03-15,New Zealand,NZ,YouTube watch page,Louis Weisz,OMrUmOTPD_AnSivjxptxpA,3,1,2.8
2017-03-15,Singapore,SG,YouTube watch page,Louis Weisz,OMrUmOTPD_AnSivjxptxpA,9,2,4.3
2017-03-15,United States,US,YouTube watch page,Louis Weisz,OMrUmOTPD_AnSivjxptxpA,65,14,4.7
2017-03-15,United States,US,YouTube channel page,Louis Weisz,OMrUmOTPD_AnSivjxptxpA,9,3,3.0
2017-03-15,South Africa,ZA,YouTube watch page,Louis Weisz,OMrUmOTPD_AnSivjxptxpA,10,2,5.2
2017-03-16,Australia,AU,YouTube channel page,Louis Weisz,OMrUmOTPD_AnSivjxptxpA,2,1,1.8
2017-03-16,Brazil,BR,YouTube channel page,Louis Weisz,OMrUmOTPD_AnSivjxptxpA,4,1,4.4
2017-03-16,Canada,CA,YouTube channel page,Louis Weisz,OMrUmOTPD_AnSivjxptxpA,1,3,0.5
2017-03-16,Colombia,CO,YouTube watch page,Louis Weisz,OMrUmOTPD_AnSivjxptxpA,0,1,0.1
2017-03-16,Germany,DE,YouTube watch page,Louis Weisz,OMrUmOTPD_AnSivjxptxpA,0,1,0.2
2017-03-16,United Kingdom,GB,YouTube watch page,Louis Weisz,OMrUmOTPD_AnSivjxptxpA,3,2,1.6
2017-03-16,Guatemala,GT,YouTube watch page,Louis Weisz,OMrUmOTPD_AnSivjxptxpA,1,1,0.5
2017-03-16,India,IN,YouTube watch page,Louis Weisz,OMrUmOTPD_AnSivjxptxpA,0,1,0.3
2017-03-16,South Korea,KR,YouTube watch page,Louis Weisz,OMrUmOTPD_AnSivjxptxpA,4,2,1.8
2017-03-16,Malaysia,MY,YouTube watch page,Louis Weisz,OMrUmOTPD_AnSivjxptxpA,2,1,1.7
2017-03-16,New Zealand,NZ,YouTube channel page,Louis Weisz,OMrUmOTPD_AnSivjxptxpA,4,1,4.2
2017-03-16,Philippines,PH,YouTube watch page,Louis Weisz,OMrUmOTPD_AnSivjxptxpA,3,1,3.4
2017-03-16,Romania,RO,YouTube watch page,Louis Weisz,OMrUmOTPD_AnSivjxptxpA,17,7,2.5
2017-03-16,Slovenia,SI,YouTube watch page,Louis Weisz,OMrUmOTPD_AnSivjxptxpA,1,1,0.9
2017-03-16,Turkey,TR,YouTube watch page,Louis Weisz,OMrUmOTPD_AnSivjxptxpA,1,1,0.8
2017-03-16,United States,US,YouTube watch page,Louis Weisz,OMrUmOTPD_AnSivjxptxpA,105,34,3.1
2017-03-16,United States,US,YouTube channel page,Louis Weisz,OMrUmOTPD_AnSivjxptxpA,16,8,2.0
2017-03-16,South Africa,ZA,YouTube watch page,Louis Weisz,OMrUmOTPD_AnSivjxptxpA,0,1,0.4
2017-03-17,Austria,AT,YouTube watch page,Louis Weisz,OMrUmOTPD_AnSivjxptxpA,4,2,1.9
2017-03-17,Australia,AU,YouTube watch page,Louis Weisz,OMrUmOTPD_AnSivjxptxpA,1,1,1.5
2017-03-17,Bangladesh,BD,YouTube channel page,Louis Weisz,OMrUmOTPD_AnSivjxptxpA,1,1,1.2
2017-03-17,Canada,CA,YouTube watch page,Louis Weisz,OMrUmOTPD_AnSivjxptxpA,6,1,6.1
2017-03-17,Canada,CA,YouTube channel page,Louis Weisz,OMrUmOTPD_AnSivjxptxpA,3,1,3.1
2017-03-17,Switzerland,CH,YouTube channel page,Louis Weisz,OMrUmOTPD_AnSivjxptxpA,6,1,5.8
2017-03-17,Germany,DE,YouTube channel page,Louis Weisz,OMrUmOTPD_AnSivjxptxpA,9,2,4.3
2017-03-17,Denmark,DK,YouTube channel page,Louis Weisz,OMrUmOTPD_AnSivjxptxpA,6,1,5.6
2017-03-17,Finland,FI,YouTube watch page,Louis Weisz,OMrUmOTPD_AnSivjxptxpA,14,5,2.9
2017-03-17,United Kingdom,GB,YouTube watch page,Louis Weisz,OMrUmOTPD_AnSivjxptxpA,24,9,2.6
2017-03-17,United Kingdom,GB,YouTube channel page,Louis Weisz,OMrUmOTPD_AnSivjxptxpA,13,5,2.5
2017-03-17,Hong Kong,HK,YouTube watch page,Louis Weisz,OMrUmOTPD_AnSivjxptxpA,1,1,0.5
2017-03-17,Indonesia,ID,YouTube watch page,Louis Weisz,OMrUmOTPD_AnSivjxptxpA,1,1,1.1
2017-03-17,India,IN,YouTube watch page,Louis Weisz,OMrUmOTPD_AnSivjxptxpA,1,1,1.4
2017-03-17,Italy,IT,YouTube watch page,Louis Weisz,OMrUmOTPD_AnSivjxptxpA,4,1,3.6
2017-03-17,Japan,JP,YouTube channel page,Louis Weisz,OMrUmOTPD_AnSivjxptxpA,0,1,0.4
2017-03-17,Lithuania,LT,YouTube watch page,Louis Weisz,OMrUmOTPD_AnSivjxptxpA,3,2,1.5
2017-03-17,Latvia,LV,YouTube watch page,Louis Weisz,OMrUmOTPD_AnSivjxptxpA,2,1,1.6
2017-03-17,Netherlands,NL,YouTube watch page,Louis Weisz,OMrUmOTPD_AnSivjxptxpA,0,1,0.5
2017-03-17,New Zealand,NZ,YouTube channel page,Louis Weisz,OMrUmOTPD_AnSivjxptxpA,6,1,6.3
2017-03-17,Poland,PL,YouTube watch page,Louis Weisz,OMrUmOTPD_AnSivjxptxpA,3,2,1.6
2017-03-17,Poland,PL,YouTube channel page,Louis Weisz,OMrUmOTPD_AnSivjxptxpA,1,1,1.0
2017-03-17,Singapore,SG,YouTube watch page,Louis Weisz,OMrUmOTPD_AnSivjxptxpA,0,2,0.1
2017-03-17,Turkey,TR,YouTube watch page,Louis Weisz,OMrUmOTPD_AnSivjxptxpA,7,2,3.3
2017-03-17,Taiwan,TW,YouTube watch page,Louis Weisz,OMrUmOTPD_AnSivjxptxpA,0,1,0.1
2017-03-17,United States,US,YouTube watch page,Louis Weisz,OMrUmOTPD_AnSivjxptxpA,115,42,2.7
2017-03-17,United States,US,YouTube channel page,Louis Weisz,OMrUmOTPD_AnSivjxptxpA,6,1,5.9
2017-03-18,Belgium,BE,YouTube watch page,Louis Weisz,OMrUmOTPD_AnSivjxptxpA,3,1,2.8
2017-03-18,Belgium,BE,YouTube channel page,Louis Weisz,OMrUmOTPD_AnSivjxptxpA,0,1,0.2
2017-03-18,Brazil,BR,YouTube watch page,Louis Weisz,OMrUmOTPD_AnSivjxptxpA,2,1,2.0
2017-03-18,Canada,CA,YouTube watch page,Louis Weisz,OMrUmOTPD_AnSivjxptxpA,18,4,4.5
2017-03-18,Switzerland,CH,YouTube watch page,Louis Weisz,OMrUmOTPD_AnSivjxptxpA,4,1,3.9
2017-03-18,Switzerland,CH,YouTube channel page,Louis Weisz,OMrUmOTPD_AnSivjxptxpA,0,1,0.5
2017-03-18,Germany,DE,YouTube watch page,Louis Weisz,OMrUmOTPD_AnSivjxptxpA,3,2,1.7
2017-03-18,Denmark,DK,YouTube watch page,Louis Weisz,OMrUmOTPD_AnSivjxptxpA,3,1,3.4
2017-03-18,Egypt,EG,YouTube watch page,Louis Weisz,OMrUmOTPD_AnSivjxptxpA,15,4,3.8
2017-03-18,Spain,ES,YouTube watch page,Louis Weisz,OMrUmOTPD_AnSivjxptxpA,1,3,0.2
2017-03-18,Finland,FI,YouTube watch page,Louis Weisz,OMrUmOTPD_AnSivjxptxpA,6,1,6.1
2017-03-18,United Kingdom,GB,YouTube watch page,Louis Weisz,OMrUmOTPD_AnSivjxptxpA,15,3,5.0
2017-03-18,Hong Kong,HK,YouTube watch page,Louis Weisz,OMrUmOTPD_AnSivjxptxpA,1,2,0.3
2017-03-18,Italy,IT,YouTube watch page,Louis Weisz,OMrUmOTPD_AnSivjxptxpA,6,3,1.9
2017-03-18,Luxembourg,LU,YouTube watch page,Louis Weisz,OMrUmOTPD_AnSivjxptxpA,1,1,1.1
2017-03-18,Mexico,MX,YouTube watch page,Louis Weisz,OMrUmOTPD_AnSivjxptxpA,6,2,2.8
2017-03-18,Netherlands,NL,YouTube watch page,Louis Weisz,OMrUmOTPD_AnSivjxptxpA,7,2,3.7
2017-03-18,Poland,PL,YouTube watch page,Louis Weisz,OMrUmOTPD_AnSivjxptxpA,3,1,2.8
2017-03-18,Poland,PL,YouTube channel page,Louis Weisz,OMrUmOTPD_AnSivjxptxpA,2,1,1.5
2017-03-18,Portugal,PT,YouTube channel page,Louis Weisz,OMrUmOTPD_AnSivjxptxpA,0,1,0.3
2017-03-18,Romania,RO,YouTube watch page,Louis Weisz,OMrUmOTPD_AnSivjxptxpA,17,4,4.3
2017-03-18,Russia,RU,YouTube watch page,Louis Weisz,OMrUmOTPD_AnSivjxptxpA,2,4,0.6
2017-03-18,Taiwan,TW,YouTube watch page,Louis Weisz,OMrUmOTPD_AnSivjxptxpA,4,2,1.8
2017-03-18,Ukraine,UA,YouTube watch page,Louis Weisz,OMrUmOTPD_AnSivjxptxpA,4,1,4.0
2017-03-18,Ukraine,UA,YouTube channel page,Louis Weisz,OMrUmOTPD_AnSivjxptxpA,4,1,4.5
2017-03-18,United States,US,YouTube watch page,Louis Weisz,OMrUmOTPD_AnSivjxptxpA,32,14,2.3
2017-03-18,United States,US,YouTube channel page,Louis Weisz,OMrUmOTPD_AnSivjxptxpA,5,1,4.9
2017-03-19,Afghanistan,AF,YouTube watch page,Louis Weisz,OMrUmOTPD_AnSivjxptxpA,1,1,1.3
2017-03-19,Austria,AT,YouTube watch page,Louis Weisz,OMrUmOTPD_AnSivjxptxpA,1,1,0.6
2017-03-19,Australia,AU,YouTube watch page,Louis Weisz,OMrUmOTPD_AnSivjxptxpA,3,1,2.8
2017-03-19,Brazil,BR,YouTube watch page,Louis Weisz,OMrUmOTPD_AnSivjxptxpA,0,1,0.5
2017-03-19,Canada,CA,YouTube channel page,Louis Weisz,OMrUmOTPD_AnSivjxptxpA,6,2,2.8
2017-03-19,Switzerland,CH,YouTube watch page,Louis Weisz,OMrUmOTPD_AnSivjxptxpA,5,2,2.3
2017-03-19,Czechia,CZ,YouTube channel page,Louis Weisz,OMrUmOTPD_AnSivjxptxpA,3,1,3.4
2017-03-19,Germany,DE,YouTube watch page,Louis Weisz,OMrUmOTPD_AnSivjxptxpA,1,2,0.7
2017-03-19,Denmark,DK,YouTube watch page,Louis Weisz,OMrUmOTPD_AnSivjxptxpA,5,2,2.5
2017-03-19,Finland,FI,YouTube watch page,Louis Weisz,OMrUmOTPD_AnSivjxptxpA,2,1,1.7
2017-03-19,United Kingdom,GB,YouTube watch page,Louis Weisz,OMrUmOTPD_AnSivjxptxpA,15,3,4.9
2017-03-19,United Kingdom,GB,YouTube channel page,Louis Weisz,OMrUmOTPD_AnSivjxptxpA,6,1,5.8
2017-03-19,Ireland,IE,YouTube channel page,Louis Weisz,OMrUmOTPD_AnSivjxptxpA,1,1,0.7
2017-03-19,India,IN,YouTube watch page,Louis Weisz,OMrUmOTPD_AnSivjxptxpA,0,1,0.0
2017-03-19,Italy,IT,YouTube watch page,Louis Weisz,OMrUmOTPD_AnSivjxptxpA,3,1,3.0
2017-03-19,Italy,IT,YouTube channel page,Louis Weisz,OMrUmOTPD_AnSivjxptxpA,6,1,6.3
2017-03-19,South Korea,KR,YouTube watch page,Louis Weisz,OMrUmOTPD_AnSivjxptxpA,0,1,0.2
2017-03-19,Luxembourg,LU,YouTube watch page,Louis Weisz,OMrUmOTPD_AnSivjxptxpA,8,5,1.5
2017-03-19,Netherlands,NL,YouTube watch page,Louis Weisz,OMrUmOTPD_AnSivjxptxpA,23,6,3.8
2017-03-19,New Zealand,NZ,YouTube watch page,Louis Weisz,OMrUmOTPD_AnSivjxptxpA,1,2,0.4
2017-03-19,Philippines,PH,YouTube watch page,Louis Weisz,OMrUmOTPD_AnSivjxptxpA,0,1,0.0
2017-03-19,Poland,PL,YouTube watch page,Louis Weisz,OMrUmOTPD_AnSivjxptxpA,3,1,3.1
2017-03-19,Poland,PL,YouTube channel page,Louis Weisz,OMrUmOTPD_AnSivjxptxpA,6,1,5.9
2017-03-19,Qatar,QA,YouTube watch page,Louis Weisz,OMrUmOTPD_AnSivjxptxpA,3,2,1.6
2017-03-19,Russia,RU,YouTube watch page,Louis Weisz,OMrUmOTPD_AnSivjxptxpA,0,1,0.1
2017-03-19,Singapore,SG,YouTube channel page,Louis Weisz,OMrUmOTPD_AnSivjxptxpA,6,1,6.3
2017-03-19,Suriname,SR,YouTube watch page,Louis Weisz,OMrUmOTPD_AnSivjxptxpA,4,1,3.7
2017-03-19,United States,US,YouTube watch page,Louis Weisz,OMrUmOTPD_AnSivjxptxpA,103,36,2.8
2017-03-19,United States,US,YouTube channel page,Louis Weisz,OMrUmOTPD_AnSivjxptxpA,15,4,3.8
2017-03-20,Australia,AU,YouTube watch page,Louis Weisz,OMrUmOTPD_AnSivjxptxpA,1,2,0.3
2017-03-20,Belgium,BE,YouTube watch page,Louis Weisz,OMrUmOTPD_AnSivjxptxpA,0,1,0.1
2017-03-20,Brazil,BR,YouTube watch page,Louis Weisz,OMrUmOTPD_AnSivjxptxpA,1,2,0.7
2017-03-20,Brazil,BR,Embedded in external websites and apps,Louis Weisz,OMrUmOTPD_AnSivjxptxpA,2,1,1.5
2017-03-20,Canada,CA,YouTube watch page,Louis Weisz,OMrUmOTPD_AnSivjxptxpA,0,1,0.5
2017-03-20,Switzerland,CH,YouTube watch page,Louis Weisz,OMrUmOTPD_AnSivjxptxpA,2,1,2.3
2017-03-20,Costa Rica,CR,YouTube watch page,Louis Weisz,OMrUmOTPD_AnSivjxptxpA,2,2,1.2
2017-03-20,Germany,DE,YouTube watch page,Louis Weisz,OMrUmOTPD_AnSivjxptxpA,10,3,3.4
2017-03-20,Denmark,DK,YouTube watch page,Louis Weisz,OMrUmOTPD_AnSivjxptxpA,0,1,0.4
2017-03-20,Spain,ES,YouTube channel page,Louis Weisz,OMrUmOTPD_AnSivjxptxpA,4,1,4.1
2017-03-20,France,FR,YouTube channel page,Louis Weisz,OMrUmOTPD_AnSivjxptxpA,0,1,0.5
2017-03-20,United Kingdom,GB,YouTube watch page,Louis Weisz,OMrUmOTPD_AnSivjxptxpA,1,3,0.4
2017-03-20,Indonesia,ID,YouTube watch page,Louis Weisz,OMrUmOTPD_AnSivjxptxpA,0,1,0.1
2017-03-20,Israel,IL,YouTube channel page,Louis Weisz,OMrUmOTPD_AnSivjxptxpA,0,1,0.2
2017-03-20,Mexico,MX,YouTube watch page,Louis Weisz,OMrUmOTPD_AnSivjxptxpA,0,1,0.1
2017-03-20,Netherlands,NL,YouTube watch page,Louis Weisz,OMrUmOTPD_AnSivjxptxpA,4,4,1.0
2017-03-20,Poland,PL,YouTube watch page,Louis Weisz,OMrUmOTPD_AnSivjxptxpA,3,1,3.0
2017-03-20,Singapore,SG,YouTube watch page,Louis Weisz,OMrUmOTPD_AnSivjxptxpA,4,1,4.4
2017-03-20,Slovakia,SK,YouTube watch page,Louis Weisz,OMrUmOTPD_AnSivjxptxpA,0,3,0.0
2017-03-20,Thailand,TH,YouTube watch page,Louis Weisz,OMrUmOTPD_AnSivjxptxpA,0,1,0.0
2017-03-20,Tunisia,TN,YouTube watch page,Louis Weisz,OMrUmOTPD_AnSivjxptxpA,0,1,0.4
2017-03-20,Turkey,TR,YouTube watch page,Louis Weisz,OMrUmOTPD_AnSivjxptxpA,4,1,4.2
2017-03-20,Taiwan,TW,YouTube watch page,Louis Weisz,OMrUmOTPD_AnSivjxptxpA,3,4,0.8
2017-03-20,United States,US,YouTube watch page,Louis Weisz,OMrUmOTPD_AnSivjxptxpA,76,27,2.8
2017-03-20,United States,US,YouTube channel page,Louis Weisz,OMrUmOTPD_AnSivjxptxpA,11,2,5.7
2017-03-21,Australia,AU,YouTube watch page,Louis Weisz,OMrUmOTPD_AnSivjxptxpA,6,1,6.3
2017-03-21,Brazil,BR,YouTube watch page,Louis Weisz,OMrUmOTPD_AnSivjxptxpA,0,1,0.5
2017-03-21,Canada,CA,YouTube watch page,Louis Weisz,OMrUmOTPD_AnSivjxptxpA,8,4,1.9
2017-03-21,Canada,CA,YouTube channel page,Louis Weisz,OMrUmOTPD_AnSivjxptxpA,5,1,5.3
2017-03-21,Germany,DE,YouTube watch page,Louis Weisz,OMrUmOTPD_AnSivjxptxpA,1,1,1.0
2017-03-21,France,FR,YouTube watch page,Louis Weisz,OMrUmOTPD_AnSivjxptxpA,0,1,0.3
2017-03-21,France,FR,YouTube channel page,Louis Weisz,OMrUmOTPD_AnSivjxptxpA,6,1,6.1
2017-03-21,United Kingdom,GB,YouTube watch page,Louis Weisz,OMrUmOTPD_AnSivjxptxpA,6,4,1.6
2017-03-21,Guam,GU,YouTube watch page,Louis Weisz,OMrUmOTPD_AnSivjxptxpA,1,1,0.7
2017-03-21,Hungary,HU,YouTube channel page,Louis Weisz,OMrUmOTPD_AnSivjxptxpA,1,1,1.1
2017-03-21,India,IN,YouTube watch page,Louis Weisz,OMrUmOTPD_AnSivjxptxpA,6,3,2.2
2017-03-21,Jordan,JO,YouTube watch page,Louis Weisz,OMrUmOTPD_AnSivjxptxpA,1,1,1.4
2017-03-21,Japan,JP,YouTube watch page,Louis Weisz,OMrUmOTPD_AnSivjxptxpA,6,1,5.7
2017-03-21,Mexico,MX,YouTube watch page,Louis Weisz,OMrUmOTPD_AnSivjxptxpA,6,1,5.8
2017-03-21,Netherlands,NL,YouTube channel page,Louis Weisz,OMrUmOTPD_AnSivjxptxpA,2,1,2.0
2017-03-21,Panama,PA,YouTube watch page,Louis Weisz,OMrUmOTPD_AnSivjxptxpA,0,1,0.1
2017-03-21,Philippines,PH,YouTube watch page,Louis Weisz,OMrUmOTPD_AnSivjxptxpA,2,1,1.7
2017-03-21,Philippines,PH,YouTube channel page,Louis Weisz,OMrUmOTPD_AnSivjxptxpA,0,1,0.3
2017-03-21,Poland,PL,YouTube watch page,Louis Weisz,OMrUmOTPD_AnSivjxptxpA,0,3,0.1
2017-03-21,Sweden,SE,YouTube watch page,Louis Weisz,OMrUmOTPD_AnSivjxptxpA,14,6,2.3
2017-03-21,Turkey,TR,YouTube watch page,Louis Weisz,OMrUmOTPD_AnSivjxptxpA,3,1,3.0
2017-03-21,Turkey,TR,YouTube channel page,Louis Weisz,OMrUmOTPD_AnSivjxptxpA,7,1,6.5
2017-03-21,United States,US,YouTube watch page,Louis Weisz,OMrUmOTPD_AnSivjxptxpA,38,13,3.0
2017-03-21,United States,US,YouTube channel page,Louis Weisz,OMrUmOTPD_AnSivjxptxpA,6,2,3.2
2017-03-21,U.S. Virgin Islands,VI,YouTube channel page,Louis Weisz,OMrUmOTPD_AnSivjxptxpA,0,1,0.2
2017-03-21,South Africa,ZA,YouTube watch page,Louis Weisz,OMrUmOTPD_AnSivjxptxpA,4,1,3.7
2017-03-22,Austria,AT,YouTube watch page,Louis Weisz,OMrUmOTPD_AnSivjxptxpA,0,1,0.1
2017-03-22,Australia,AU,YouTube watch page,Louis Weisz,OMrUmOTPD_AnSivjxptxpA,1,1,0.8
2017-03-22,Brazil,BR,YouTube watch page,Louis Weisz,OMrUmOTPD_AnSivjxptxpA,1,2,0.6
2017-03-22,Canada,CA,YouTube watch page,Louis Weisz,OMrUmOTPD_AnSivjxptxpA,4,1,3.5
2017-03-22,Canada,CA,YouTube channel page,Louis Weisz,OMrUmOTPD_AnSivjxptxpA,3,1,3.0
2017-03-22,Switzerland,CH,YouTube watch page,Louis Weisz,OMrUmOTPD_AnSivjxptxpA,14,3,4.6
2017-03-22,Germany,DE,YouTube watch page,Louis Weisz,OMrUmOTPD_AnSivjxptxpA,5,5,1.0
2017-03-22,Germany,DE,YouTube channel page,Louis Weisz,OMrUmOTPD_AnSivjxptxpA,0,1,0.2
2017-03-22,Denmark,DK,YouTube watch page,Louis Weisz,OMrUmOTPD_AnSivjxptxpA,3,1,3.3
2017-03-22,Spain,ES,YouTube watch page,Louis Weisz,OMrUmOTPD_AnSivjxptxpA,2,2,0.8
2017-03-22,United Kingdom,GB,YouTube watch page,Louis Weisz,OMrUmOTPD_AnSivjxptxpA,6,3,2.0
2017-03-22,Greece,GR,YouTube watch page,Louis Weisz,OMrUmOTPD_AnSivjxptxpA,1,1,0.8
2017-03-22,Hong Kong,HK,YouTube watch page,Louis Weisz,OMrUmOTPD_AnSivjxptxpA,6,1,6.0
2017-03-22,Hungary,HU,YouTube watch page,Louis Weisz,OMrUmOTPD_AnSivjxptxpA,3,2,1.7
2017-03-22,India,IN,YouTube watch page,Louis Weisz,OMrUmOTPD_AnSivjxptxpA,2,1,1.7
2017-03-22,Italy,IT,YouTube watch page,Louis Weisz,OMrUmOTPD_AnSivjxptxpA,1,1,0.6
2017-03-22,Japan,JP,YouTube watch page,Louis Weisz,OMrUmOTPD_AnSivjxptxpA,2,1,2.5
2017-03-22,Kyrgyzstan,KG,YouTube watch page,Louis Weisz,OMrUmOTPD_AnSivjxptxpA,5,2,2.5
2017-03-22,Kyrgyzstan,KG,YouTube channel page,Louis Weisz,OMrUmOTPD_AnSivjxptxpA,1,1,0.6
2017-03-22,Netherlands,NL,YouTube watch page,Louis Weisz,OMrUmOTPD_AnSivjxptxpA,1,1,0.6
2017-03-22,Pakistan,PK,YouTube watch page,Louis Weisz,OMrUmOTPD_AnSivjxptxpA,0,1,0.1
2017-03-22,Poland,PL,YouTube channel page,Louis Weisz,OMrUmOTPD_AnSivjxptxpA,6,1,6.3
2017-03-22,Romania,RO,YouTube watch page,Louis Weisz,OMrUmOTPD_AnSivjxptxpA,2,1,2.0
2017-03-22,Singapore,SG,YouTube watch page,Louis Weisz,OMrUmOTPD_AnSivjxptxpA,7,2,3.4
2017-03-22,Trinidad & Tobago,TT,YouTube watch page,Louis Weisz,OMrUmOTPD_AnSivjxptxpA,4,1,3.9
2017-03-22,United States,US,YouTube watch page,Louis Weisz,OMrUmOTPD_AnSivjxptxpA,111,47,2.4
2017-03-22,United States,US,Embedded in external websites and apps,Louis Weisz,OMrUmOTPD_AnSivjxptxpA,3,1,2.7
2017-03-22,United States,US,YouTube channel page,Louis Weisz,OMrUmOTPD_AnSivjxptxpA,19,6,3.2
2017-03-22,Uruguay,UY,YouTube watch page,Louis Weisz,OMrUmOTPD_AnSivjxptxpA,0,1,0.0
2017-03-22,Vietnam,VN,YouTube watch page,Louis Weisz,OMrUmOTPD_AnSivjxptxpA,1,1,0.7
2017-03-23,Austria,AT,YouTube watch page,Louis Weisz,OMrUmOTPD_AnSivjxptxpA,2,1,2.2
2017-03-23,Australia,AU,YouTube watch page,Louis Weisz,OMrUmOTPD_AnSivjxptxpA,5,1,5.0
2017-03-23,Switzerland,CH,YouTube watch page,Louis Weisz,OMrUmOTPD_AnSivjxptxpA,4,1,4.5
2017-03-23,Germany,DE,YouTube watch page,Louis Weisz,OMrUmOTPD_AnSivjxptxpA,5,3,1.7
2017-03-23,Spain,ES,YouTube channel page,Louis Weisz,OMrUmOTPD_AnSivjxptxpA,1,1,0.8
2017-03-23,Finland,FI,YouTube channel page,Louis Weisz,OMrUmOTPD_AnSivjxptxpA,6,1,5.9
2017-03-23,Italy,IT,YouTube watch page,Louis Weisz,OMrUmOTPD_AnSivjxptxpA,0,1,0.1
2017-03-23,Netherlands,NL,YouTube watch page,Louis Weisz,OMrUmOTPD_AnSivjxptxpA,0,1,0.5
2017-03-23,Netherlands,NL,YouTube channel page,Louis Weisz,OMrUmOTPD_AnSivjxptxpA,6,1,6.2
2017-03-23,Norway,NO,YouTube channel page,Louis Weisz,OMrUmOTPD_AnSivjxptxpA,2,1,2.2
2017-03-23,United States,US,YouTube watch page,Louis Weisz,OMrUmOTPD_AnSivjxptxpA,67,28,2.4
2017-03-23,United States,US,YouTube channel page,Louis Weisz,OMrUmOTPD_AnSivjxptxpA,0,1,0.2
2017-03-23,Vietnam,VN,YouTube watch page,Louis Weisz,OMrUmOTPD_AnSivjxptxpA,1,1,1.2
2017-03-24,Argentina,AR,YouTube watch page,Louis Weisz,OMrUmOTPD_AnSivjxptxpA,0,1,0.0
2017-03-24,Australia,AU,YouTube channel page,Louis Weisz,OMrUmOTPD_AnSivjxptxpA,5,1,4.7
2017-03-24,Canada,CA,YouTube watch page,Louis Weisz,OMrUmOTPD_AnSivjxptxpA,6,1,5.9
2017-03-24,Canada,CA,YouTube channel page,Louis Weisz,OMrUmOTPD_AnSivjxptxpA,6,2,3.1
2017-03-24,Germany,DE,YouTube watch page,Louis Weisz,OMrUmOTPD_AnSivjxptxpA,1,2,0.6
2017-03-24,Denmark,DK,YouTube watch page,Louis Weisz,OMrUmOTPD_AnSivjxptxpA,0,1,0.3
2017-03-24,Egypt,EG,YouTube watch page,Louis Weisz,OMrUmOTPD_AnSivjxptxpA,0,1,0.1
2017-03-24,Spain,ES,YouTube watch page,Louis Weisz,OMrUmOTPD_AnSivjxptxpA,0,1,0.3
2017-03-24,Finland,FI,YouTube watch page,Louis Weisz,OMrUmOTPD_AnSivjxptxpA,1,1,0.9
2017-03-24,United Kingdom,GB,YouTube watch page,Louis Weisz,OMrUmOTPD_AnSivjxptxpA,22,4,5.4
2017-03-24,United Kingdom,GB,YouTube channel page,Louis Weisz,OMrUmOTPD_AnSivjxptxpA,6,1,5.9
2017-03-24,Hong Kong,HK,YouTube watch page,Louis Weisz,OMrUmOTPD_AnSivjxptxpA,1,1,0.8
2017-03-24,India,IN,YouTube watch page,Louis Weisz,OMrUmOTPD_AnSivjxptxpA,1,3,0.3
2017-03-24,Mexico,MX,YouTube channel page,Louis Weisz,OMrUmOTPD_AnSivjxptxpA,6,1,6.2
2017-03-24,Malaysia,MY,YouTube watch page,Louis Weisz,OMrUmOTPD_AnSivjxptxpA,1,1,0.7
2017-03-24,New Zealand,NZ,YouTube watch page,Louis Weisz,OMrUmOTPD_AnSivjxptxpA,2,1,2.3
2017-03-24,Philippines,PH,YouTube channel page,Louis Weisz,OMrUmOTPD_AnSivjxptxpA,5,1,4.6
2017-03-24,Poland,PL,YouTube channel page,Louis Weisz,OMrUmOTPD_AnSivjxptxpA,0,1,0.5
2017-03-24,Singapore,SG,YouTube watch page,Louis Weisz,OMrUmOTPD_AnSivjxptxpA,6,1,5.8
2017-03-24,Slovakia,SK,YouTube watch page,Louis Weisz,OMrUmOTPD_AnSivjxptxpA,3,2,1.3
2017-03-24,Thailand,TH,YouTube watch page,Louis Weisz,OMrUmOTPD_AnSivjxptxpA,0,1,0.1
2017-03-24,United States,US,YouTube watch page,Louis Weisz,OMrUmOTPD_AnSivjxptxpA,27,11,2.4
2017-03-24,United States,US,YouTube channel page,Louis Weisz,OMrUmOTPD_AnSivjxptxpA,11,7,1.5
2017-03-25,Argentina,AR,YouTube watch page,Louis Weisz,OMrUmOTPD_AnSivjxptxpA,2,1,2.2
2017-03-25,Australia,AU,YouTube watch page,Louis Weisz,OMrUmOTPD_AnSivjxptxpA,7,2,3.3
2017-03-25,Canada,CA,YouTube channel page,Louis Weisz,OMrUmOTPD_AnSivjxptxpA,6,1,6.0
2017-03-25,Germany,DE,YouTube watch page,Louis Weisz,OMrUmOTPD_AnSivjxptxpA,17,6,2.9
2017-03-25,Denmark,DK,YouTube watch page,Louis Weisz,OMrUmOTPD_AnSivjxptxpA,0,1,0.2
2017-03-25,United Kingdom,GB,YouTube watch page,Louis Weisz,OMrUmOTPD_AnSivjxptxpA,22,7,3.1
2017-03-25,Hungary,HU,YouTube watch page,Louis Weisz,OMrUmOTPD_AnSivjxptxpA,0,2,0.1
2017-03-25,India,IN,YouTube watch page,Louis Weisz,OMrUmOTPD_AnSivjxptxpA,2,2,1.1
2017-03-25,Lithuania,LT,YouTube watch page,Louis Weisz,OMrUmOTPD_AnSivjxptxpA,1,1,0.6
2017-03-25,Netherlands,NL,YouTube channel page,Louis Weisz,OMrUmOTPD_AnSivjxptxpA,8,1,7.8
2017-03-25,Norway,NO,YouTube watch page,Louis Weisz,OMrUmOTPD_AnSivjxptxpA,1,1,1.0
2017-03-25,Saudi Arabia,SA,YouTube watch page,Louis Weisz,OMrUmOTPD_AnSivjxptxpA,6,1,5.7
2017-03-25,Sweden,SE,YouTube watch page,Louis Weisz,OMrUmOTPD_AnSivjxptxpA,5,4,1.3
2017-03-25,Thailand,TH,YouTube watch page,Louis Weisz,OMrUmOTPD_AnSivjxptxpA,3,1,2.6
2017-03-25,United States,US,YouTube watch page,Louis Weisz,OMrUmOTPD_AnSivjxptxpA,49,27,1.8
2017-03-25,United States,US,YouTube channel page,Louis Weisz,OMrUmOTPD_AnSivjxptxpA,3,1,2.8
2017-03-26,Australia,AU,YouTube watch page,Louis Weisz,OMrUmOTPD_AnSivjxptxpA,3,2,1.4
2017-03-26,Australia,AU,YouTube channel page,Louis Weisz,OMrUmOTPD_AnSivjxptxpA,6,1,6.1
2017-03-26,Canada,CA,YouTube watch page,Louis Weisz,OMrUmOTPD_AnSivjxptxpA,15,7,2.1
2017-03-26,Canada,CA,YouTube channel page,Louis Weisz,OMrUmOTPD_AnSivjxptxpA,9,3,3.0
2017-03-26,Switzerland,CH,YouTube watch page,Louis Weisz,OMrUmOTPD_AnSivjxptxpA,3,1,3.4
2017-03-26,Chile,CL,YouTube watch page,Louis Weisz,OMrUmOTPD_AnSivjxptxpA,7,2,3.3
2017-03-26,Germany,DE,YouTube watch page,Louis Weisz,OMrUmOTPD_AnSivjxptxpA,5,1,4.7
2017-03-26,Germany,DE,YouTube channel page,Louis Weisz,OMrUmOTPD_AnSivjxptxpA,4,1,3.7
2017-03-26,Finland,FI,YouTube watch page,Louis Weisz,OMrUmOTPD_AnSivjxptxpA,1,1,0.9
2017-03-26,United Kingdom,GB,YouTube watch page,Louis Weisz,OMrUmOTPD_AnSivjxptxpA,10,5,2.1
2017-03-26,United Kingdom,GB,YouTube channel page,Louis Weisz,OMrUmOTPD_AnSivjxptxpA,6,1,6.0
2017-03-26,Indonesia,ID,YouTube watch page,Louis Weisz,OMrUmOTPD_AnSivjxptxpA,0,1,0.1
2017-03-26,India,IN,YouTube channel page,Louis Weisz,OMrUmOTPD_AnSivjxptxpA,0,1,0.2
2017-03-26,Italy,IT,YouTube channel page,Louis Weisz,OMrUmOTPD_AnSivjxptxpA,6,1,6.1
2017-03-26,Netherlands,NL,YouTube watch page,Louis Weisz,OMrUmOTPD_AnSivjxptxpA,3,2,1.4
2017-03-26,Norway,NO,YouTube watch page,Louis Weisz,OMrUmOTPD_AnSivjxptxpA,2,1,2.3
2017-03-26,New Zealand,NZ,YouTube watch page,Louis Weisz,OMrUmOTPD_AnSivjxptxpA,1,1,1.1
2017-03-26,Sweden,SE,YouTube channel page,Louis Weisz,OMrUmOTPD_AnSivjxptxpA,1,1,0.5
2017-03-26,Singapore,SG,YouTube watch page,Louis Weisz,OMrUmOTPD_AnSivjxptxpA,4,1,3.7
2017-03-26,United States,US,YouTube watch page,Louis Weisz,OMrUmOTPD_AnSivjxptxpA,118,60,2.0
2017-03-26,United States,US,YouTube channel page,Louis Weisz,OMrUmOTPD_AnSivjxptxpA,9,3,3.0
2017-03-26,South Africa,ZA,YouTube watch page,Louis Weisz,OMrUmOTPD_AnSivjxptxpA,5,6,0.8
2017-03-27,Austria,AT,YouTube watch page,Louis Weisz,OMrUmOTPD_AnSivjxptxpA,2,1,1.5
2017-03-27,Canada,CA,YouTube watch page,Louis Weisz,OMrUmOTPD_AnSivjxptxpA,24,7,3.5
2017-03-27,Canada,CA,YouTube channel page,Louis Weisz,OMrUmOTPD_AnSivjxptxpA,0,1,0.2
2017-03-27,Germany,DE,YouTube watch page,Louis Weisz,OMrUmOTPD_AnSivjxptxpA,3,3,1.0
2017-03-27,France,FR,YouTube watch page,Louis Weisz,OMrUmOTPD_AnSivjxptxpA,1,1,1.1
2017-03-27,France,FR,YouTube channel page,Louis Weisz,OMrUmOTPD_AnSivjxptxpA,2,1,2.2
2017-03-27,United Kingdom,GB,YouTube watch page,Louis Weisz,OMrUmOTPD_AnSivjxptxpA,19,10,1.9
2017-03-27,United Kingdom,GB,YouTube channel page,Louis Weisz,OMrUmOTPD_AnSivjxptxpA,3,1,3.5
2017-03-27,Greenland,GL,YouTube watch page,Louis Weisz,OMrUmOTPD_AnSivjxptxpA,5,1,4.5
2017-03-27,India,IN,YouTube watch page,Louis Weisz,OMrUmOTPD_AnSivjxptxpA,0,1,0.3
2017-03-27,Netherlands,NL,YouTube watch page,Louis Weisz,OMrUmOTPD_AnSivjxptxpA,1,1,1.1
2017-03-27,Sweden,SE,YouTube watch page,Louis Weisz,OMrUmOTPD_AnSivjxptxpA,1,2,0.5
2017-03-27,United States,US,YouTube watch page,Louis Weisz,OMrUmOTPD_AnSivjxptxpA,148,74,2.0
2017-03-27,United States,US,YouTube channel page,Louis Weisz,OMrUmOTPD_AnSivjxptxpA,29,10,2.9
2017-03-27,South Africa,ZA,YouTube watch page,Louis Weisz,OMrUmOTPD_AnSivjxptxpA,3,2,1.6
2017-03-27,Unknown Region,ZZ,YouTube watch page,Louis Weisz,OMrUmOTPD_AnSivjxptxpA,3,1,2.8
2017-03-28,Austria,AT,YouTube watch page,Louis Weisz,OMrUmOTPD_AnSivjxptxpA,2,1,1.6
2017-03-28,Australia,AU,YouTube watch page,Louis Weisz,OMrUmOTPD_AnSivjxptxpA,2,1,1.7
2017-03-28,Australia,AU,YouTube channel page,Louis Weisz,OMrUmOTPD_AnSivjxptxpA,6,1,6.2
2017-03-28,Barbados,BB,YouTube watch page,Louis Weisz,OMrUmOTPD_AnSivjxptxpA,3,2,1.4
2017-03-28,United Kingdom,GB,YouTube watch page,Louis Weisz,OMrUmOTPD_AnSivjxptxpA,12,5,2.4
2017-03-28,United Kingdom,GB,YouTube channel page,Louis Weisz,OMrUmOTPD_AnSivjxptxpA,0,1,0.2
2017-03-28,Greece,GR,YouTube watch page,Louis Weisz,OMrUmOTPD_AnSivjxptxpA,6,2,3.0
2017-03-28,Iceland,IS,YouTube watch page,Louis Weisz,OMrUmOTPD_AnSivjxptxpA,1,1,1.4
2017-03-28,Malaysia,MY,YouTube channel page,Louis Weisz,OMrUmOTPD_AnSivjxptxpA,3,1,3.5
2017-03-28,Netherlands,NL,YouTube watch page,Louis Weisz,OMrUmOTPD_AnSivjxptxpA,6,1,6.3
2017-03-28,Philippines,PH,YouTube watch page,Louis Weisz,OMrUmOTPD_AnSivjxptxpA,6,1,5.7
2017-03-28,Portugal,PT,YouTube watch page,Louis Weisz,OMrUmOTPD_AnSivjxptxpA,0,1,0.1
2017-03-28,Sweden,SE,YouTube watch page,Louis Weisz,OMrUmOTPD_AnSivjxptxpA,3,1,3.0
2017-03-28,Slovenia,SI,YouTube watch page,Louis Weisz,OMrUmOTPD_AnSivjxptxpA,0,1,0.2
2017-03-28,United States,US,YouTube watch page,Louis Weisz,OMrUmOTPD_AnSivjxptxpA,44,18,2.5
2017-03-28,United States,US,YouTube channel page,Louis Weisz,OMrUmOTPD_AnSivjxptxpA,7,3,2.2
2017-03-28,South Africa,ZA,YouTube channel page,Louis Weisz,OMrUmOTPD_AnSivjxptxpA,2,1,2.2
2017-03-29,Australia,AU,YouTube watch page,Louis Weisz,OMrUmOTPD_AnSivjxptxpA,9,4,2.2
2017-03-29,Canada,CA,YouTube watch page,Louis Weisz,OMrUmOTPD_AnSivjxptxpA,0,1,0.4
2017-03-29,Canada,CA,YouTube channel page,Louis Weisz,OMrUmOTPD_AnSivjxptxpA,2,1,2.4
2017-03-29,Denmark,DK,YouTube channel page,Louis Weisz,OMrUmOTPD_AnSivjxptxpA,5,1,4.8
2017-03-29,Spain,ES,YouTube watch page,Louis Weisz,OMrUmOTPD_AnSivjxptxpA,0,1,0.1
2017-03-29,Finland,FI,YouTube watch page,Louis Weisz,OMrUmOTPD_AnSivjxptxpA,0,1,0.4
2017-03-29,France,FR,YouTube watch page,Louis Weisz,OMrUmOTPD_AnSivjxptxpA,0,1,0.4
2017-03-29,United Kingdom,GB,YouTube watch page,Louis Weisz,OMrUmOTPD_AnSivjxptxpA,8,4,2.0
2017-03-29,Latvia,LV,YouTube channel page,Louis Weisz,OMrUmOTPD_AnSivjxptxpA,0,1,0.2
2017-03-29,Malaysia,MY,YouTube watch page,Louis Weisz,OMrUmOTPD_AnSivjxptxpA,0,1,0.5
2017-03-29,Poland,PL,YouTube channel page,Louis Weisz,OMrUmOTPD_AnSivjxptxpA,1,1,1.5
2017-03-29,Romania,RO,YouTube watch page,Louis Weisz,OMrUmOTPD_AnSivjxptxpA,1,1,1.1
2017-03-29,Russia,RU,YouTube watch page,Louis Weisz,OMrUmOTPD_AnSivjxptxpA,7,1,7.3
2017-03-29,Sweden,SE,YouTube watch page,Louis Weisz,OMrUmOTPD_AnSivjxptxpA,3,2,1.5
2017-03-29,United States,US,YouTube watch page,Louis Weisz,OMrUmOTPD_AnSivjxptxpA,101,36,2.8
2017-03-29,United States,US,YouTube channel page,Louis Weisz,OMrUmOTPD_AnSivjxptxpA,17,7,2.5
2017-03-30,United Arab Emirates,AE,YouTube watch page,Louis Weisz,OMrUmOTPD_AnSivjxptxpA,2,1,2.3
2017-03-30,Austria,AT,YouTube watch page,Louis Weisz,OMrUmOTPD_AnSivjxptxpA,6,1,6.0
2017-03-30,Australia,AU,YouTube channel page,Louis Weisz,OMrUmOTPD_AnSivjxptxpA,0,1,0.2
2017-03-30,Belgium,BE,YouTube watch page,Louis Weisz,OMrUmOTPD_AnSivjxptxpA,2,3,0.6
2017-03-30,Brazil,BR,YouTube watch page,Louis Weisz,OMrUmOTPD_AnSivjxptxpA,6,7,0.8
2017-03-30,Canada,CA,YouTube channel page,Louis Weisz,OMrUmOTPD_AnSivjxptxpA,3,1,3.3
2017-03-30,Switzerland,CH,YouTube watch page,Louis Weisz,OMrUmOTPD_AnSivjxptxpA,16,5,3.1
2017-03-30,Germany,DE,YouTube watch page,Louis Weisz,OMrUmOTPD_AnSivjxptxpA,6,2,3.1
2017-03-30,Germany,DE,YouTube channel page,Louis Weisz,OMrUmOTPD_AnSivjxptxpA,5,1,5.3
2017-03-30,United Kingdom,GB,YouTube watch page,Louis Weisz,OMrUmOTPD_AnSivjxptxpA,6,2,2.9
2017-03-30,Japan,JP,YouTube watch page,Louis Weisz,OMrUmOTPD_AnSivjxptxpA,6,1,6.3
2017-03-30,Sri Lanka,LK,YouTube watch page,Louis Weisz,OMrUmOTPD_AnSivjxptxpA,7,1,6.7
2017-03-30,Malaysia,MY,YouTube watch page,Louis Weisz,OMrUmOTPD_AnSivjxptxpA,3,1,2.5
2017-03-30,Malaysia,MY,YouTube channel page,Louis Weisz,OMrUmOTPD_AnSivjxptxpA,0,1,0.1
2017-03-30,Netherlands,NL,YouTube watch page,Louis Weisz,OMrUmOTPD_AnSivjxptxpA,0,1,0.2
2017-03-30,Netherlands,NL,YouTube channel page,Louis Weisz,OMrUmOTPD_AnSivjxptxpA,6,1,6.0
2017-03-30,Norway,NO,YouTube watch page,Louis Weisz,OMrUmOTPD_AnSivjxptxpA,2,1,1.7
2017-03-30,Romania,RO,YouTube watch page,Louis Weisz,OMrUmOTPD_AnSivjxptxpA,4,2,2.1
2017-03-30,Sweden,SE,YouTube watch page,Louis Weisz,OMrUmOTPD_AnSivjxptxpA,1,2,0.4
2017-03-30,United States,US,YouTube watch page,Louis Weisz,OMrUmOTPD_AnSivjxptxpA,34,18,1.9
2017-03-30,United States,US,YouTube channel page,Louis Weisz,OMrUmOTPD_AnSivjxptxpA,2,2,1.1
2017-03-31,Belgium,BE,YouTube watch page,Louis Weisz,OMrUmOTPD_AnSivjxptxpA,5,1,5.0
2017-03-31,Canada,CA,YouTube watch page,Louis Weisz,OMrUmOTPD_AnSivjxptxpA,1,2,0.3
2017-03-31,Denmark,DK,YouTube watch page,Louis Weisz,OMrUmOTPD_AnSivjxptxpA,1,1,1.4
2017-03-31,Denmark,DK,YouTube channel page,Louis Weisz,OMrUmOTPD_AnSivjxptxpA,3,1,3.0
2017-03-31,United Kingdom,GB,YouTube watch page,Louis Weisz,OMrUmOTPD_AnSivjxptxpA,1,1,1.2
2017-03-31,Mexico,MX,YouTube watch page,Louis Weisz,OMrUmOTPD_AnSivjxptxpA,0,1,0.1
2017-03-31,Poland,PL,YouTube watch page,Louis Weisz,OMrUmOTPD_AnSivjxptxpA,0,1,0.2
2017-03-31,Portugal,PT,YouTube watch page,Louis Weisz,OMrUmOTPD_AnSivjxptxpA,2,3,0.7
2017-03-31,Portugal,PT,YouTube channel page,Louis Weisz,OMrUmOTPD_AnSivjxptxpA,2,3,0.7
2017-03-31,Saudi Arabia,SA,YouTube watch page,Louis Weisz,OMrUmOTPD_AnSivjxptxpA,3,1,3.1
2017-03-31,Tunisia,TN,YouTube watch page,Louis Weisz,OMrUmOTPD_AnSivjxptxpA,1,1,0.5
2017-03-31,United States,US,YouTube watch page,Louis Weisz,OMrUmOTPD_AnSivjxptxpA,55,18,3.1
2017-03-31,Uruguay,UY,YouTube watch page,Louis Weisz,OMrUmOTPD_AnSivjxptxpA,0,1,0.0
2017-03-31,Uruguay,UY,YouTube channel page,Louis Weisz,OMrUmOTPD_AnSivjxptxpA,6,1,6.0
2017-03-31,South Africa,ZA,YouTube watch page,Louis Weisz,OMrUmOTPD_AnSivjxptxpA,3,1,3.4
2017-04-01,Australia,AU,YouTube channel page,Louis Weisz,OMrUmOTPD_AnSivjxptxpA,3,1,3.0
2017-04-01,Belgium,BE,YouTube watch page,Louis Weisz,OMrUmOTPD_AnSivjxptxpA,3,3,1.1
2017-04-01,Canada,CA,YouTube watch page,Louis Weisz,OMrUmOTPD_AnSivjxptxpA,7,4,1.6
2017-04-01,Czechia,CZ,YouTube watch page,Louis Weisz,OMrUmOTPD_AnSivjxptxpA,6,1,5.9
2017-04-01,France,FR,YouTube watch page,Louis Weisz,OMrUmOTPD_AnSivjxptxpA,1,1,1.1
2017-04-01,United Kingdom,GB,YouTube watch page,Louis Weisz,OMrUmOTPD_AnSivjxptxpA,7,5,1.4
2017-04-01,Greece,GR,YouTube watch page,Louis Weisz,OMrUmOTPD_AnSivjxptxpA,10,5,2.0
2017-04-01,Hong Kong,HK,YouTube channel page,Louis Weisz,OMrUmOTPD_AnSivjxptxpA,1,1,0.6
2017-04-01,India,IN,YouTube watch page,Louis Weisz,OMrUmOTPD_AnSivjxptxpA,3,1,2.7
2017-04-01,Lithuania,LT,YouTube watch page,Louis Weisz,OMrUmOTPD_AnSivjxptxpA,6,1,6.1
2017-04-01,Netherlands,NL,YouTube watch page,Louis Weisz,OMrUmOTPD_AnSivjxptxpA,2,2,1.1
2017-04-01,New Zealand,NZ,YouTube watch page,Louis Weisz,OMrUmOTPD_AnSivjxptxpA,3,1,2.9
2017-04-01,Saudi Arabia,SA,YouTube watch page,Louis Weisz,OMrUmOTPD_AnSivjxptxpA,8,1,8.4
2017-04-01,Sweden,SE,YouTube watch page,Louis Weisz,OMrUmOTPD_AnSivjxptxpA,0,1,0.2
2017-04-01,Thailand,TH,YouTube watch page,Louis Weisz,OMrUmOTPD_AnSivjxptxpA,0,1,0.1
2017-04-01,Turkey,TR,YouTube channel page,Louis Weisz,OMrUmOTPD_AnSivjxptxpA,2,1,1.7
2017-04-01,United States,US,YouTube watch page,Louis Weisz,OMrUmOTPD_AnSivjxptxpA,97,42,2.3
2017-04-01,United States,US,YouTube channel page,Louis Weisz,OMrUmOTPD_AnSivjxptxpA,8,2,3.8
2017-04-02,Albania,AL,YouTube watch page,Louis Weisz,OMrUmOTPD_AnSivjxptxpA,0,1,0.1
2017-04-02,Australia,AU,YouTube watch page,Louis Weisz,OMrUmOTPD_AnSivjxptxpA,0,1,0.4
2017-04-02,Bulgaria,BG,YouTube watch page,Louis Weisz,OMrUmOTPD_AnSivjxptxpA,3,1,2.8
2017-04-02,Brazil,BR,YouTube watch page,Louis Weisz,OMrUmOTPD_AnSivjxptxpA,0,1,0.1
2017-04-02,Canada,CA,YouTube watch page,Louis Weisz,OMrUmOTPD_AnSivjxptxpA,6,2,2.8
2017-04-02,Canada,CA,YouTube channel page,Louis Weisz,OMrUmOTPD_AnSivjxptxpA,7,1,6.5
2017-04-02,Chile,CL,YouTube watch page,Louis Weisz,OMrUmOTPD_AnSivjxptxpA,5,1,5.5
2017-04-02,Germany,DE,YouTube watch page,Louis Weisz,OMrUmOTPD_AnSivjxptxpA,12,5,2.3
2017-04-02,Germany,DE,YouTube channel page,Louis Weisz,OMrUmOTPD_AnSivjxptxpA,5,1,5.1
2017-04-02,Spain,ES,YouTube watch page,Louis Weisz,OMrUmOTPD_AnSivjxptxpA,0,1,0.0
2017-04-02,France,FR,YouTube watch page,Louis Weisz,OMrUmOTPD_AnSivjxptxpA,4,2,2.0
2017-04-02,France,FR,YouTube channel page,Louis Weisz,OMrUmOTPD_AnSivjxptxpA,6,1,6.3
2017-04-02,United Kingdom,GB,YouTube watch page,Louis Weisz,OMrUmOTPD_AnSivjxptxpA,17,6,2.8
2017-04-02,United Kingdom,GB,YouTube channel page,Louis Weisz,OMrUmOTPD_AnSivjxptxpA,4,1,4.2
2017-04-02,Ireland,IE,YouTube channel page,Louis Weisz,OMrUmOTPD_AnSivjxptxpA,4,1,3.7
2017-04-02,Kazakhstan,KZ,YouTube watch page,Louis Weisz,OMrUmOTPD_AnSivjxptxpA,1,1,1.4
2017-04-02,Malaysia,MY,YouTube watch page,Louis Weisz,OMrUmOTPD_AnSivjxptxpA,6,1,6.1
2017-04-02,Netherlands,NL,YouTube watch page,Louis Weisz,OMrUmOTPD_AnSivjxptxpA,3,1,3.3
2017-04-02,New Zealand,NZ,YouTube watch page,Louis Weisz,OMrUmOTPD_AnSivjxptxpA,1,1,0.7
2017-04-02,Poland,PL,YouTube watch page,Louis Weisz,OMrUmOTPD_AnSivjxptxpA,0,1,0.2
2017-04-02,Poland,PL,YouTube channel page,Louis Weisz,OMrUmOTPD_AnSivjxptxpA,5,1,5.1
2017-04-02,Romania,RO,YouTube watch page,Louis Weisz,OMrUmOTPD_AnSivjxptxpA,1,1,0.7
2017-04-02,United States,US,YouTube watch page,Louis Weisz,OMrUmOTPD_AnSivjxptxpA,149,78,1.9
2017-04-02,United States,US,YouTube channel page,Louis Weisz,OMrUmOTPD_AnSivjxptxpA,12,4,3.1
2017-04-03,Brazil,BR,YouTube watch page,Louis Weisz,OMrUmOTPD_AnSivjxptxpA,1,4,0.2
2017-04-03,Canada,CA,YouTube watch page,Louis Weisz,OMrUmOTPD_AnSivjxptxpA,1,3,0.4
2017-04-03,Germany,DE,YouTube watch page,Louis Weisz,OMrUmOTPD_AnSivjxptxpA,5,2,2.3
2017-04-03,Denmark,DK,YouTube watch page,Louis Weisz,OMrUmOTPD_AnSivjxptxpA,4,2,2.1
2017-04-03,Finland,FI,YouTube watch page,Louis Weisz,OMrUmOTPD_AnSivjxptxpA,21,6,3.6
2017-04-03,United Kingdom,GB,YouTube watch page,Louis Weisz,OMrUmOTPD_AnSivjxptxpA,0,2,0.2
2017-04-03,Indonesia,ID,YouTube watch page,Louis Weisz,OMrUmOTPD_AnSivjxptxpA,3,1,2.7
2017-04-03,Israel,IL,YouTube watch page,Louis Weisz,OMrUmOTPD_AnSivjxptxpA,2,1,2.2
2017-04-03,Italy,IT,YouTube watch page,Louis Weisz,OMrUmOTPD_AnSivjxptxpA,11,5,2.2
2017-04-03,Japan,JP,Embedded in external websites and apps,Louis Weisz,OMrUmOTPD_AnSivjxptxpA,2,1,2.4
2017-04-03,Netherlands,NL,YouTube watch page,Louis Weisz,OMrUmOTPD_AnSivjxptxpA,7,2,3.6
2017-04-03,Netherlands,NL,YouTube channel page,Louis Weisz,OMrUmOTPD_AnSivjxptxpA,4,2,1.9
2017-04-03,New Zealand,NZ,YouTube channel page,Louis Weisz,OMrUmOTPD_AnSivjxptxpA,1,1,0.6
2017-04-03,Philippines,PH,YouTube watch page,Louis Weisz,OMrUmOTPD_AnSivjxptxpA,9,2,4.7
2017-04-03,Puerto Rico,PR,YouTube watch page,Louis Weisz,OMrUmOTPD_AnSivjxptxpA,6,1,6.1
2017-04-03,Thailand,TH,YouTube watch page,Louis Weisz,OMrUmOTPD_AnSivjxptxpA,17,4,4.2
2017-04-03,United States,US,YouTube watch page,Louis Weisz,OMrUmOTPD_AnSivjxptxpA,111,41,2.7
2017-04-03,United States,US,YouTube channel page,Louis Weisz,OMrUmOTPD_AnSivjxptxpA,2,3,0.8
2017-04-04,Austria,AT,YouTube watch page,Louis Weisz,OMrUmOTPD_AnSivjxptxpA,5,1,5.0
2017-04-04,Australia,AU,YouTube channel page,Louis Weisz,OMrUmOTPD_AnSivjxptxpA,0,1,0.2
2017-04-04,Belgium,BE,YouTube watch page,Louis Weisz,OMrUmOTPD_AnSivjxptxpA,1,2,0.3
2017-04-04,Canada,CA,YouTube watch page,Louis Weisz,OMrUmOTPD_AnSivjxptxpA,6,3,1.9
2017-04-04,Chile,CL,YouTube watch page,Louis Weisz,OMrUmOTPD_AnSivjxptxpA,1,1,0.6
2017-04-04,Germany,DE,YouTube watch page,Louis Weisz,OMrUmOTPD_AnSivjxptxpA,2,2,1.0
2017-04-04,Spain,ES,YouTube watch page,Louis Weisz,OMrUmOTPD_AnSivjxptxpA,8,3,2.6
2017-04-04,Finland,FI,YouTube watch page,Louis Weisz,OMrUmOTPD_AnSivjxptxpA,6,1,6.0
2017-04-04,United Kingdom,GB,YouTube watch page,Louis Weisz,OMrUmOTPD_AnSivjxptxpA,9,2,4.6
2017-04-04,United Kingdom,GB,YouTube channel page,Louis Weisz,OMrUmOTPD_AnSivjxptxpA,18,4,4.5
2017-04-04,South Korea,KR,YouTube channel page,Louis Weisz,OMrUmOTPD_AnSivjxptxpA,6,1,6.3
2017-04-04,Netherlands,NL,YouTube watch page,Louis Weisz,OMrUmOTPD_AnSivjxptxpA,0,1,0.2
2017-04-04,Philippines,PH,YouTube channel page,Louis Weisz,OMrUmOTPD_AnSivjxptxpA,4,1,4.4
2017-04-04,Portugal,PT,YouTube watch page,Louis Weisz,OMrUmOTPD_AnSivjxptxpA,5,1,5.3
2017-04-04,Russia,RU,YouTube watch page,Louis Weisz,OMrUmOTPD_AnSivjxptxpA,4,1,4.2
2017-04-04,Slovenia,SI,YouTube channel page,Louis Weisz,OMrUmOTPD_AnSivjxptxpA,1,1,1.0
2017-04-04,United States,US,YouTube watch page,Louis Weisz,OMrUmOTPD_AnSivjxptxpA,73,34,2.1
2017-04-04,United States,US,YouTube channel page,Louis Weisz,OMrUmOTPD_AnSivjxptxpA,20,6,3.3
2017-04-05,Australia,AU,YouTube watch page,Louis Weisz,OMrUmOTPD_AnSivjxptxpA,3,1,3.1
2017-04-05,Australia,AU,YouTube channel page,Louis Weisz,OMrUmOTPD_AnSivjxptxpA,6,1,6.3
2017-04-05,Belgium,BE,YouTube channel page,Louis Weisz,OMrUmOTPD_AnSivjxptxpA,6,1,6.2
2017-04-05,Brazil,BR,YouTube watch page,Louis Weisz,OMrUmOTPD_AnSivjxptxpA,0,1,0.5
2017-04-05,Chile,CL,YouTube watch page,Louis Weisz,OMrUmOTPD_AnSivjxptxpA,1,1,0.6
2017-04-05,Germany,DE,YouTube watch page,Louis Weisz,OMrUmOTPD_AnSivjxptxpA,11,2,5.7
2017-04-05,Germany,DE,YouTube channel page,Louis Weisz,OMrUmOTPD_AnSivjxptxpA,2,1,1.9
2017-04-05,United Kingdom,GB,YouTube watch page,Louis Weisz,OMrUmOTPD_AnSivjxptxpA,14,6,2.3
2017-04-05,United Kingdom,GB,YouTube channel page,Louis Weisz,OMrUmOTPD_AnSivjxptxpA,1,1,0.7
2017-04-05,Greece,GR,YouTube channel page,Louis Weisz,OMrUmOTPD_AnSivjxptxpA,4,1,3.9
2017-04-05,Croatia,HR,YouTube watch page,Louis Weisz,OMrUmOTPD_AnSivjxptxpA,0,1,0.1
2017-04-05,Israel,IL,YouTube channel page,Louis Weisz,OMrUmOTPD_AnSivjxptxpA,6,1,6.3
2017-04-05,Italy,IT,YouTube watch page,Louis Weisz,OMrUmOTPD_AnSivjxptxpA,1,2,0.4
2017-04-05,Netherlands,NL,YouTube watch page,Louis Weisz,OMrUmOTPD_AnSivjxptxpA,2,1,2.2
2017-04-05,Nepal,NP,YouTube watch page,Louis Weisz,OMrUmOTPD_AnSivjxptxpA,0,1,0.0
2017-04-05,Poland,PL,YouTube channel page,Louis Weisz,OMrUmOTPD_AnSivjxptxpA,4,1,4.1
2017-04-05,Qatar,QA,YouTube watch page,Louis Weisz,OMrUmOTPD_AnSivjxptxpA,15,4,3.8
2017-04-05,Romania,RO,YouTube watch page,Louis Weisz,OMrUmOTPD_AnSivjxptxpA,4,1,3.5
2017-04-05,United States,US,YouTube watch page,Louis Weisz,OMrUmOTPD_AnSivjxptxpA,112,38,2.9
2017-04-05,United States,US,YouTube channel page,Louis Weisz,OMrUmOTPD_AnSivjxptxpA,15,8,1.8
2017-04-06,Australia,AU,YouTube watch page,Louis Weisz,OMrUmOTPD_AnSivjxptxpA,3,1,3.3
2017-04-06,Canada,CA,YouTube watch page,Louis Weisz,OMrUmOTPD_AnSivjxptxpA,10,2,5.0
2017-04-06,Canada,CA,YouTube channel page,Louis Weisz,OMrUmOTPD_AnSivjxptxpA,6,1,5.8
2017-04-06,Czechia,CZ,YouTube watch page,Louis Weisz,OMrUmOTPD_AnSivjxptxpA,7,4,1.8
2017-04-06,Germany,DE,YouTube watch page,Louis Weisz,OMrUmOTPD_AnSivjxptxpA,5,4,1.3
2017-04-06,Germany,DE,YouTube channel page,Louis Weisz,OMrUmOTPD_AnSivjxptxpA,3,1,2.6
2017-04-06,Denmark,DK,YouTube watch page,Louis Weisz,OMrUmOTPD_AnSivjxptxpA,3,1,2.8
2017-04-06,Spain,ES,YouTube watch page,Louis Weisz,OMrUmOTPD_AnSivjxptxpA,3,1,2.8
2017-04-06,United Kingdom,GB,YouTube watch page,Louis Weisz,OMrUmOTPD_AnSivjxptxpA,21,4,5.3
2017-04-06,Hong Kong,HK,YouTube watch page,Louis Weisz,OMrUmOTPD_AnSivjxptxpA,4,1,3.6
2017-04-06,Iceland,IS,YouTube watch page,Louis Weisz,OMrUmOTPD_AnSivjxptxpA,2,1,1.7
2017-04-06,Italy,IT,YouTube watch page,Louis Weisz,OMrUmOTPD_AnSivjxptxpA,1,1,0.9
2017-04-06,Netherlands,NL,YouTube watch page,Louis Weisz,OMrUmOTPD_AnSivjxptxpA,36,7,5.1
2017-04-06,Netherlands,NL,YouTube channel page,Louis Weisz,OMrUmOTPD_AnSivjxptxpA,6,2,2.8
2017-04-06,Nepal,NP,YouTube watch page,Louis Weisz,OMrUmOTPD_AnSivjxptxpA,1,1,0.7
2017-04-06,New Zealand,NZ,YouTube watch page,Louis Weisz,OMrUmOTPD_AnSivjxptxpA,4,1,3.6
2017-04-06,Sweden,SE,YouTube watch page,Louis Weisz,OMrUmOTPD_AnSivjxptxpA,6,1,6.3
2017-04-06,Singapore,SG,YouTube channel page,Louis Weisz,OMrUmOTPD_AnSivjxptxpA,4,1,4.5
2017-04-06,Thailand,TH,YouTube watch page,Louis Weisz,OMrUmOTPD_AnSivjxptxpA,2,1,2.3
2017-04-06,Thailand,TH,YouTube channel page,Louis Weisz,OMrUmOTPD_AnSivjxptxpA,0,1,0.3
2017-04-06,United States,US,YouTube watch page,Louis Weisz,OMrUmOTPD_AnSivjxptxpA,306,106,2.9
2017-04-06,United States,US,Embedded in external websites and apps,Louis Weisz,OMrUmOTPD_AnSivjxptxpA,28,5,5.5
2017-04-06,United States,US,YouTube channel page,Louis Weisz,OMrUmOTPD_AnSivjxptxpA,9,6,1.4
2017-04-07,Austria,AT,YouTube watch page,Louis Weisz,OMrUmOTPD_AnSivjxptxpA,3,2,1.5
2017-04-07,Austria,AT,YouTube channel page,Louis Weisz,OMrUmOTPD_AnSivjxptxpA,1,1,1.1
2017-04-07,Australia,AU,YouTube watch page,Louis Weisz,OMrUmOTPD_AnSivjxptxpA,3,1,2.8
2017-04-07,Australia,AU,YouTube channel page,Louis Weisz,OMrUmOTPD_AnSivjxptxpA,1,1,1.1
2017-04-07,Brazil,BR,YouTube watch page,Louis Weisz,OMrUmOTPD_AnSivjxptxpA,0,1,0.2
2017-04-07,Canada,CA,YouTube watch page,Louis Weisz,OMrUmOTPD_AnSivjxptxpA,9,4,2.2
2017-04-07,Germany,DE,YouTube watch page,Louis Weisz,OMrUmOTPD_AnSivjxptxpA,1,1,1.1
2017-04-07,Finland,FI,YouTube watch page,Louis Weisz,OMrUmOTPD_AnSivjxptxpA,6,1,6.3
2017-04-07,France,FR,YouTube watch page,Louis Weisz,OMrUmOTPD_AnSivjxptxpA,6,1,6.0
2017-04-07,United Kingdom,GB,YouTube watch page,Louis Weisz,OMrUmOTPD_AnSivjxptxpA,10,4,2.5
2017-04-07,Kuwait,KW,YouTube watch page,Louis Weisz,OMrUmOTPD_AnSivjxptxpA,1,1,0.5
2017-04-07,Mexico,MX,YouTube watch page,Louis Weisz,OMrUmOTPD_AnSivjxptxpA,9,5,1.7
2017-04-07,Mexico,MX,YouTube channel page,Louis Weisz,OMrUmOTPD_AnSivjxptxpA,1,1,1.0
2017-04-07,Philippines,PH,YouTube watch page,Louis Weisz,OMrUmOTPD_AnSivjxptxpA,5,1,4.7
2017-04-07,Poland,PL,YouTube watch page,Louis Weisz,OMrUmOTPD_AnSivjxptxpA,8,2,4.0
2017-04-07,Saudi Arabia,SA,YouTube watch page,Louis Weisz,OMrUmOTPD_AnSivjxptxpA,0,1,0.1
2017-04-07,Sweden,SE,YouTube watch page,Louis Weisz,OMrUmOTPD_AnSivjxptxpA,7,4,1.7
2017-04-07,United States,US,YouTube watch page,Louis Weisz,OMrUmOTPD_AnSivjxptxpA,102,41,2.5
2017-04-07,United States,US,Embedded in external websites and apps,Louis Weisz,OMrUmOTPD_AnSivjxptxpA,6,1,6.1
2017-04-07,United States,US,YouTube channel page,Louis Weisz,OMrUmOTPD_AnSivjxptxpA,2,3,0.8
2017-04-07,Zimbabwe,ZW,YouTube watch page,Louis Weisz,OMrUmOTPD_AnSivjxptxpA,1,1,0.7
2017-04-08,United Arab Emirates,AE,YouTube watch page,Louis Weisz,OMrUmOTPD_AnSivjxptxpA,3,1,2.8
2017-04-08,Austria,AT,YouTube watch page,Louis Weisz,OMrUmOTPD_AnSivjxptxpA,8,2,3.8
2017-04-08,Australia,AU,YouTube watch page,Louis Weisz,OMrUmOTPD_AnSivjxptxpA,22,7,3.1
2017-04-08,Australia,AU,YouTube channel page,Louis Weisz,OMrUmOTPD_AnSivjxptxpA,1,1,1.1
2017-04-08,Bosnia & Herzegovina,BA,YouTube watch page,Louis Weisz,OMrUmOTPD_AnSivjxptxpA,3,2,1.4
2017-04-08,Bosnia & Herzegovina,BA,YouTube channel page,Louis Weisz,OMrUmOTPD_AnSivjxptxpA,0,1,0.2
2017-04-08,Canada,CA,YouTube watch page,Louis Weisz,OMrUmOTPD_AnSivjxptxpA,5,2,2.4
2017-04-08,Chile,CL,YouTube watch page,Louis Weisz,OMrUmOTPD_AnSivjxptxpA,0,1,0.3
2017-04-08,Chile,CL,YouTube channel page,Louis Weisz,OMrUmOTPD_AnSivjxptxpA,1,1,1.0
2017-04-08,Germany,DE,YouTube watch page,Louis Weisz,OMrUmOTPD_AnSivjxptxpA,1,5,0.2
2017-04-08,Spain,ES,YouTube watch page,Louis Weisz,OMrUmOTPD_AnSivjxptxpA,5,1,4.7
2017-04-08,Finland,FI,YouTube watch page,Louis Weisz,OMrUmOTPD_AnSivjxptxpA,3,4,0.8
2017-04-08,United Kingdom,GB,YouTube watch page,Louis Weisz,OMrUmOTPD_AnSivjxptxpA,27,7,3.9
2017-04-08,Iceland,IS,YouTube watch page,Louis Weisz,OMrUmOTPD_AnSivjxptxpA,0,1,0.2
2017-04-08,Latvia,LV,YouTube watch page,Louis Weisz,OMrUmOTPD_AnSivjxptxpA,7,3,2.2
2017-04-08,Malaysia,MY,YouTube watch page,Louis Weisz,OMrUmOTPD_AnSivjxptxpA,3,1,2.8
2017-04-08,Netherlands,NL,YouTube watch page,Louis Weisz,OMrUmOTPD_AnSivjxptxpA,29,9,3.2
2017-04-08,Norway,NO,YouTube watch page,Louis Weisz,OMrUmOTPD_AnSivjxptxpA,19,5,3.8
2017-04-08,Nepal,NP,YouTube watch page,Louis Weisz,OMrUmOTPD_AnSivjxptxpA,6,1,6.1
2017-04-08,Philippines,PH,YouTube watch page,Louis Weisz,OMrUmOTPD_AnSivjxptxpA,0,1,0.1
2017-04-08,Poland,PL,YouTube watch page,Louis Weisz,OMrUmOTPD_AnSivjxptxpA,1,3,0.5
2017-04-08,Puerto Rico,PR,YouTube watch page,Louis Weisz,OMrUmOTPD_AnSivjxptxpA,3,1,3.1
2017-04-08,Serbia,RS,YouTube watch page,Louis Weisz,OMrUmOTPD_AnSivjxptxpA,6,1,6.0
2017-04-08,Saudi Arabia,SA,YouTube watch page,Louis Weisz,OMrUmOTPD_AnSivjxptxpA,1,1,1.4
2017-04-08,Taiwan,TW,YouTube watch page,Louis Weisz,OMrUmOTPD_AnSivjxptxpA,2,1,2.0
2017-04-08,United States,US,YouTube watch page,Louis Weisz,OMrUmOTPD_AnSivjxptxpA,108,32,3.4
2017-04-08,United States,US,YouTube channel page,Louis Weisz,OMrUmOTPD_AnSivjxptxpA,2,2,0.8
2017-04-08,South Africa,ZA,YouTube watch page,Louis Weisz,OMrUmOTPD_AnSivjxptxpA,5,1,4.5
2017-04-08,Unknown Region,ZZ,YouTube watch page,Louis Weisz,OMrUmOTPD_AnSivjxptxpA,6,1,6.3
2017-04-09,Australia,AU,YouTube watch page,Louis Weisz,OMrUmOTPD_AnSivjxptxpA,8,4,2.1
2017-04-09,Brazil,BR,YouTube watch page,Louis Weisz,OMrUmOTPD_AnSivjxptxpA,10,3,3.2
2017-04-09,Canada,CA,YouTube watch page,Louis Weisz,OMrUmOTPD_AnSivjxptxpA,7,5,1.3
2017-04-09,Ecuador,EC,YouTube watch page,Louis Weisz,OMrUmOTPD_AnSivjxptxpA,0,1,0.1
2017-04-09,Estonia,EE,YouTube watch page,Louis Weisz,OMrUmOTPD_AnSivjxptxpA,3,1,2.8
2017-04-09,Spain,ES,YouTube watch page,Louis Weisz,OMrUmOTPD_AnSivjxptxpA,1,1,0.9
2017-04-09,Finland,FI,YouTube watch page,Louis Weisz,OMrUmOTPD_AnSivjxptxpA,20,5,4.0
2017-04-09,France,FR,YouTube watch page,Louis Weisz,OMrUmOTPD_AnSivjxptxpA,11,2,5.3
2017-04-09,United Kingdom,GB,YouTube watch page,Louis Weisz,OMrUmOTPD_AnSivjxptxpA,32,14,2.3
2017-04-09,Israel,IL,YouTube watch page,Louis Weisz,OMrUmOTPD_AnSivjxptxpA,12,6,2.0
2017-04-09,Italy,IT,YouTube watch page,Louis Weisz,OMrUmOTPD_AnSivjxptxpA,0,1,0.5
2017-04-09,New Zealand,NZ,YouTube watch page,Louis Weisz,OMrUmOTPD_AnSivjxptxpA,5,1,4.6
2017-04-09,Romania,RO,YouTube watch page,Louis Weisz,OMrUmOTPD_AnSivjxptxpA,7,2,3.3
2017-04-09,Sweden,SE,YouTube watch page,Louis Weisz,OMrUmOTPD_AnSivjxptxpA,4,5,0.7
2017-04-09,Sweden,SE,YouTube channel page,Louis Weisz,OMrUmOTPD_AnSivjxptxpA,1,1,1.1
2017-04-09,Singapore,SG,YouTube watch page,Louis Weisz,OMrUmOTPD_AnSivjxptxpA,6,1,6.0
2017-04-09,United States,US,YouTube watch page,Louis Weisz,OMrUmOTPD_AnSivjxptxpA,108,47,2.3
2017-04-09,United States,US,Embedded in external websites and apps,Louis Weisz,OMrUmOTPD_AnSivjxptxpA,0,1,0.1
2017-04-10,Australia,AU,YouTube watch page,Louis Weisz,OMrUmOTPD_AnSivjxptxpA,8,3,2.7
2017-04-10,Bahrain,BH,YouTube watch page,Louis Weisz,OMrUmOTPD_AnSivjxptxpA,14,4,3.6
2017-04-10,Canada,CA,YouTube watch page,Louis Weisz,OMrUmOTPD_AnSivjxptxpA,17,7,2.4
2017-04-10,Germany,DE,YouTube watch page,Louis Weisz,OMrUmOTPD_AnSivjxptxpA,11,9,1.2
2017-04-10,France,FR,YouTube watch page,Louis Weisz,OMrUmOTPD_AnSivjxptxpA,2,2,1.1
2017-04-10,United Kingdom,GB,YouTube watch page,Louis Weisz,OMrUmOTPD_AnSivjxptxpA,4,2,2.2
2017-04-10,Israel,IL,YouTube channel page,Louis Weisz,OMrUmOTPD_AnSivjxptxpA,1,1,0.6
2017-04-10,India,IN,YouTube watch page,Louis Weisz,OMrUmOTPD_AnSivjxptxpA,1,3,0.2
2017-04-10,Mexico,MX,YouTube watch page,Louis Weisz,OMrUmOTPD_AnSivjxptxpA,1,1,0.6
2017-04-10,Netherlands,NL,YouTube watch page,Louis Weisz,OMrUmOTPD_AnSivjxptxpA,5,2,2.6
2017-04-10,Netherlands,NL,YouTube channel page,Louis Weisz,OMrUmOTPD_AnSivjxptxpA,0,1,0.2
2017-04-10,New Zealand,NZ,YouTube watch page,Louis Weisz,OMrUmOTPD_AnSivjxptxpA,3,2,1.5
2017-04-10,New Zealand,NZ,YouTube channel page,Louis Weisz,OMrUmOTPD_AnSivjxptxpA,1,1,0.9
2017-04-10,Poland,PL,YouTube watch page,Louis Weisz,OMrUmOTPD_AnSivjxptxpA,0,2,0.1
2017-04-10,Sweden,SE,YouTube watch page,Louis Weisz,OMrUmOTPD_AnSivjxptxpA,6,3,2.1
2017-04-10,United States,US,YouTube watch page,Louis Weisz,OMrUmOTPD_AnSivjxptxpA,144,86,1.7
2017-04-10,United States,US,YouTube channel page,Louis Weisz,OMrUmOTPD_AnSivjxptxpA,2,5,0.5
2017-04-11,Argentina,AR,YouTube watch page,Louis Weisz,OMrUmOTPD_AnSivjxptxpA,0,1,0.1
2017-04-11,Australia,AU,YouTube watch page,Louis Weisz,OMrUmOTPD_AnSivjxptxpA,8,2,4.0
2017-04-11,Brazil,BR,YouTube watch page,Louis Weisz,OMrUmOTPD_AnSivjxptxpA,2,1,1.9
2017-04-11,Brazil,BR,Embedded in external websites and apps,Louis Weisz,OMrUmOTPD_AnSivjxptxpA,2,1,1.5
2017-04-11,Canada,CA,YouTube watch page,Louis Weisz,OMrUmOTPD_AnSivjxptxpA,18,8,2.2
2017-04-11,Switzerland,CH,YouTube watch page,Louis Weisz,OMrUmOTPD_AnSivjxptxpA,4,1,4.3
2017-04-11,Chile,CL,YouTube watch page,Louis Weisz,OMrUmOTPD_AnSivjxptxpA,1,3,0.3
2017-04-11,Germany,DE,YouTube watch page,Louis Weisz,OMrUmOTPD_AnSivjxptxpA,0,1,0.5
2017-04-11,France,FR,YouTube watch page,Louis Weisz,OMrUmOTPD_AnSivjxptxpA,7,2,3.3
2017-04-11,United Kingdom,GB,YouTube watch page,Louis Weisz,OMrUmOTPD_AnSivjxptxpA,25,8,3.2
2017-04-11,Guam,GU,YouTube watch page,Louis Weisz,OMrUmOTPD_AnSivjxptxpA,9,2,4.3
2017-04-11,Croatia,HR,YouTube watch page,Louis Weisz,OMrUmOTPD_AnSivjxptxpA,1,1,0.6
2017-04-11,Morocco,MA,YouTube watch page,Louis Weisz,OMrUmOTPD_AnSivjxptxpA,11,4,2.8
2017-04-11,Mexico,MX,YouTube watch page,Louis Weisz,OMrUmOTPD_AnSivjxptxpA,3,1,2.8
2017-04-11,Oman,OM,YouTube watch page,Louis Weisz,OMrUmOTPD_AnSivjxptxpA,6,2,3.1
2017-04-11,Philippines,PH,YouTube watch page,Louis Weisz,OMrUmOTPD_AnSivjxptxpA,6,1,6.3
2017-04-11,Serbia,RS,YouTube watch page,Louis Weisz,OMrUmOTPD_AnSivjxptxpA,1,1,0.5
2017-04-11,Sweden,SE,YouTube watch page,Louis Weisz,OMrUmOTPD_AnSivjxptxpA,4,2,2.1
2017-04-11,Slovenia,SI,YouTube watch page,Louis Weisz,OMrUmOTPD_AnSivjxptxpA,0,1,0.1
2017-04-11,Slovenia,SI,YouTube channel page,Louis Weisz,OMrUmOTPD_AnSivjxptxpA,1,1,0.6
2017-04-11,United States,US,YouTube watch page,Louis Weisz,OMrUmOTPD_AnSivjxptxpA,116,39,3.0
2017-04-11,United States,US,YouTube channel page,Louis Weisz,OMrUmOTPD_AnSivjxptxpA,2,4,0.6
2017-04-11,Venezuela,VE,YouTube watch page,Louis Weisz,OMrUmOTPD_AnSivjxptxpA,7,2,3.7
2017-04-11,Venezuela,VE,YouTube channel page,Louis Weisz,OMrUmOTPD_AnSivjxptxpA,1,2,0.5
2017-04-12,Austria,AT,YouTube watch page,Louis Weisz,OMrUmOTPD_AnSivjxptxpA,2,1,1.8
2017-04-12,Australia,AU,YouTube watch page,Louis Weisz,OMrUmOTPD_AnSivjxptxpA,0,1,0.2
2017-04-12,Switzerland,CH,YouTube watch page,Louis Weisz,OMrUmOTPD_AnSivjxptxpA,2,3,0.8
2017-04-12,Colombia,CO,YouTube watch page,Louis Weisz,OMrUmOTPD_AnSivjxptxpA,12,5,2.4
2017-04-12,Germany,DE,YouTube watch page,Louis Weisz,OMrUmOTPD_AnSivjxptxpA,2,3,0.7
2017-04-12,Denmark,DK,YouTube watch page,Louis Weisz,OMrUmOTPD_AnSivjxptxpA,6,1,5.6
2017-04-12,Denmark,DK,YouTube channel page,Louis Weisz,OMrUmOTPD_AnSivjxptxpA,1,1,0.7
2017-04-12,Spain,ES,YouTube watch page,Louis Weisz,OMrUmOTPD_AnSivjxptxpA,19,5,3.8
2017-04-12,France,FR,YouTube watch page,Louis Weisz,OMrUmOTPD_AnSivjxptxpA,2,1,2.0
2017-04-12,United Kingdom,GB,YouTube watch page,Louis Weisz,OMrUmOTPD_AnSivjxptxpA,7,7,1.0
2017-04-12,Ireland,IE,YouTube watch page,Louis Weisz,OMrUmOTPD_AnSivjxptxpA,0,1,0.2
2017-04-12,India,IN,YouTube watch page,Louis Weisz,OMrUmOTPD_AnSivjxptxpA,1,1,1.1
2017-04-12,Italy,IT,YouTube watch page,Louis Weisz,OMrUmOTPD_AnSivjxptxpA,0,2,0.1
2017-04-12,Japan,JP,YouTube watch page,Louis Weisz,OMrUmOTPD_AnSivjxptxpA,1,1,1.3
2017-04-12,Kuwait,KW,YouTube watch page,Louis Weisz,OMrUmOTPD_AnSivjxptxpA,0,1,0.1
2017-04-12,Netherlands,NL,YouTube watch page,Louis Weisz,OMrUmOTPD_AnSivjxptxpA,0,1,0.2
2017-04-12,Norway,NO,YouTube watch page,Louis Weisz,OMrUmOTPD_AnSivjxptxpA,0,1,0.5
2017-04-12,Philippines,PH,YouTube watch page,Louis Weisz,OMrUmOTPD_AnSivjxptxpA,1,1,0.5
2017-04-12,Poland,PL,YouTube watch page,Louis Weisz,OMrUmOTPD_AnSivjxptxpA,0,1,0.1
2017-04-12,Thailand,TH,YouTube watch page,Louis Weisz,OMrUmOTPD_AnSivjxptxpA,2,1,1.7
2017-04-12,United States,US,YouTube watch page,Louis Weisz,OMrUmOTPD_AnSivjxptxpA,43,22,2.0
2017-04-12,United States,US,Embedded in external websites and apps,Louis Weisz,OMrUmOTPD_AnSivjxptxpA,4,1,4.5
