date,country_name,country_id,playback_location,channel_display_name,channel_id,watch_time_minutes,views,average_view_duration
2017-10-12,Australia,AU,YouTube watch page,Louis Weisz,OMrUmOTPD_AnSivjxptxpA,5,2,2.3
2017-10-12,Australia,AU,YouTube channel page,Louis Weisz,OMrUmOTPD_AnSivjxptxpA,0,1,0.2
2017-10-12,Belgium,BE,YouTube watch page,Louis Weisz,OMrUmOTPD_AnSivjxptxpA,6,1,5.8
2017-10-12,Bulgaria,BG,YouTube watch page,Louis Weisz,OMrUmOTPD_AnSivjxptxpA,0,1,0.3
2017-10-12,Bulgaria,BG,YouTube channel page,Louis Weisz,OMrUmOTPD_AnSivjxptxpA,1,1,0.8
2017-10-12,Brazil,BR,YouTube watch page,Louis Weisz,OMrUmOTPD_AnSivjxptxpA,3,2,1.6
2017-10-12,Canada,CA,YouTube watch page,Louis Weisz,OMrUmOTPD_AnSivjxptxpA,6,1,5.6
2017-10-12,Germany,DE,YouTube watch page,Louis Weisz,OMrUmOTPD_AnSivjxptxpA,39,12,3.2
2017-10-12,Finland,FI,YouTube channel page,Louis Weisz,OMrUmOTPD_AnSivjxptxpA,0,1,0.2
2017-10-12,United Kingdom,GB,YouTube watch page,Louis Weisz,OMrUmOTPD_AnSivjxptxpA,4,2,1.9
2017-10-12,India,IN,YouTube watch page,Louis Weisz,OMrUmOTPD_AnSivjxptxpA,2,3,0.6
2017-10-12,India,IN,Embedded in external websites and apps,Louis Weisz,OMrUmOTPD_AnSivjxptxpA,1,1,0.9
2017-10-12,Japan,JP,YouTube watch page,Louis Weisz,OMrUmOTPD_AnSivjxptxpA,1,1,0.7
2017-10-12,Philippines,PH,YouTube watch page,Louis Weisz,OMrUmOTPD_AnSivjxptxpA,0,1,0.0
2017-10-12,Saudi Arabia,SA,YouTube watch page,Louis Weisz,OMrUmOTPD_AnSivjxptxpA,6,3,1.9
2017-10-12,Sweden,SE,YouTube watch page,Louis Weisz,OMrUmOTPD_AnSivjxptxpA,10,3,3.2
2017-10-12,Sweden,SE,YouTube channel page,Louis Weisz,OMrUmOTPD_AnSivjxptxpA,0,1,0.2
2017-10-12,United States,US,YouTube watch page,Louis Weisz,OMrUmOTPD_AnSivjxptxpA,117,45,2.6
2017-10-12,United States,US,Embedded in external websites and apps,Louis Weisz,OMrUmOTPD_AnSivjxptxpA,1,1,1.0
2017-10-12,United States,US,YouTube channel page,Louis Weisz,OMrUmOTPD_AnSivjxptxpA,8,8,1.0
2017-10-13,Austria,AT,YouTube watch page,Louis Weisz,OMrUmOTPD_AnSivjxptxpA,8,5,1.6
2017-10-13,Australia,AU,YouTube watch page,Louis Weisz,OMrUmOTPD_AnSivjxptxpA,13,6,2.1
2017-10-13,Brazil,BR,YouTube watch page,Louis Weisz,OMrUmOTPD_AnSivjxptxpA,0,1,0.2
2017-10-13,Germany,DE,YouTube watch page,Louis Weisz,OMrUmOTPD_AnSivjxptxpA,4,4,0.9
2017-10-13,Denmark,DK,YouTube watch page,Louis Weisz,OMrUmOTPD_AnSivjxptxpA,6,5,1.2
2017-10-13,Egypt,EG,YouTube watch page,Louis Weisz,OMrUmOTPD_AnSivjxptxpA,5,1,5.4
2017-10-13,United Kingdom,GB,YouTube watch page,Louis Weisz,OMrUmOTPD_AnSivjxptxpA,10,7,1.4
2017-10-13,Hong Kong,HK,YouTube watch page,Louis Weisz,OMrUmOTPD_AnSivjxptxpA,4,1,4.3
2017-10-13,Indonesia,ID,YouTube watch page,Louis Weisz,OMrUmOTPD_AnSivjxptxpA,4,1,3.8
2017-10-13,India,IN,YouTube watch page,Louis Weisz,OMrUmOTPD_AnSivjxptxpA,3,3,1.0
2017-10-13,India,IN,Embedded in external websites and apps,Louis Weisz,OMrUmOTPD_AnSivjxptxpA,4,1,3.6
2017-10-13,Italy,IT,YouTube watch page,Louis Weisz,OMrUmOTPD_AnSivjxptxpA,5,5,1.0
2017-10-13,Mexico,MX,YouTube watch page,Louis Weisz,OMrUmOTPD_AnSivjxptxpA,0,1,0.1
2017-10-13,Netherlands,NL,YouTube watch page,Louis Weisz,OMrUmOTPD_AnSivjxptxpA,4,1,4.2
2017-10-13,Philippines,PH,YouTube watch page,Louis Weisz,OMrUmOTPD_AnSivjxptxpA,2,1,1.9
2017-10-13,Singapore,SG,YouTube watch page,Louis Weisz,OMrUmOTPD_AnSivjxptxpA,3,1,2.7
2017-10-13,United States,US,YouTube watch page,Louis Weisz,OMrUmOTPD_AnSivjxptxpA,65,30,2.2
2017-10-13,United States,US,Embedded in external websites and apps,Louis Weisz,OMrUmOTPD_AnSivjxptxpA,7,1,6.9
2017-10-13,United States,US,YouTube channel page,Louis Weisz,OMrUmOTPD_AnSivjxptxpA,6,4,1.4
2017-10-14,Argentina,AR,YouTube watch page,Louis Weisz,OMrUmOTPD_AnSivjxptxpA,19,5,3.7
2017-10-14,Argentina,AR,YouTube channel page,Louis Weisz,OMrUmOTPD_AnSivjxptxpA,0,1,0.5
2017-10-14,Australia,AU,YouTube watch page,Louis Weisz,OMrUmOTPD_AnSivjxptxpA,17,5,3.3
2017-10-14,Australia,AU,Embedded in external websites and apps,Louis Weisz,OMrUmOTPD_AnSivjxptxpA,0,1,0.0
2017-10-14,Bangladesh,BD,YouTube watch page,Louis Weisz,OMrUmOTPD_AnSivjxptxpA,2,2,1.0
2017-10-14,Belgium,BE,Embedded in external websites and apps,Louis Weisz,OMrUmOTPD_AnSivjxptxpA,7,1,6.8
2017-10-14,Bulgaria,BG,YouTube watch page,Louis Weisz,OMrUmOTPD_AnSivjxptxpA,13,4,3.3
2017-10-14,Brazil,BR,YouTube watch page,Louis Weisz,OMrUmOTPD_AnSivjxptxpA,2,1,1.7
2017-10-14,Brazil,BR,YouTube channel page,Louis Weisz,OMrUmOTPD_AnSivjxptxpA,3,1,3.4
2017-10-14,Canada,CA,YouTube watch page,Louis Weisz,OMrUmOTPD_AnSivjxptxpA,17,5,3.4
2017-10-14,Switzerland,CH,YouTube watch page,Louis Weisz,OMrUmOTPD_AnSivjxptxpA,3,1,2.7
2017-10-14,Germany,DE,YouTube watch page,Louis Weisz,OMrUmOTPD_AnSivjxptxpA,5,2,2.7
2017-10-14,Germany,DE,YouTube channel page,Louis Weisz,OMrUmOTPD_AnSivjxptxpA,2,2,0.9
2017-10-14,Denmark,DK,YouTube watch page,Louis Weisz,OMrUmOTPD_AnSivjxptxpA,1,1,1.3
2017-10-14,Denmark,DK,YouTube channel page,Louis Weisz,OMrUmOTPD_AnSivjxptxpA,0,1,0.2
2017-10-14,Ecuador,EC,YouTube watch page,Louis Weisz,OMrUmOTPD_AnSivjxptxpA,0,1,0.2
2017-10-14,Estonia,EE,YouTube watch page,Louis Weisz,OMrUmOTPD_AnSivjxptxpA,3,4,0.8
2017-10-14,Spain,ES,YouTube watch page,Louis Weisz,OMrUmOTPD_AnSivjxptxpA,4,1,3.7
2017-10-14,United Kingdom,GB,YouTube watch page,Louis Weisz,OMrUmOTPD_AnSivjxptxpA,1,2,0.7
2017-10-14,Hungary,HU,YouTube watch page,Louis Weisz,OMrUmOTPD_AnSivjxptxpA,1,1,0.6
2017-10-14,Indonesia,ID,YouTube watch page,Louis Weisz,OMrUmOTPD_AnSivjxptxpA,4,1,3.8
2017-10-14,India,IN,YouTube watch page,Louis Weisz,OMrUmOTPD_AnSivjxptxpA,3,2,1.5
2017-10-14,South Korea,KR,YouTube channel page,Louis Weisz,OMrUmOTPD_AnSivjxptxpA,1,1,0.8
2017-10-14,Malaysia,MY,YouTube watch page,Louis Weisz,OMrUmOTPD_AnSivjxptxpA,4,2,2.2
2017-10-14,Norway,NO,YouTube watch page,Louis Weisz,OMrUmOTPD_AnSivjxptxpA,3,1,2.7
2017-10-14,New Zealand,NZ,YouTube channel page,Louis Weisz,OMrUmOTPD_AnSivjxptxpA,1,1,0.6
2017-10-14,Philippines,PH,YouTube watch page,Louis Weisz,OMrUmOTPD_AnSivjxptxpA,2,1,2.3
2017-10-14,Poland,PL,YouTube watch page,Louis Weisz,OMrUmOTPD_AnSivjxptxpA,0,1,0.0
2017-10-14,Portugal,PT,YouTube watch page,Louis Weisz,OMrUmOTPD_AnSivjxptxpA,4,4,0.9
2017-10-14,Portugal,PT,YouTube channel page,Louis Weisz,OMrUmOTPD_AnSivjxptxpA,0,1,0.2
2017-10-14,Sweden,SE,YouTube watch page,Louis Weisz,OMrUmOTPD_AnSivjxptxpA,2,1,1.8
2017-10-14,Singapore,SG,YouTube watch page,Louis Weisz,OMrUmOTPD_AnSivjxptxpA,5,2,2.6
2017-10-14,Singapore,SG,YouTube channel page,Louis Weisz,OMrUmOTPD_AnSivjxptxpA,0,1,0.3
2017-10-14,Thailand,TH,YouTube watch page,Louis Weisz,OMrUmOTPD_AnSivjxptxpA,0,1,0.1
2017-10-14,United States,US,YouTube watch page,Louis Weisz,OMrUmOTPD_AnSivjxptxpA,112,46,2.4
2017-10-14,United States,US,Embedded in external websites and apps,Louis Weisz,OMrUmOTPD_AnSivjxptxpA,2,2,0.8
2017-10-14,United States,US,YouTube channel page,Louis Weisz,OMrUmOTPD_AnSivjxptxpA,4,3,1.3
2017-10-14,Vietnam,VN,YouTube watch page,Louis Weisz,OMrUmOTPD_AnSivjxptxpA,0,1,0.5
2017-10-15,Austria,AT,YouTube watch page,Louis Weisz,OMrUmOTPD_AnSivjxptxpA,2,1,1.9
2017-10-15,Australia,AU,Embedded in external websites and apps,Louis Weisz,OMrUmOTPD_AnSivjxptxpA,0,2,0.0
2017-10-15,Brazil,BR,YouTube watch page,Louis Weisz,OMrUmOTPD_AnSivjxptxpA,6,2,3.2
2017-10-15,Brazil,BR,YouTube channel page,Louis Weisz,OMrUmOTPD_AnSivjxptxpA,0,1,0.2
2017-10-15,Canada,CA,YouTube watch page,Louis Weisz,OMrUmOTPD_AnSivjxptxpA,21,9,2.3
2017-10-15,Canada,CA,YouTube channel page,Louis Weisz,OMrUmOTPD_AnSivjxptxpA,1,2,0.7
2017-10-15,Germany,DE,YouTube watch page,Louis Weisz,OMrUmOTPD_AnSivjxptxpA,0,1,0.1
2017-10-15,Germany,DE,YouTube channel page,Louis Weisz,OMrUmOTPD_AnSivjxptxpA,0,1,0.3
2017-10-15,France,FR,YouTube watch page,Louis Weisz,OMrUmOTPD_AnSivjxptxpA,2,2,0.9
2017-10-15,United Kingdom,GB,YouTube watch page,Louis Weisz,OMrUmOTPD_AnSivjxptxpA,10,2,4.8
2017-10-15,United Kingdom,GB,YouTube channel page,Louis Weisz,OMrUmOTPD_AnSivjxptxpA,3,1,3.4
2017-10-15,Indonesia,ID,YouTube watch page,Louis Weisz,OMrUmOTPD_AnSivjxptxpA,2,1,2.0
2017-10-15,India,IN,YouTube watch page,Louis Weisz,OMrUmOTPD_AnSivjxptxpA,1,3,0.2
2017-10-15,Italy,IT,YouTube watch page,Louis Weisz,OMrUmOTPD_AnSivjxptxpA,1,3,0.5
2017-10-15,Jamaica,JM,YouTube watch page,Louis Weisz,OMrUmOTPD_AnSivjxptxpA,0,1,0.1
2017-10-15,Japan,JP,Embedded in external websites and apps,Louis Weisz,OMrUmOTPD_AnSivjxptxpA,4,1,3.9
2017-10-15,Latvia,LV,YouTube channel page,Louis Weisz,OMrUmOTPD_AnSivjxptxpA,0,1,0.3
2017-10-15,Mauritius,MU,YouTube watch page,Louis Weisz,OMrUmOTPD_AnSivjxptxpA,0,1,0.0
2017-10-15,Mexico,MX,YouTube channel page,Louis Weisz,OMrUmOTPD_AnSivjxptxpA,2,1,2.2
2017-10-15,Philippines,PH,YouTube watch page,Louis Weisz,OMrUmOTPD_AnSivjxptxpA,4,3,1.2
2017-10-15,Pakistan,PK,YouTube watch page,Louis Weisz,OMrUmOTPD_AnSivjxptxpA,0,1,0.3
2017-10-15,Saudi Arabia,SA,YouTube watch page,Louis Weisz,OMrUmOTPD_AnSivjxptxpA,7,1,6.8
2017-10-15,Sweden,SE,YouTube watch page,Louis Weisz,OMrUmOTPD_AnSivjxptxpA,4,2,1.9
2017-10-15,Singapore,SG,YouTube watch page,Louis Weisz,OMrUmOTPD_AnSivjxptxpA,2,1,2.1
2017-10-15,Thailand,TH,YouTube watch page,Louis Weisz,OMrUmOTPD_AnSivjxptxpA,2,1,1.6
2017-10-15,United States,US,YouTube watch page,Louis Weisz,OMrUmOTPD_AnSivjxptxpA,156,54,2.9
2017-10-15,United States,US,Embedded in external websites and apps,Louis Weisz,OMrUmOTPD_AnSivjxptxpA,1,1,0.8
2017-10-15,United States,US,YouTube channel page,Louis Weisz,OMrUmOTPD_AnSivjxptxpA,8,10,0.8
2017-10-16,Australia,AU,YouTube watch page,Louis Weisz,OMrUmOTPD_AnSivjxptxpA,5,1,4.8
2017-10-16,Australia,AU,Embedded in external websites and apps,Louis Weisz,OMrUmOTPD_AnSivjxptxpA,0,1,0.0
2017-10-16,Australia,AU,YouTube channel page,Louis Weisz,OMrUmOTPD_AnSivjxptxpA,4,1,3.5
2017-10-16,Brazil,BR,YouTube channel page,Louis Weisz,OMrUmOTPD_AnSivjxptxpA,0,2,0.2
2017-10-16,Canada,CA,YouTube watch page,Louis Weisz,OMrUmOTPD_AnSivjxptxpA,8,2,4.0
2017-10-16,Switzerland,CH,YouTube watch page,Louis Weisz,OMrUmOTPD_AnSivjxptxpA,0,1,0.1
2017-10-16,Czechia,CZ,YouTube watch page,Louis Weisz,OMrUmOTPD_AnSivjxptxpA,0,1,0.1
2017-10-16,Germany,DE,YouTube watch page,Louis Weisz,OMrUmOTPD_AnSivjxptxpA,27,9,3.0
2017-10-16,Germany,DE,YouTube channel page,Louis Weisz,OMrUmOTPD_AnSivjxptxpA,0,1,0.2
2017-10-16,Denmark,DK,YouTube watch page,Louis Weisz,OMrUmOTPD_AnSivjxptxpA,3,2,1.3
2017-10-16,Denmark,DK,YouTube channel page,Louis Weisz,OMrUmOTPD_AnSivjxptxpA,3,2,1.4
2017-10-16,Estonia,EE,YouTube watch page,Louis Weisz,OMrUmOTPD_AnSivjxptxpA,3,4,0.8
2017-10-16,Spain,ES,YouTube watch page,Louis Weisz,OMrUmOTPD_AnSivjxptxpA,3,1,2.7
2017-10-16,Spain,ES,YouTube channel page,Louis Weisz,OMrUmOTPD_AnSivjxptxpA,0,1,0.4
2017-10-16,United Kingdom,GB,YouTube watch page,Louis Weisz,OMrUmOTPD_AnSivjxptxpA,9,5,1.7
2017-10-16,United Kingdom,GB,YouTube channel page,Louis Weisz,OMrUmOTPD_AnSivjxptxpA,3,2,1.5
2017-10-16,Greece,GR,Embedded in external websites and apps,Louis Weisz,OMrUmOTPD_AnSivjxptxpA,4,1,3.7
2017-10-16,Greece,GR,YouTube channel page,Louis Weisz,OMrUmOTPD_AnSivjxptxpA,0,1,0.3
2017-10-16,Hong Kong,HK,YouTube watch page,Louis Weisz,OMrUmOTPD_AnSivjxptxpA,8,5,1.5
2017-10-16,Hong Kong,HK,YouTube channel page,Louis Weisz,OMrUmOTPD_AnSivjxptxpA,0,1,0.2
2017-10-16,Indonesia,ID,YouTube watch page,Louis Weisz,OMrUmOTPD_AnSivjxptxpA,5,4,1.3
2017-10-16,Ireland,IE,YouTube channel page,Louis Weisz,OMrUmOTPD_AnSivjxptxpA,2,1,2.0
2017-10-16,India,IN,YouTube watch page,Louis Weisz,OMrUmOTPD_AnSivjxptxpA,2,5,0.5
2017-10-16,Italy,IT,YouTube watch page,Louis Weisz,OMrUmOTPD_AnSivjxptxpA,2,1,2.1
2017-10-16,New Zealand,NZ,YouTube watch page,Louis Weisz,OMrUmOTPD_AnSivjxptxpA,1,1,1.3
2017-10-16,Peru,PE,YouTube watch page,Louis Weisz,OMrUmOTPD_AnSivjxptxpA,0,1,0.2
2017-10-16,Philippines,PH,YouTube watch page,Louis Weisz,OMrUmOTPD_AnSivjxptxpA,4,1,4.3
2017-10-16,Portugal,PT,YouTube watch page,Louis Weisz,OMrUmOTPD_AnSivjxptxpA,17,4,4.4
2017-10-16,Sweden,SE,YouTube channel page,Louis Weisz,OMrUmOTPD_AnSivjxptxpA,0,1,0.2
2017-10-16,United States,US,YouTube watch page,Louis Weisz,OMrUmOTPD_AnSivjxptxpA,177,76,2.3
2017-10-16,United States,US,YouTube channel page,Louis Weisz,OMrUmOTPD_AnSivjxptxpA,15,12,1.3
2017-10-16,Vietnam,VN,YouTube watch page,Louis Weisz,OMrUmOTPD_AnSivjxptxpA,1,1,0.7
2017-10-17,Australia,AU,YouTube watch page,Louis Weisz,OMrUmOTPD_AnSivjxptxpA,3,1,3.3
2017-10-17,Australia,AU,Embedded in external websites and apps,Louis Weisz,OMrUmOTPD_AnSivjxptxpA,0,1,0.0
2017-10-17,Brazil,BR,YouTube watch page,Louis Weisz,OMrUmOTPD_AnSivjxptxpA,6,2,2.9
2017-10-17,Canada,CA,YouTube watch page,Louis Weisz,OMrUmOTPD_AnSivjxptxpA,14,7,1.9
2017-10-17,Canada,CA,YouTube channel page,Louis Weisz,OMrUmOTPD_AnSivjxptxpA,1,2,0.6
2017-10-17,Germany,DE,YouTube watch page,Louis Weisz,OMrUmOTPD_AnSivjxptxpA,6,2,3.2
2017-10-17,Denmark,DK,YouTube watch page,Louis Weisz,OMrUmOTPD_AnSivjxptxpA,9,4,2.4
2017-10-17,United Kingdom,GB,YouTube watch page,Louis Weisz,OMrUmOTPD_AnSivjxptxpA,10,2,5.0
2017-10-17,United Kingdom,GB,YouTube channel page,Louis Weisz,OMrUmOTPD_AnSivjxptxpA,4,2,2.0
2017-10-17,Hong Kong,HK,YouTube watch page,Louis Weisz,OMrUmOTPD_AnSivjxptxpA,9,3,2.9
2017-10-17,Croatia,HR,YouTube watch page,Louis Weisz,OMrUmOTPD_AnSivjxptxpA,3,1,3.4
2017-10-17,Ireland,IE,YouTube watch page,Louis Weisz,OMrUmOTPD_AnSivjxptxpA,1,1,1.3
2017-10-17,Ireland,IE,YouTube channel page,Louis Weisz,OMrUmOTPD_AnSivjxptxpA,0,1,0.3
2017-10-17,India,IN,YouTube watch page,Louis Weisz,OMrUmOTPD_AnSivjxptxpA,1,2,0.3
2017-10-17,India,IN,Embedded in external websites and apps,Louis Weisz,OMrUmOTPD_AnSivjxptxpA,3,1,3.4
2017-10-17,Italy,IT,Embedded in external websites and apps,Louis Weisz,OMrUmOTPD_AnSivjxptxpA,1,1,1.0
2017-10-17,Lithuania,LT,YouTube watch page,Louis Weisz,OMrUmOTPD_AnSivjxptxpA,13,3,4.5
2017-10-17,Latvia,LV,YouTube channel page,Louis Weisz,OMrUmOTPD_AnSivjxptxpA,0,1,0.2
2017-10-17,Mexico,MX,YouTube watch page,Louis Weisz,OMrUmOTPD_AnSivjxptxpA,3,1,3.0
2017-10-17,Netherlands,NL,YouTube watch page,Louis Weisz,OMrUmOTPD_AnSivjxptxpA,3,1,2.9
2017-10-17,New Zealand,NZ,YouTube watch page,Louis Weisz,OMrUmOTPD_AnSivjxptxpA,4,1,4.3
2017-10-17,Poland,PL,YouTube watch page,Louis Weisz,OMrUmOTPD_AnSivjxptxpA,1,1,0.9
2017-10-17,Russia,RU,YouTube watch page,Louis Weisz,OMrUmOTPD_AnSivjxptxpA,2,2,0.9
2017-10-17,United States,US,YouTube watch page,Louis Weisz,OMrUmOTPD_AnSivjxptxpA,124,56,2.2
2017-10-17,United States,US,Embedded in external websites and apps,Louis Weisz,OMrUmOTPD_AnSivjxptxpA,10,4,2.6
2017-10-17,United States,US,YouTube channel page,Louis Weisz,OMrUmOTPD_AnSivjxptxpA,6,7,0.8
2017-10-18,United Arab Emirates,AE,YouTube watch page,Louis Weisz,OMrUmOTPD_AnSivjxptxpA,2,1,1.6
2017-10-18,Austria,AT,YouTube channel page,Louis Weisz,OMrUmOTPD_AnSivjxptxpA,0,1,0.2
2017-10-18,Australia,AU,YouTube watch page,Louis Weisz,OMrUmOTPD_AnSivjxptxpA,18,4,4.4
2017-10-18,Australia,AU,Embedded in external websites and apps,Louis Weisz,OMrUmOTPD_AnSivjxptxpA,0,1,0.0
2017-10-18,Brazil,BR,YouTube watch page,Louis Weisz,OMrUmOTPD_AnSivjxptxpA,9,2,4.4
2017-10-18,Canada,CA,YouTube watch page,Louis Weisz,OMrUmOTPD_AnSivjxptxpA,23,11,2.1
2017-10-18,Canada,CA,YouTube channel page,Louis Weisz,OMrUmOTPD_AnSivjxptxpA,0,1,0.2
2017-10-18,Switzerland,CH,YouTube watch page,Louis Weisz,OMrUmOTPD_AnSivjxptxpA,2,1,1.7
2017-10-18,Chile,CL,YouTube watch page,Louis Weisz,OMrUmOTPD_AnSivjxptxpA,2,3,0.6
2017-10-18,Germany,DE,YouTube watch page,Louis Weisz,OMrUmOTPD_AnSivjxptxpA,5,5,1.1
2017-10-18,Germany,DE,YouTube channel page,Louis Weisz,OMrUmOTPD_AnSivjxptxpA,1,2,0.3
2017-10-18,Denmark,DK,YouTube watch page,Louis Weisz,OMrUmOTPD_AnSivjxptxpA,4,4,1.0
2017-10-18,Finland,FI,YouTube watch page,Louis Weisz,OMrUmOTPD_AnSivjxptxpA,4,12,0.3
2017-10-18,Finland,FI,YouTube channel page,Louis Weisz,OMrUmOTPD_AnSivjxptxpA,0,1,0.2
2017-10-18,France,FR,YouTube watch page,Louis Weisz,OMrUmOTPD_AnSivjxptxpA,4,2,2.2
2017-10-18,France,FR,YouTube channel page,Louis Weisz,OMrUmOTPD_AnSivjxptxpA,0,1,0.3
2017-10-18,United Kingdom,GB,YouTube watch page,Louis Weisz,OMrUmOTPD_AnSivjxptxpA,8,5,1.6
2017-10-18,United Kingdom,GB,YouTube channel page,Louis Weisz,OMrUmOTPD_AnSivjxptxpA,0,1,0.2
2017-10-18,Greece,GR,YouTube watch page,Louis Weisz,OMrUmOTPD_AnSivjxptxpA,0,1,0.4
2017-10-18,Guyana,GY,YouTube watch page,Louis Weisz,OMrUmOTPD_AnSivjxptxpA,3,1,2.6
2017-10-18,Indonesia,ID,YouTube watch page,Louis Weisz,OMrUmOTPD_AnSivjxptxpA,2,1,1.8
2017-10-18,India,IN,YouTube watch page,Louis Weisz,OMrUmOTPD_AnSivjxptxpA,3,2,1.5
2017-10-18,Japan,JP,YouTube watch page,Louis Weisz,OMrUmOTPD_AnSivjxptxpA,0,1,0.1
2017-10-18,Japan,JP,Embedded in external websites and apps,Louis Weisz,OMrUmOTPD_AnSivjxptxpA,1,1,1.5
2017-10-18,Netherlands,NL,YouTube watch page,Louis Weisz,OMrUmOTPD_AnSivjxptxpA,4,6,0.6
2017-10-18,Portugal,PT,YouTube channel page,Louis Weisz,OMrUmOTPD_AnSivjxptxpA,0,1,0.2
2017-10-18,Saudi Arabia,SA,YouTube watch page,Louis Weisz,OMrUmOTPD_AnSivjxptxpA,4,2,2.0
2017-10-18,Sweden,SE,YouTube watch page,Louis Weisz,OMrUmOTPD_AnSivjxptxpA,4,2,1.9
2017-10-18,Thailand,TH,YouTube watch page,Louis Weisz,OMrUmOTPD_AnSivjxptxpA,1,1,1.3
2017-10-18,Tunisia,TN,YouTube watch page,Louis Weisz,OMrUmOTPD_AnSivjxptxpA,2,1,2.2
2017-10-18,United States,US,YouTube watch page,Louis Weisz,OMrUmOTPD_AnSivjxptxpA,93,42,2.2
2017-10-18,United States,US,YouTube channel page,Louis Weisz,OMrUmOTPD_AnSivjxptxpA,5,6,0.8
2017-10-19,Argentina,AR,YouTube channel page,Louis Weisz,OMrUmOTPD_AnSivjxptxpA,0,1,0.2
2017-10-19,Australia,AU,YouTube watch page,Louis Weisz,OMrUmOTPD_AnSivjxptxpA,3,2,1.4
2017-10-19,Australia,AU,YouTube channel page,Louis Weisz,OMrUmOTPD_AnSivjxptxpA,2,2,0.8
2017-10-19,Brazil,BR,YouTube watch page,Louis Weisz,OMrUmOTPD_AnSivjxptxpA,13,3,4.2
2017-10-19,Brazil,BR,YouTube channel page,Louis Weisz,OMrUmOTPD_AnSivjxptxpA,4,5,0.8
2017-10-19,Canada,CA,YouTube watch page,Louis Weisz,OMrUmOTPD_AnSivjxptxpA,13,5,2.7
2017-10-19,Canada,CA,YouTube channel page,Louis Weisz,OMrUmOTPD_AnSivjxptxpA,5,3,1.7
2017-10-19,Chile,CL,YouTube watch page,Louis Weisz,OMrUmOTPD_AnSivjxptxpA,1,1,1.2
2017-10-19,Cyprus,CY,YouTube watch page,Louis Weisz,OMrUmOTPD_AnSivjxptxpA,1,1,0.6
2017-10-19,Germany,DE,YouTube watch page,Louis Weisz,OMrUmOTPD_AnSivjxptxpA,3,3,1.1
2017-10-19,Germany,DE,YouTube channel page,Louis Weisz,OMrUmOTPD_AnSivjxptxpA,2,1,1.8
2017-10-19,Spain,ES,Embedded in external websites and apps,Louis Weisz,OMrUmOTPD_AnSivjxptxpA,1,1,0.5
2017-10-19,France,FR,YouTube watch page,Louis Weisz,OMrUmOTPD_AnSivjxptxpA,4,3,1.4
2017-10-19,France,FR,YouTube channel page,Louis Weisz,OMrUmOTPD_AnSivjxptxpA,0,1,0.3
2017-10-19,United Kingdom,GB,YouTube watch page,Louis Weisz,OMrUmOTPD_AnSivjxptxpA,23,6,3.9
2017-10-19,United Kingdom,GB,YouTube channel page,Louis Weisz,OMrUmOTPD_AnSivjxptxpA,0,1,0.4
2017-10-19,Ireland,IE,YouTube watch page,Louis Weisz,OMrUmOTPD_AnSivjxptxpA,5,4,1.3
2017-10-19,Japan,JP,YouTube watch page,Louis Weisz,OMrUmOTPD_AnSivjxptxpA,1,1,0.9
2017-10-19,Mexico,MX,YouTube channel page,Louis Weisz,OMrUmOTPD_AnSivjxptxpA,0,1,0.2
2017-10-19,Netherlands,NL,YouTube watch page,Louis Weisz,OMrUmOTPD_AnSivjxptxpA,5,1,5.3
2017-10-19,Netherlands,NL,YouTube channel page,Louis Weisz,OMrUmOTPD_AnSivjxptxpA,3,1,2.7
2017-10-19,Norway,NO,YouTube watch page,Louis Weisz,OMrUmOTPD_AnSivjxptxpA,4,2,1.8
2017-10-19,New Zealand,NZ,YouTube watch page,Louis Weisz,OMrUmOTPD_AnSivjxptxpA,12,2,6.0
2017-10-19,New Zealand,NZ,YouTube channel page,Louis Weisz,OMrUmOTPD_AnSivjxptxpA,1,2,0.3
2017-10-19,Poland,PL,YouTube watch page,Louis Weisz,OMrUmOTPD_AnSivjxptxpA,1,1,0.7
2017-10-19,Poland,PL,YouTube channel page,Louis Weisz,OMrUmOTPD_AnSivjxptxpA,0,1,0.2
2017-10-19,Romania,RO,YouTube watch page,Louis Weisz,OMrUmOTPD_AnSivjxptxpA,4,1,4.3
2017-10-19,Romania,RO,YouTube channel page,Louis Weisz,OMrUmOTPD_AnSivjxptxpA,1,1,1.4
2017-10-19,United States,US,YouTube watch page,Louis Weisz,OMrUmOTPD_AnSivjxptxpA,110,46,2.4
2017-10-19,United States,US,Embedded in external websites and apps,Louis Weisz,OMrUmOTPD_AnSivjxptxpA,4,1,3.5
2017-10-19,United States,US,YouTube channel page,Louis Weisz,OMrUmOTPD_AnSivjxptxpA,7,6,1.1
2017-10-20,Australia,AU,YouTube watch page,Louis Weisz,OMrUmOTPD_AnSivjxptxpA,22,5,4.4
2017-10-20,Australia,AU,Embedded in external websites and apps,Louis Weisz,OMrUmOTPD_AnSivjxptxpA,6,2,2.9
2017-10-20,Canada,CA,YouTube watch page,Louis Weisz,OMrUmOTPD_AnSivjxptxpA,5,3,1.7
2017-10-20,Canada,CA,YouTube channel page,Louis Weisz,OMrUmOTPD_AnSivjxptxpA,1,1,1.0
2017-10-20,Germany,DE,Embedded in external websites and apps,Louis Weisz,OMrUmOTPD_AnSivjxptxpA,4,1,4.3
2017-10-20,Dominican Republic,DO,YouTube watch page,Louis Weisz,OMrUmOTPD_AnSivjxptxpA,4,1,4.0
2017-10-20,France,FR,YouTube watch page,Louis Weisz,OMrUmOTPD_AnSivjxptxpA,10,4,2.6
2017-10-20,United Kingdom,GB,YouTube watch page,Louis Weisz,OMrUmOTPD_AnSivjxptxpA,8,4,2.1
2017-10-20,United Kingdom,GB,YouTube channel page,Louis Weisz,OMrUmOTPD_AnSivjxptxpA,4,3,1.5
2017-10-20,Croatia,HR,YouTube watch page,Louis Weisz,OMrUmOTPD_AnSivjxptxpA,7,2,3.3
2017-10-20,Indonesia,ID,YouTube watch page,Louis Weisz,OMrUmOTPD_AnSivjxptxpA,4,2,2.1
2017-10-20,Italy,IT,YouTube watch page,Louis Weisz,OMrUmOTPD_AnSivjxptxpA,4,1,4.1
2017-10-20,Japan,JP,Embedded in external websites and apps,Louis Weisz,OMrUmOTPD_AnSivjxptxpA,0,1,0.3
2017-10-20,Netherlands,NL,YouTube channel page,Louis Weisz,OMrUmOTPD_AnSivjxptxpA,2,1,1.5
2017-10-20,Norway,NO,YouTube channel page,Louis Weisz,OMrUmOTPD_AnSivjxptxpA,0,1,0.2
2017-10-20,New Zealand,NZ,YouTube watch page,Louis Weisz,OMrUmOTPD_AnSivjxptxpA,3,1,2.7
2017-10-20,Philippines,PH,YouTube watch page,Louis Weisz,OMrUmOTPD_AnSivjxptxpA,3,1,2.9
2017-10-20,Russia,RU,YouTube watch page,Louis Weisz,OMrUmOTPD_AnSivjxptxpA,2,1,1.8
2017-10-20,Russia,RU,Embedded in external websites and apps,Louis Weisz,OMrUmOTPD_AnSivjxptxpA,5,1,4.6
2017-10-20,Sweden,SE,YouTube watch page,Louis Weisz,OMrUmOTPD_AnSivjxptxpA,0,2,0.1
2017-10-20,Slovenia,SI,YouTube watch page,Louis Weisz,OMrUmOTPD_AnSivjxptxpA,1,1,0.7
2017-10-20,United States,US,YouTube watch page,Louis Weisz,OMrUmOTPD_AnSivjxptxpA,120,48,2.5
2017-10-20,United States,US,Embedded in external websites and apps,Louis Weisz,OMrUmOTPD_AnSivjxptxpA,1,1,0.9
2017-10-20,United States,US,YouTube channel page,Louis Weisz,OMrUmOTPD_AnSivjxptxpA,14,14,1.0
2017-10-21,Australia,AU,YouTube watch page,Louis Weisz,OMrUmOTPD_AnSivjxptxpA,8,2,4.0
2017-10-21,Australia,AU,YouTube channel page,Louis Weisz,OMrUmOTPD_AnSivjxptxpA,3,1,3.4
2017-10-21,Brazil,BR,YouTube watch page,Louis Weisz,OMrUmOTPD_AnSivjxptxpA,8,2,3.9
2017-10-21,Canada,CA,YouTube watch page,Louis Weisz,OMrUmOTPD_AnSivjxptxpA,4,3,1.2
2017-10-21,Canada,CA,YouTube channel page,Louis Weisz,OMrUmOTPD_AnSivjxptxpA,4,2,2.1
2017-10-21,Germany,DE,YouTube watch page,Louis Weisz,OMrUmOTPD_AnSivjxptxpA,8,6,1.4
2017-10-21,Germany,DE,YouTube channel page,Louis Weisz,OMrUmOTPD_AnSivjxptxpA,2,1,1.9
2017-10-21,Denmark,DK,YouTube watch page,Louis Weisz,OMrUmOTPD_AnSivjxptxpA,4,1,3.9
2017-10-21,Denmark,DK,YouTube channel page,Louis Weisz,OMrUmOTPD_AnSivjxptxpA,0,1,0.5
2017-10-21,Spain,ES,YouTube watch page,Louis Weisz,OMrUmOTPD_AnSivjxptxpA,1,2,0.5
2017-10-21,Finland,FI,YouTube watch page,Louis Weisz,OMrUmOTPD_AnSivjxptxpA,6,2,3.0
2017-10-21,France,FR,YouTube watch page,Louis Weisz,OMrUmOTPD_AnSivjxptxpA,3,1,2.6
2017-10-21,United Kingdom,GB,YouTube watch page,Louis Weisz,OMrUmOTPD_AnSivjxptxpA,2,4,0.5
2017-10-21,United Kingdom,GB,YouTube channel page,Louis Weisz,OMrUmOTPD_AnSivjxptxpA,1,1,1.1
2017-10-21,Hungary,HU,YouTube watch page,Louis Weisz,OMrUmOTPD_AnSivjxptxpA,3,1,3.1
2017-10-21,India,IN,YouTube watch page,Louis Weisz,OMrUmOTPD_AnSivjxptxpA,5,2,2.5
2017-10-21,Japan,JP,YouTube watch page,Louis Weisz,OMrUmOTPD_AnSivjxptxpA,3,1,3.4
2017-10-21,Netherlands,NL,YouTube watch page,Louis Weisz,OMrUmOTPD_AnSivjxptxpA,11,4,2.9
2017-10-21,Panama,PA,YouTube watch page,Louis Weisz,OMrUmOTPD_AnSivjxptxpA,0,1,0.1
2017-10-21,Romania,RO,YouTube watch page,Louis Weisz,OMrUmOTPD_AnSivjxptxpA,4,1,4.3
2017-10-21,Serbia,RS,YouTube watch page,Louis Weisz,OMrUmOTPD_AnSivjxptxpA,20,7,2.8
2017-10-21,Saudi Arabia,SA,YouTube watch page,Louis Weisz,OMrUmOTPD_AnSivjxptxpA,4,2,2.0
2017-10-21,Singapore,SG,YouTube watch page,Louis Weisz,OMrUmOTPD_AnSivjxptxpA,1,1,1.4
2017-10-21,Singapore,SG,Embedded in external websites and apps,Louis Weisz,OMrUmOTPD_AnSivjxptxpA,3,1,3.0
2017-10-21,United States,US,YouTube watch page,Louis Weisz,OMrUmOTPD_AnSivjxptxpA,106,47,2.2
2017-10-21,United States,US,Embedded in external websites and apps,Louis Weisz,OMrUmOTPD_AnSivjxptxpA,14,2,6.8
2017-10-21,United States,US,YouTube channel page,Louis Weisz,OMrUmOTPD_AnSivjxptxpA,7,6,1.2
2017-10-21,Vietnam,VN,YouTube watch page,Louis Weisz,OMrUmOTPD_AnSivjxptxpA,0,1,0.1
2017-10-22,Argentina,AR,YouTube channel page,Louis Weisz,OMrUmOTPD_AnSivjxptxpA,0,1,0.4
2017-10-22,Australia,AU,Embedded in external websites and apps,Louis Weisz,OMrUmOTPD_AnSivjxptxpA,0,1,0.0
2017-10-22,Bulgaria,BG,YouTube watch page,Louis Weisz,OMrUmOTPD_AnSivjxptxpA,2,1,1.9
2017-10-22,Brazil,BR,YouTube watch page,Louis Weisz,OMrUmOTPD_AnSivjxptxpA,5,2,2.7
2017-10-22,Brazil,BR,YouTube channel page,Louis Weisz,OMrUmOTPD_AnSivjxptxpA,1,1,1.5
2017-10-22,Canada,CA,YouTube watch page,Louis Weisz,OMrUmOTPD_AnSivjxptxpA,18,5,3.7
2017-10-22,Canada,CA,YouTube channel page,Louis Weisz,OMrUmOTPD_AnSivjxptxpA,1,1,0.9
2017-10-22,Switzerland,CH,YouTube watch page,Louis Weisz,OMrUmOTPD_AnSivjxptxpA,8,2,3.9
2017-10-22,Czechia,CZ,YouTube watch page,Louis Weisz,OMrUmOTPD_AnSivjxptxpA,16,4,4.0
2017-10-22,Czechia,CZ,YouTube channel page,Louis Weisz,OMrUmOTPD_AnSivjxptxpA,0,1,0.2
2017-10-22,Germany,DE,YouTube watch page,Louis Weisz,OMrUmOTPD_AnSivjxptxpA,35,22,1.6
2017-10-22,Germany,DE,YouTube channel page,Louis Weisz,OMrUmOTPD_AnSivjxptxpA,4,1,3.6
2017-10-22,Ecuador,EC,YouTube watch page,Louis Weisz,OMrUmOTPD_AnSivjxptxpA,10,2,4.9
2017-10-22,Spain,ES,YouTube watch page,Louis Weisz,OMrUmOTPD_AnSivjxptxpA,4,2,2.0
2017-10-22,Finland,FI,YouTube watch page,Louis Weisz,OMrUmOTPD_AnSivjxptxpA,0,1,0.5
2017-10-22,Finland,FI,YouTube channel page,Louis Weisz,OMrUmOTPD_AnSivjxptxpA,3,1,3.2
2017-10-22,France,FR,YouTube channel page,Louis Weisz,OMrUmOTPD_AnSivjxptxpA,1,1,0.6
2017-10-22,United Kingdom,GB,YouTube watch page,Louis Weisz,OMrUmOTPD_AnSivjxptxpA,31,11,2.8
2017-10-22,United Kingdom,GB,YouTube channel page,Louis Weisz,OMrUmOTPD_AnSivjxptxpA,6,3,1.8
2017-10-22,Hungary,HU,YouTube watch page,Louis Weisz,OMrUmOTPD_AnSivjxptxpA,1,2,0.7
2017-10-22,Indonesia,ID,YouTube watch page,Louis Weisz,OMrUmOTPD_AnSivjxptxpA,8,4,2.0
2017-10-22,Israel,IL,YouTube watch page,Louis Weisz,OMrUmOTPD_AnSivjxptxpA,8,3,2.6
2017-10-22,India,IN,YouTube watch page,Louis Weisz,OMrUmOTPD_AnSivjxptxpA,0,2,0.2
2017-10-22,Italy,IT,YouTube watch page,Louis Weisz,OMrUmOTPD_AnSivjxptxpA,1,1,1.5
2017-10-22,Cambodia,KH,YouTube watch page,Louis Weisz,OMrUmOTPD_AnSivjxptxpA,0,1,0.1
2017-10-22,Morocco,MA,YouTube channel page,Louis Weisz,OMrUmOTPD_AnSivjxptxpA,4,1,3.6
2017-10-22,Mexico,MX,YouTube watch page,Louis Weisz,OMrUmOTPD_AnSivjxptxpA,13,4,3.3
2017-10-22,Malaysia,MY,YouTube watch page,Louis Weisz,OMrUmOTPD_AnSivjxptxpA,0,1,0.5
2017-10-22,New Zealand,NZ,YouTube channel page,Louis Weisz,OMrUmOTPD_AnSivjxptxpA,3,1,3.4
2017-10-22,Peru,PE,YouTube watch page,Louis Weisz,OMrUmOTPD_AnSivjxptxpA,7,2,3.6
2017-10-22,Poland,PL,YouTube watch page,Louis Weisz,OMrUmOTPD_AnSivjxptxpA,0,1,0.2
2017-10-22,Poland,PL,YouTube channel page,Louis Weisz,OMrUmOTPD_AnSivjxptxpA,3,1,3.0
2017-10-22,Réunion,RE,YouTube watch page,Louis Weisz,OMrUmOTPD_AnSivjxptxpA,0,1,0.3
2017-10-22,Saudi Arabia,SA,YouTube watch page,Louis Weisz,OMrUmOTPD_AnSivjxptxpA,1,1,0.6
2017-10-22,Sweden,SE,YouTube watch page,Louis Weisz,OMrUmOTPD_AnSivjxptxpA,6,1,6.2
2017-10-22,Turkey,TR,YouTube watch page,Louis Weisz,OMrUmOTPD_AnSivjxptxpA,1,2,0.6
2017-10-22,Turkey,TR,YouTube channel page,Louis Weisz,OMrUmOTPD_AnSivjxptxpA,1,1,1.0
2017-10-22,United States,US,YouTube watch page,Louis Weisz,OMrUmOTPD_AnSivjxptxpA,176,79,2.2
2017-10-22,United States,US,Embedded in external websites and apps,Louis Weisz,OMrUmOTPD_AnSivjxptxpA,6,1,6.2
2017-10-22,United States,US,YouTube channel page,Louis Weisz,OMrUmOTPD_AnSivjxptxpA,21,18,1.1
2017-10-23,Austria,AT,YouTube watch page,Louis Weisz,OMrUmOTPD_AnSivjxptxpA,6,1,6.0
2017-10-23,Austria,AT,YouTube channel page,Louis Weisz,OMrUmOTPD_AnSivjxptxpA,3,1,2.7
2017-10-23,Australia,AU,YouTube watch page,Louis Weisz,OMrUmOTPD_AnSivjxptxpA,10,4,2.6
2017-10-23,Belgium,BE,YouTube watch page,Louis Weisz,OMrUmOTPD_AnSivjxptxpA,0,1,0.3
2017-10-23,Canada,CA,YouTube watch page,Louis Weisz,OMrUmOTPD_AnSivjxptxpA,5,4,1.2
2017-10-23,Canada,CA,YouTube channel page,Louis Weisz,OMrUmOTPD_AnSivjxptxpA,2,2,0.8
2017-10-23,Germany,DE,YouTube watch page,Louis Weisz,OMrUmOTPD_AnSivjxptxpA,13,5,2.6
2017-10-23,Germany,DE,YouTube channel page,Louis Weisz,OMrUmOTPD_AnSivjxptxpA,1,3,0.4
2017-10-23,Ecuador,EC,YouTube watch page,Louis Weisz,OMrUmOTPD_AnSivjxptxpA,7,4,1.8
2017-10-23,Spain,ES,Embedded in external websites and apps,Louis Weisz,OMrUmOTPD_AnSivjxptxpA,5,1,4.7
2017-10-23,Finland,FI,YouTube watch page,Louis Weisz,OMrUmOTPD_AnSivjxptxpA,6,1,5.5
2017-10-23,United Kingdom,GB,YouTube watch page,Louis Weisz,OMrUmOTPD_AnSivjxptxpA,43,13,3.3
2017-10-23,United Kingdom,GB,YouTube channel page,Louis Weisz,OMrUmOTPD_AnSivjxptxpA,4,1,3.6
2017-10-23,Honduras,HN,YouTube watch page,Louis Weisz,OMrUmOTPD_AnSivjxptxpA,0,1,0.1
2017-10-23,Italy,IT,YouTube watch page,Louis Weisz,OMrUmOTPD_AnSivjxptxpA,7,4,1.7
2017-10-23,Italy,IT,YouTube channel page,Louis Weisz,OMrUmOTPD_AnSivjxptxpA,0,1,0.5
2017-10-23,Japan,JP,YouTube watch page,Louis Weisz,OMrUmOTPD_AnSivjxptxpA,4,1,4.0
2017-10-23,Malaysia,MY,YouTube watch page,Louis Weisz,OMrUmOTPD_AnSivjxptxpA,6,1,5.6
2017-10-23,Netherlands,NL,YouTube watch page,Louis Weisz,OMrUmOTPD_AnSivjxptxpA,0,1,0.1
2017-10-23,Norway,NO,YouTube watch page,Louis Weisz,OMrUmOTPD_AnSivjxptxpA,6,1,5.8
2017-10-23,Norway,NO,YouTube channel page,Louis Weisz,OMrUmOTPD_AnSivjxptxpA,0,1,0.4
2017-10-23,Pakistan,PK,YouTube watch page,Louis Weisz,OMrUmOTPD_AnSivjxptxpA,10,2,5.2
2017-10-23,Pakistan,PK,YouTube channel page,Louis Weisz,OMrUmOTPD_AnSivjxptxpA,0,1,0.5
2017-10-23,Portugal,PT,YouTube watch page,Louis Weisz,OMrUmOTPD_AnSivjxptxpA,2,1,1.9
2017-10-23,Trinidad & Tobago,TT,YouTube watch page,Louis Weisz,OMrUmOTPD_AnSivjxptxpA,0,1,0.4
2017-10-23,United States,US,YouTube watch page,Louis Weisz,OMrUmOTPD_AnSivjxptxpA,124,63,2.0
2017-10-23,United States,US,Embedded in external websites and apps,Louis Weisz,OMrUmOTPD_AnSivjxptxpA,1,1,1.0
2017-10-23,United States,US,YouTube channel page,Louis Weisz,OMrUmOTPD_AnSivjxptxpA,8,7,1.1
2017-10-24,United Arab Emirates,AE,YouTube watch page,Louis Weisz,OMrUmOTPD_AnSivjxptxpA,3,1,2.7
2017-10-24,Austria,AT,YouTube watch page,Louis Weisz,OMrUmOTPD_AnSivjxptxpA,6,4,1.6
2017-10-24,Australia,AU,YouTube watch page,Louis Weisz,OMrUmOTPD_AnSivjxptxpA,2,2,0.9
2017-10-24,Canada,CA,YouTube watch page,Louis Weisz,OMrUmOTPD_AnSivjxptxpA,8,4,1.9
2017-10-24,Canada,CA,YouTube channel page,Louis Weisz,OMrUmOTPD_AnSivjxptxpA,0,1,0.4
2017-10-24,Chile,CL,YouTube watch page,Louis Weisz,OMrUmOTPD_AnSivjxptxpA,0,1,0.0
2017-10-24,Germany,DE,YouTube watch page,Louis Weisz,OMrUmOTPD_AnSivjxptxpA,1,2,0.7
2017-10-24,Dominican Republic,DO,YouTube watch page,Louis Weisz,OMrUmOTPD_AnSivjxptxpA,4,1,4.1
2017-10-24,France,FR,YouTube watch page,Louis Weisz,OMrUmOTPD_AnSivjxptxpA,7,4,1.9
2017-10-24,United Kingdom,GB,YouTube watch page,Louis Weisz,OMrUmOTPD_AnSivjxptxpA,3,2,1.7
2017-10-24,United Kingdom,GB,YouTube channel page,Louis Weisz,OMrUmOTPD_AnSivjxptxpA,3,2,1.6
2017-10-24,India,IN,YouTube watch page,Louis Weisz,OMrUmOTPD_AnSivjxptxpA,1,1,0.8
2017-10-24,Iceland,IS,YouTube watch page,Louis Weisz,OMrUmOTPD_AnSivjxptxpA,2,3,0.6
2017-10-24,Iceland,IS,YouTube channel page,Louis Weisz,OMrUmOTPD_AnSivjxptxpA,0,1,0.3
2017-10-24,Italy,IT,YouTube watch page,Louis Weisz,OMrUmOTPD_AnSivjxptxpA,14,6,2.4
2017-10-24,Lithuania,LT,YouTube channel page,Louis Weisz,OMrUmOTPD_AnSivjxptxpA,0,1,0.3
2017-10-24,Mauritius,MU,YouTube watch page,Louis Weisz,OMrUmOTPD_AnSivjxptxpA,1,2,0.5
2017-10-24,Norway,NO,YouTube watch page,Louis Weisz,OMrUmOTPD_AnSivjxptxpA,4,1,3.6
2017-10-24,Philippines,PH,YouTube channel page,Louis Weisz,OMrUmOTPD_AnSivjxptxpA,1,1,0.6
2017-10-24,Poland,PL,YouTube watch page,Louis Weisz,OMrUmOTPD_AnSivjxptxpA,1,6,0.1
2017-10-24,Russia,RU,YouTube watch page,Louis Weisz,OMrUmOTPD_AnSivjxptxpA,0,1,0.2
2017-10-24,Slovakia,SK,YouTube watch page,Louis Weisz,OMrUmOTPD_AnSivjxptxpA,0,1,0.5
2017-10-24,United States,US,YouTube watch page,Louis Weisz,OMrUmOTPD_AnSivjxptxpA,133,47,2.8
2017-10-24,United States,US,Embedded in external websites and apps,Louis Weisz,OMrUmOTPD_AnSivjxptxpA,15,3,4.8
2017-10-24,United States,US,YouTube channel page,Louis Weisz,OMrUmOTPD_AnSivjxptxpA,11,10,1.1
2017-10-25,United Arab Emirates,AE,YouTube watch page,Louis Weisz,OMrUmOTPD_AnSivjxptxpA,6,1,5.9
2017-10-25,United Arab Emirates,AE,YouTube channel page,Louis Weisz,OMrUmOTPD_AnSivjxptxpA,0,1,0.3
2017-10-25,Austria,AT,YouTube watch page,Louis Weisz,OMrUmOTPD_AnSivjxptxpA,6,2,3.0
2017-10-25,Austria,AT,YouTube channel page,Louis Weisz,OMrUmOTPD_AnSivjxptxpA,6,3,2.0
2017-10-25,Australia,AU,YouTube watch page,Louis Weisz,OMrUmOTPD_AnSivjxptxpA,1,2,0.6
2017-10-25,Australia,AU,Embedded in external websites and apps,Louis Weisz,OMrUmOTPD_AnSivjxptxpA,0,1,0.0
2017-10-25,Brazil,BR,YouTube watch page,Louis Weisz,OMrUmOTPD_AnSivjxptxpA,3,1,2.9
2017-10-25,Canada,CA,YouTube watch page,Louis Weisz,OMrUmOTPD_AnSivjxptxpA,6,3,2.0
2017-10-25,Czechia,CZ,YouTube watch page,Louis Weisz,OMrUmOTPD_AnSivjxptxpA,5,1,4.6
2017-10-25,Czechia,CZ,YouTube channel page,Louis Weisz,OMrUmOTPD_AnSivjxptxpA,0,1,0.2
2017-10-25,Germany,DE,YouTube watch page,Louis Weisz,OMrUmOTPD_AnSivjxptxpA,11,5,2.3
2017-10-25,Denmark,DK,YouTube watch page,Louis Weisz,OMrUmOTPD_AnSivjxptxpA,2,1,2.5
2017-10-25,United Kingdom,GB,YouTube watch page,Louis Weisz,OMrUmOTPD_AnSivjxptxpA,21,8,2.6
2017-10-25,United Kingdom,GB,YouTube channel page,Louis Weisz,OMrUmOTPD_AnSivjxptxpA,0,1,0.4
2017-10-25,Guatemala,GT,YouTube watch page,Louis Weisz,OMrUmOTPD_AnSivjxptxpA,4,3,1.3
2017-10-25,Croatia,HR,YouTube watch page,Louis Weisz,OMrUmOTPD_AnSivjxptxpA,6,5,1.2
2017-10-25,India,IN,YouTube watch page,Louis Weisz,OMrUmOTPD_AnSivjxptxpA,4,2,1.9
2017-10-25,Italy,IT,YouTube watch page,Louis Weisz,OMrUmOTPD_AnSivjxptxpA,4,2,2.2
2017-10-25,Japan,JP,YouTube watch page,Louis Weisz,OMrUmOTPD_AnSivjxptxpA,2,1,2.0
2017-10-25,Mexico,MX,YouTube watch page,Louis Weisz,OMrUmOTPD_AnSivjxptxpA,18,4,4.5
2017-10-25,Netherlands,NL,YouTube watch page,Louis Weisz,OMrUmOTPD_AnSivjxptxpA,12,6,2.0
2017-10-25,Sweden,SE,YouTube watch page,Louis Weisz,OMrUmOTPD_AnSivjxptxpA,5,5,1.1
2017-10-25,Sweden,SE,YouTube channel page,Louis Weisz,OMrUmOTPD_AnSivjxptxpA,3,1,3.4
2017-10-25,United States,US,YouTube watch page,Louis Weisz,OMrUmOTPD_AnSivjxptxpA,115,45,2.5
2017-10-25,United States,US,Embedded in external websites and apps,Louis Weisz,OMrUmOTPD_AnSivjxptxpA,10,5,1.9
2017-10-25,United States,US,YouTube channel page,Louis Weisz,OMrUmOTPD_AnSivjxptxpA,3,2,1.7
2017-10-25,Venezuela,VE,YouTube channel page,Louis Weisz,OMrUmOTPD_AnSivjxptxpA,1,1,0.6
2017-10-25,Vietnam,VN,YouTube watch page,Louis Weisz,OMrUmOTPD_AnSivjxptxpA,1,1,0.8
2017-10-26,Australia,AU,YouTube watch page,Louis Weisz,OMrUmOTPD_AnSivjxptxpA,1,2,0.6
2017-10-26,Australia,AU,YouTube channel page,Louis Weisz,OMrUmOTPD_AnSivjxptxpA,0,1,0.3
2017-10-26,Belgium,BE,YouTube watch page,Louis Weisz,OMrUmOTPD_AnSivjxptxpA,1,1,0.5
2017-10-26,Belgium,BE,YouTube channel page,Louis Weisz,OMrUmOTPD_AnSivjxptxpA,0,1,0.4
2017-10-26,Brazil,BR,YouTube watch page,Louis Weisz,OMrUmOTPD_AnSivjxptxpA,1,1,0.9
2017-10-26,Canada,CA,YouTube watch page,Louis Weisz,OMrUmOTPD_AnSivjxptxpA,5,6,0.9
2017-10-26,Canada,CA,YouTube channel page,Louis Weisz,OMrUmOTPD_AnSivjxptxpA,0,1,0.2
2017-10-26,Germany,DE,YouTube watch page,Louis Weisz,OMrUmOTPD_AnSivjxptxpA,11,7,1.5
2017-10-26,Dominican Republic,DO,YouTube watch page,Louis Weisz,OMrUmOTPD_AnSivjxptxpA,5,2,2.3
2017-10-26,Finland,FI,YouTube watch page,Louis Weisz,OMrUmOTPD_AnSivjxptxpA,0,1,0.4
2017-10-26,France,FR,YouTube watch page,Louis Weisz,OMrUmOTPD_AnSivjxptxpA,3,1,3.4
2017-10-26,United Kingdom,GB,YouTube watch page,Louis Weisz,OMrUmOTPD_AnSivjxptxpA,30,8,3.7
2017-10-26,Ireland,IE,YouTube watch page,Louis Weisz,OMrUmOTPD_AnSivjxptxpA,0,1,0.5
2017-10-26,Israel,IL,YouTube channel page,Louis Weisz,OMrUmOTPD_AnSivjxptxpA,1,1,0.6
2017-10-26,Norway,NO,YouTube watch page,Louis Weisz,OMrUmOTPD_AnSivjxptxpA,0,1,0.4
2017-10-26,New Zealand,NZ,Embedded in external websites and apps,Louis Weisz,OMrUmOTPD_AnSivjxptxpA,4,1,3.6
2017-10-26,Philippines,PH,YouTube watch page,Louis Weisz,OMrUmOTPD_AnSivjxptxpA,6,1,6.2
2017-10-26,Pakistan,PK,YouTube watch page,Louis Weisz,OMrUmOTPD_AnSivjxptxpA,0,1,0.1
2017-10-26,Poland,PL,YouTube watch page,Louis Weisz,OMrUmOTPD_AnSivjxptxpA,10,3,3.5
2017-10-26,Sweden,SE,YouTube watch page,Louis Weisz,OMrUmOTPD_AnSivjxptxpA,0,1,0.1
2017-10-26,Singapore,SG,YouTube watch page,Louis Weisz,OMrUmOTPD_AnSivjxptxpA,0,1,0.3
2017-10-26,Slovenia,SI,YouTube watch page,Louis Weisz,OMrUmOTPD_AnSivjxptxpA,1,2,0.6
2017-10-26,Slovakia,SK,YouTube watch page,Louis Weisz,OMrUmOTPD_AnSivjxptxpA,6,1,6.1
2017-10-26,United States,US,YouTube watch page,Louis Weisz,OMrUmOTPD_AnSivjxptxpA,142,56,2.5
2017-10-26,United States,US,YouTube channel page,Louis Weisz,OMrUmOTPD_AnSivjxptxpA,11,8,1.3
2017-10-27,United Arab Emirates,AE,YouTube watch page,Louis Weisz,OMrUmOTPD_AnSivjxptxpA,7,2,3.4
2017-10-27,Australia,AU,YouTube watch page,Louis Weisz,OMrUmOTPD_AnSivjxptxpA,20,6,3.3
2017-10-27,Australia,AU,Embedded in external websites and apps,Louis Weisz,OMrUmOTPD_AnSivjxptxpA,0,1,0.1
2017-10-27,Aruba,AW,YouTube watch page,Louis Weisz,OMrUmOTPD_AnSivjxptxpA,3,1,2.8
2017-10-27,Bangladesh,BD,YouTube watch page,Louis Weisz,OMrUmOTPD_AnSivjxptxpA,3,1,2.8
2017-10-27,Canada,CA,YouTube watch page,Louis Weisz,OMrUmOTPD_AnSivjxptxpA,14,7,2.1
2017-10-27,Switzerland,CH,YouTube watch page,Louis Weisz,OMrUmOTPD_AnSivjxptxpA,3,1,3.4
2017-10-27,United Kingdom,GB,YouTube watch page,Louis Weisz,OMrUmOTPD_AnSivjxptxpA,8,4,2.1
2017-10-27,Hungary,HU,YouTube watch page,Louis Weisz,OMrUmOTPD_AnSivjxptxpA,0,1,0.2
2017-10-27,India,IN,YouTube watch page,Louis Weisz,OMrUmOTPD_AnSivjxptxpA,1,3,0.4
2017-10-27,Mexico,MX,YouTube watch page,Louis Weisz,OMrUmOTPD_AnSivjxptxpA,1,1,0.5
2017-10-27,Netherlands,NL,YouTube watch page,Louis Weisz,OMrUmOTPD_AnSivjxptxpA,8,5,1.5
2017-10-27,Pakistan,PK,YouTube watch page,Louis Weisz,OMrUmOTPD_AnSivjxptxpA,1,3,0.5
2017-10-27,Poland,PL,YouTube channel page,Louis Weisz,OMrUmOTPD_AnSivjxptxpA,0,1,0.3
2017-10-27,Serbia,RS,YouTube channel page,Louis Weisz,OMrUmOTPD_AnSivjxptxpA,0,1,0.2
2017-10-27,Sweden,SE,YouTube watch page,Louis Weisz,OMrUmOTPD_AnSivjxptxpA,1,1,1.2
2017-10-27,Slovakia,SK,YouTube watch page,Louis Weisz,OMrUmOTPD_AnSivjxptxpA,2,1,2.0
2017-10-27,United States,US,YouTube watch page,Louis Weisz,OMrUmOTPD_AnSivjxptxpA,121,47,2.6
2017-10-27,United States,US,Embedded in external websites and apps,Louis Weisz,OMrUmOTPD_AnSivjxptxpA,3,1,3.4
2017-10-27,United States,US,YouTube channel page,Louis Weisz,OMrUmOTPD_AnSivjxptxpA,2,7,0.3
2017-10-28,Argentina,AR,Embedded in external websites and apps,Louis Weisz,OMrUmOTPD_AnSivjxptxpA,0,1,0.1
2017-10-28,Australia,AU,YouTube watch page,Louis Weisz,OMrUmOTPD_AnSivjxptxpA,8,2,4.1
2017-10-28,Australia,AU,Embedded in external websites and apps,Louis Weisz,OMrUmOTPD_AnSivjxptxpA,0,3,0.0
2017-10-28,Belgium,BE,YouTube watch page,Louis Weisz,OMrUmOTPD_AnSivjxptxpA,29,13,2.2
2017-10-28,Brazil,BR,YouTube watch page,Louis Weisz,OMrUmOTPD_AnSivjxptxpA,1,3,0.3
2017-10-28,Canada,CA,YouTube watch page,Louis Weisz,OMrUmOTPD_AnSivjxptxpA,15,3,5.1
2017-10-28,Switzerland,CH,YouTube watch page,Louis Weisz,OMrUmOTPD_AnSivjxptxpA,6,3,1.9
2017-10-28,Czechia,CZ,YouTube watch page,Louis Weisz,OMrUmOTPD_AnSivjxptxpA,6,1,5.9
2017-10-28,Germany,DE,YouTube watch page,Louis Weisz,OMrUmOTPD_AnSivjxptxpA,3,3,1.0
2017-10-28,Denmark,DK,YouTube watch page,Louis Weisz,OMrUmOTPD_AnSivjxptxpA,4,1,3.7
2017-10-28,Denmark,DK,YouTube channel page,Louis Weisz,OMrUmOTPD_AnSivjxptxpA,0,1,0.3
2017-10-28,Spain,ES,Embedded in external websites and apps,Louis Weisz,OMrUmOTPD_AnSivjxptxpA,5,1,4.8
2017-10-28,United Kingdom,GB,YouTube watch page,Louis Weisz,OMrUmOTPD_AnSivjxptxpA,23,10,2.3
2017-10-28,United Kingdom,GB,YouTube channel page,Louis Weisz,OMrUmOTPD_AnSivjxptxpA,1,2,0.3
2017-10-28,Indonesia,ID,YouTube watch page,Louis Weisz,OMrUmOTPD_AnSivjxptxpA,0,1,0.0
2017-10-28,Ireland,IE,YouTube watch page,Louis Weisz,OMrUmOTPD_AnSivjxptxpA,1,1,0.5
2017-10-28,India,IN,YouTube watch page,Louis Weisz,OMrUmOTPD_AnSivjxptxpA,9,11,0.8
2017-10-28,Netherlands,NL,YouTube watch page,Louis Weisz,OMrUmOTPD_AnSivjxptxpA,1,2,0.3
2017-10-28,Norway,NO,YouTube channel page,Louis Weisz,OMrUmOTPD_AnSivjxptxpA,1,1,0.8
2017-10-28,New Zealand,NZ,YouTube watch page,Louis Weisz,OMrUmOTPD_AnSivjxptxpA,1,1,1.5
2017-10-28,Singapore,SG,YouTube watch page,Louis Weisz,OMrUmOTPD_AnSivjxptxpA,10,3,3.2
2017-10-28,United States,US,YouTube watch page,Louis Weisz,OMrUmOTPD_AnSivjxptxpA,144,56,2.6
2017-10-28,United States,US,Embedded in external websites and apps,Louis Weisz,OMrUmOTPD_AnSivjxptxpA,7,1,7.1
2017-10-28,United States,US,YouTube channel page,Louis Weisz,OMrUmOTPD_AnSivjxptxpA,7,7,1.0
2017-10-28,Vietnam,VN,YouTube watch page,Louis Weisz,OMrUmOTPD_AnSivjxptxpA,1,1,1.4
2017-10-29,Australia,AU,YouTube watch page,Louis Weisz,OMrUmOTPD_AnSivjxptxpA,3,1,3.2
2017-10-29,Australia,AU,Embedded in external websites and apps,Louis Weisz,OMrUmOTPD_AnSivjxptxpA,0,1,0.0
2017-10-29,Australia,AU,YouTube channel page,Louis Weisz,OMrUmOTPD_AnSivjxptxpA,0,1,0.4
2017-10-29,Brazil,BR,YouTube watch page,Louis Weisz,OMrUmOTPD_AnSivjxptxpA,1,1,0.9
2017-10-29,Brazil,BR,Embedded in external websites and apps,Louis Weisz,OMrUmOTPD_AnSivjxptxpA,3,1,3.2
2017-10-29,Canada,CA,YouTube watch page,Louis Weisz,OMrUmOTPD_AnSivjxptxpA,20,7,2.9
2017-10-29,Czechia,CZ,YouTube watch page,Louis Weisz,OMrUmOTPD_AnSivjxptxpA,9,4,2.4
2017-10-29,Czechia,CZ,YouTube channel page,Louis Weisz,OMrUmOTPD_AnSivjxptxpA,0,1,0.2
2017-10-29,Germany,DE,YouTube watch page,Louis Weisz,OMrUmOTPD_AnSivjxptxpA,3,6,0.5
2017-10-29,Estonia,EE,YouTube channel page,Louis Weisz,OMrUmOTPD_AnSivjxptxpA,1,1,1.0
2017-10-29,Finland,FI,YouTube watch page,Louis Weisz,OMrUmOTPD_AnSivjxptxpA,1,2,0.5
2017-10-29,France,FR,YouTube watch page,Louis Weisz,OMrUmOTPD_AnSivjxptxpA,21,5,4.1
2017-10-29,France,FR,Embedded in external websites and apps,Louis Weisz,OMrUmOTPD_AnSivjxptxpA,2,1,1.8
2017-10-29,United Kingdom,GB,YouTube watch page,Louis Weisz,OMrUmOTPD_AnSivjxptxpA,9,9,1.0
2017-10-29,United Kingdom,GB,Embedded in external websites and apps,Louis Weisz,OMrUmOTPD_AnSivjxptxpA,3,1,2.6
2017-10-29,United Kingdom,GB,YouTube channel page,Louis Weisz,OMrUmOTPD_AnSivjxptxpA,0,2,0.2
2017-10-29,Georgia,GE,YouTube watch page,Louis Weisz,OMrUmOTPD_AnSivjxptxpA,0,1,0.2
2017-10-29,Indonesia,ID,YouTube watch page,Louis Weisz,OMrUmOTPD_AnSivjxptxpA,3,1,3.0
2017-10-29,India,IN,YouTube watch page,Louis Weisz,OMrUmOTPD_AnSivjxptxpA,2,1,2.1
2017-10-29,Mauritius,MU,YouTube watch page,Louis Weisz,OMrUmOTPD_AnSivjxptxpA,1,1,0.5
2017-10-29,Mexico,MX,YouTube watch page,Louis Weisz,OMrUmOTPD_AnSivjxptxpA,1,1,1.1
2017-10-29,Poland,PL,YouTube watch page,Louis Weisz,OMrUmOTPD_AnSivjxptxpA,7,2,3.4
2017-10-29,United States,US,YouTube watch page,Louis Weisz,OMrUmOTPD_AnSivjxptxpA,153,51,3.0
2017-10-29,United States,US,Embedded in external websites and apps,Louis Weisz,OMrUmOTPD_AnSivjxptxpA,3,1,3.4
2017-10-29,United States,US,YouTube channel page,Louis Weisz,OMrUmOTPD_AnSivjxptxpA,5,8,0.6
2017-10-29,South Africa,ZA,YouTube watch page,Louis Weisz,OMrUmOTPD_AnSivjxptxpA,2,2,0.9
2017-10-30,Australia,AU,YouTube watch page,Louis Weisz,OMrUmOTPD_AnSivjxptxpA,18,4,4.5
2017-10-30,Australia,AU,Embedded in external websites and apps,Louis Weisz,OMrUmOTPD_AnSivjxptxpA,0,1,0.0
2017-10-30,Brazil,BR,YouTube watch page,Louis Weisz,OMrUmOTPD_AnSivjxptxpA,0,1,0.1
2017-10-30,Canada,CA,YouTube watch page,Louis Weisz,OMrUmOTPD_AnSivjxptxpA,13,4,3.3
2017-10-30,Germany,DE,YouTube watch page,Louis Weisz,OMrUmOTPD_AnSivjxptxpA,13,3,4.2
2017-10-30,Denmark,DK,YouTube watch page,Louis Weisz,OMrUmOTPD_AnSivjxptxpA,4,1,4.0
2017-10-30,Spain,ES,YouTube watch page,Louis Weisz,OMrUmOTPD_AnSivjxptxpA,4,2,1.9
2017-10-30,United Kingdom,GB,YouTube watch page,Louis Weisz,OMrUmOTPD_AnSivjxptxpA,9,7,1.3
2017-10-30,United Kingdom,GB,YouTube channel page,Louis Weisz,OMrUmOTPD_AnSivjxptxpA,1,1,0.5
2017-10-30,India,IN,YouTube watch page,Louis Weisz,OMrUmOTPD_AnSivjxptxpA,2,1,2.0
2017-10-30,Lithuania,LT,YouTube watch page,Louis Weisz,OMrUmOTPD_AnSivjxptxpA,2,1,2.0
2017-10-30,Lithuania,LT,YouTube channel page,Louis Weisz,OMrUmOTPD_AnSivjxptxpA,0,1,0.4
2017-10-30,Mexico,MX,YouTube watch page,Louis Weisz,OMrUmOTPD_AnSivjxptxpA,4,1,4.3
2017-10-30,Netherlands,NL,Embedded in external websites and apps,Louis Weisz,OMrUmOTPD_AnSivjxptxpA,4,1,3.8
2017-10-30,Norway,NO,YouTube watch page,Louis Weisz,OMrUmOTPD_AnSivjxptxpA,4,2,1.9
2017-10-30,Panama,PA,Embedded in external websites and apps,Louis Weisz,OMrUmOTPD_AnSivjxptxpA,0,1,0.5
2017-10-30,Philippines,PH,YouTube watch page,Louis Weisz,OMrUmOTPD_AnSivjxptxpA,5,2,2.6
2017-10-30,Pakistan,PK,YouTube watch page,Louis Weisz,OMrUmOTPD_AnSivjxptxpA,2,1,2.1
2017-10-30,Poland,PL,YouTube watch page,Louis Weisz,OMrUmOTPD_AnSivjxptxpA,1,1,0.7
2017-10-30,Portugal,PT,YouTube watch page,Louis Weisz,OMrUmOTPD_AnSivjxptxpA,3,1,2.5
2017-10-30,Romania,RO,YouTube watch page,Louis Weisz,OMrUmOTPD_AnSivjxptxpA,4,2,2.2
2017-10-30,Russia,RU,YouTube watch page,Louis Weisz,OMrUmOTPD_AnSivjxptxpA,1,1,1.1
2017-10-30,Sweden,SE,YouTube watch page,Louis Weisz,OMrUmOTPD_AnSivjxptxpA,2,2,0.8
2017-10-30,Suriname,SR,YouTube watch page,Louis Weisz,OMrUmOTPD_AnSivjxptxpA,4,2,1.9
2017-10-30,United States,US,YouTube watch page,Louis Weisz,OMrUmOTPD_AnSivjxptxpA,143,53,2.7
2017-10-30,United States,US,Embedded in external websites and apps,Louis Weisz,OMrUmOTPD_AnSivjxptxpA,2,2,1.2
2017-10-30,United States,US,YouTube channel page,Louis Weisz,OMrUmOTPD_AnSivjxptxpA,7,12,0.6
2017-10-30,Unknown Region,ZZ,YouTube watch page,Louis Weisz,OMrUmOTPD_AnSivjxptxpA,1,1,0.8
2017-10-31,Australia,AU,Embedded in external websites and apps,Louis Weisz,OMrUmOTPD_AnSivjxptxpA,0,1,0.0
2017-10-31,Bangladesh,BD,YouTube watch page,Louis Weisz,OMrUmOTPD_AnSivjxptxpA,3,1,3.3
2017-10-31,Bulgaria,BG,YouTube watch page,Louis Weisz,OMrUmOTPD_AnSivjxptxpA,0,1,0.1
2017-10-31,Brazil,BR,YouTube watch page,Louis Weisz,OMrUmOTPD_AnSivjxptxpA,5,1,4.9
2017-10-31,Brazil,BR,YouTube channel page,Louis Weisz,OMrUmOTPD_AnSivjxptxpA,1,1,0.6
2017-10-31,Canada,CA,YouTube watch page,Louis Weisz,OMrUmOTPD_AnSivjxptxpA,3,4,0.8
2017-10-31,Germany,DE,YouTube watch page,Louis Weisz,OMrUmOTPD_AnSivjxptxpA,15,12,1.3
2017-10-31,Germany,DE,YouTube channel page,Louis Weisz,OMrUmOTPD_AnSivjxptxpA,1,1,1.5
2017-10-31,United Kingdom,GB,YouTube watch page,Louis Weisz,OMrUmOTPD_AnSivjxptxpA,17,7,2.5
2017-10-31,Hong Kong,HK,YouTube watch page,Louis Weisz,OMrUmOTPD_AnSivjxptxpA,1,1,0.7
2017-10-31,Hong Kong,HK,YouTube channel page,Louis Weisz,OMrUmOTPD_AnSivjxptxpA,0,1,0.3
2017-10-31,Ireland,IE,YouTube watch page,Louis Weisz,OMrUmOTPD_AnSivjxptxpA,6,1,6.0
2017-10-31,Lithuania,LT,YouTube watch page,Louis Weisz,OMrUmOTPD_AnSivjxptxpA,0,1,0.3
2017-10-31,Mexico,MX,YouTube watch page,Louis Weisz,OMrUmOTPD_AnSivjxptxpA,5,1,4.6
2017-10-31,New Zealand,NZ,YouTube channel page,Louis Weisz,OMrUmOTPD_AnSivjxptxpA,1,1,0.6
2017-10-31,Poland,PL,YouTube watch page,Louis Weisz,OMrUmOTPD_AnSivjxptxpA,0,1,0.3
2017-10-31,Russia,RU,YouTube watch page,Louis Weisz,OMrUmOTPD_AnSivjxptxpA,0,1,0.2
2017-10-31,Sweden,SE,YouTube watch page,Louis Weisz,OMrUmOTPD_AnSivjxptxpA,7,2,3.6
2017-10-31,United States,US,YouTube watch page,Louis Weisz,OMrUmOTPD_AnSivjxptxpA,90,36,2.5
2017-10-31,United States,US,Embedded in external websites and apps,Louis Weisz,OMrUmOTPD_AnSivjxptxpA,4,2,2.1
2017-10-31,United States,US,YouTube channel page,Louis Weisz,OMrUmOTPD_AnSivjxptxpA,4,4,0.9
2017-11-01,Argentina,AR,YouTube watch page,Louis Weisz,OMrUmOTPD_AnSivjxptxpA,2,1,2.2
2017-11-01,Australia,AU,YouTube watch page,Louis Weisz,OMrUmOTPD_AnSivjxptxpA,21,8,2.7
2017-11-01,Canada,CA,YouTube watch page,Louis Weisz,OMrUmOTPD_AnSivjxptxpA,13,8,1.6
2017-11-01,Chile,CL,YouTube watch page,Louis Weisz,OMrUmOTPD_AnSivjxptxpA,3,1,2.5
2017-11-01,Chile,CL,YouTube channel page,Louis Weisz,OMrUmOTPD_AnSivjxptxpA,0,1,0.2
2017-11-01,Czechia,CZ,YouTube watch page,Louis Weisz,OMrUmOTPD_AnSivjxptxpA,1,1,1.0
2017-11-01,Germany,DE,YouTube watch page,Louis Weisz,OMrUmOTPD_AnSivjxptxpA,10,5,2.0
2017-11-01,France,FR,YouTube watch page,Louis Weisz,OMrUmOTPD_AnSivjxptxpA,0,3,0.1
2017-11-01,United Kingdom,GB,YouTube watch page,Louis Weisz,OMrUmOTPD_AnSivjxptxpA,18,11,1.6
2017-11-01,Guatemala,GT,YouTube watch page,Louis Weisz,OMrUmOTPD_AnSivjxptxpA,2,1,2.0
2017-11-01,Indonesia,ID,YouTube watch page,Louis Weisz,OMrUmOTPD_AnSivjxptxpA,3,2,1.7
2017-11-01,Ireland,IE,YouTube watch page,Louis Weisz,OMrUmOTPD_AnSivjxptxpA,0,1,0.1
2017-11-01,Ireland,IE,YouTube channel page,Louis Weisz,OMrUmOTPD_AnSivjxptxpA,1,1,0.7
2017-11-01,Italy,IT,YouTube watch page,Louis Weisz,OMrUmOTPD_AnSivjxptxpA,5,2,2.6
2017-11-01,Montenegro,ME,YouTube watch page,Louis Weisz,OMrUmOTPD_AnSivjxptxpA,0,1,0.3
2017-11-01,Mexico,MX,YouTube watch page,Louis Weisz,OMrUmOTPD_AnSivjxptxpA,1,1,0.7
2017-11-01,Norway,NO,YouTube watch page,Louis Weisz,OMrUmOTPD_AnSivjxptxpA,3,1,2.9
2017-11-01,Peru,PE,YouTube watch page,Louis Weisz,OMrUmOTPD_AnSivjxptxpA,4,1,4.3
2017-11-01,Pakistan,PK,YouTube watch page,Louis Weisz,OMrUmOTPD_AnSivjxptxpA,0,1,0.4
2017-11-01,Sweden,SE,YouTube watch page,Louis Weisz,OMrUmOTPD_AnSivjxptxpA,6,1,5.9
2017-11-01,United States,US,YouTube watch page,Louis Weisz,OMrUmOTPD_AnSivjxptxpA,197,77,2.6
2017-11-01,United States,US,Embedded in external websites and apps,Louis Weisz,OMrUmOTPD_AnSivjxptxpA,4,1,4.1
2017-11-01,United States,US,YouTube channel page,Louis Weisz,OMrUmOTPD_AnSivjxptxpA,2,7,0.3
2017-11-01,South Africa,ZA,YouTube watch page,Louis Weisz,OMrUmOTPD_AnSivjxptxpA,6,1,6.3
2017-11-01,South Africa,ZA,YouTube channel page,Louis Weisz,OMrUmOTPD_AnSivjxptxpA,0,1,0.2
2017-11-02,Australia,AU,YouTube watch page,Louis Weisz,OMrUmOTPD_AnSivjxptxpA,3,1,2.8
2017-11-02,Canada,CA,YouTube watch page,Louis Weisz,OMrUmOTPD_AnSivjxptxpA,11,3,3.8
2017-11-02,Canada,CA,YouTube channel page,Louis Weisz,OMrUmOTPD_AnSivjxptxpA,1,2,0.3
2017-11-02,Switzerland,CH,YouTube watch page,Louis Weisz,OMrUmOTPD_AnSivjxptxpA,3,3,0.8
2017-11-02,Switzerland,CH,YouTube channel page,Louis Weisz,OMrUmOTPD_AnSivjxptxpA,1,1,0.6
2017-11-02,Czechia,CZ,YouTube watch page,Louis Weisz,OMrUmOTPD_AnSivjxptxpA,0,1,0.2
2017-11-02,Germany,DE,YouTube watch page,Louis Weisz,OMrUmOTPD_AnSivjxptxpA,3,1,2.7
2017-11-02,Denmark,DK,YouTube watch page,Louis Weisz,OMrUmOTPD_AnSivjxptxpA,2,1,2.2
2017-11-02,Denmark,DK,YouTube channel page,Louis Weisz,OMrUmOTPD_AnSivjxptxpA,1,1,0.8
2017-11-02,Finland,FI,YouTube watch page,Louis Weisz,OMrUmOTPD_AnSivjxptxpA,17,4,4.2
2017-11-02,France,FR,YouTube watch page,Louis Weisz,OMrUmOTPD_AnSivjxptxpA,6,1,5.6
2017-11-02,United Kingdom,GB,YouTube watch page,Louis Weisz,OMrUmOTPD_AnSivjxptxpA,2,4,0.4
2017-11-02,Indonesia,ID,YouTube watch page,Louis Weisz,OMrUmOTPD_AnSivjxptxpA,0,1,0.3
2017-11-02,India,IN,YouTube watch page,Louis Weisz,OMrUmOTPD_AnSivjxptxpA,7,4,1.7
2017-11-02,Iceland,IS,YouTube watch page,Louis Weisz,OMrUmOTPD_AnSivjxptxpA,4,4,0.9
2017-11-02,Malaysia,MY,YouTube watch page,Louis Weisz,OMrUmOTPD_AnSivjxptxpA,1,1,1.3
2017-11-02,Pakistan,PK,YouTube watch page,Louis Weisz,OMrUmOTPD_AnSivjxptxpA,3,1,2.7
2017-11-02,Romania,RO,YouTube watch page,Louis Weisz,OMrUmOTPD_AnSivjxptxpA,0,2,0.1
2017-11-02,Russia,RU,YouTube watch page,Louis Weisz,OMrUmOTPD_AnSivjxptxpA,4,2,2.1
2017-11-02,Slovakia,SK,YouTube watch page,Louis Weisz,OMrUmOTPD_AnSivjxptxpA,3,4,0.9
2017-11-02,United States,US,YouTube watch page,Louis Weisz,OMrUmOTPD_AnSivjxptxpA,115,53,2.2
2017-11-02,United States,US,Embedded in external websites and apps,Louis Weisz,OMrUmOTPD_AnSivjxptxpA,11,3,3.8
2017-11-02,United States,US,YouTube channel page,Louis Weisz,OMrUmOTPD_AnSivjxptxpA,6,4,1.5
2017-11-02,Vietnam,VN,Embedded in external websites and apps,Louis Weisz,OMrUmOTPD_AnSivjxptxpA,3,1,2.5
2017-11-03,United Arab Emirates,AE,YouTube watch page,Louis Weisz,OMrUmOTPD_AnSivjxptxpA,4,1,4.3
2017-11-03,Australia,AU,YouTube watch page,Louis Weisz,OMrUmOTPD_AnSivjxptxpA,19,5,3.8
2017-11-03,Brazil,BR,YouTube watch page,Louis Weisz,OMrUmOTPD_AnSivjxptxpA,4,1,4.1
2017-11-03,Canada,CA,YouTube watch page,Louis Weisz,OMrUmOTPD_AnSivjxptxpA,16,6,2.7
2017-11-03,Canada,CA,YouTube channel page,Louis Weisz,OMrUmOTPD_AnSivjxptxpA,0,1,0.5
2017-11-03,Chile,CL,YouTube watch page,Louis Weisz,OMrUmOTPD_AnSivjxptxpA,0,1,0.2
2017-11-03,Germany,DE,YouTube watch page,Louis Weisz,OMrUmOTPD_AnSivjxptxpA,14,4,3.6
2017-11-03,Denmark,DK,YouTube channel page,Louis Weisz,OMrUmOTPD_AnSivjxptxpA,0,1,0.5
2017-11-03,Ecuador,EC,Embedded in external websites and apps,Louis Weisz,OMrUmOTPD_AnSivjxptxpA,0,1,0.2
2017-11-03,Spain,ES,YouTube watch page,Louis Weisz,OMrUmOTPD_AnSivjxptxpA,18,4,4.4
2017-11-03,France,FR,YouTube watch page,Louis Weisz,OMrUmOTPD_AnSivjxptxpA,21,5,4.2
2017-11-03,France,FR,YouTube channel page,Louis Weisz,OMrUmOTPD_AnSivjxptxpA,2,2,1.1
2017-11-03,United Kingdom,GB,YouTube watch page,Louis Weisz,OMrUmOTPD_AnSivjxptxpA,19,5,3.8
2017-11-03,United Kingdom,GB,YouTube channel page,Louis Weisz,OMrUmOTPD_AnSivjxptxpA,0,1,0.3
2017-11-03,Israel,IL,YouTube watch page,Louis Weisz,OMrUmOTPD_AnSivjxptxpA,2,2,1.1
2017-11-03,Israel,IL,YouTube channel page,Louis Weisz,OMrUmOTPD_AnSivjxptxpA,1,1,0.6
2017-11-03,Isle of Man,IM,YouTube watch page,Louis Weisz,OMrUmOTPD_AnSivjxptxpA,3,1,2.8
2017-11-03,India,IN,YouTube watch page,Louis Weisz,OMrUmOTPD_AnSivjxptxpA,10,5,2.0
2017-11-03,Macedonia (FYROM),MK,YouTube watch page,Louis Weisz,OMrUmOTPD_AnSivjxptxpA,0,1,0.1
2017-11-03,Nepal,NP,YouTube watch page,Louis Weisz,OMrUmOTPD_AnSivjxptxpA,1,1,1.4
2017-11-03,Sweden,SE,YouTube watch page,Louis Weisz,OMrUmOTPD_AnSivjxptxpA,11,5,2.1
2017-11-03,Sweden,SE,YouTube channel page,Louis Weisz,OMrUmOTPD_AnSivjxptxpA,2,1,2.4
2017-11-03,Slovakia,SK,YouTube channel page,Louis Weisz,OMrUmOTPD_AnSivjxptxpA,2,1,1.6
2017-11-03,United States,US,YouTube watch page,Louis Weisz,OMrUmOTPD_AnSivjxptxpA,118,46,2.6
2017-11-03,United States,US,Embedded in external websites and apps,Louis Weisz,OMrUmOTPD_AnSivjxptxpA,1,1,0.6
2017-11-03,United States,US,YouTube channel page,Louis Weisz,OMrUmOTPD_AnSivjxptxpA,2,2,1.0
2017-11-04,Argentina,AR,YouTube channel page,Louis Weisz,OMrUmOTPD_AnSivjxptxpA,1,1,0.9
2017-11-04,Australia,AU,YouTube watch page,Louis Weisz,OMrUmOTPD_AnSivjxptxpA,0,1,0.4
2017-11-04,Australia,AU,Embedded in external websites and apps,Louis Weisz,OMrUmOTPD_AnSivjxptxpA,0,2,0.0
2017-11-04,Australia,AU,YouTube channel page,Louis Weisz,OMrUmOTPD_AnSivjxptxpA,2,1,2.3
2017-11-04,Bangladesh,BD,YouTube watch page,Louis Weisz,OMrUmOTPD_AnSivjxptxpA,0,1,0.1
2017-11-04,Canada,CA,YouTube watch page,Louis Weisz,OMrUmOTPD_AnSivjxptxpA,12,3,4.0
2017-11-04,Czechia,CZ,YouTube watch page,Louis Weisz,OMrUmOTPD_AnSivjxptxpA,10,2,5.1
2017-11-04,Czechia,CZ,YouTube channel page,Louis Weisz,OMrUmOTPD_AnSivjxptxpA,0,1,0.3
2017-11-04,Germany,DE,YouTube watch page,Louis Weisz,OMrUmOTPD_AnSivjxptxpA,26,9,2.9
2017-11-04,Germany,DE,Embedded in external websites and apps,Louis Weisz,OMrUmOTPD_AnSivjxptxpA,6,1,5.8
2017-11-04,France,FR,YouTube watch page,Louis Weisz,OMrUmOTPD_AnSivjxptxpA,1,1,1.0
2017-11-04,United Kingdom,GB,YouTube watch page,Louis Weisz,OMrUmOTPD_AnSivjxptxpA,32,8,3.9
2017-11-04,United Kingdom,GB,YouTube channel page,Louis Weisz,OMrUmOTPD_AnSivjxptxpA,1,2,0.3
2017-11-04,Indonesia,ID,YouTube watch page,Louis Weisz,OMrUmOTPD_AnSivjxptxpA,0,1,0.0
2017-11-04,India,IN,YouTube watch page,Louis Weisz,OMrUmOTPD_AnSivjxptxpA,0,2,0.2
2017-11-04,Iraq,IQ,YouTube watch page,Louis Weisz,OMrUmOTPD_AnSivjxptxpA,5,2,2.4
2017-11-04,Malaysia,MY,YouTube watch page,Louis Weisz,OMrUmOTPD_AnSivjxptxpA,2,1,2.2
2017-11-04,New Zealand,NZ,YouTube watch page,Louis Weisz,OMrUmOTPD_AnSivjxptxpA,1,1,0.9
2017-11-04,Pakistan,PK,YouTube watch page,Louis Weisz,OMrUmOTPD_AnSivjxptxpA,0,1,0.1
2017-11-04,Portugal,PT,YouTube watch page,Louis Weisz,OMrUmOTPD_AnSivjxptxpA,4,1,4.1
2017-11-04,Sweden,SE,YouTube watch page,Louis Weisz,OMrUmOTPD_AnSivjxptxpA,2,2,0.9
2017-11-04,Slovakia,SK,YouTube watch page,Louis Weisz,OMrUmOTPD_AnSivjxptxpA,2,1,2.0
2017-11-04,Turkey,TR,YouTube watch page,Louis Weisz,OMrUmOTPD_AnSivjxptxpA,4,1,4.5
2017-11-04,United States,US,YouTube watch page,Louis Weisz,OMrUmOTPD_AnSivjxptxpA,93,38,2.5
2017-11-04,United States,US,YouTube channel page,Louis Weisz,OMrUmOTPD_AnSivjxptxpA,1,3,0.4
2017-11-04,South Africa,ZA,YouTube watch page,Louis Weisz,OMrUmOTPD_AnSivjxptxpA,6,1,5.8
2017-11-05,Australia,AU,YouTube watch page,Louis Weisz,OMrUmOTPD_AnSivjxptxpA,36,8,4.4
2017-11-05,Australia,AU,YouTube channel page,Louis Weisz,OMrUmOTPD_AnSivjxptxpA,1,1,1.3
2017-11-05,Brazil,BR,YouTube watch page,Louis Weisz,OMrUmOTPD_AnSivjxptxpA,12,4,3.0
2017-11-05,Canada,CA,YouTube watch page,Louis Weisz,OMrUmOTPD_AnSivjxptxpA,38,9,4.2
2017-11-05,Canada,CA,Embedded in external websites and apps,Louis Weisz,OMrUmOTPD_AnSivjxptxpA,7,1,6.9
2017-11-05,Canada,CA,YouTube channel page,Louis Weisz,OMrUmOTPD_AnSivjxptxpA,2,3,0.8
2017-11-05,Germany,DE,YouTube watch page,Louis Weisz,OMrUmOTPD_AnSivjxptxpA,9,4,2.2
2017-11-05,Germany,DE,YouTube channel page,Louis Weisz,OMrUmOTPD_AnSivjxptxpA,0,1,0.2
2017-11-05,Denmark,DK,YouTube watch page,Louis Weisz,OMrUmOTPD_AnSivjxptxpA,0,1,0.1
2017-11-05,France,FR,YouTube watch page,Louis Weisz,OMrUmOTPD_AnSivjxptxpA,17,9,1.9
2017-11-05,United Kingdom,GB,YouTube watch page,Louis Weisz,OMrUmOTPD_AnSivjxptxpA,6,6,1.0
2017-11-05,United Kingdom,GB,YouTube channel page,Louis Weisz,OMrUmOTPD_AnSivjxptxpA,1,1,0.6
2017-11-05,Hungary,HU,YouTube watch page,Louis Weisz,OMrUmOTPD_AnSivjxptxpA,12,2,6.2
2017-11-05,Indonesia,ID,YouTube watch page,Louis Weisz,OMrUmOTPD_AnSivjxptxpA,2,1,2.2
2017-11-05,Ireland,IE,YouTube watch page,Louis Weisz,OMrUmOTPD_AnSivjxptxpA,14,3,4.6
2017-11-05,India,IN,YouTube watch page,Louis Weisz,OMrUmOTPD_AnSivjxptxpA,4,3,1.2
2017-11-05,Italy,IT,YouTube watch page,Louis Weisz,OMrUmOTPD_AnSivjxptxpA,5,4,1.2
2017-11-05,Poland,PL,YouTube watch page,Louis Weisz,OMrUmOTPD_AnSivjxptxpA,11,7,1.6
2017-11-05,Poland,PL,YouTube channel page,Louis Weisz,OMrUmOTPD_AnSivjxptxpA,1,1,0.6
2017-11-05,Russia,RU,Embedded in external websites and apps,Louis Weisz,OMrUmOTPD_AnSivjxptxpA,0,1,0.2
2017-11-05,Sweden,SE,YouTube watch page,Louis Weisz,OMrUmOTPD_AnSivjxptxpA,3,3,1.0
2017-11-05,Slovakia,SK,YouTube watch page,Louis Weisz,OMrUmOTPD_AnSivjxptxpA,1,1,0.9
2017-11-05,Thailand,TH,YouTube watch page,Louis Weisz,OMrUmOTPD_AnSivjxptxpA,4,2,1.8
2017-11-05,Tunisia,TN,YouTube watch page,Louis Weisz,OMrUmOTPD_AnSivjxptxpA,1,1,0.5
2017-11-05,Ukraine,UA,YouTube watch page,Louis Weisz,OMrUmOTPD_AnSivjxptxpA,1,1,0.6
2017-11-05,United States,US,YouTube watch page,Louis Weisz,OMrUmOTPD_AnSivjxptxpA,203,68,3.0
2017-11-05,United States,US,Embedded in external websites and apps,Louis Weisz,OMrUmOTPD_AnSivjxptxpA,4,1,4.0
2017-11-05,United States,US,YouTube channel page,Louis Weisz,OMrUmOTPD_AnSivjxptxpA,10,9,1.1
2017-11-06,Australia,AU,YouTube watch page,Louis Weisz,OMrUmOTPD_AnSivjxptxpA,17,4,4.3
2017-11-06,Australia,AU,Embedded in external websites and apps,Louis Weisz,OMrUmOTPD_AnSivjxptxpA,0,1,0.0
2017-11-06,Australia,AU,YouTube channel page,Louis Weisz,OMrUmOTPD_AnSivjxptxpA,2,1,1.9
2017-11-06,Brazil,BR,YouTube watch page,Louis Weisz,OMrUmOTPD_AnSivjxptxpA,17,4,4.3
2017-11-06,Brazil,BR,YouTube channel page,Louis Weisz,OMrUmOTPD_AnSivjxptxpA,0,1,0.2
2017-11-06,Czechia,CZ,YouTube watch page,Louis Weisz,OMrUmOTPD_AnSivjxptxpA,21,4,5.1
2017-11-06,Germany,DE,YouTube watch page,Louis Weisz,OMrUmOTPD_AnSivjxptxpA,3,3,0.9
2017-11-06,Germany,DE,YouTube channel page,Louis Weisz,OMrUmOTPD_AnSivjxptxpA,1,1,0.6
2017-11-06,Denmark,DK,YouTube watch page,Louis Weisz,OMrUmOTPD_AnSivjxptxpA,6,1,6.0
2017-11-06,Denmark,DK,YouTube channel page,Louis Weisz,OMrUmOTPD_AnSivjxptxpA,0,1,0.4
2017-11-06,Spain,ES,YouTube watch page,Louis Weisz,OMrUmOTPD_AnSivjxptxpA,1,1,1.3
2017-11-06,United Kingdom,GB,YouTube watch page,Louis Weisz,OMrUmOTPD_AnSivjxptxpA,3,3,0.9
2017-11-06,United Kingdom,GB,YouTube channel page,Louis Weisz,OMrUmOTPD_AnSivjxptxpA,0,1,0.2
2017-11-06,Indonesia,ID,YouTube watch page,Louis Weisz,OMrUmOTPD_AnSivjxptxpA,5,1,4.6
2017-11-06,Israel,IL,YouTube channel page,Louis Weisz,OMrUmOTPD_AnSivjxptxpA,2,1,1.7
2017-11-06,India,IN,YouTube watch page,Louis Weisz,OMrUmOTPD_AnSivjxptxpA,2,2,1.0
2017-11-06,Kazakhstan,KZ,YouTube watch page,Louis Weisz,OMrUmOTPD_AnSivjxptxpA,3,1,2.7
2017-11-06,Mexico,MX,YouTube watch page,Louis Weisz,OMrUmOTPD_AnSivjxptxpA,1,2,0.6
2017-11-06,Netherlands,NL,YouTube watch page,Louis Weisz,OMrUmOTPD_AnSivjxptxpA,4,2,1.9
2017-11-06,Philippines,PH,YouTube watch page,Louis Weisz,OMrUmOTPD_AnSivjxptxpA,5,1,5.1
2017-11-06,Pakistan,PK,YouTube watch page,Louis Weisz,OMrUmOTPD_AnSivjxptxpA,3,2,1.7
2017-11-06,Portugal,PT,YouTube channel page,Louis Weisz,OMrUmOTPD_AnSivjxptxpA,0,1,0.3
2017-11-06,Russia,RU,YouTube watch page,Louis Weisz,OMrUmOTPD_AnSivjxptxpA,1,1,1.3
2017-11-06,Sweden,SE,YouTube watch page,Louis Weisz,OMrUmOTPD_AnSivjxptxpA,2,2,0.8
2017-11-06,Sweden,SE,YouTube channel page,Louis Weisz,OMrUmOTPD_AnSivjxptxpA,1,1,1.2
2017-11-06,Turkey,TR,Embedded in external websites and apps,Louis Weisz,OMrUmOTPD_AnSivjxptxpA,4,1,3.6
2017-11-06,United States,US,YouTube watch page,Louis Weisz,OMrUmOTPD_AnSivjxptxpA,204,84,2.4
2017-11-06,United States,US,Embedded in external websites and apps,Louis Weisz,OMrUmOTPD_AnSivjxptxpA,0,1,0.2
2017-11-06,United States,US,YouTube channel page,Louis Weisz,OMrUmOTPD_AnSivjxptxpA,8,10,0.8
2017-11-06,Unknown Region,ZZ,YouTube watch page,Louis Weisz,OMrUmOTPD_AnSivjxptxpA,0,1,0.2
2017-11-07,Australia,AU,YouTube watch page,Louis Weisz,OMrUmOTPD_AnSivjxptxpA,15,5,2.9
2017-11-07,Australia,AU,Embedded in external websites and apps,Louis Weisz,OMrUmOTPD_AnSivjxptxpA,0,2,0.0
2017-11-07,Australia,AU,YouTube channel page,Louis Weisz,OMrUmOTPD_AnSivjxptxpA,0,1,0.2
2017-11-07,Belgium,BE,YouTube watch page,Louis Weisz,OMrUmOTPD_AnSivjxptxpA,0,1,0.1
2017-11-07,Brazil,BR,YouTube watch page,Louis Weisz,OMrUmOTPD_AnSivjxptxpA,9,2,4.7
2017-11-07,Belize,BZ,YouTube watch page,Louis Weisz,OMrUmOTPD_AnSivjxptxpA,1,1,1.0
2017-11-07,Canada,CA,YouTube watch page,Louis Weisz,OMrUmOTPD_AnSivjxptxpA,15,5,3.1
2017-11-07,Germany,DE,YouTube watch page,Louis Weisz,OMrUmOTPD_AnSivjxptxpA,0,2,0.1
2017-11-07,Finland,FI,YouTube watch page,Louis Weisz,OMrUmOTPD_AnSivjxptxpA,3,2,1.5
2017-11-07,Indonesia,ID,YouTube watch page,Louis Weisz,OMrUmOTPD_AnSivjxptxpA,2,1,1.8
2017-11-07,India,IN,YouTube watch page,Louis Weisz,OMrUmOTPD_AnSivjxptxpA,3,1,2.7
2017-11-07,Italy,IT,YouTube watch page,Louis Weisz,OMrUmOTPD_AnSivjxptxpA,5,2,2.5
2017-11-07,Japan,JP,Embedded in external websites and apps,Louis Weisz,OMrUmOTPD_AnSivjxptxpA,8,2,4.1
2017-11-07,Malaysia,MY,YouTube watch page,Louis Weisz,OMrUmOTPD_AnSivjxptxpA,16,5,3.2
2017-11-07,Norway,NO,YouTube watch page,Louis Weisz,OMrUmOTPD_AnSivjxptxpA,4,1,4.1
2017-11-07,Norway,NO,YouTube channel page,Louis Weisz,OMrUmOTPD_AnSivjxptxpA,0,1,0.3
2017-11-07,New Zealand,NZ,YouTube watch page,Louis Weisz,OMrUmOTPD_AnSivjxptxpA,3,1,3.5
2017-11-07,Taiwan,TW,YouTube watch page,Louis Weisz,OMrUmOTPD_AnSivjxptxpA,3,1,3.4
2017-11-07,United States,US,YouTube watch page,Louis Weisz,OMrUmOTPD_AnSivjxptxpA,155,63,2.5
2017-11-07,United States,US,Embedded in external websites and apps,Louis Weisz,OMrUmOTPD_AnSivjxptxpA,1,1,1.4
2017-11-07,United States,US,YouTube channel page,Louis Weisz,OMrUmOTPD_AnSivjxptxpA,2,4,0.5
2017-11-08,Australia,AU,YouTube watch page,Louis Weisz,OMrUmOTPD_AnSivjxptxpA,1,2,0.5
2017-11-08,Australia,AU,Embedded in external websites and apps,Louis Weisz,OMrUmOTPD_AnSivjxptxpA,0,1,0.0
2017-11-08,Australia,AU,YouTube channel page,Louis Weisz,OMrUmOTPD_AnSivjxptxpA,0,1,0.3
2017-11-08,Canada,CA,YouTube watch page,Louis Weisz,OMrUmOTPD_AnSivjxptxpA,5,2,2.3
2017-11-08,Germany,DE,YouTube watch page,Louis Weisz,OMrUmOTPD_AnSivjxptxpA,3,1,3.2
2017-11-08,Spain,ES,YouTube watch page,Louis Weisz,OMrUmOTPD_AnSivjxptxpA,0,1,0.1
2017-11-08,Finland,FI,YouTube watch page,Louis Weisz,OMrUmOTPD_AnSivjxptxpA,4,1,4.2
2017-11-08,France,FR,YouTube watch page,Louis Weisz,OMrUmOTPD_AnSivjxptxpA,3,2,1.7
2017-11-08,United Kingdom,GB,YouTube watch page,Louis Weisz,OMrUmOTPD_AnSivjxptxpA,11,4,2.7
2017-11-08,Japan,JP,YouTube watch page,Louis Weisz,OMrUmOTPD_AnSivjxptxpA,5,2,2.3
2017-11-08,Mexico,MX,YouTube watch page,Louis Weisz,OMrUmOTPD_AnSivjxptxpA,5,4,1.2
2017-11-08,Malaysia,MY,YouTube watch page,Louis Weisz,OMrUmOTPD_AnSivjxptxpA,5,1,5.3
2017-11-08,Netherlands,NL,YouTube watch page,Louis Weisz,OMrUmOTPD_AnSivjxptxpA,15,6,2.5
2017-11-08,Norway,NO,YouTube channel page,Louis Weisz,OMrUmOTPD_AnSivjxptxpA,1,1,0.9
2017-11-08,New Zealand,NZ,YouTube watch page,Louis Weisz,OMrUmOTPD_AnSivjxptxpA,7,4,1.8
2017-11-08,Philippines,PH,YouTube watch page,Louis Weisz,OMrUmOTPD_AnSivjxptxpA,4,1,4.2
2017-11-08,Russia,RU,YouTube watch page,Louis Weisz,OMrUmOTPD_AnSivjxptxpA,0,1,0.0
2017-11-08,Sweden,SE,YouTube watch page,Louis Weisz,OMrUmOTPD_AnSivjxptxpA,6,1,5.6
2017-11-08,Sweden,SE,YouTube channel page,Louis Weisz,OMrUmOTPD_AnSivjxptxpA,0,1,0.2
2017-11-08,Ukraine,UA,YouTube watch page,Louis Weisz,OMrUmOTPD_AnSivjxptxpA,1,1,1.4
2017-11-08,United States,US,YouTube watch page,Louis Weisz,OMrUmOTPD_AnSivjxptxpA,109,43,2.5
2017-11-08,United States,US,Embedded in external websites and apps,Louis Weisz,OMrUmOTPD_AnSivjxptxpA,7,1,7.1
2017-11-08,United States,US,YouTube channel page,Louis Weisz,OMrUmOTPD_AnSivjxptxpA,1,3,0.5
2017-11-08,South Africa,ZA,YouTube watch page,Louis Weisz,OMrUmOTPD_AnSivjxptxpA,1,1,0.6
2017-11-09,Australia,AU,Embedded in external websites and apps,Louis Weisz,OMrUmOTPD_AnSivjxptxpA,0,3,0.1
2017-11-09,Brazil,BR,YouTube watch page,Louis Weisz,OMrUmOTPD_AnSivjxptxpA,0,1,0.2
2017-11-09,Canada,CA,YouTube watch page,Louis Weisz,OMrUmOTPD_AnSivjxptxpA,10,2,5.0
2017-11-09,Germany,DE,YouTube watch page,Louis Weisz,OMrUmOTPD_AnSivjxptxpA,0,1,0.1
2017-11-09,Germany,DE,YouTube channel page,Louis Weisz,OMrUmOTPD_AnSivjxptxpA,0,1,0.2
2017-11-09,Denmark,DK,YouTube watch page,Louis Weisz,OMrUmOTPD_AnSivjxptxpA,1,2,0.3
2017-11-09,Spain,ES,YouTube watch page,Louis Weisz,OMrUmOTPD_AnSivjxptxpA,1,3,0.2
2017-11-09,France,FR,YouTube watch page,Louis Weisz,OMrUmOTPD_AnSivjxptxpA,0,1,0.1
2017-11-09,United Kingdom,GB,YouTube watch page,Louis Weisz,OMrUmOTPD_AnSivjxptxpA,1,1,1.1
2017-11-09,United Kingdom,GB,YouTube channel page,Louis Weisz,OMrUmOTPD_AnSivjxptxpA,1,2,0.3
2017-11-09,Guernsey,GG,YouTube watch page,Louis Weisz,OMrUmOTPD_AnSivjxptxpA,0,1,0.2
2017-11-09,Croatia,HR,YouTube watch page,Louis Weisz,OMrUmOTPD_AnSivjxptxpA,1,1,1.1
2017-11-09,Indonesia,ID,YouTube watch page,Louis Weisz,OMrUmOTPD_AnSivjxptxpA,2,2,1.0
2017-11-09,India,IN,YouTube watch page,Louis Weisz,OMrUmOTPD_AnSivjxptxpA,0,1,0.4
2017-11-09,Japan,JP,YouTube watch page,Louis Weisz,OMrUmOTPD_AnSivjxptxpA,0,1,0.2
2017-11-09,Kuwait,KW,YouTube watch page,Louis Weisz,OMrUmOTPD_AnSivjxptxpA,5,3,1.8
2017-11-09,Mexico,MX,YouTube watch page,Louis Weisz,OMrUmOTPD_AnSivjxptxpA,4,2,1.8
2017-11-09,New Zealand,NZ,YouTube watch page,Louis Weisz,OMrUmOTPD_AnSivjxptxpA,10,7,1.4
2017-11-09,New Zealand,NZ,YouTube channel page,Louis Weisz,OMrUmOTPD_AnSivjxptxpA,0,1,0.2
2017-11-09,Philippines,PH,YouTube watch page,Louis Weisz,OMrUmOTPD_AnSivjxptxpA,2,3,0.6
2017-11-09,Slovenia,SI,YouTube watch page,Louis Weisz,OMrUmOTPD_AnSivjxptxpA,9,4,2.2
2017-11-09,Thailand,TH,YouTube watch page,Louis Weisz,OMrUmOTPD_AnSivjxptxpA,0,1,0.1
2017-11-09,United States,US,YouTube watch page,Louis Weisz,OMrUmOTPD_AnSivjxptxpA,157,51,3.1
2017-11-09,United States,US,YouTube channel page,Louis Weisz,OMrUmOTPD_AnSivjxptxpA,2,4,0.5
2017-11-10,United Arab Emirates,AE,YouTube watch page,Louis Weisz,OMrUmOTPD_AnSivjxptxpA,4,1,4.2
2017-11-10,Australia,AU,YouTube watch page,Louis Weisz,OMrUmOTPD_AnSivjxptxpA,4,1,3.6
2017-11-10,Australia,AU,Embedded in external websites and apps,Louis Weisz,OMrUmOTPD_AnSivjxptxpA,0,1,0.0
2017-11-10,Australia,AU,YouTube channel page,Louis Weisz,OMrUmOTPD_AnSivjxptxpA,2,1,1.9
2017-11-10,Brazil,BR,YouTube watch page,Louis Weisz,OMrUmOTPD_AnSivjxptxpA,4,3,1.5
2017-11-10,Canada,CA,YouTube watch page,Louis Weisz,OMrUmOTPD_AnSivjxptxpA,6,2,3.1
2017-11-10,Colombia,CO,Embedded in external websites and apps,Louis Weisz,OMrUmOTPD_AnSivjxptxpA,6,2,2.9
2017-11-10,Germany,DE,YouTube watch page,Louis Weisz,OMrUmOTPD_AnSivjxptxpA,6,4,1.5
2017-11-10,Germany,DE,YouTube channel page,Louis Weisz,OMrUmOTPD_AnSivjxptxpA,0,1,0.2
2017-11-10,United Kingdom,GB,YouTube watch page,Louis Weisz,OMrUmOTPD_AnSivjxptxpA,8,5,1.6
2017-11-10,United Kingdom,GB,YouTube channel page,Louis Weisz,OMrUmOTPD_AnSivjxptxpA,2,2,0.8
2017-11-10,India,IN,YouTube watch page,Louis Weisz,OMrUmOTPD_AnSivjxptxpA,2,2,0.9
2017-11-10,Italy,IT,YouTube watch page,Louis Weisz,OMrUmOTPD_AnSivjxptxpA,1,1,1.3
2017-11-10,Nepal,NP,YouTube watch page,Louis Weisz,OMrUmOTPD_AnSivjxptxpA,1,1,0.7
2017-11-10,Peru,PE,YouTube watch page,Louis Weisz,OMrUmOTPD_AnSivjxptxpA,2,2,1.0
2017-11-10,Poland,PL,YouTube watch page,Louis Weisz,OMrUmOTPD_AnSivjxptxpA,6,2,3.1
2017-11-10,Poland,PL,YouTube channel page,Louis Weisz,OMrUmOTPD_AnSivjxptxpA,0,1,0.5
2017-11-10,United States,US,YouTube watch page,Louis Weisz,OMrUmOTPD_AnSivjxptxpA,113,42,2.7
2017-11-10,United States,US,Embedded in external websites and apps,Louis Weisz,OMrUmOTPD_AnSivjxptxpA,10,6,1.7
2017-11-10,United States,US,YouTube channel page,Louis Weisz,OMrUmOTPD_AnSivjxptxpA,1,1,0.9
2017-11-10,Vietnam,VN,YouTube watch page,Louis Weisz,OMrUmOTPD_AnSivjxptxpA,4,1,3.5
2017-11-11,Australia,AU,YouTube watch page,Louis Weisz,OMrUmOTPD_AnSivjxptxpA,8,3,2.7
2017-11-11,Australia,AU,Embedded in external websites and apps,Louis Weisz,OMrUmOTPD_AnSivjxptxpA,0,2,0.1
2017-11-11,Australia,AU,YouTube channel page,Louis Weisz,OMrUmOTPD_AnSivjxptxpA,0,1,0.2
2017-11-11,Brazil,BR,YouTube watch page,Louis Weisz,OMrUmOTPD_AnSivjxptxpA,22,8,2.7
2017-11-11,Brazil,BR,YouTube channel page,Louis Weisz,OMrUmOTPD_AnSivjxptxpA,0,1,0.5
2017-11-11,Bahamas,BS,YouTube watch page,Louis Weisz,OMrUmOTPD_AnSivjxptxpA,5,1,4.6
2017-11-11,Canada,CA,YouTube watch page,Louis Weisz,OMrUmOTPD_AnSivjxptxpA,2,2,1.1
2017-11-11,Canada,CA,YouTube channel page,Louis Weisz,OMrUmOTPD_AnSivjxptxpA,0,1,0.4
2017-11-11,Germany,DE,YouTube watch page,Louis Weisz,OMrUmOTPD_AnSivjxptxpA,9,2,4.7
2017-11-11,Germany,DE,YouTube channel page,Louis Weisz,OMrUmOTPD_AnSivjxptxpA,1,2,0.5
2017-11-11,France,FR,YouTube watch page,Louis Weisz,OMrUmOTPD_AnSivjxptxpA,1,1,1.1
2017-11-11,United Kingdom,GB,YouTube watch page,Louis Weisz,OMrUmOTPD_AnSivjxptxpA,29,7,4.1
2017-11-11,United Kingdom,GB,YouTube channel page,Louis Weisz,OMrUmOTPD_AnSivjxptxpA,3,2,1.5
2017-11-11,Hong Kong,HK,YouTube watch page,Louis Weisz,OMrUmOTPD_AnSivjxptxpA,3,1,2.6
2017-11-11,Japan,JP,YouTube watch page,Louis Weisz,OMrUmOTPD_AnSivjxptxpA,1,1,1.3
2017-11-11,South Korea,KR,YouTube watch page,Louis Weisz,OMrUmOTPD_AnSivjxptxpA,2,1,1.8
2017-11-11,Mauritius,MU,YouTube watch page,Louis Weisz,OMrUmOTPD_AnSivjxptxpA,1,1,1.3
2017-11-11,Malaysia,MY,YouTube watch page,Louis Weisz,OMrUmOTPD_AnSivjxptxpA,9,3,2.8
2017-11-11,Norway,NO,YouTube watch page,Louis Weisz,OMrUmOTPD_AnSivjxptxpA,10,2,5.0
2017-11-11,Norway,NO,YouTube channel page,Louis Weisz,OMrUmOTPD_AnSivjxptxpA,1,1,0.9
2017-11-11,New Zealand,NZ,YouTube watch page,Louis Weisz,OMrUmOTPD_AnSivjxptxpA,31,6,5.2
2017-11-11,New Zealand,NZ,YouTube channel page,Louis Weisz,OMrUmOTPD_AnSivjxptxpA,0,1,0.4
2017-11-11,Peru,PE,YouTube watch page,Louis Weisz,OMrUmOTPD_AnSivjxptxpA,4,1,4.3
2017-11-11,Peru,PE,YouTube channel page,Louis Weisz,OMrUmOTPD_AnSivjxptxpA,2,1,2.3
2017-11-11,Philippines,PH,YouTube watch page,Louis Weisz,OMrUmOTPD_AnSivjxptxpA,1,1,0.8
2017-11-11,Poland,PL,YouTube watch page,Louis Weisz,OMrUmOTPD_AnSivjxptxpA,1,1,1.0
2017-11-11,Sweden,SE,YouTube watch page,Louis Weisz,OMrUmOTPD_AnSivjxptxpA,14,9,1.5
2017-11-11,Sweden,SE,YouTube channel page,Louis Weisz,OMrUmOTPD_AnSivjxptxpA,1,2,0.4
2017-11-11,Thailand,TH,YouTube watch page,Louis Weisz,OMrUmOTPD_AnSivjxptxpA,0,1,0.4
2017-11-11,United States,US,YouTube watch page,Louis Weisz,OMrUmOTPD_AnSivjxptxpA,112,49,2.3
2017-11-11,United States,US,Embedded in external websites and apps,Louis Weisz,OMrUmOTPD_AnSivjxptxpA,7,1,6.6
2017-11-11,United States,US,YouTube channel page,Louis Weisz,OMrUmOTPD_AnSivjxptxpA,1,3,0.2
