date,country_name,country_id,traffic_source,channel_display_name,channel_id,watch_time_minutes,views,average_view_duration
2017-10-12,Australia,AU,Channel pages,Louis Weisz,OMrUmOTPD_AnSivjxptxpA,4,2,1.9
2017-10-12,Australia,AU,YouTube search,Louis Weisz,OMrUmOTPD_AnSivjxptxpA,1,1,1.1
2017-10-12,Belgium,BE,Channel pages,Louis Weisz,OMrUmOTPD_AnSivjxptxpA,6,1,5.8
2017-10-12,Bulgaria,BG,Channel pages,Louis Weisz,OMrUmOTPD_AnSivjxptxpA,1,2,0.6
2017-10-12,Brazil,BR,YouTube search,Louis Weisz,OMrUmOTPD_AnSivjxptxpA,3,1,2.9
2017-10-12,Brazil,BR,Suggested videos,Louis Weisz,OMrUmOTPD_AnSivjxptxpA,0,1,0.2
2017-10-12,Canada,CA,Channel pages,Louis Weisz,OMrUmOTPD_AnSivjxptxpA,6,1,5.6
2017-10-12,Germany,DE,Channel pages,Louis Weisz,OMrUmOTPD_AnSivjxptxpA,18,8,2.3
2017-10-12,Germany,DE,Suggested videos,Louis Weisz,OMrUmOTPD_AnSivjxptxpA,16,3,5.3
2017-10-12,Germany,DE,End screens,Louis Weisz,OMrUmOTPD_AnSivjxptxpA,5,1,4.7
2017-10-12,Finland,FI,Channel pages,Louis Weisz,OMrUmOTPD_AnSivjxptxpA,0,1,0.2
2017-10-12,United Kingdom,GB,Channel pages,Louis Weisz,OMrUmOTPD_AnSivjxptxpA,2,1,2.0
2017-10-12,United Kingdom,GB,YouTube search,Louis Weisz,OMrUmOTPD_AnSivjxptxpA,2,1,1.8
2017-10-12,India,IN,External,Louis Weisz,OMrUmOTPD_AnSivjxptxpA,3,4,0.7
2017-10-12,Japan,JP,YouTube search,Louis Weisz,OMrUmOTPD_AnSivjxptxpA,1,1,0.7
2017-10-12,Philippines,PH,Other YouTube features,Louis Weisz,OMrUmOTPD_AnSivjxptxpA,0,1,0.0
2017-10-12,Saudi Arabia,SA,YouTube search,Louis Weisz,OMrUmOTPD_AnSivjxptxpA,6,3,1.9
2017-10-12,Sweden,SE,Channel pages,Louis Weisz,OMrUmOTPD_AnSivjxptxpA,1,2,0.7
2017-10-12,Sweden,SE,YouTube search,Louis Weisz,OMrUmOTPD_AnSivjxptxpA,8,2,4.2
2017-10-12,United States,US,Browse features,Louis Weisz,OMrUmOTPD_AnSivjxptxpA,3,1,3.2
2017-10-12,United States,US,Channel pages,Louis Weisz,OMrUmOTPD_AnSivjxptxpA,54,28,1.9
2017-10-12,United States,US,YouTube search,Louis Weisz,OMrUmOTPD_AnSivjxptxpA,25,10,2.5
2017-10-12,United States,US,Suggested videos,Louis Weisz,OMrUmOTPD_AnSivjxptxpA,39,11,3.6
2017-10-12,United States,US,Other YouTube features,Louis Weisz,OMrUmOTPD_AnSivjxptxpA,2,1,1.7
2017-10-12,United States,US,External,Louis Weisz,OMrUmOTPD_AnSivjxptxpA,3,3,1.2
2017-10-13,Austria,AT,Channel pages,Louis Weisz,OMrUmOTPD_AnSivjxptxpA,1,1,1.4
2017-10-13,Austria,AT,Playlists,Louis Weisz,OMrUmOTPD_AnSivjxptxpA,7,4,1.7
2017-10-13,Australia,AU,Channel pages,Louis Weisz,OMrUmOTPD_AnSivjxptxpA,12,5,2.4
2017-10-13,Australia,AU,Suggested videos,Louis Weisz,OMrUmOTPD_AnSivjxptxpA,1,1,0.8
2017-10-13,Brazil,BR,YouTube search,Louis Weisz,OMrUmOTPD_AnSivjxptxpA,0,1,0.2
2017-10-13,Germany,DE,Suggested videos,Louis Weisz,OMrUmOTPD_AnSivjxptxpA,4,4,0.9
2017-10-13,Denmark,DK,Channel pages,Louis Weisz,OMrUmOTPD_AnSivjxptxpA,1,1,0.6
2017-10-13,Denmark,DK,Suggested videos,Louis Weisz,OMrUmOTPD_AnSivjxptxpA,2,3,0.7
2017-10-13,Denmark,DK,Video cards and annotations,Louis Weisz,OMrUmOTPD_AnSivjxptxpA,3,1,3.3
2017-10-13,Egypt,EG,YouTube search,Louis Weisz,OMrUmOTPD_AnSivjxptxpA,5,1,5.4
2017-10-13,United Kingdom,GB,YouTube search,Louis Weisz,OMrUmOTPD_AnSivjxptxpA,4,5,0.8
2017-10-13,United Kingdom,GB,Suggested videos,Louis Weisz,OMrUmOTPD_AnSivjxptxpA,6,2,2.9
2017-10-13,Hong Kong,HK,Browse features,Louis Weisz,OMrUmOTPD_AnSivjxptxpA,4,1,4.3
2017-10-13,Indonesia,ID,YouTube search,Louis Weisz,OMrUmOTPD_AnSivjxptxpA,4,1,3.8
2017-10-13,India,IN,YouTube search,Louis Weisz,OMrUmOTPD_AnSivjxptxpA,0,1,0.4
2017-10-13,India,IN,Suggested videos,Louis Weisz,OMrUmOTPD_AnSivjxptxpA,3,1,2.5
2017-10-13,India,IN,External,Louis Weisz,OMrUmOTPD_AnSivjxptxpA,4,2,1.8
2017-10-13,Italy,IT,Channel pages,Louis Weisz,OMrUmOTPD_AnSivjxptxpA,5,4,1.2
2017-10-13,Italy,IT,Video cards and annotations,Louis Weisz,OMrUmOTPD_AnSivjxptxpA,0,1,0.2
2017-10-13,Mexico,MX,Suggested videos,Louis Weisz,OMrUmOTPD_AnSivjxptxpA,0,1,0.1
2017-10-13,Netherlands,NL,Suggested videos,Louis Weisz,OMrUmOTPD_AnSivjxptxpA,4,1,4.2
2017-10-13,Philippines,PH,YouTube search,Louis Weisz,OMrUmOTPD_AnSivjxptxpA,2,1,1.9
2017-10-13,Singapore,SG,Suggested videos,Louis Weisz,OMrUmOTPD_AnSivjxptxpA,3,1,2.7
2017-10-13,United States,US,Direct or unknown,Louis Weisz,OMrUmOTPD_AnSivjxptxpA,0,1,0.0
2017-10-13,United States,US,Browse features,Louis Weisz,OMrUmOTPD_AnSivjxptxpA,2,1,2.0
2017-10-13,United States,US,Channel pages,Louis Weisz,OMrUmOTPD_AnSivjxptxpA,29,14,2.1
2017-10-13,United States,US,YouTube search,Louis Weisz,OMrUmOTPD_AnSivjxptxpA,16,7,2.3
2017-10-13,United States,US,Suggested videos,Louis Weisz,OMrUmOTPD_AnSivjxptxpA,20,6,3.3
2017-10-13,United States,US,Other YouTube features,Louis Weisz,OMrUmOTPD_AnSivjxptxpA,1,1,1.2
2017-10-13,United States,US,External,Louis Weisz,OMrUmOTPD_AnSivjxptxpA,8,3,2.6
2017-10-13,United States,US,Video cards and annotations,Louis Weisz,OMrUmOTPD_AnSivjxptxpA,0,1,0.2
2017-10-13,United States,US,End screens,Louis Weisz,OMrUmOTPD_AnSivjxptxpA,1,1,1.4
2017-10-14,Argentina,AR,Channel pages,Louis Weisz,OMrUmOTPD_AnSivjxptxpA,6,3,2.1
2017-10-14,Argentina,AR,Suggested videos,Louis Weisz,OMrUmOTPD_AnSivjxptxpA,13,3,4.3
2017-10-14,Australia,AU,Channel pages,Louis Weisz,OMrUmOTPD_AnSivjxptxpA,8,2,4.0
2017-10-14,Australia,AU,YouTube search,Louis Weisz,OMrUmOTPD_AnSivjxptxpA,3,1,3.0
2017-10-14,Australia,AU,Suggested videos,Louis Weisz,OMrUmOTPD_AnSivjxptxpA,6,2,2.8
2017-10-14,Australia,AU,External,Louis Weisz,OMrUmOTPD_AnSivjxptxpA,0,1,0.0
2017-10-14,Bangladesh,BD,Channel pages,Louis Weisz,OMrUmOTPD_AnSivjxptxpA,2,1,2.0
2017-10-14,Bangladesh,BD,Suggested videos,Louis Weisz,OMrUmOTPD_AnSivjxptxpA,0,1,0.1
2017-10-14,Belgium,BE,External,Louis Weisz,OMrUmOTPD_AnSivjxptxpA,7,1,6.8
2017-10-14,Bulgaria,BG,Channel pages,Louis Weisz,OMrUmOTPD_AnSivjxptxpA,4,1,3.5
2017-10-14,Bulgaria,BG,Suggested videos,Louis Weisz,OMrUmOTPD_AnSivjxptxpA,10,3,3.2
2017-10-14,Brazil,BR,Channel pages,Louis Weisz,OMrUmOTPD_AnSivjxptxpA,5,2,2.6
2017-10-14,Canada,CA,Browse features,Louis Weisz,OMrUmOTPD_AnSivjxptxpA,4,1,3.9
2017-10-14,Canada,CA,Channel pages,Louis Weisz,OMrUmOTPD_AnSivjxptxpA,13,3,4.2
2017-10-14,Canada,CA,YouTube search,Louis Weisz,OMrUmOTPD_AnSivjxptxpA,1,1,0.8
2017-10-14,Switzerland,CH,Browse features,Louis Weisz,OMrUmOTPD_AnSivjxptxpA,3,1,2.7
2017-10-14,Germany,DE,Channel pages,Louis Weisz,OMrUmOTPD_AnSivjxptxpA,7,4,1.8
2017-10-14,Denmark,DK,Channel pages,Louis Weisz,OMrUmOTPD_AnSivjxptxpA,0,1,0.2
2017-10-14,Denmark,DK,YouTube search,Louis Weisz,OMrUmOTPD_AnSivjxptxpA,1,1,1.3
2017-10-14,Ecuador,EC,YouTube search,Louis Weisz,OMrUmOTPD_AnSivjxptxpA,0,1,0.2
2017-10-14,Estonia,EE,Channel pages,Louis Weisz,OMrUmOTPD_AnSivjxptxpA,1,2,0.7
2017-10-14,Estonia,EE,Suggested videos,Louis Weisz,OMrUmOTPD_AnSivjxptxpA,2,2,0.9
2017-10-14,Spain,ES,Suggested videos,Louis Weisz,OMrUmOTPD_AnSivjxptxpA,4,1,3.7
2017-10-14,United Kingdom,GB,YouTube search,Louis Weisz,OMrUmOTPD_AnSivjxptxpA,1,2,0.7
2017-10-14,Hungary,HU,Suggested videos,Louis Weisz,OMrUmOTPD_AnSivjxptxpA,1,1,0.6
2017-10-14,Indonesia,ID,External,Louis Weisz,OMrUmOTPD_AnSivjxptxpA,4,1,3.8
2017-10-14,India,IN,YouTube search,Louis Weisz,OMrUmOTPD_AnSivjxptxpA,0,1,0.1
2017-10-14,India,IN,External,Louis Weisz,OMrUmOTPD_AnSivjxptxpA,3,1,2.9
2017-10-14,South Korea,KR,Channel pages,Louis Weisz,OMrUmOTPD_AnSivjxptxpA,1,1,0.8
2017-10-14,Malaysia,MY,Browse features,Louis Weisz,OMrUmOTPD_AnSivjxptxpA,4,1,4.2
2017-10-14,Malaysia,MY,External,Louis Weisz,OMrUmOTPD_AnSivjxptxpA,0,1,0.2
2017-10-14,Norway,NO,Suggested videos,Louis Weisz,OMrUmOTPD_AnSivjxptxpA,3,1,2.7
2017-10-14,New Zealand,NZ,Channel pages,Louis Weisz,OMrUmOTPD_AnSivjxptxpA,1,1,0.6
2017-10-14,Philippines,PH,YouTube search,Louis Weisz,OMrUmOTPD_AnSivjxptxpA,2,1,2.3
2017-10-14,Poland,PL,YouTube search,Louis Weisz,OMrUmOTPD_AnSivjxptxpA,0,1,0.0
2017-10-14,Portugal,PT,Channel pages,Louis Weisz,OMrUmOTPD_AnSivjxptxpA,3,3,1.0
2017-10-14,Portugal,PT,Suggested videos,Louis Weisz,OMrUmOTPD_AnSivjxptxpA,0,1,0.5
2017-10-14,Portugal,PT,Video cards and annotations,Louis Weisz,OMrUmOTPD_AnSivjxptxpA,0,1,0.4
2017-10-14,Sweden,SE,Channel pages,Louis Weisz,OMrUmOTPD_AnSivjxptxpA,2,1,1.8
2017-10-14,Singapore,SG,Browse features,Louis Weisz,OMrUmOTPD_AnSivjxptxpA,2,1,1.8
2017-10-14,Singapore,SG,Channel pages,Louis Weisz,OMrUmOTPD_AnSivjxptxpA,4,2,1.9
2017-10-14,Thailand,TH,YouTube search,Louis Weisz,OMrUmOTPD_AnSivjxptxpA,0,1,0.1
2017-10-14,United States,US,Direct or unknown,Louis Weisz,OMrUmOTPD_AnSivjxptxpA,0,1,0.4
2017-10-14,United States,US,Channel pages,Louis Weisz,OMrUmOTPD_AnSivjxptxpA,52,16,3.3
2017-10-14,United States,US,YouTube search,Louis Weisz,OMrUmOTPD_AnSivjxptxpA,14,7,1.9
2017-10-14,United States,US,Suggested videos,Louis Weisz,OMrUmOTPD_AnSivjxptxpA,32,16,2.0
2017-10-14,United States,US,Other YouTube features,Louis Weisz,OMrUmOTPD_AnSivjxptxpA,6,1,5.5
2017-10-14,United States,US,External,Louis Weisz,OMrUmOTPD_AnSivjxptxpA,2,3,0.5
2017-10-14,United States,US,End screens,Louis Weisz,OMrUmOTPD_AnSivjxptxpA,12,7,1.7
2017-10-14,Vietnam,VN,Suggested videos,Louis Weisz,OMrUmOTPD_AnSivjxptxpA,0,1,0.5
2017-10-15,Austria,AT,YouTube search,Louis Weisz,OMrUmOTPD_AnSivjxptxpA,2,1,1.9
2017-10-15,Australia,AU,External,Louis Weisz,OMrUmOTPD_AnSivjxptxpA,0,2,0.0
2017-10-15,Brazil,BR,Channel pages,Louis Weisz,OMrUmOTPD_AnSivjxptxpA,7,3,2.2
2017-10-15,Canada,CA,Direct or unknown,Louis Weisz,OMrUmOTPD_AnSivjxptxpA,0,1,0.3
2017-10-15,Canada,CA,Channel pages,Louis Weisz,OMrUmOTPD_AnSivjxptxpA,3,4,0.7
2017-10-15,Canada,CA,Suggested videos,Louis Weisz,OMrUmOTPD_AnSivjxptxpA,6,2,2.9
2017-10-15,Canada,CA,Playlists,Louis Weisz,OMrUmOTPD_AnSivjxptxpA,10,3,3.4
2017-10-15,Canada,CA,Playlist page,Louis Weisz,OMrUmOTPD_AnSivjxptxpA,3,1,3.1
2017-10-15,Germany,DE,Channel pages,Louis Weisz,OMrUmOTPD_AnSivjxptxpA,0,1,0.3
2017-10-15,Germany,DE,External,Louis Weisz,OMrUmOTPD_AnSivjxptxpA,0,1,0.1
2017-10-15,France,FR,YouTube search,Louis Weisz,OMrUmOTPD_AnSivjxptxpA,1,1,0.7
2017-10-15,France,FR,Suggested videos,Louis Weisz,OMrUmOTPD_AnSivjxptxpA,1,1,1.0
2017-10-15,United Kingdom,GB,Channel pages,Louis Weisz,OMrUmOTPD_AnSivjxptxpA,13,3,4.3
2017-10-15,Indonesia,ID,YouTube search,Louis Weisz,OMrUmOTPD_AnSivjxptxpA,2,1,2.0
2017-10-15,India,IN,External,Louis Weisz,OMrUmOTPD_AnSivjxptxpA,1,3,0.2
2017-10-15,Italy,IT,Suggested videos,Louis Weisz,OMrUmOTPD_AnSivjxptxpA,1,3,0.5
2017-10-15,Jamaica,JM,YouTube search,Louis Weisz,OMrUmOTPD_AnSivjxptxpA,0,1,0.1
2017-10-15,Japan,JP,External,Louis Weisz,OMrUmOTPD_AnSivjxptxpA,4,1,3.9
2017-10-15,Latvia,LV,Channel pages,Louis Weisz,OMrUmOTPD_AnSivjxptxpA,0,1,0.3
2017-10-15,Mauritius,MU,YouTube search,Louis Weisz,OMrUmOTPD_AnSivjxptxpA,0,1,0.0
2017-10-15,Mexico,MX,Channel pages,Louis Weisz,OMrUmOTPD_AnSivjxptxpA,2,1,2.2
2017-10-15,Philippines,PH,YouTube search,Louis Weisz,OMrUmOTPD_AnSivjxptxpA,1,1,0.8
2017-10-15,Philippines,PH,Suggested videos,Louis Weisz,OMrUmOTPD_AnSivjxptxpA,3,2,1.4
2017-10-15,Pakistan,PK,External,Louis Weisz,OMrUmOTPD_AnSivjxptxpA,0,1,0.3
2017-10-15,Saudi Arabia,SA,Suggested videos,Louis Weisz,OMrUmOTPD_AnSivjxptxpA,7,1,6.8
2017-10-15,Sweden,SE,YouTube search,Louis Weisz,OMrUmOTPD_AnSivjxptxpA,0,1,0.0
2017-10-15,Sweden,SE,Suggested videos,Louis Weisz,OMrUmOTPD_AnSivjxptxpA,4,1,3.8
2017-10-15,Singapore,SG,YouTube search,Louis Weisz,OMrUmOTPD_AnSivjxptxpA,2,1,2.1
2017-10-15,Thailand,TH,YouTube search,Louis Weisz,OMrUmOTPD_AnSivjxptxpA,2,1,1.6
2017-10-15,United States,US,Browse features,Louis Weisz,OMrUmOTPD_AnSivjxptxpA,1,1,1.5
2017-10-15,United States,US,Channel pages,Louis Weisz,OMrUmOTPD_AnSivjxptxpA,93,36,2.6
2017-10-15,United States,US,YouTube search,Louis Weisz,OMrUmOTPD_AnSivjxptxpA,17,9,1.9
2017-10-15,United States,US,Suggested videos,Louis Weisz,OMrUmOTPD_AnSivjxptxpA,33,10,3.3
2017-10-15,United States,US,Other YouTube features,Louis Weisz,OMrUmOTPD_AnSivjxptxpA,4,1,4.3
2017-10-15,United States,US,External,Louis Weisz,OMrUmOTPD_AnSivjxptxpA,1,2,0.7
2017-10-15,United States,US,Playlists,Louis Weisz,OMrUmOTPD_AnSivjxptxpA,2,1,2.4
2017-10-15,United States,US,Playlist page,Louis Weisz,OMrUmOTPD_AnSivjxptxpA,2,1,1.6
2017-10-15,United States,US,End screens,Louis Weisz,OMrUmOTPD_AnSivjxptxpA,11,4,2.7
2017-10-16,Australia,AU,Channel pages,Louis Weisz,OMrUmOTPD_AnSivjxptxpA,8,2,4.2
2017-10-16,Australia,AU,External,Louis Weisz,OMrUmOTPD_AnSivjxptxpA,0,1,0.0
2017-10-16,Brazil,BR,Channel pages,Louis Weisz,OMrUmOTPD_AnSivjxptxpA,0,2,0.2
2017-10-16,Canada,CA,Suggested videos,Louis Weisz,OMrUmOTPD_AnSivjxptxpA,4,1,3.9
2017-10-16,Canada,CA,Other YouTube features,Louis Weisz,OMrUmOTPD_AnSivjxptxpA,4,1,4.1
2017-10-16,Switzerland,CH,Suggested videos,Louis Weisz,OMrUmOTPD_AnSivjxptxpA,0,1,0.1
2017-10-16,Czechia,CZ,YouTube search,Louis Weisz,OMrUmOTPD_AnSivjxptxpA,0,1,0.1
2017-10-16,Germany,DE,Channel pages,Louis Weisz,OMrUmOTPD_AnSivjxptxpA,4,3,1.3
2017-10-16,Germany,DE,Suggested videos,Louis Weisz,OMrUmOTPD_AnSivjxptxpA,12,3,3.9
2017-10-16,Germany,DE,External,Louis Weisz,OMrUmOTPD_AnSivjxptxpA,3,1,3.2
2017-10-16,Germany,DE,Playlists,Louis Weisz,OMrUmOTPD_AnSivjxptxpA,8,3,2.8
2017-10-16,Denmark,DK,Channel pages,Louis Weisz,OMrUmOTPD_AnSivjxptxpA,5,4,1.4
2017-10-16,Estonia,EE,Channel pages,Louis Weisz,OMrUmOTPD_AnSivjxptxpA,3,4,0.8
2017-10-16,Spain,ES,Channel pages,Louis Weisz,OMrUmOTPD_AnSivjxptxpA,0,1,0.4
2017-10-16,Spain,ES,YouTube search,Louis Weisz,OMrUmOTPD_AnSivjxptxpA,3,1,2.7
2017-10-16,United Kingdom,GB,Channel pages,Louis Weisz,OMrUmOTPD_AnSivjxptxpA,3,3,1.1
2017-10-16,United Kingdom,GB,YouTube search,Louis Weisz,OMrUmOTPD_AnSivjxptxpA,3,1,2.8
2017-10-16,United Kingdom,GB,Suggested videos,Louis Weisz,OMrUmOTPD_AnSivjxptxpA,5,3,1.8
2017-10-16,Greece,GR,Channel pages,Louis Weisz,OMrUmOTPD_AnSivjxptxpA,0,1,0.3
2017-10-16,Greece,GR,External,Louis Weisz,OMrUmOTPD_AnSivjxptxpA,4,1,3.7
2017-10-16,Hong Kong,HK,Channel pages,Louis Weisz,OMrUmOTPD_AnSivjxptxpA,0,2,0.1
2017-10-16,Hong Kong,HK,Suggested videos,Louis Weisz,OMrUmOTPD_AnSivjxptxpA,8,4,1.9
2017-10-16,Indonesia,ID,YouTube search,Louis Weisz,OMrUmOTPD_AnSivjxptxpA,5,4,1.3
2017-10-16,Ireland,IE,Channel pages,Louis Weisz,OMrUmOTPD_AnSivjxptxpA,2,1,2.0
2017-10-16,India,IN,YouTube search,Louis Weisz,OMrUmOTPD_AnSivjxptxpA,0,1,0.2
2017-10-16,India,IN,Other YouTube features,Louis Weisz,OMrUmOTPD_AnSivjxptxpA,0,1,0.3
2017-10-16,India,IN,External,Louis Weisz,OMrUmOTPD_AnSivjxptxpA,2,3,0.6
2017-10-16,Italy,IT,Channel pages,Louis Weisz,OMrUmOTPD_AnSivjxptxpA,2,1,2.1
2017-10-16,New Zealand,NZ,External,Louis Weisz,OMrUmOTPD_AnSivjxptxpA,1,1,1.3
2017-10-16,Peru,PE,YouTube search,Louis Weisz,OMrUmOTPD_AnSivjxptxpA,0,1,0.2
2017-10-16,Philippines,PH,Suggested videos,Louis Weisz,OMrUmOTPD_AnSivjxptxpA,4,1,4.3
2017-10-16,Portugal,PT,Channel pages,Louis Weisz,OMrUmOTPD_AnSivjxptxpA,3,1,3.3
2017-10-16,Portugal,PT,Suggested videos,Louis Weisz,OMrUmOTPD_AnSivjxptxpA,14,3,4.7
2017-10-16,Sweden,SE,Channel pages,Louis Weisz,OMrUmOTPD_AnSivjxptxpA,0,1,0.2
2017-10-16,United States,US,Direct or unknown,Louis Weisz,OMrUmOTPD_AnSivjxptxpA,0,1,0.1
2017-10-16,United States,US,Browse features,Louis Weisz,OMrUmOTPD_AnSivjxptxpA,2,2,0.8
2017-10-16,United States,US,Channel pages,Louis Weisz,OMrUmOTPD_AnSivjxptxpA,78,38,2.1
2017-10-16,United States,US,YouTube search,Louis Weisz,OMrUmOTPD_AnSivjxptxpA,34,15,2.3
2017-10-16,United States,US,Suggested videos,Louis Weisz,OMrUmOTPD_AnSivjxptxpA,65,20,3.3
2017-10-16,United States,US,Other YouTube features,Louis Weisz,OMrUmOTPD_AnSivjxptxpA,4,4,0.9
2017-10-16,United States,US,External,Louis Weisz,OMrUmOTPD_AnSivjxptxpA,3,5,0.6
2017-10-16,United States,US,Video cards and annotations,Louis Weisz,OMrUmOTPD_AnSivjxptxpA,1,1,0.9
2017-10-16,United States,US,End screens,Louis Weisz,OMrUmOTPD_AnSivjxptxpA,5,2,2.5
2017-10-16,Vietnam,VN,Suggested videos,Louis Weisz,OMrUmOTPD_AnSivjxptxpA,1,1,0.7
2017-10-17,Australia,AU,Suggested videos,Louis Weisz,OMrUmOTPD_AnSivjxptxpA,3,1,3.3
2017-10-17,Australia,AU,External,Louis Weisz,OMrUmOTPD_AnSivjxptxpA,0,1,0.0
2017-10-17,Brazil,BR,YouTube search,Louis Weisz,OMrUmOTPD_AnSivjxptxpA,2,1,1.5
2017-10-17,Brazil,BR,Suggested videos,Louis Weisz,OMrUmOTPD_AnSivjxptxpA,4,1,4.3
2017-10-17,Canada,CA,Channel pages,Louis Weisz,OMrUmOTPD_AnSivjxptxpA,5,4,1.2
2017-10-17,Canada,CA,YouTube search,Louis Weisz,OMrUmOTPD_AnSivjxptxpA,5,3,1.6
2017-10-17,Canada,CA,Suggested videos,Louis Weisz,OMrUmOTPD_AnSivjxptxpA,1,1,0.9
2017-10-17,Canada,CA,Other YouTube features,Louis Weisz,OMrUmOTPD_AnSivjxptxpA,4,1,4.3
2017-10-17,Germany,DE,Channel pages,Louis Weisz,OMrUmOTPD_AnSivjxptxpA,6,1,6.2
2017-10-17,Germany,DE,Suggested videos,Louis Weisz,OMrUmOTPD_AnSivjxptxpA,0,1,0.3
2017-10-17,Denmark,DK,Channel pages,Louis Weisz,OMrUmOTPD_AnSivjxptxpA,1,1,1.4
2017-10-17,Denmark,DK,Suggested videos,Louis Weisz,OMrUmOTPD_AnSivjxptxpA,6,2,3.1
2017-10-17,Denmark,DK,Video cards and annotations,Louis Weisz,OMrUmOTPD_AnSivjxptxpA,2,1,1.9
2017-10-17,United Kingdom,GB,Channel pages,Louis Weisz,OMrUmOTPD_AnSivjxptxpA,14,4,3.5
2017-10-17,Hong Kong,HK,YouTube search,Louis Weisz,OMrUmOTPD_AnSivjxptxpA,4,1,4.3
2017-10-17,Hong Kong,HK,Suggested videos,Louis Weisz,OMrUmOTPD_AnSivjxptxpA,4,1,3.6
2017-10-17,Hong Kong,HK,External,Louis Weisz,OMrUmOTPD_AnSivjxptxpA,1,1,0.6
2017-10-17,Croatia,HR,External,Louis Weisz,OMrUmOTPD_AnSivjxptxpA,3,1,3.4
2017-10-17,Ireland,IE,Channel pages,Louis Weisz,OMrUmOTPD_AnSivjxptxpA,0,1,0.3
2017-10-17,Ireland,IE,Playlist page,Louis Weisz,OMrUmOTPD_AnSivjxptxpA,1,1,1.3
2017-10-17,India,IN,External,Louis Weisz,OMrUmOTPD_AnSivjxptxpA,4,3,1.3
2017-10-17,Italy,IT,External,Louis Weisz,OMrUmOTPD_AnSivjxptxpA,1,1,1.0
2017-10-17,Lithuania,LT,Channel pages,Louis Weisz,OMrUmOTPD_AnSivjxptxpA,13,3,4.5
2017-10-17,Latvia,LV,Channel pages,Louis Weisz,OMrUmOTPD_AnSivjxptxpA,0,1,0.2
2017-10-17,Mexico,MX,Channel pages,Louis Weisz,OMrUmOTPD_AnSivjxptxpA,3,1,3.0
2017-10-17,Netherlands,NL,External,Louis Weisz,OMrUmOTPD_AnSivjxptxpA,3,1,2.9
2017-10-17,New Zealand,NZ,Suggested videos,Louis Weisz,OMrUmOTPD_AnSivjxptxpA,4,1,4.3
2017-10-17,Poland,PL,YouTube search,Louis Weisz,OMrUmOTPD_AnSivjxptxpA,1,1,0.9
2017-10-17,Russia,RU,Suggested videos,Louis Weisz,OMrUmOTPD_AnSivjxptxpA,2,2,0.9
2017-10-17,United States,US,Direct or unknown,Louis Weisz,OMrUmOTPD_AnSivjxptxpA,0,1,0.2
2017-10-17,United States,US,Channel pages,Louis Weisz,OMrUmOTPD_AnSivjxptxpA,54,26,2.1
2017-10-17,United States,US,YouTube search,Louis Weisz,OMrUmOTPD_AnSivjxptxpA,14,11,1.3
2017-10-17,United States,US,Suggested videos,Louis Weisz,OMrUmOTPD_AnSivjxptxpA,40,17,2.4
2017-10-17,United States,US,External,Louis Weisz,OMrUmOTPD_AnSivjxptxpA,17,7,2.5
2017-10-17,United States,US,Video cards and annotations,Louis Weisz,OMrUmOTPD_AnSivjxptxpA,2,1,2.2
2017-10-17,United States,US,Playlists,Louis Weisz,OMrUmOTPD_AnSivjxptxpA,9,3,3.1
2017-10-17,United States,US,Playlist page,Louis Weisz,OMrUmOTPD_AnSivjxptxpA,3,1,3.0
2017-10-18,United Arab Emirates,AE,Suggested videos,Louis Weisz,OMrUmOTPD_AnSivjxptxpA,2,1,1.6
2017-10-18,Austria,AT,Channel pages,Louis Weisz,OMrUmOTPD_AnSivjxptxpA,0,1,0.2
2017-10-18,Australia,AU,Channel pages,Louis Weisz,OMrUmOTPD_AnSivjxptxpA,3,1,3.2
2017-10-18,Australia,AU,Suggested videos,Louis Weisz,OMrUmOTPD_AnSivjxptxpA,14,3,4.8
2017-10-18,Australia,AU,External,Louis Weisz,OMrUmOTPD_AnSivjxptxpA,0,1,0.0
2017-10-18,Brazil,BR,Channel pages,Louis Weisz,OMrUmOTPD_AnSivjxptxpA,9,2,4.4
2017-10-18,Canada,CA,Channel pages,Louis Weisz,OMrUmOTPD_AnSivjxptxpA,3,2,1.5
2017-10-18,Canada,CA,YouTube search,Louis Weisz,OMrUmOTPD_AnSivjxptxpA,4,2,2.0
2017-10-18,Canada,CA,Suggested videos,Louis Weisz,OMrUmOTPD_AnSivjxptxpA,16,8,2.0
2017-10-18,Switzerland,CH,Browse features,Louis Weisz,OMrUmOTPD_AnSivjxptxpA,2,1,1.7
2017-10-18,Chile,CL,YouTube search,Louis Weisz,OMrUmOTPD_AnSivjxptxpA,0,1,0.1
2017-10-18,Chile,CL,Suggested videos,Louis Weisz,OMrUmOTPD_AnSivjxptxpA,2,2,0.8
2017-10-18,Germany,DE,Channel pages,Louis Weisz,OMrUmOTPD_AnSivjxptxpA,4,4,1.0
2017-10-18,Germany,DE,YouTube search,Louis Weisz,OMrUmOTPD_AnSivjxptxpA,2,3,0.6
2017-10-18,Denmark,DK,Channel pages,Louis Weisz,OMrUmOTPD_AnSivjxptxpA,3,2,1.6
2017-10-18,Denmark,DK,Video cards and annotations,Louis Weisz,OMrUmOTPD_AnSivjxptxpA,1,1,0.6
2017-10-18,Denmark,DK,End screens,Louis Weisz,OMrUmOTPD_AnSivjxptxpA,0,1,0.1
2017-10-18,Finland,FI,Channel pages,Louis Weisz,OMrUmOTPD_AnSivjxptxpA,4,13,0.3
2017-10-18,France,FR,Channel pages,Louis Weisz,OMrUmOTPD_AnSivjxptxpA,0,2,0.1
2017-10-18,France,FR,Suggested videos,Louis Weisz,OMrUmOTPD_AnSivjxptxpA,4,1,4.3
2017-10-18,United Kingdom,GB,Channel pages,Louis Weisz,OMrUmOTPD_AnSivjxptxpA,6,3,2.1
2017-10-18,United Kingdom,GB,YouTube search,Louis Weisz,OMrUmOTPD_AnSivjxptxpA,2,2,0.8
2017-10-18,United Kingdom,GB,Suggested videos,Louis Weisz,OMrUmOTPD_AnSivjxptxpA,0,1,0.3
2017-10-18,Greece,GR,YouTube search,Louis Weisz,OMrUmOTPD_AnSivjxptxpA,0,1,0.4
2017-10-18,Guyana,GY,Suggested videos,Louis Weisz,OMrUmOTPD_AnSivjxptxpA,3,1,2.6
2017-10-18,Indonesia,ID,YouTube search,Louis Weisz,OMrUmOTPD_AnSivjxptxpA,2,1,1.8
2017-10-18,India,IN,YouTube search,Louis Weisz,OMrUmOTPD_AnSivjxptxpA,0,1,0.4
2017-10-18,India,IN,External,Louis Weisz,OMrUmOTPD_AnSivjxptxpA,3,1,2.6
2017-10-18,Japan,JP,YouTube search,Louis Weisz,OMrUmOTPD_AnSivjxptxpA,0,1,0.1
2017-10-18,Japan,JP,External,Louis Weisz,OMrUmOTPD_AnSivjxptxpA,1,1,1.5
2017-10-18,Netherlands,NL,YouTube search,Louis Weisz,OMrUmOTPD_AnSivjxptxpA,3,2,1.5
2017-10-18,Netherlands,NL,Suggested videos,Louis Weisz,OMrUmOTPD_AnSivjxptxpA,0,3,0.1
2017-10-18,Netherlands,NL,External,Louis Weisz,OMrUmOTPD_AnSivjxptxpA,1,1,0.5
2017-10-18,Portugal,PT,Channel pages,Louis Weisz,OMrUmOTPD_AnSivjxptxpA,0,1,0.2
2017-10-18,Saudi Arabia,SA,YouTube search,Louis Weisz,OMrUmOTPD_AnSivjxptxpA,4,2,2.0
2017-10-18,Sweden,SE,YouTube search,Louis Weisz,OMrUmOTPD_AnSivjxptxpA,3,1,3.1
2017-10-18,Sweden,SE,Video cards and annotations,Louis Weisz,OMrUmOTPD_AnSivjxptxpA,1,1,0.8
2017-10-18,Thailand,TH,YouTube search,Louis Weisz,OMrUmOTPD_AnSivjxptxpA,1,1,1.3
2017-10-18,Tunisia,TN,Channel pages,Louis Weisz,OMrUmOTPD_AnSivjxptxpA,2,1,2.2
2017-10-18,United States,US,Browse features,Louis Weisz,OMrUmOTPD_AnSivjxptxpA,8,2,4.0
2017-10-18,United States,US,Channel pages,Louis Weisz,OMrUmOTPD_AnSivjxptxpA,42,23,1.8
2017-10-18,United States,US,YouTube search,Louis Weisz,OMrUmOTPD_AnSivjxptxpA,16,8,2.0
2017-10-18,United States,US,Suggested videos,Louis Weisz,OMrUmOTPD_AnSivjxptxpA,17,8,2.1
2017-10-18,United States,US,Other YouTube features,Louis Weisz,OMrUmOTPD_AnSivjxptxpA,7,4,1.8
2017-10-18,United States,US,External,Louis Weisz,OMrUmOTPD_AnSivjxptxpA,5,2,2.5
2017-10-18,United States,US,Video cards and annotations,Louis Weisz,OMrUmOTPD_AnSivjxptxpA,3,1,2.7
2017-10-19,Argentina,AR,Channel pages,Louis Weisz,OMrUmOTPD_AnSivjxptxpA,0,1,0.2
2017-10-19,Australia,AU,Channel pages,Louis Weisz,OMrUmOTPD_AnSivjxptxpA,2,2,0.8
2017-10-19,Australia,AU,YouTube search,Louis Weisz,OMrUmOTPD_AnSivjxptxpA,3,1,2.8
2017-10-19,Australia,AU,Suggested videos,Louis Weisz,OMrUmOTPD_AnSivjxptxpA,0,1,0.0
2017-10-19,Brazil,BR,Channel pages,Louis Weisz,OMrUmOTPD_AnSivjxptxpA,17,8,2.1
2017-10-19,Canada,CA,Channel pages,Louis Weisz,OMrUmOTPD_AnSivjxptxpA,8,4,2.0
2017-10-19,Canada,CA,YouTube search,Louis Weisz,OMrUmOTPD_AnSivjxptxpA,7,2,3.5
2017-10-19,Canada,CA,Suggested videos,Louis Weisz,OMrUmOTPD_AnSivjxptxpA,4,2,1.8
2017-10-19,Chile,CL,YouTube search,Louis Weisz,OMrUmOTPD_AnSivjxptxpA,1,1,1.2
2017-10-19,Cyprus,CY,Suggested videos,Louis Weisz,OMrUmOTPD_AnSivjxptxpA,1,1,0.6
2017-10-19,Germany,DE,Channel pages,Louis Weisz,OMrUmOTPD_AnSivjxptxpA,5,2,2.3
2017-10-19,Germany,DE,YouTube search,Louis Weisz,OMrUmOTPD_AnSivjxptxpA,0,2,0.2
2017-10-19,Spain,ES,External,Louis Weisz,OMrUmOTPD_AnSivjxptxpA,1,1,0.5
2017-10-19,France,FR,Channel pages,Louis Weisz,OMrUmOTPD_AnSivjxptxpA,5,4,1.1
2017-10-19,United Kingdom,GB,Channel pages,Louis Weisz,OMrUmOTPD_AnSivjxptxpA,24,7,3.4
2017-10-19,Ireland,IE,Channel pages,Louis Weisz,OMrUmOTPD_AnSivjxptxpA,1,1,1.1
2017-10-19,Ireland,IE,Suggested videos,Louis Weisz,OMrUmOTPD_AnSivjxptxpA,4,3,1.3
2017-10-19,Japan,JP,External,Louis Weisz,OMrUmOTPD_AnSivjxptxpA,1,1,0.9
2017-10-19,Mexico,MX,Channel pages,Louis Weisz,OMrUmOTPD_AnSivjxptxpA,0,1,0.2
2017-10-19,Netherlands,NL,Channel pages,Louis Weisz,OMrUmOTPD_AnSivjxptxpA,8,2,4.0
2017-10-19,Norway,NO,Channel pages,Louis Weisz,OMrUmOTPD_AnSivjxptxpA,4,2,1.8
2017-10-19,New Zealand,NZ,Channel pages,Louis Weisz,OMrUmOTPD_AnSivjxptxpA,7,3,2.2
2017-10-19,New Zealand,NZ,Other YouTube features,Louis Weisz,OMrUmOTPD_AnSivjxptxpA,6,1,6.0
2017-10-19,Poland,PL,Channel pages,Louis Weisz,OMrUmOTPD_AnSivjxptxpA,0,1,0.2
2017-10-19,Poland,PL,YouTube search,Louis Weisz,OMrUmOTPD_AnSivjxptxpA,1,1,0.7
2017-10-19,Romania,RO,Channel pages,Louis Weisz,OMrUmOTPD_AnSivjxptxpA,6,2,2.9
2017-10-19,United States,US,Browse features,Louis Weisz,OMrUmOTPD_AnSivjxptxpA,12,5,2.4
2017-10-19,United States,US,Channel pages,Louis Weisz,OMrUmOTPD_AnSivjxptxpA,37,17,2.2
2017-10-19,United States,US,YouTube search,Louis Weisz,OMrUmOTPD_AnSivjxptxpA,17,11,1.6
2017-10-19,United States,US,Suggested videos,Louis Weisz,OMrUmOTPD_AnSivjxptxpA,45,17,2.7
2017-10-19,United States,US,External,Louis Weisz,OMrUmOTPD_AnSivjxptxpA,5,2,2.6
2017-10-19,United States,US,Playlists,Louis Weisz,OMrUmOTPD_AnSivjxptxpA,4,1,3.7
2017-10-20,Australia,AU,Channel pages,Louis Weisz,OMrUmOTPD_AnSivjxptxpA,6,2,3.2
2017-10-20,Australia,AU,External,Louis Weisz,OMrUmOTPD_AnSivjxptxpA,6,2,2.9
2017-10-20,Australia,AU,Video cards and annotations,Louis Weisz,OMrUmOTPD_AnSivjxptxpA,15,3,5.1
2017-10-20,Canada,CA,Channel pages,Louis Weisz,OMrUmOTPD_AnSivjxptxpA,1,2,0.7
2017-10-20,Canada,CA,YouTube search,Louis Weisz,OMrUmOTPD_AnSivjxptxpA,1,1,0.6
2017-10-20,Canada,CA,Suggested videos,Louis Weisz,OMrUmOTPD_AnSivjxptxpA,4,1,4.3
2017-10-20,Germany,DE,External,Louis Weisz,OMrUmOTPD_AnSivjxptxpA,4,1,4.3
2017-10-20,Dominican Republic,DO,Suggested videos,Louis Weisz,OMrUmOTPD_AnSivjxptxpA,4,1,4.0
2017-10-20,France,FR,Channel pages,Louis Weisz,OMrUmOTPD_AnSivjxptxpA,1,1,1.3
2017-10-20,France,FR,Suggested videos,Louis Weisz,OMrUmOTPD_AnSivjxptxpA,6,2,3.1
2017-10-20,France,FR,Video cards and annotations,Louis Weisz,OMrUmOTPD_AnSivjxptxpA,3,1,2.9
2017-10-20,United Kingdom,GB,Channel pages,Louis Weisz,OMrUmOTPD_AnSivjxptxpA,12,6,1.9
2017-10-20,United Kingdom,GB,YouTube search,Louis Weisz,OMrUmOTPD_AnSivjxptxpA,1,1,1.1
2017-10-20,Croatia,HR,Channel pages,Louis Weisz,OMrUmOTPD_AnSivjxptxpA,7,2,3.3
2017-10-20,Indonesia,ID,Suggested videos,Louis Weisz,OMrUmOTPD_AnSivjxptxpA,4,2,2.1
2017-10-20,Italy,IT,YouTube search,Louis Weisz,OMrUmOTPD_AnSivjxptxpA,4,1,4.1
2017-10-20,Japan,JP,External,Louis Weisz,OMrUmOTPD_AnSivjxptxpA,0,1,0.3
2017-10-20,Netherlands,NL,Channel pages,Louis Weisz,OMrUmOTPD_AnSivjxptxpA,2,1,1.5
2017-10-20,Norway,NO,Channel pages,Louis Weisz,OMrUmOTPD_AnSivjxptxpA,0,1,0.2
2017-10-20,New Zealand,NZ,YouTube search,Louis Weisz,OMrUmOTPD_AnSivjxptxpA,3,1,2.7
2017-10-20,Philippines,PH,Browse features,Louis Weisz,OMrUmOTPD_AnSivjxptxpA,3,1,2.9
2017-10-20,Russia,RU,External,Louis Weisz,OMrUmOTPD_AnSivjxptxpA,6,2,3.2
2017-10-20,Sweden,SE,External,Louis Weisz,OMrUmOTPD_AnSivjxptxpA,0,2,0.1
2017-10-20,Slovenia,SI,YouTube search,Louis Weisz,OMrUmOTPD_AnSivjxptxpA,1,1,0.7
2017-10-20,United States,US,Browse features,Louis Weisz,OMrUmOTPD_AnSivjxptxpA,4,3,1.3
2017-10-20,United States,US,Channel pages,Louis Weisz,OMrUmOTPD_AnSivjxptxpA,66,34,1.9
2017-10-20,United States,US,YouTube search,Louis Weisz,OMrUmOTPD_AnSivjxptxpA,17,6,2.8
2017-10-20,United States,US,Suggested videos,Louis Weisz,OMrUmOTPD_AnSivjxptxpA,23,6,3.9
2017-10-20,United States,US,Other YouTube features,Louis Weisz,OMrUmOTPD_AnSivjxptxpA,3,1,3.4
2017-10-20,United States,US,External,Louis Weisz,OMrUmOTPD_AnSivjxptxpA,9,4,2.3
2017-10-20,United States,US,Playlists,Louis Weisz,OMrUmOTPD_AnSivjxptxpA,10,7,1.4
2017-10-20,United States,US,End screens,Louis Weisz,OMrUmOTPD_AnSivjxptxpA,2,2,1.2
2017-10-21,Australia,AU,Channel pages,Louis Weisz,OMrUmOTPD_AnSivjxptxpA,5,2,2.3
2017-10-21,Australia,AU,YouTube search,Louis Weisz,OMrUmOTPD_AnSivjxptxpA,7,1,6.7
2017-10-21,Brazil,BR,Channel pages,Louis Weisz,OMrUmOTPD_AnSivjxptxpA,2,1,2.2
2017-10-21,Brazil,BR,YouTube search,Louis Weisz,OMrUmOTPD_AnSivjxptxpA,6,1,5.6
2017-10-21,Canada,CA,Channel pages,Louis Weisz,OMrUmOTPD_AnSivjxptxpA,7,3,2.3
2017-10-21,Canada,CA,YouTube search,Louis Weisz,OMrUmOTPD_AnSivjxptxpA,1,2,0.4
2017-10-21,Germany,DE,Channel pages,Louis Weisz,OMrUmOTPD_AnSivjxptxpA,7,6,1.2
2017-10-21,Germany,DE,Suggested videos,Louis Weisz,OMrUmOTPD_AnSivjxptxpA,3,1,3.3
2017-10-21,Denmark,DK,Channel pages,Louis Weisz,OMrUmOTPD_AnSivjxptxpA,4,2,2.2
2017-10-21,Spain,ES,Channel pages,Louis Weisz,OMrUmOTPD_AnSivjxptxpA,1,1,0.6
2017-10-21,Spain,ES,YouTube search,Louis Weisz,OMrUmOTPD_AnSivjxptxpA,0,1,0.4
2017-10-21,Finland,FI,Channel pages,Louis Weisz,OMrUmOTPD_AnSivjxptxpA,0,1,0.2
2017-10-21,Finland,FI,Playlists,Louis Weisz,OMrUmOTPD_AnSivjxptxpA,6,1,5.9
2017-10-21,France,FR,YouTube search,Louis Weisz,OMrUmOTPD_AnSivjxptxpA,3,1,2.6
2017-10-21,United Kingdom,GB,Browse features,Louis Weisz,OMrUmOTPD_AnSivjxptxpA,0,1,0.4
2017-10-21,United Kingdom,GB,Channel pages,Louis Weisz,OMrUmOTPD_AnSivjxptxpA,1,2,0.6
2017-10-21,United Kingdom,GB,Suggested videos,Louis Weisz,OMrUmOTPD_AnSivjxptxpA,0,1,0.1
2017-10-21,United Kingdom,GB,External,Louis Weisz,OMrUmOTPD_AnSivjxptxpA,1,1,1.5
2017-10-21,Hungary,HU,Suggested videos,Louis Weisz,OMrUmOTPD_AnSivjxptxpA,3,1,3.1
2017-10-21,India,IN,YouTube search,Louis Weisz,OMrUmOTPD_AnSivjxptxpA,5,2,2.5
2017-10-21,Japan,JP,Suggested videos,Louis Weisz,OMrUmOTPD_AnSivjxptxpA,3,1,3.4
2017-10-21,Netherlands,NL,Channel pages,Louis Weisz,OMrUmOTPD_AnSivjxptxpA,7,2,3.6
2017-10-21,Netherlands,NL,Suggested videos,Louis Weisz,OMrUmOTPD_AnSivjxptxpA,4,2,2.1
2017-10-21,Panama,PA,External,Louis Weisz,OMrUmOTPD_AnSivjxptxpA,0,1,0.1
2017-10-21,Romania,RO,Browse features,Louis Weisz,OMrUmOTPD_AnSivjxptxpA,4,1,4.3
2017-10-21,Serbia,RS,Channel pages,Louis Weisz,OMrUmOTPD_AnSivjxptxpA,20,6,3.3
2017-10-21,Serbia,RS,Video cards and annotations,Louis Weisz,OMrUmOTPD_AnSivjxptxpA,0,1,0.0
2017-10-21,Saudi Arabia,SA,YouTube search,Louis Weisz,OMrUmOTPD_AnSivjxptxpA,0,1,0.1
2017-10-21,Saudi Arabia,SA,Suggested videos,Louis Weisz,OMrUmOTPD_AnSivjxptxpA,4,1,3.9
2017-10-21,Singapore,SG,Channel pages,Louis Weisz,OMrUmOTPD_AnSivjxptxpA,1,1,1.4
2017-10-21,Singapore,SG,External,Louis Weisz,OMrUmOTPD_AnSivjxptxpA,3,1,3.0
2017-10-21,United States,US,Channel pages,Louis Weisz,OMrUmOTPD_AnSivjxptxpA,39,26,1.5
2017-10-21,United States,US,YouTube search,Louis Weisz,OMrUmOTPD_AnSivjxptxpA,25,11,2.3
2017-10-21,United States,US,Suggested videos,Louis Weisz,OMrUmOTPD_AnSivjxptxpA,33,7,4.7
2017-10-21,United States,US,External,Louis Weisz,OMrUmOTPD_AnSivjxptxpA,14,3,4.8
2017-10-21,United States,US,Playlists,Louis Weisz,OMrUmOTPD_AnSivjxptxpA,7,3,2.2
2017-10-21,United States,US,Playlist page,Louis Weisz,OMrUmOTPD_AnSivjxptxpA,2,3,0.7
2017-10-21,United States,US,End screens,Louis Weisz,OMrUmOTPD_AnSivjxptxpA,6,2,3.0
2017-10-21,Vietnam,VN,Suggested videos,Louis Weisz,OMrUmOTPD_AnSivjxptxpA,0,1,0.1
2017-10-22,Argentina,AR,Channel pages,Louis Weisz,OMrUmOTPD_AnSivjxptxpA,0,1,0.4
2017-10-22,Australia,AU,External,Louis Weisz,OMrUmOTPD_AnSivjxptxpA,0,1,0.0
2017-10-22,Bulgaria,BG,Channel pages,Louis Weisz,OMrUmOTPD_AnSivjxptxpA,2,1,1.9
2017-10-22,Brazil,BR,Channel pages,Louis Weisz,OMrUmOTPD_AnSivjxptxpA,3,2,1.5
2017-10-22,Brazil,BR,Suggested videos,Louis Weisz,OMrUmOTPD_AnSivjxptxpA,4,1,3.9
2017-10-22,Canada,CA,Channel pages,Louis Weisz,OMrUmOTPD_AnSivjxptxpA,5,3,1.7
2017-10-22,Canada,CA,Suggested videos,Louis Weisz,OMrUmOTPD_AnSivjxptxpA,4,1,4.2
2017-10-22,Canada,CA,Other YouTube features,Louis Weisz,OMrUmOTPD_AnSivjxptxpA,6,1,5.7
2017-10-22,Canada,CA,Playlist page,Louis Weisz,OMrUmOTPD_AnSivjxptxpA,4,1,4.2
2017-10-22,Switzerland,CH,Video cards and annotations,Louis Weisz,OMrUmOTPD_AnSivjxptxpA,8,2,3.9
2017-10-22,Czechia,CZ,Channel pages,Louis Weisz,OMrUmOTPD_AnSivjxptxpA,3,2,1.7
2017-10-22,Czechia,CZ,Suggested videos,Louis Weisz,OMrUmOTPD_AnSivjxptxpA,8,2,3.8
2017-10-22,Czechia,CZ,Video cards and annotations,Louis Weisz,OMrUmOTPD_AnSivjxptxpA,5,1,5.3
2017-10-22,Germany,DE,Direct or unknown,Louis Weisz,OMrUmOTPD_AnSivjxptxpA,1,2,0.6
2017-10-22,Germany,DE,Channel pages,Louis Weisz,OMrUmOTPD_AnSivjxptxpA,13,9,1.5
2017-10-22,Germany,DE,YouTube search,Louis Weisz,OMrUmOTPD_AnSivjxptxpA,1,1,1.2
2017-10-22,Germany,DE,Suggested videos,Louis Weisz,OMrUmOTPD_AnSivjxptxpA,6,3,2.0
2017-10-22,Germany,DE,Other YouTube features,Louis Weisz,OMrUmOTPD_AnSivjxptxpA,0,1,0.3
2017-10-22,Germany,DE,External,Louis Weisz,OMrUmOTPD_AnSivjxptxpA,16,7,2.3
2017-10-22,Ecuador,EC,Channel pages,Louis Weisz,OMrUmOTPD_AnSivjxptxpA,4,1,3.5
2017-10-22,Ecuador,EC,Suggested videos,Louis Weisz,OMrUmOTPD_AnSivjxptxpA,6,1,6.3
2017-10-22,Spain,ES,Channel pages,Louis Weisz,OMrUmOTPD_AnSivjxptxpA,1,1,0.9
2017-10-22,Spain,ES,Suggested videos,Louis Weisz,OMrUmOTPD_AnSivjxptxpA,3,1,3.1
2017-10-22,Finland,FI,Channel pages,Louis Weisz,OMrUmOTPD_AnSivjxptxpA,4,2,1.8
2017-10-22,France,FR,Channel pages,Louis Weisz,OMrUmOTPD_AnSivjxptxpA,1,1,0.6
2017-10-22,United Kingdom,GB,Browse features,Louis Weisz,OMrUmOTPD_AnSivjxptxpA,4,1,4.1
2017-10-22,United Kingdom,GB,Channel pages,Louis Weisz,OMrUmOTPD_AnSivjxptxpA,21,7,2.9
2017-10-22,United Kingdom,GB,YouTube search,Louis Weisz,OMrUmOTPD_AnSivjxptxpA,4,2,2.0
2017-10-22,United Kingdom,GB,Suggested videos,Louis Weisz,OMrUmOTPD_AnSivjxptxpA,8,4,1.9
2017-10-22,Hungary,HU,Channel pages,Louis Weisz,OMrUmOTPD_AnSivjxptxpA,1,2,0.7
2017-10-22,Indonesia,ID,Channel pages,Louis Weisz,OMrUmOTPD_AnSivjxptxpA,8,4,2.0
2017-10-22,Israel,IL,Channel pages,Louis Weisz,OMrUmOTPD_AnSivjxptxpA,8,3,2.6
2017-10-22,India,IN,YouTube search,Louis Weisz,OMrUmOTPD_AnSivjxptxpA,0,2,0.2
2017-10-22,Italy,IT,Suggested videos,Louis Weisz,OMrUmOTPD_AnSivjxptxpA,1,1,1.5
2017-10-22,Cambodia,KH,YouTube search,Louis Weisz,OMrUmOTPD_AnSivjxptxpA,0,1,0.1
2017-10-22,Morocco,MA,Channel pages,Louis Weisz,OMrUmOTPD_AnSivjxptxpA,4,1,3.6
2017-10-22,Mexico,MX,Channel pages,Louis Weisz,OMrUmOTPD_AnSivjxptxpA,13,4,3.3
2017-10-22,Malaysia,MY,Playlist page,Louis Weisz,OMrUmOTPD_AnSivjxptxpA,0,1,0.5
2017-10-22,New Zealand,NZ,Channel pages,Louis Weisz,OMrUmOTPD_AnSivjxptxpA,3,1,3.4
2017-10-22,Peru,PE,Suggested videos,Louis Weisz,OMrUmOTPD_AnSivjxptxpA,7,2,3.6
2017-10-22,Poland,PL,Channel pages,Louis Weisz,OMrUmOTPD_AnSivjxptxpA,3,1,3.0
2017-10-22,Poland,PL,YouTube search,Louis Weisz,OMrUmOTPD_AnSivjxptxpA,0,1,0.2
2017-10-22,Réunion,RE,YouTube search,Louis Weisz,OMrUmOTPD_AnSivjxptxpA,0,1,0.3
2017-10-22,Saudi Arabia,SA,YouTube search,Louis Weisz,OMrUmOTPD_AnSivjxptxpA,1,1,0.6
2017-10-22,Sweden,SE,Channel pages,Louis Weisz,OMrUmOTPD_AnSivjxptxpA,6,1,6.2
2017-10-22,Turkey,TR,Direct or unknown,Louis Weisz,OMrUmOTPD_AnSivjxptxpA,1,1,1.1
2017-10-22,Turkey,TR,Channel pages,Louis Weisz,OMrUmOTPD_AnSivjxptxpA,1,2,0.6
2017-10-22,United States,US,Direct or unknown,Louis Weisz,OMrUmOTPD_AnSivjxptxpA,4,5,0.9
2017-10-22,United States,US,Browse features,Louis Weisz,OMrUmOTPD_AnSivjxptxpA,4,2,2.1
2017-10-22,United States,US,Channel pages,Louis Weisz,OMrUmOTPD_AnSivjxptxpA,85,49,1.7
2017-10-22,United States,US,YouTube search,Louis Weisz,OMrUmOTPD_AnSivjxptxpA,29,15,2.0
2017-10-22,United States,US,Suggested videos,Louis Weisz,OMrUmOTPD_AnSivjxptxpA,57,18,3.2
2017-10-22,United States,US,External,Louis Weisz,OMrUmOTPD_AnSivjxptxpA,13,5,2.5
2017-10-22,United States,US,Video cards and annotations,Louis Weisz,OMrUmOTPD_AnSivjxptxpA,0,1,0.3
2017-10-22,United States,US,Playlists,Louis Weisz,OMrUmOTPD_AnSivjxptxpA,9,2,4.7
2017-10-22,United States,US,Playlist page,Louis Weisz,OMrUmOTPD_AnSivjxptxpA,0,1,0.4
2017-10-23,Austria,AT,Channel pages,Louis Weisz,OMrUmOTPD_AnSivjxptxpA,9,2,4.3
2017-10-23,Australia,AU,Channel pages,Louis Weisz,OMrUmOTPD_AnSivjxptxpA,9,3,3.0
2017-10-23,Australia,AU,Suggested videos,Louis Weisz,OMrUmOTPD_AnSivjxptxpA,1,1,1.1
2017-10-23,Belgium,BE,YouTube search,Louis Weisz,OMrUmOTPD_AnSivjxptxpA,0,1,0.3
2017-10-23,Canada,CA,Channel pages,Louis Weisz,OMrUmOTPD_AnSivjxptxpA,6,6,1.0
2017-10-23,Germany,DE,Direct or unknown,Louis Weisz,OMrUmOTPD_AnSivjxptxpA,8,3,2.5
2017-10-23,Germany,DE,Channel pages,Louis Weisz,OMrUmOTPD_AnSivjxptxpA,7,5,1.3
2017-10-23,Ecuador,EC,Suggested videos,Louis Weisz,OMrUmOTPD_AnSivjxptxpA,7,4,1.8
2017-10-23,Spain,ES,External,Louis Weisz,OMrUmOTPD_AnSivjxptxpA,5,1,4.7
2017-10-23,Finland,FI,Channel pages,Louis Weisz,OMrUmOTPD_AnSivjxptxpA,6,1,5.5
2017-10-23,United Kingdom,GB,Channel pages,Louis Weisz,OMrUmOTPD_AnSivjxptxpA,22,6,3.6
2017-10-23,United Kingdom,GB,Suggested videos,Louis Weisz,OMrUmOTPD_AnSivjxptxpA,17,5,3.4
2017-10-23,United Kingdom,GB,External,Louis Weisz,OMrUmOTPD_AnSivjxptxpA,0,1,0.0
2017-10-23,United Kingdom,GB,Playlists,Louis Weisz,OMrUmOTPD_AnSivjxptxpA,4,1,3.9
2017-10-23,United Kingdom,GB,Playlist page,Louis Weisz,OMrUmOTPD_AnSivjxptxpA,4,1,3.5
2017-10-23,Honduras,HN,YouTube search,Louis Weisz,OMrUmOTPD_AnSivjxptxpA,0,1,0.1
2017-10-23,Italy,IT,Channel pages,Louis Weisz,OMrUmOTPD_AnSivjxptxpA,7,5,1.5
2017-10-23,Japan,JP,YouTube search,Louis Weisz,OMrUmOTPD_AnSivjxptxpA,4,1,4.0
2017-10-23,Malaysia,MY,Browse features,Louis Weisz,OMrUmOTPD_AnSivjxptxpA,6,1,5.6
2017-10-23,Netherlands,NL,Channel pages,Louis Weisz,OMrUmOTPD_AnSivjxptxpA,0,1,0.1
2017-10-23,Norway,NO,Channel pages,Louis Weisz,OMrUmOTPD_AnSivjxptxpA,6,2,3.1
2017-10-23,Pakistan,PK,Channel pages,Louis Weisz,OMrUmOTPD_AnSivjxptxpA,11,3,3.6
2017-10-23,Portugal,PT,Channel pages,Louis Weisz,OMrUmOTPD_AnSivjxptxpA,2,1,1.9
2017-10-23,Trinidad & Tobago,TT,Suggested videos,Louis Weisz,OMrUmOTPD_AnSivjxptxpA,0,1,0.4
2017-10-23,United States,US,Browse features,Louis Weisz,OMrUmOTPD_AnSivjxptxpA,4,1,3.9
2017-10-23,United States,US,Channel pages,Louis Weisz,OMrUmOTPD_AnSivjxptxpA,35,27,1.3
2017-10-23,United States,US,YouTube search,Louis Weisz,OMrUmOTPD_AnSivjxptxpA,19,12,1.6
2017-10-23,United States,US,Suggested videos,Louis Weisz,OMrUmOTPD_AnSivjxptxpA,60,21,2.9
2017-10-23,United States,US,Other YouTube features,Louis Weisz,OMrUmOTPD_AnSivjxptxpA,4,2,2.2
2017-10-23,United States,US,External,Louis Weisz,OMrUmOTPD_AnSivjxptxpA,5,5,1.0
2017-10-23,United States,US,Video cards and annotations,Louis Weisz,OMrUmOTPD_AnSivjxptxpA,6,3,2.2
2017-10-24,United Arab Emirates,AE,Browse features,Louis Weisz,OMrUmOTPD_AnSivjxptxpA,3,1,2.7
2017-10-24,Austria,AT,Channel pages,Louis Weisz,OMrUmOTPD_AnSivjxptxpA,2,1,2.4
2017-10-24,Austria,AT,Suggested videos,Louis Weisz,OMrUmOTPD_AnSivjxptxpA,4,3,1.3
2017-10-24,Australia,AU,Channel pages,Louis Weisz,OMrUmOTPD_AnSivjxptxpA,2,2,0.9
2017-10-24,Canada,CA,Channel pages,Louis Weisz,OMrUmOTPD_AnSivjxptxpA,8,5,1.6
2017-10-24,Chile,CL,Video cards and annotations,Louis Weisz,OMrUmOTPD_AnSivjxptxpA,0,1,0.0
2017-10-24,Germany,DE,Suggested videos,Louis Weisz,OMrUmOTPD_AnSivjxptxpA,1,2,0.7
2017-10-24,Dominican Republic,DO,YouTube search,Louis Weisz,OMrUmOTPD_AnSivjxptxpA,4,1,4.1
2017-10-24,France,FR,Channel pages,Louis Weisz,OMrUmOTPD_AnSivjxptxpA,3,1,2.5
2017-10-24,France,FR,Suggested videos,Louis Weisz,OMrUmOTPD_AnSivjxptxpA,5,3,1.7
2017-10-24,United Kingdom,GB,Channel pages,Louis Weisz,OMrUmOTPD_AnSivjxptxpA,7,4,1.7
2017-10-24,India,IN,YouTube search,Louis Weisz,OMrUmOTPD_AnSivjxptxpA,1,1,0.8
2017-10-24,Iceland,IS,Channel pages,Louis Weisz,OMrUmOTPD_AnSivjxptxpA,2,3,0.6
2017-10-24,Iceland,IS,Video cards and annotations,Louis Weisz,OMrUmOTPD_AnSivjxptxpA,0,1,0.3
2017-10-24,Italy,IT,Channel pages,Louis Weisz,OMrUmOTPD_AnSivjxptxpA,14,6,2.4
2017-10-24,Lithuania,LT,Channel pages,Louis Weisz,OMrUmOTPD_AnSivjxptxpA,0,1,0.3
2017-10-24,Mauritius,MU,YouTube search,Louis Weisz,OMrUmOTPD_AnSivjxptxpA,1,2,0.5
2017-10-24,Norway,NO,Direct or unknown,Louis Weisz,OMrUmOTPD_AnSivjxptxpA,4,1,3.6
2017-10-24,Philippines,PH,Channel pages,Louis Weisz,OMrUmOTPD_AnSivjxptxpA,1,1,0.6
2017-10-24,Poland,PL,YouTube search,Louis Weisz,OMrUmOTPD_AnSivjxptxpA,0,2,0.2
2017-10-24,Poland,PL,Suggested videos,Louis Weisz,OMrUmOTPD_AnSivjxptxpA,0,4,0.1
2017-10-24,Russia,RU,Browse features,Louis Weisz,OMrUmOTPD_AnSivjxptxpA,0,1,0.2
2017-10-24,Slovakia,SK,YouTube search,Louis Weisz,OMrUmOTPD_AnSivjxptxpA,0,1,0.5
2017-10-24,United States,US,Browse features,Louis Weisz,OMrUmOTPD_AnSivjxptxpA,4,1,3.7
2017-10-24,United States,US,Channel pages,Louis Weisz,OMrUmOTPD_AnSivjxptxpA,63,25,2.5
2017-10-24,United States,US,YouTube search,Louis Weisz,OMrUmOTPD_AnSivjxptxpA,16,7,2.4
2017-10-24,United States,US,Suggested videos,Louis Weisz,OMrUmOTPD_AnSivjxptxpA,38,9,4.2
2017-10-24,United States,US,Other YouTube features,Louis Weisz,OMrUmOTPD_AnSivjxptxpA,1,2,0.6
2017-10-24,United States,US,External,Louis Weisz,OMrUmOTPD_AnSivjxptxpA,19,6,3.2
2017-10-24,United States,US,Playlists,Louis Weisz,OMrUmOTPD_AnSivjxptxpA,16,8,2.0
2017-10-24,United States,US,End screens,Louis Weisz,OMrUmOTPD_AnSivjxptxpA,1,2,0.3
2017-10-25,United Arab Emirates,AE,Channel pages,Louis Weisz,OMrUmOTPD_AnSivjxptxpA,6,2,3.1
2017-10-25,Austria,AT,Channel pages,Louis Weisz,OMrUmOTPD_AnSivjxptxpA,12,4,2.9
2017-10-25,Austria,AT,End screens,Louis Weisz,OMrUmOTPD_AnSivjxptxpA,0,1,0.3
2017-10-25,Australia,AU,YouTube search,Louis Weisz,OMrUmOTPD_AnSivjxptxpA,1,2,0.6
2017-10-25,Australia,AU,External,Louis Weisz,OMrUmOTPD_AnSivjxptxpA,0,1,0.0
2017-10-25,Brazil,BR,Channel pages,Louis Weisz,OMrUmOTPD_AnSivjxptxpA,3,1,2.9
2017-10-25,Canada,CA,Channel pages,Louis Weisz,OMrUmOTPD_AnSivjxptxpA,1,1,1.3
2017-10-25,Canada,CA,Suggested videos,Louis Weisz,OMrUmOTPD_AnSivjxptxpA,3,1,2.8
2017-10-25,Canada,CA,External,Louis Weisz,OMrUmOTPD_AnSivjxptxpA,2,1,1.8
2017-10-25,Czechia,CZ,Channel pages,Louis Weisz,OMrUmOTPD_AnSivjxptxpA,5,2,2.4
2017-10-25,Germany,DE,Channel pages,Louis Weisz,OMrUmOTPD_AnSivjxptxpA,3,1,2.7
2017-10-25,Germany,DE,YouTube search,Louis Weisz,OMrUmOTPD_AnSivjxptxpA,1,1,0.9
2017-10-25,Germany,DE,Suggested videos,Louis Weisz,OMrUmOTPD_AnSivjxptxpA,8,3,2.6
2017-10-25,Denmark,DK,Channel pages,Louis Weisz,OMrUmOTPD_AnSivjxptxpA,2,1,2.5
2017-10-25,United Kingdom,GB,Channel pages,Louis Weisz,OMrUmOTPD_AnSivjxptxpA,6,3,2.0
2017-10-25,United Kingdom,GB,YouTube search,Louis Weisz,OMrUmOTPD_AnSivjxptxpA,0,2,0.2
2017-10-25,United Kingdom,GB,Suggested videos,Louis Weisz,OMrUmOTPD_AnSivjxptxpA,15,4,3.7
2017-10-25,Guatemala,GT,Browse features,Louis Weisz,OMrUmOTPD_AnSivjxptxpA,4,3,1.3
2017-10-25,Croatia,HR,Channel pages,Louis Weisz,OMrUmOTPD_AnSivjxptxpA,2,1,1.8
2017-10-25,Croatia,HR,Suggested videos,Louis Weisz,OMrUmOTPD_AnSivjxptxpA,4,4,1.0
2017-10-25,India,IN,YouTube search,Louis Weisz,OMrUmOTPD_AnSivjxptxpA,4,2,1.9
2017-10-25,Italy,IT,YouTube search,Louis Weisz,OMrUmOTPD_AnSivjxptxpA,0,1,0.5
2017-10-25,Italy,IT,Other YouTube features,Louis Weisz,OMrUmOTPD_AnSivjxptxpA,4,1,4.0
2017-10-25,Japan,JP,Browse features,Louis Weisz,OMrUmOTPD_AnSivjxptxpA,2,1,2.0
2017-10-25,Mexico,MX,Channel pages,Louis Weisz,OMrUmOTPD_AnSivjxptxpA,3,1,3.3
2017-10-25,Mexico,MX,Suggested videos,Louis Weisz,OMrUmOTPD_AnSivjxptxpA,15,3,5.0
2017-10-25,Netherlands,NL,Channel pages,Louis Weisz,OMrUmOTPD_AnSivjxptxpA,3,1,2.7
2017-10-25,Netherlands,NL,Suggested videos,Louis Weisz,OMrUmOTPD_AnSivjxptxpA,9,5,1.9
2017-10-25,Sweden,SE,Channel pages,Louis Weisz,OMrUmOTPD_AnSivjxptxpA,6,3,2.1
2017-10-25,Sweden,SE,Suggested videos,Louis Weisz,OMrUmOTPD_AnSivjxptxpA,3,3,0.9
2017-10-25,United States,US,Browse features,Louis Weisz,OMrUmOTPD_AnSivjxptxpA,1,2,0.6
2017-10-25,United States,US,Channel pages,Louis Weisz,OMrUmOTPD_AnSivjxptxpA,40,16,2.5
2017-10-25,United States,US,YouTube search,Louis Weisz,OMrUmOTPD_AnSivjxptxpA,35,12,2.9
2017-10-25,United States,US,Suggested videos,Louis Weisz,OMrUmOTPD_AnSivjxptxpA,21,8,2.6
2017-10-25,United States,US,External,Louis Weisz,OMrUmOTPD_AnSivjxptxpA,15,8,1.9
2017-10-25,United States,US,Video cards and annotations,Louis Weisz,OMrUmOTPD_AnSivjxptxpA,0,1,0.0
2017-10-25,United States,US,Playlists,Louis Weisz,OMrUmOTPD_AnSivjxptxpA,13,4,3.2
2017-10-25,United States,US,Playlist page,Louis Weisz,OMrUmOTPD_AnSivjxptxpA,3,1,2.7
2017-10-25,Venezuela,VE,Channel pages,Louis Weisz,OMrUmOTPD_AnSivjxptxpA,1,1,0.6
2017-10-25,Vietnam,VN,YouTube search,Louis Weisz,OMrUmOTPD_AnSivjxptxpA,1,1,0.8
2017-10-26,Australia,AU,Channel pages,Louis Weisz,OMrUmOTPD_AnSivjxptxpA,1,2,0.4
2017-10-26,Australia,AU,YouTube search,Louis Weisz,OMrUmOTPD_AnSivjxptxpA,1,1,0.7
2017-10-26,Belgium,BE,Channel pages,Louis Weisz,OMrUmOTPD_AnSivjxptxpA,1,2,0.5
2017-10-26,Brazil,BR,Channel pages,Louis Weisz,OMrUmOTPD_AnSivjxptxpA,1,1,0.9
2017-10-26,Canada,CA,Channel pages,Louis Weisz,OMrUmOTPD_AnSivjxptxpA,1,2,0.5
2017-10-26,Canada,CA,YouTube search,Louis Weisz,OMrUmOTPD_AnSivjxptxpA,0,1,0.2
2017-10-26,Canada,CA,Suggested videos,Louis Weisz,OMrUmOTPD_AnSivjxptxpA,4,3,1.3
2017-10-26,Canada,CA,Playlist page,Louis Weisz,OMrUmOTPD_AnSivjxptxpA,0,1,0.2
2017-10-26,Germany,DE,Channel pages,Louis Weisz,OMrUmOTPD_AnSivjxptxpA,9,5,1.8
2017-10-26,Germany,DE,YouTube search,Louis Weisz,OMrUmOTPD_AnSivjxptxpA,0,1,0.3
2017-10-26,Germany,DE,Suggested videos,Louis Weisz,OMrUmOTPD_AnSivjxptxpA,1,1,1.3
2017-10-26,Dominican Republic,DO,YouTube search,Louis Weisz,OMrUmOTPD_AnSivjxptxpA,5,2,2.3
2017-10-26,Finland,FI,Channel pages,Louis Weisz,OMrUmOTPD_AnSivjxptxpA,0,1,0.4
2017-10-26,France,FR,Suggested videos,Louis Weisz,OMrUmOTPD_AnSivjxptxpA,3,1,3.4
2017-10-26,United Kingdom,GB,Browse features,Louis Weisz,OMrUmOTPD_AnSivjxptxpA,4,1,4.0
2017-10-26,United Kingdom,GB,Channel pages,Louis Weisz,OMrUmOTPD_AnSivjxptxpA,13,4,3.2
2017-10-26,United Kingdom,GB,YouTube search,Louis Weisz,OMrUmOTPD_AnSivjxptxpA,7,2,3.4
2017-10-26,United Kingdom,GB,Suggested videos,Louis Weisz,OMrUmOTPD_AnSivjxptxpA,6,1,5.8
2017-10-26,Ireland,IE,YouTube search,Louis Weisz,OMrUmOTPD_AnSivjxptxpA,0,1,0.5
2017-10-26,Israel,IL,Channel pages,Louis Weisz,OMrUmOTPD_AnSivjxptxpA,1,1,0.6
2017-10-26,Norway,NO,Suggested videos,Louis Weisz,OMrUmOTPD_AnSivjxptxpA,0,1,0.4
2017-10-26,New Zealand,NZ,External,Louis Weisz,OMrUmOTPD_AnSivjxptxpA,4,1,3.6
2017-10-26,Philippines,PH,Channel pages,Louis Weisz,OMrUmOTPD_AnSivjxptxpA,6,1,6.2
2017-10-26,Pakistan,PK,External,Louis Weisz,OMrUmOTPD_AnSivjxptxpA,0,1,0.1
2017-10-26,Poland,PL,Channel pages,Louis Weisz,OMrUmOTPD_AnSivjxptxpA,4,1,4.3
2017-10-26,Poland,PL,Suggested videos,Louis Weisz,OMrUmOTPD_AnSivjxptxpA,6,2,3.1
2017-10-26,Sweden,SE,YouTube search,Louis Weisz,OMrUmOTPD_AnSivjxptxpA,0,1,0.1
2017-10-26,Singapore,SG,YouTube search,Louis Weisz,OMrUmOTPD_AnSivjxptxpA,0,1,0.3
2017-10-26,Slovenia,SI,YouTube search,Louis Weisz,OMrUmOTPD_AnSivjxptxpA,1,1,0.9
2017-10-26,Slovenia,SI,Suggested videos,Louis Weisz,OMrUmOTPD_AnSivjxptxpA,0,1,0.3
2017-10-26,Slovakia,SK,Channel pages,Louis Weisz,OMrUmOTPD_AnSivjxptxpA,6,1,6.1
2017-10-26,United States,US,Direct or unknown,Louis Weisz,OMrUmOTPD_AnSivjxptxpA,0,1,0.0
2017-10-26,United States,US,Browse features,Louis Weisz,OMrUmOTPD_AnSivjxptxpA,8,3,2.6
2017-10-26,United States,US,Channel pages,Louis Weisz,OMrUmOTPD_AnSivjxptxpA,76,38,2.0
2017-10-26,United States,US,YouTube search,Louis Weisz,OMrUmOTPD_AnSivjxptxpA,21,8,2.6
2017-10-26,United States,US,Suggested videos,Louis Weisz,OMrUmOTPD_AnSivjxptxpA,28,8,3.5
2017-10-26,United States,US,Other YouTube features,Louis Weisz,OMrUmOTPD_AnSivjxptxpA,1,1,1.3
2017-10-26,United States,US,External,Louis Weisz,OMrUmOTPD_AnSivjxptxpA,2,2,1.1
2017-10-26,United States,US,End screens,Louis Weisz,OMrUmOTPD_AnSivjxptxpA,16,3,5.4
2017-10-27,United Arab Emirates,AE,Channel pages,Louis Weisz,OMrUmOTPD_AnSivjxptxpA,7,2,3.4
2017-10-27,Australia,AU,Channel pages,Louis Weisz,OMrUmOTPD_AnSivjxptxpA,12,2,5.9
2017-10-27,Australia,AU,YouTube search,Louis Weisz,OMrUmOTPD_AnSivjxptxpA,0,1,0.5
2017-10-27,Australia,AU,Suggested videos,Louis Weisz,OMrUmOTPD_AnSivjxptxpA,4,1,3.6
2017-10-27,Australia,AU,External,Louis Weisz,OMrUmOTPD_AnSivjxptxpA,2,2,1.2
2017-10-27,Australia,AU,Playlists,Louis Weisz,OMrUmOTPD_AnSivjxptxpA,2,1,1.7
2017-10-27,Aruba,AW,Suggested videos,Louis Weisz,OMrUmOTPD_AnSivjxptxpA,3,1,2.8
2017-10-27,Bangladesh,BD,Browse features,Louis Weisz,OMrUmOTPD_AnSivjxptxpA,3,1,2.8
2017-10-27,Canada,CA,Channel pages,Louis Weisz,OMrUmOTPD_AnSivjxptxpA,4,2,2.1
2017-10-27,Canada,CA,YouTube search,Louis Weisz,OMrUmOTPD_AnSivjxptxpA,5,3,1.8
2017-10-27,Canada,CA,Suggested videos,Louis Weisz,OMrUmOTPD_AnSivjxptxpA,5,2,2.4
2017-10-27,Switzerland,CH,Suggested videos,Louis Weisz,OMrUmOTPD_AnSivjxptxpA,3,1,3.4
2017-10-27,United Kingdom,GB,Channel pages,Louis Weisz,OMrUmOTPD_AnSivjxptxpA,4,2,1.8
2017-10-27,United Kingdom,GB,YouTube search,Louis Weisz,OMrUmOTPD_AnSivjxptxpA,0,1,0.2
2017-10-27,United Kingdom,GB,Suggested videos,Louis Weisz,OMrUmOTPD_AnSivjxptxpA,5,1,4.6
2017-10-27,Hungary,HU,YouTube search,Louis Weisz,OMrUmOTPD_AnSivjxptxpA,0,1,0.2
2017-10-27,India,IN,External,Louis Weisz,OMrUmOTPD_AnSivjxptxpA,1,3,0.4
2017-10-27,Mexico,MX,YouTube search,Louis Weisz,OMrUmOTPD_AnSivjxptxpA,1,1,0.5
2017-10-27,Netherlands,NL,Channel pages,Louis Weisz,OMrUmOTPD_AnSivjxptxpA,7,4,1.8
2017-10-27,Netherlands,NL,External,Louis Weisz,OMrUmOTPD_AnSivjxptxpA,0,1,0.2
2017-10-27,Pakistan,PK,External,Louis Weisz,OMrUmOTPD_AnSivjxptxpA,1,3,0.5
2017-10-27,Poland,PL,Channel pages,Louis Weisz,OMrUmOTPD_AnSivjxptxpA,0,1,0.3
2017-10-27,Serbia,RS,Channel pages,Louis Weisz,OMrUmOTPD_AnSivjxptxpA,0,1,0.2
2017-10-27,Sweden,SE,YouTube search,Louis Weisz,OMrUmOTPD_AnSivjxptxpA,1,1,1.2
2017-10-27,Slovakia,SK,External,Louis Weisz,OMrUmOTPD_AnSivjxptxpA,2,1,2.0
2017-10-27,United States,US,Browse features,Louis Weisz,OMrUmOTPD_AnSivjxptxpA,4,1,4.3
2017-10-27,United States,US,Channel pages,Louis Weisz,OMrUmOTPD_AnSivjxptxpA,66,31,2.1
2017-10-27,United States,US,YouTube search,Louis Weisz,OMrUmOTPD_AnSivjxptxpA,36,17,2.1
2017-10-27,United States,US,Suggested videos,Louis Weisz,OMrUmOTPD_AnSivjxptxpA,9,2,4.7
2017-10-27,United States,US,External,Louis Weisz,OMrUmOTPD_AnSivjxptxpA,11,3,3.6
2017-10-27,United States,US,End screens,Louis Weisz,OMrUmOTPD_AnSivjxptxpA,0,1,0.0
2017-10-28,Argentina,AR,External,Louis Weisz,OMrUmOTPD_AnSivjxptxpA,0,1,0.1
2017-10-28,Australia,AU,Channel pages,Louis Weisz,OMrUmOTPD_AnSivjxptxpA,6,1,5.8
2017-10-28,Australia,AU,YouTube search,Louis Weisz,OMrUmOTPD_AnSivjxptxpA,2,1,2.5
2017-10-28,Australia,AU,External,Louis Weisz,OMrUmOTPD_AnSivjxptxpA,0,3,0.0
2017-10-28,Belgium,BE,Channel pages,Louis Weisz,OMrUmOTPD_AnSivjxptxpA,29,13,2.2
2017-10-28,Brazil,BR,Channel pages,Louis Weisz,OMrUmOTPD_AnSivjxptxpA,0,1,0.2
2017-10-28,Brazil,BR,Suggested videos,Louis Weisz,OMrUmOTPD_AnSivjxptxpA,1,2,0.3
2017-10-28,Canada,CA,Channel pages,Louis Weisz,OMrUmOTPD_AnSivjxptxpA,15,3,5.1
2017-10-28,Switzerland,CH,Channel pages,Louis Weisz,OMrUmOTPD_AnSivjxptxpA,0,1,0.3
2017-10-28,Switzerland,CH,YouTube search,Louis Weisz,OMrUmOTPD_AnSivjxptxpA,2,1,2.4
2017-10-28,Switzerland,CH,Suggested videos,Louis Weisz,OMrUmOTPD_AnSivjxptxpA,3,1,2.9
2017-10-28,Czechia,CZ,Channel pages,Louis Weisz,OMrUmOTPD_AnSivjxptxpA,6,1,5.9
2017-10-28,Germany,DE,YouTube search,Louis Weisz,OMrUmOTPD_AnSivjxptxpA,3,3,1.0
2017-10-28,Denmark,DK,Channel pages,Louis Weisz,OMrUmOTPD_AnSivjxptxpA,4,2,2.0
2017-10-28,Spain,ES,External,Louis Weisz,OMrUmOTPD_AnSivjxptxpA,5,1,4.8
2017-10-28,United Kingdom,GB,Channel pages,Louis Weisz,OMrUmOTPD_AnSivjxptxpA,7,4,1.8
2017-10-28,United Kingdom,GB,YouTube search,Louis Weisz,OMrUmOTPD_AnSivjxptxpA,1,1,1.0
2017-10-28,United Kingdom,GB,Suggested videos,Louis Weisz,OMrUmOTPD_AnSivjxptxpA,7,4,1.8
2017-10-28,United Kingdom,GB,Other YouTube features,Louis Weisz,OMrUmOTPD_AnSivjxptxpA,0,1,0.2
2017-10-28,United Kingdom,GB,Video cards and annotations,Louis Weisz,OMrUmOTPD_AnSivjxptxpA,1,1,1.4
2017-10-28,United Kingdom,GB,Playlist page,Louis Weisz,OMrUmOTPD_AnSivjxptxpA,6,1,6.3
2017-10-28,Indonesia,ID,Other YouTube features,Louis Weisz,OMrUmOTPD_AnSivjxptxpA,0,1,0.0
2017-10-28,Ireland,IE,Channel pages,Louis Weisz,OMrUmOTPD_AnSivjxptxpA,1,1,0.5
2017-10-28,India,IN,YouTube search,Louis Weisz,OMrUmOTPD_AnSivjxptxpA,0,1,0.0
2017-10-28,India,IN,Suggested videos,Louis Weisz,OMrUmOTPD_AnSivjxptxpA,1,1,0.7
2017-10-28,India,IN,External,Louis Weisz,OMrUmOTPD_AnSivjxptxpA,8,9,0.9
2017-10-28,Netherlands,NL,YouTube search,Louis Weisz,OMrUmOTPD_AnSivjxptxpA,1,2,0.3
2017-10-28,Norway,NO,Channel pages,Louis Weisz,OMrUmOTPD_AnSivjxptxpA,1,1,0.8
2017-10-28,New Zealand,NZ,Suggested videos,Louis Weisz,OMrUmOTPD_AnSivjxptxpA,1,1,1.5
2017-10-28,Singapore,SG,Channel pages,Louis Weisz,OMrUmOTPD_AnSivjxptxpA,3,1,3.1
2017-10-28,Singapore,SG,Suggested videos,Louis Weisz,OMrUmOTPD_AnSivjxptxpA,6,2,3.2
2017-10-28,United States,US,Direct or unknown,Louis Weisz,OMrUmOTPD_AnSivjxptxpA,2,1,2.0
2017-10-28,United States,US,Channel pages,Louis Weisz,OMrUmOTPD_AnSivjxptxpA,77,35,2.2
2017-10-28,United States,US,YouTube search,Louis Weisz,OMrUmOTPD_AnSivjxptxpA,14,8,1.7
2017-10-28,United States,US,Suggested videos,Louis Weisz,OMrUmOTPD_AnSivjxptxpA,45,15,3.0
2017-10-28,United States,US,Other YouTube features,Louis Weisz,OMrUmOTPD_AnSivjxptxpA,6,1,6.2
2017-10-28,United States,US,External,Louis Weisz,OMrUmOTPD_AnSivjxptxpA,11,3,3.5
2017-10-28,United States,US,Video cards and annotations,Louis Weisz,OMrUmOTPD_AnSivjxptxpA,5,1,4.6
2017-10-28,Vietnam,VN,YouTube search,Louis Weisz,OMrUmOTPD_AnSivjxptxpA,1,1,1.4
2017-10-29,Australia,AU,Channel pages,Louis Weisz,OMrUmOTPD_AnSivjxptxpA,4,2,1.8
2017-10-29,Australia,AU,External,Louis Weisz,OMrUmOTPD_AnSivjxptxpA,0,1,0.0
2017-10-29,Brazil,BR,YouTube search,Louis Weisz,OMrUmOTPD_AnSivjxptxpA,1,1,0.9
2017-10-29,Brazil,BR,External,Louis Weisz,OMrUmOTPD_AnSivjxptxpA,3,1,3.2
2017-10-29,Canada,CA,Channel pages,Louis Weisz,OMrUmOTPD_AnSivjxptxpA,4,3,1.5
2017-10-29,Canada,CA,YouTube search,Louis Weisz,OMrUmOTPD_AnSivjxptxpA,2,1,2.1
2017-10-29,Canada,CA,Suggested videos,Louis Weisz,OMrUmOTPD_AnSivjxptxpA,14,3,4.6
2017-10-29,Czechia,CZ,Channel pages,Louis Weisz,OMrUmOTPD_AnSivjxptxpA,2,2,1.1
2017-10-29,Czechia,CZ,Suggested videos,Louis Weisz,OMrUmOTPD_AnSivjxptxpA,6,2,2.9
2017-10-29,Czechia,CZ,Video cards and annotations,Louis Weisz,OMrUmOTPD_AnSivjxptxpA,2,1,1.6
2017-10-29,Germany,DE,Channel pages,Louis Weisz,OMrUmOTPD_AnSivjxptxpA,1,4,0.2
2017-10-29,Germany,DE,Suggested videos,Louis Weisz,OMrUmOTPD_AnSivjxptxpA,2,2,1.2
2017-10-29,Estonia,EE,Channel pages,Louis Weisz,OMrUmOTPD_AnSivjxptxpA,1,1,1.0
2017-10-29,Finland,FI,Channel pages,Louis Weisz,OMrUmOTPD_AnSivjxptxpA,0,1,0.4
2017-10-29,Finland,FI,Suggested videos,Louis Weisz,OMrUmOTPD_AnSivjxptxpA,1,1,0.5
2017-10-29,France,FR,Channel pages,Louis Weisz,OMrUmOTPD_AnSivjxptxpA,3,1,3.0
2017-10-29,France,FR,Suggested videos,Louis Weisz,OMrUmOTPD_AnSivjxptxpA,18,4,4.4
2017-10-29,France,FR,External,Louis Weisz,OMrUmOTPD_AnSivjxptxpA,2,1,1.8
2017-10-29,United Kingdom,GB,Browse features,Louis Weisz,OMrUmOTPD_AnSivjxptxpA,2,1,2.4
2017-10-29,United Kingdom,GB,Channel pages,Louis Weisz,OMrUmOTPD_AnSivjxptxpA,5,7,0.7
2017-10-29,United Kingdom,GB,Suggested videos,Louis Weisz,OMrUmOTPD_AnSivjxptxpA,2,3,0.6
2017-10-29,United Kingdom,GB,External,Louis Weisz,OMrUmOTPD_AnSivjxptxpA,3,1,2.6
2017-10-29,Georgia,GE,YouTube search,Louis Weisz,OMrUmOTPD_AnSivjxptxpA,0,1,0.2
2017-10-29,Indonesia,ID,Suggested videos,Louis Weisz,OMrUmOTPD_AnSivjxptxpA,3,1,3.0
2017-10-29,India,IN,External,Louis Weisz,OMrUmOTPD_AnSivjxptxpA,2,1,2.1
2017-10-29,Mauritius,MU,YouTube search,Louis Weisz,OMrUmOTPD_AnSivjxptxpA,1,1,0.5
2017-10-29,Mexico,MX,YouTube search,Louis Weisz,OMrUmOTPD_AnSivjxptxpA,1,1,1.1
2017-10-29,Poland,PL,Channel pages,Louis Weisz,OMrUmOTPD_AnSivjxptxpA,3,1,2.7
2017-10-29,Poland,PL,Suggested videos,Louis Weisz,OMrUmOTPD_AnSivjxptxpA,4,1,4.1
2017-10-29,United States,US,Channel pages,Louis Weisz,OMrUmOTPD_AnSivjxptxpA,75,33,2.3
2017-10-29,United States,US,YouTube search,Louis Weisz,OMrUmOTPD_AnSivjxptxpA,9,3,2.9
2017-10-29,United States,US,Suggested videos,Louis Weisz,OMrUmOTPD_AnSivjxptxpA,58,17,3.4
2017-10-29,United States,US,External,Louis Weisz,OMrUmOTPD_AnSivjxptxpA,10,5,2.0
2017-10-29,United States,US,Video cards and annotations,Louis Weisz,OMrUmOTPD_AnSivjxptxpA,9,2,4.3
2017-10-29,South Africa,ZA,Channel pages,Louis Weisz,OMrUmOTPD_AnSivjxptxpA,2,1,1.6
2017-10-29,South Africa,ZA,YouTube search,Louis Weisz,OMrUmOTPD_AnSivjxptxpA,0,1,0.3
2017-10-30,Australia,AU,Channel pages,Louis Weisz,OMrUmOTPD_AnSivjxptxpA,18,4,4.5
2017-10-30,Australia,AU,External,Louis Weisz,OMrUmOTPD_AnSivjxptxpA,0,1,0.0
2017-10-30,Brazil,BR,YouTube search,Louis Weisz,OMrUmOTPD_AnSivjxptxpA,0,1,0.1
2017-10-30,Canada,CA,Channel pages,Louis Weisz,OMrUmOTPD_AnSivjxptxpA,3,1,3.2
2017-10-30,Canada,CA,Suggested videos,Louis Weisz,OMrUmOTPD_AnSivjxptxpA,10,3,3.3
2017-10-30,Germany,DE,Channel pages,Louis Weisz,OMrUmOTPD_AnSivjxptxpA,13,3,4.2
2017-10-30,Denmark,DK,Channel pages,Louis Weisz,OMrUmOTPD_AnSivjxptxpA,4,1,4.0
2017-10-30,Spain,ES,YouTube search,Louis Weisz,OMrUmOTPD_AnSivjxptxpA,4,2,1.9
2017-10-30,United Kingdom,GB,Channel pages,Louis Weisz,OMrUmOTPD_AnSivjxptxpA,1,2,0.5
2017-10-30,United Kingdom,GB,YouTube search,Louis Weisz,OMrUmOTPD_AnSivjxptxpA,4,4,1.0
2017-10-30,United Kingdom,GB,External,Louis Weisz,OMrUmOTPD_AnSivjxptxpA,0,1,0.1
2017-10-30,United Kingdom,GB,Playlist page,Louis Weisz,OMrUmOTPD_AnSivjxptxpA,4,1,3.9
2017-10-30,India,IN,Suggested videos,Louis Weisz,OMrUmOTPD_AnSivjxptxpA,2,1,2.0
2017-10-30,Lithuania,LT,Channel pages,Louis Weisz,OMrUmOTPD_AnSivjxptxpA,2,2,1.2
2017-10-30,Mexico,MX,Other YouTube features,Louis Weisz,OMrUmOTPD_AnSivjxptxpA,4,1,4.3
2017-10-30,Netherlands,NL,External,Louis Weisz,OMrUmOTPD_AnSivjxptxpA,4,1,3.8
2017-10-30,Norway,NO,Channel pages,Louis Weisz,OMrUmOTPD_AnSivjxptxpA,4,2,1.9
2017-10-30,Panama,PA,External,Louis Weisz,OMrUmOTPD_AnSivjxptxpA,0,1,0.5
2017-10-30,Philippines,PH,External,Louis Weisz,OMrUmOTPD_AnSivjxptxpA,5,2,2.6
2017-10-30,Pakistan,PK,External,Louis Weisz,OMrUmOTPD_AnSivjxptxpA,2,1,2.1
2017-10-30,Poland,PL,YouTube search,Louis Weisz,OMrUmOTPD_AnSivjxptxpA,1,1,0.7
2017-10-30,Portugal,PT,Suggested videos,Louis Weisz,OMrUmOTPD_AnSivjxptxpA,3,1,2.5
2017-10-30,Romania,RO,Channel pages,Louis Weisz,OMrUmOTPD_AnSivjxptxpA,2,1,2.3
2017-10-30,Romania,RO,Suggested videos,Louis Weisz,OMrUmOTPD_AnSivjxptxpA,2,1,2.0
2017-10-30,Russia,RU,YouTube search,Louis Weisz,OMrUmOTPD_AnSivjxptxpA,1,1,1.1
2017-10-30,Sweden,SE,YouTube search,Louis Weisz,OMrUmOTPD_AnSivjxptxpA,2,2,0.8
2017-10-30,Suriname,SR,YouTube search,Louis Weisz,OMrUmOTPD_AnSivjxptxpA,0,1,0.1
2017-10-30,Suriname,SR,Suggested videos,Louis Weisz,OMrUmOTPD_AnSivjxptxpA,4,1,3.6
2017-10-30,United States,US,Browse features,Louis Weisz,OMrUmOTPD_AnSivjxptxpA,10,3,3.4
2017-10-30,United States,US,Channel pages,Louis Weisz,OMrUmOTPD_AnSivjxptxpA,58,31,1.9
2017-10-30,United States,US,YouTube search,Louis Weisz,OMrUmOTPD_AnSivjxptxpA,28,15,1.8
2017-10-30,United States,US,Suggested videos,Louis Weisz,OMrUmOTPD_AnSivjxptxpA,29,9,3.3
2017-10-30,United States,US,Other YouTube features,Louis Weisz,OMrUmOTPD_AnSivjxptxpA,5,2,2.6
2017-10-30,United States,US,External,Louis Weisz,OMrUmOTPD_AnSivjxptxpA,12,5,2.4
2017-10-30,United States,US,Video cards and annotations,Louis Weisz,OMrUmOTPD_AnSivjxptxpA,5,1,4.5
2017-10-30,United States,US,Playlist page,Louis Weisz,OMrUmOTPD_AnSivjxptxpA,6,1,5.6
2017-10-30,Unknown Region,ZZ,YouTube search,Louis Weisz,OMrUmOTPD_AnSivjxptxpA,1,1,0.8
2017-10-31,Australia,AU,External,Louis Weisz,OMrUmOTPD_AnSivjxptxpA,0,1,0.0
2017-10-31,Bangladesh,BD,YouTube search,Louis Weisz,OMrUmOTPD_AnSivjxptxpA,3,1,3.3
2017-10-31,Bulgaria,BG,Channel pages,Louis Weisz,OMrUmOTPD_AnSivjxptxpA,0,1,0.1
2017-10-31,Brazil,BR,Channel pages,Louis Weisz,OMrUmOTPD_AnSivjxptxpA,6,2,2.8
2017-10-31,Canada,CA,Channel pages,Louis Weisz,OMrUmOTPD_AnSivjxptxpA,2,2,0.8
2017-10-31,Canada,CA,YouTube search,Louis Weisz,OMrUmOTPD_AnSivjxptxpA,2,2,0.9
2017-10-31,Germany,DE,Channel pages,Louis Weisz,OMrUmOTPD_AnSivjxptxpA,16,12,1.4
2017-10-31,Germany,DE,YouTube search,Louis Weisz,OMrUmOTPD_AnSivjxptxpA,0,1,0.2
2017-10-31,United Kingdom,GB,Channel pages,Louis Weisz,OMrUmOTPD_AnSivjxptxpA,11,5,2.1
2017-10-31,United Kingdom,GB,Suggested videos,Louis Weisz,OMrUmOTPD_AnSivjxptxpA,6,1,6.0
2017-10-31,United Kingdom,GB,External,Louis Weisz,OMrUmOTPD_AnSivjxptxpA,1,1,0.7
2017-10-31,Hong Kong,HK,Channel pages,Louis Weisz,OMrUmOTPD_AnSivjxptxpA,0,1,0.3
2017-10-31,Hong Kong,HK,YouTube search,Louis Weisz,OMrUmOTPD_AnSivjxptxpA,1,1,0.7
2017-10-31,Ireland,IE,Channel pages,Louis Weisz,OMrUmOTPD_AnSivjxptxpA,6,1,6.0
2017-10-31,Lithuania,LT,Playlists,Louis Weisz,OMrUmOTPD_AnSivjxptxpA,0,1,0.3
2017-10-31,Mexico,MX,Channel pages,Louis Weisz,OMrUmOTPD_AnSivjxptxpA,5,1,4.6
2017-10-31,New Zealand,NZ,Channel pages,Louis Weisz,OMrUmOTPD_AnSivjxptxpA,1,1,0.6
2017-10-31,Poland,PL,YouTube search,Louis Weisz,OMrUmOTPD_AnSivjxptxpA,0,1,0.3
2017-10-31,Russia,RU,YouTube search,Louis Weisz,OMrUmOTPD_AnSivjxptxpA,0,1,0.2
2017-10-31,Sweden,SE,Channel pages,Louis Weisz,OMrUmOTPD_AnSivjxptxpA,6,1,5.9
2017-10-31,Sweden,SE,YouTube search,Louis Weisz,OMrUmOTPD_AnSivjxptxpA,1,1,1.2
2017-10-31,United States,US,Direct or unknown,Louis Weisz,OMrUmOTPD_AnSivjxptxpA,2,1,2.0
2017-10-31,United States,US,Browse features,Louis Weisz,OMrUmOTPD_AnSivjxptxpA,4,1,3.9
2017-10-31,United States,US,Channel pages,Louis Weisz,OMrUmOTPD_AnSivjxptxpA,34,15,2.3
2017-10-31,United States,US,YouTube search,Louis Weisz,OMrUmOTPD_AnSivjxptxpA,16,11,1.4
2017-10-31,United States,US,Suggested videos,Louis Weisz,OMrUmOTPD_AnSivjxptxpA,14,5,2.8
2017-10-31,United States,US,External,Louis Weisz,OMrUmOTPD_AnSivjxptxpA,23,7,3.2
2017-10-31,United States,US,Playlists,Louis Weisz,OMrUmOTPD_AnSivjxptxpA,5,2,2.7
2017-11-01,Argentina,AR,YouTube search,Louis Weisz,OMrUmOTPD_AnSivjxptxpA,2,1,2.2
2017-11-01,Australia,AU,Channel pages,Louis Weisz,OMrUmOTPD_AnSivjxptxpA,19,5,3.7
2017-11-01,Australia,AU,YouTube search,Louis Weisz,OMrUmOTPD_AnSivjxptxpA,0,1,0.3
2017-11-01,Australia,AU,Suggested videos,Louis Weisz,OMrUmOTPD_AnSivjxptxpA,3,2,1.3
2017-11-01,Canada,CA,Channel pages,Louis Weisz,OMrUmOTPD_AnSivjxptxpA,2,2,0.8
2017-11-01,Canada,CA,Suggested videos,Louis Weisz,OMrUmOTPD_AnSivjxptxpA,10,5,2.0
2017-11-01,Canada,CA,External,Louis Weisz,OMrUmOTPD_AnSivjxptxpA,2,1,1.5
2017-11-01,Chile,CL,Channel pages,Louis Weisz,OMrUmOTPD_AnSivjxptxpA,3,2,1.4
2017-11-01,Czechia,CZ,YouTube search,Louis Weisz,OMrUmOTPD_AnSivjxptxpA,1,1,1.0
2017-11-01,Germany,DE,Direct or unknown,Louis Weisz,OMrUmOTPD_AnSivjxptxpA,1,1,0.5
2017-11-01,Germany,DE,Channel pages,Louis Weisz,OMrUmOTPD_AnSivjxptxpA,6,2,3.2
2017-11-01,Germany,DE,YouTube search,Louis Weisz,OMrUmOTPD_AnSivjxptxpA,3,2,1.5
2017-11-01,France,FR,Channel pages,Louis Weisz,OMrUmOTPD_AnSivjxptxpA,0,2,0.1
2017-11-01,France,FR,Suggested videos,Louis Weisz,OMrUmOTPD_AnSivjxptxpA,0,1,0.1
2017-11-01,United Kingdom,GB,YouTube search,Louis Weisz,OMrUmOTPD_AnSivjxptxpA,7,4,1.8
2017-11-01,United Kingdom,GB,Suggested videos,Louis Weisz,OMrUmOTPD_AnSivjxptxpA,4,3,1.2
2017-11-01,United Kingdom,GB,Playlists,Louis Weisz,OMrUmOTPD_AnSivjxptxpA,6,3,2.0
2017-11-01,United Kingdom,GB,Playlist page,Louis Weisz,OMrUmOTPD_AnSivjxptxpA,1,1,0.9
2017-11-01,Guatemala,GT,YouTube search,Louis Weisz,OMrUmOTPD_AnSivjxptxpA,2,1,2.0
2017-11-01,Indonesia,ID,Browse features,Louis Weisz,OMrUmOTPD_AnSivjxptxpA,3,1,3.1
2017-11-01,Indonesia,ID,Channel pages,Louis Weisz,OMrUmOTPD_AnSivjxptxpA,0,1,0.2
2017-11-01,Ireland,IE,Channel pages,Louis Weisz,OMrUmOTPD_AnSivjxptxpA,1,2,0.4
2017-11-01,Italy,IT,YouTube search,Louis Weisz,OMrUmOTPD_AnSivjxptxpA,1,1,0.9
2017-11-01,Italy,IT,Suggested videos,Louis Weisz,OMrUmOTPD_AnSivjxptxpA,4,1,4.3
2017-11-01,Montenegro,ME,YouTube search,Louis Weisz,OMrUmOTPD_AnSivjxptxpA,0,1,0.3
2017-11-01,Mexico,MX,YouTube search,Louis Weisz,OMrUmOTPD_AnSivjxptxpA,1,1,0.7
2017-11-01,Norway,NO,Channel pages,Louis Weisz,OMrUmOTPD_AnSivjxptxpA,3,1,2.9
2017-11-01,Peru,PE,Suggested videos,Louis Weisz,OMrUmOTPD_AnSivjxptxpA,4,1,4.3
2017-11-01,Pakistan,PK,External,Louis Weisz,OMrUmOTPD_AnSivjxptxpA,0,1,0.4
2017-11-01,Sweden,SE,Channel pages,Louis Weisz,OMrUmOTPD_AnSivjxptxpA,6,1,5.9
2017-11-01,United States,US,Browse features,Louis Weisz,OMrUmOTPD_AnSivjxptxpA,0,1,0.1
2017-11-01,United States,US,Channel pages,Louis Weisz,OMrUmOTPD_AnSivjxptxpA,95,42,2.3
2017-11-01,United States,US,YouTube search,Louis Weisz,OMrUmOTPD_AnSivjxptxpA,37,15,2.5
2017-11-01,United States,US,Suggested videos,Louis Weisz,OMrUmOTPD_AnSivjxptxpA,60,24,2.5
2017-11-01,United States,US,External,Louis Weisz,OMrUmOTPD_AnSivjxptxpA,4,2,2.2
2017-11-01,United States,US,Video cards and annotations,Louis Weisz,OMrUmOTPD_AnSivjxptxpA,6,1,6.2
2017-11-01,South Africa,ZA,Channel pages,Louis Weisz,OMrUmOTPD_AnSivjxptxpA,7,2,3.3
2017-11-02,Australia,AU,YouTube search,Louis Weisz,OMrUmOTPD_AnSivjxptxpA,3,1,2.8
2017-11-02,Canada,CA,Browse features,Louis Weisz,OMrUmOTPD_AnSivjxptxpA,5,1,5.0
2017-11-02,Canada,CA,Channel pages,Louis Weisz,OMrUmOTPD_AnSivjxptxpA,7,4,1.7
2017-11-02,Switzerland,CH,Channel pages,Louis Weisz,OMrUmOTPD_AnSivjxptxpA,3,4,0.8
2017-11-02,Czechia,CZ,YouTube search,Louis Weisz,OMrUmOTPD_AnSivjxptxpA,0,1,0.2
2017-11-02,Germany,DE,Suggested videos,Louis Weisz,OMrUmOTPD_AnSivjxptxpA,3,1,2.7
2017-11-02,Denmark,DK,Channel pages,Louis Weisz,OMrUmOTPD_AnSivjxptxpA,3,2,1.5
2017-11-02,Finland,FI,Channel pages,Louis Weisz,OMrUmOTPD_AnSivjxptxpA,3,1,2.6
2017-11-02,Finland,FI,Suggested videos,Louis Weisz,OMrUmOTPD_AnSivjxptxpA,14,3,4.8
2017-11-02,France,FR,Channel pages,Louis Weisz,OMrUmOTPD_AnSivjxptxpA,6,1,5.6
2017-11-02,United Kingdom,GB,Suggested videos,Louis Weisz,OMrUmOTPD_AnSivjxptxpA,1,1,0.7
2017-11-02,United Kingdom,GB,External,Louis Weisz,OMrUmOTPD_AnSivjxptxpA,1,3,0.3
2017-11-02,Indonesia,ID,Channel pages,Louis Weisz,OMrUmOTPD_AnSivjxptxpA,0,1,0.3
2017-11-02,India,IN,Browse features,Louis Weisz,OMrUmOTPD_AnSivjxptxpA,4,1,4.2
2017-11-02,India,IN,YouTube search,Louis Weisz,OMrUmOTPD_AnSivjxptxpA,3,3,0.9
2017-11-02,Iceland,IS,Channel pages,Louis Weisz,OMrUmOTPD_AnSivjxptxpA,2,2,1.0
2017-11-02,Iceland,IS,Suggested videos,Louis Weisz,OMrUmOTPD_AnSivjxptxpA,2,2,0.8
2017-11-02,Malaysia,MY,Channel pages,Louis Weisz,OMrUmOTPD_AnSivjxptxpA,1,1,1.3
2017-11-02,Pakistan,PK,Direct or unknown,Louis Weisz,OMrUmOTPD_AnSivjxptxpA,3,1,2.7
2017-11-02,Romania,RO,YouTube search,Louis Weisz,OMrUmOTPD_AnSivjxptxpA,0,1,0.1
2017-11-02,Romania,RO,Suggested videos,Louis Weisz,OMrUmOTPD_AnSivjxptxpA,0,1,0.1
2017-11-02,Russia,RU,YouTube search,Louis Weisz,OMrUmOTPD_AnSivjxptxpA,4,1,3.9
2017-11-02,Russia,RU,Suggested videos,Louis Weisz,OMrUmOTPD_AnSivjxptxpA,0,1,0.2
2017-11-02,Slovakia,SK,Channel pages,Louis Weisz,OMrUmOTPD_AnSivjxptxpA,0,1,0.1
2017-11-02,Slovakia,SK,Suggested videos,Louis Weisz,OMrUmOTPD_AnSivjxptxpA,3,3,1.1
2017-11-02,United States,US,Direct or unknown,Louis Weisz,OMrUmOTPD_AnSivjxptxpA,2,1,2.1
2017-11-02,United States,US,Browse features,Louis Weisz,OMrUmOTPD_AnSivjxptxpA,11,3,3.6
2017-11-02,United States,US,Channel pages,Louis Weisz,OMrUmOTPD_AnSivjxptxpA,44,24,1.8
2017-11-02,United States,US,YouTube search,Louis Weisz,OMrUmOTPD_AnSivjxptxpA,15,10,1.5
2017-11-02,United States,US,Suggested videos,Louis Weisz,OMrUmOTPD_AnSivjxptxpA,29,11,2.7
2017-11-02,United States,US,Other YouTube features,Louis Weisz,OMrUmOTPD_AnSivjxptxpA,16,4,3.9
2017-11-02,United States,US,External,Louis Weisz,OMrUmOTPD_AnSivjxptxpA,12,5,2.4
2017-11-02,United States,US,Playlists,Louis Weisz,OMrUmOTPD_AnSivjxptxpA,0,1,0.3
2017-11-02,United States,US,Playlist page,Louis Weisz,OMrUmOTPD_AnSivjxptxpA,3,1,3.1
2017-11-02,Vietnam,VN,External,Louis Weisz,OMrUmOTPD_AnSivjxptxpA,3,1,2.5
2017-11-03,United Arab Emirates,AE,Suggested videos,Louis Weisz,OMrUmOTPD_AnSivjxptxpA,4,1,4.3
2017-11-03,Australia,AU,Channel pages,Louis Weisz,OMrUmOTPD_AnSivjxptxpA,3,2,1.7
2017-11-03,Australia,AU,Suggested videos,Louis Weisz,OMrUmOTPD_AnSivjxptxpA,16,3,5.3
2017-11-03,Brazil,BR,Channel pages,Louis Weisz,OMrUmOTPD_AnSivjxptxpA,4,1,4.1
2017-11-03,Canada,CA,Direct or unknown,Louis Weisz,OMrUmOTPD_AnSivjxptxpA,1,1,0.9
2017-11-03,Canada,CA,Channel pages,Louis Weisz,OMrUmOTPD_AnSivjxptxpA,6,4,1.5
2017-11-03,Canada,CA,YouTube search,Louis Weisz,OMrUmOTPD_AnSivjxptxpA,10,2,5.0
2017-11-03,Chile,CL,YouTube search,Louis Weisz,OMrUmOTPD_AnSivjxptxpA,0,1,0.2
2017-11-03,Germany,DE,Channel pages,Louis Weisz,OMrUmOTPD_AnSivjxptxpA,10,3,3.4
2017-11-03,Germany,DE,Suggested videos,Louis Weisz,OMrUmOTPD_AnSivjxptxpA,4,1,4.2
2017-11-03,Denmark,DK,Channel pages,Louis Weisz,OMrUmOTPD_AnSivjxptxpA,0,1,0.5
2017-11-03,Ecuador,EC,External,Louis Weisz,OMrUmOTPD_AnSivjxptxpA,0,1,0.2
2017-11-03,Spain,ES,Channel pages,Louis Weisz,OMrUmOTPD_AnSivjxptxpA,4,1,3.5
2017-11-03,Spain,ES,Playlists,Louis Weisz,OMrUmOTPD_AnSivjxptxpA,14,3,4.7
2017-11-03,France,FR,Channel pages,Louis Weisz,OMrUmOTPD_AnSivjxptxpA,11,4,2.9
2017-11-03,France,FR,Suggested videos,Louis Weisz,OMrUmOTPD_AnSivjxptxpA,5,2,2.7
2017-11-03,France,FR,Video cards and annotations,Louis Weisz,OMrUmOTPD_AnSivjxptxpA,6,1,6.3
2017-11-03,United Kingdom,GB,Channel pages,Louis Weisz,OMrUmOTPD_AnSivjxptxpA,11,4,2.9
2017-11-03,United Kingdom,GB,YouTube search,Louis Weisz,OMrUmOTPD_AnSivjxptxpA,2,1,1.8
2017-11-03,United Kingdom,GB,Video cards and annotations,Louis Weisz,OMrUmOTPD_AnSivjxptxpA,6,1,6.2
2017-11-03,Israel,IL,Channel pages,Louis Weisz,OMrUmOTPD_AnSivjxptxpA,1,2,0.5
2017-11-03,Israel,IL,Video cards and annotations,Louis Weisz,OMrUmOTPD_AnSivjxptxpA,2,1,1.7
2017-11-03,Isle of Man,IM,YouTube search,Louis Weisz,OMrUmOTPD_AnSivjxptxpA,3,1,2.8
2017-11-03,India,IN,YouTube search,Louis Weisz,OMrUmOTPD_AnSivjxptxpA,9,4,2.3
2017-11-03,India,IN,External,Louis Weisz,OMrUmOTPD_AnSivjxptxpA,1,1,0.7
2017-11-03,Macedonia (FYROM),MK,YouTube search,Louis Weisz,OMrUmOTPD_AnSivjxptxpA,0,1,0.1
2017-11-03,Nepal,NP,Suggested videos,Louis Weisz,OMrUmOTPD_AnSivjxptxpA,1,1,1.4
2017-11-03,Sweden,SE,Channel pages,Louis Weisz,OMrUmOTPD_AnSivjxptxpA,8,3,2.7
2017-11-03,Sweden,SE,Suggested videos,Louis Weisz,OMrUmOTPD_AnSivjxptxpA,5,3,1.7
2017-11-03,Slovakia,SK,Channel pages,Louis Weisz,OMrUmOTPD_AnSivjxptxpA,2,1,1.6
2017-11-03,United States,US,Browse features,Louis Weisz,OMrUmOTPD_AnSivjxptxpA,0,1,0.0
2017-11-03,United States,US,Channel pages,Louis Weisz,OMrUmOTPD_AnSivjxptxpA,18,16,1.1
2017-11-03,United States,US,YouTube search,Louis Weisz,OMrUmOTPD_AnSivjxptxpA,34,13,2.6
2017-11-03,United States,US,Suggested videos,Louis Weisz,OMrUmOTPD_AnSivjxptxpA,52,13,4.0
2017-11-03,United States,US,External,Louis Weisz,OMrUmOTPD_AnSivjxptxpA,11,5,2.1
2017-11-03,United States,US,Playlist page,Louis Weisz,OMrUmOTPD_AnSivjxptxpA,6,1,6.0
2017-11-04,Argentina,AR,Channel pages,Louis Weisz,OMrUmOTPD_AnSivjxptxpA,1,1,0.9
2017-11-04,Australia,AU,Channel pages,Louis Weisz,OMrUmOTPD_AnSivjxptxpA,2,1,2.3
2017-11-04,Australia,AU,External,Louis Weisz,OMrUmOTPD_AnSivjxptxpA,0,2,0.0
2017-11-04,Australia,AU,Playlist page,Louis Weisz,OMrUmOTPD_AnSivjxptxpA,0,1,0.4
2017-11-04,Bangladesh,BD,YouTube search,Louis Weisz,OMrUmOTPD_AnSivjxptxpA,0,1,0.1
2017-11-04,Canada,CA,Channel pages,Louis Weisz,OMrUmOTPD_AnSivjxptxpA,6,1,5.9
2017-11-04,Canada,CA,Suggested videos,Louis Weisz,OMrUmOTPD_AnSivjxptxpA,4,1,4.2
2017-11-04,Canada,CA,End screens,Louis Weisz,OMrUmOTPD_AnSivjxptxpA,2,1,1.8
2017-11-04,Czechia,CZ,Channel pages,Louis Weisz,OMrUmOTPD_AnSivjxptxpA,6,2,3.2
2017-11-04,Czechia,CZ,YouTube search,Louis Weisz,OMrUmOTPD_AnSivjxptxpA,4,1,4.0
2017-11-04,Germany,DE,Browse features,Louis Weisz,OMrUmOTPD_AnSivjxptxpA,4,2,1.9
2017-11-04,Germany,DE,Channel pages,Louis Weisz,OMrUmOTPD_AnSivjxptxpA,4,2,1.8
2017-11-04,Germany,DE,YouTube search,Louis Weisz,OMrUmOTPD_AnSivjxptxpA,1,1,1.1
2017-11-04,Germany,DE,Suggested videos,Louis Weisz,OMrUmOTPD_AnSivjxptxpA,8,2,4.2
2017-11-04,Germany,DE,External,Louis Weisz,OMrUmOTPD_AnSivjxptxpA,6,1,5.8
2017-11-04,Germany,DE,Video cards and annotations,Louis Weisz,OMrUmOTPD_AnSivjxptxpA,6,1,5.8
2017-11-04,Germany,DE,Playlist page,Louis Weisz,OMrUmOTPD_AnSivjxptxpA,3,1,3.4
2017-11-04,France,FR,External,Louis Weisz,OMrUmOTPD_AnSivjxptxpA,1,1,1.0
2017-11-04,United Kingdom,GB,Channel pages,Louis Weisz,OMrUmOTPD_AnSivjxptxpA,7,4,1.7
2017-11-04,United Kingdom,GB,Suggested videos,Louis Weisz,OMrUmOTPD_AnSivjxptxpA,19,5,3.9
2017-11-04,United Kingdom,GB,Video cards and annotations,Louis Weisz,OMrUmOTPD_AnSivjxptxpA,6,1,5.8
2017-11-04,Indonesia,ID,Other YouTube features,Louis Weisz,OMrUmOTPD_AnSivjxptxpA,0,1,0.0
2017-11-04,India,IN,YouTube search,Louis Weisz,OMrUmOTPD_AnSivjxptxpA,0,2,0.2
2017-11-04,Iraq,IQ,Channel pages,Louis Weisz,OMrUmOTPD_AnSivjxptxpA,5,2,2.4
2017-11-04,Malaysia,MY,Suggested videos,Louis Weisz,OMrUmOTPD_AnSivjxptxpA,2,1,2.2
2017-11-04,New Zealand,NZ,Suggested videos,Louis Weisz,OMrUmOTPD_AnSivjxptxpA,1,1,0.9
2017-11-04,Pakistan,PK,YouTube search,Louis Weisz,OMrUmOTPD_AnSivjxptxpA,0,1,0.1
2017-11-04,Portugal,PT,Channel pages,Louis Weisz,OMrUmOTPD_AnSivjxptxpA,4,1,4.1
2017-11-04,Sweden,SE,Channel pages,Louis Weisz,OMrUmOTPD_AnSivjxptxpA,2,2,0.9
2017-11-04,Slovakia,SK,Suggested videos,Louis Weisz,OMrUmOTPD_AnSivjxptxpA,2,1,2.0
2017-11-04,Turkey,TR,Channel pages,Louis Weisz,OMrUmOTPD_AnSivjxptxpA,4,1,4.5
2017-11-04,United States,US,Browse features,Louis Weisz,OMrUmOTPD_AnSivjxptxpA,0,1,0.2
2017-11-04,United States,US,Channel pages,Louis Weisz,OMrUmOTPD_AnSivjxptxpA,46,17,2.7
2017-11-04,United States,US,YouTube search,Louis Weisz,OMrUmOTPD_AnSivjxptxpA,16,11,1.4
2017-11-04,United States,US,Suggested videos,Louis Weisz,OMrUmOTPD_AnSivjxptxpA,26,9,2.9
2017-11-04,United States,US,External,Louis Weisz,OMrUmOTPD_AnSivjxptxpA,1,2,0.6
2017-11-04,United States,US,Playlist page,Louis Weisz,OMrUmOTPD_AnSivjxptxpA,6,1,5.8
2017-11-04,South Africa,ZA,Channel pages,Louis Weisz,OMrUmOTPD_AnSivjxptxpA,6,1,5.8
2017-11-05,Australia,AU,Channel pages,Louis Weisz,OMrUmOTPD_AnSivjxptxpA,4,2,2.1
2017-11-05,Australia,AU,Suggested videos,Louis Weisz,OMrUmOTPD_AnSivjxptxpA,14,3,4.8
2017-11-05,Australia,AU,Playlists,Louis Weisz,OMrUmOTPD_AnSivjxptxpA,15,3,5.0
2017-11-05,Australia,AU,Playlist page,Louis Weisz,OMrUmOTPD_AnSivjxptxpA,3,1,3.2
2017-11-05,Brazil,BR,Channel pages,Louis Weisz,OMrUmOTPD_AnSivjxptxpA,12,4,3.0
2017-11-05,Canada,CA,Channel pages,Louis Weisz,OMrUmOTPD_AnSivjxptxpA,12,6,2.0
2017-11-05,Canada,CA,Suggested videos,Louis Weisz,OMrUmOTPD_AnSivjxptxpA,22,5,4.5
2017-11-05,Canada,CA,External,Louis Weisz,OMrUmOTPD_AnSivjxptxpA,7,1,6.9
2017-11-05,Canada,CA,Video cards and annotations,Louis Weisz,OMrUmOTPD_AnSivjxptxpA,6,1,5.8
2017-11-05,Germany,DE,Channel pages,Louis Weisz,OMrUmOTPD_AnSivjxptxpA,2,2,0.8
2017-11-05,Germany,DE,Suggested videos,Louis Weisz,OMrUmOTPD_AnSivjxptxpA,4,2,2.1
2017-11-05,Germany,DE,Video cards and annotations,Louis Weisz,OMrUmOTPD_AnSivjxptxpA,3,1,3.2
2017-11-05,Denmark,DK,Channel pages,Louis Weisz,OMrUmOTPD_AnSivjxptxpA,0,1,0.1
2017-11-05,France,FR,Channel pages,Louis Weisz,OMrUmOTPD_AnSivjxptxpA,8,4,2.0
2017-11-05,France,FR,Suggested videos,Louis Weisz,OMrUmOTPD_AnSivjxptxpA,9,5,1.8
2017-11-05,United Kingdom,GB,Channel pages,Louis Weisz,OMrUmOTPD_AnSivjxptxpA,1,2,0.7
2017-11-05,United Kingdom,GB,YouTube search,Louis Weisz,OMrUmOTPD_AnSivjxptxpA,1,1,0.6
2017-11-05,United Kingdom,GB,Suggested videos,Louis Weisz,OMrUmOTPD_AnSivjxptxpA,5,4,1.2
2017-11-05,Hungary,HU,Channel pages,Louis Weisz,OMrUmOTPD_AnSivjxptxpA,12,2,6.2
2017-11-05,Indonesia,ID,YouTube search,Louis Weisz,OMrUmOTPD_AnSivjxptxpA,2,1,2.2
2017-11-05,Ireland,IE,Channel pages,Louis Weisz,OMrUmOTPD_AnSivjxptxpA,14,3,4.6
2017-11-05,India,IN,External,Louis Weisz,OMrUmOTPD_AnSivjxptxpA,4,3,1.2
2017-11-05,Italy,IT,Channel pages,Louis Weisz,OMrUmOTPD_AnSivjxptxpA,2,3,0.8
2017-11-05,Italy,IT,Suggested videos,Louis Weisz,OMrUmOTPD_AnSivjxptxpA,2,1,2.3
2017-11-05,Poland,PL,Channel pages,Louis Weisz,OMrUmOTPD_AnSivjxptxpA,11,7,1.6
2017-11-05,Poland,PL,Suggested videos,Louis Weisz,OMrUmOTPD_AnSivjxptxpA,1,1,1.1
2017-11-05,Russia,RU,External,Louis Weisz,OMrUmOTPD_AnSivjxptxpA,0,1,0.2
2017-11-05,Sweden,SE,Channel pages,Louis Weisz,OMrUmOTPD_AnSivjxptxpA,3,3,1.0
2017-11-05,Slovakia,SK,YouTube search,Louis Weisz,OMrUmOTPD_AnSivjxptxpA,1,1,0.9
2017-11-05,Thailand,TH,Suggested videos,Louis Weisz,OMrUmOTPD_AnSivjxptxpA,4,2,1.8
2017-11-05,Tunisia,TN,YouTube search,Louis Weisz,OMrUmOTPD_AnSivjxptxpA,1,1,0.5
2017-11-05,Ukraine,UA,YouTube search,Louis Weisz,OMrUmOTPD_AnSivjxptxpA,1,1,0.6
2017-11-05,United States,US,Browse features,Louis Weisz,OMrUmOTPD_AnSivjxptxpA,8,2,3.9
2017-11-05,United States,US,Channel pages,Louis Weisz,OMrUmOTPD_AnSivjxptxpA,76,33,2.3
2017-11-05,United States,US,YouTube search,Louis Weisz,OMrUmOTPD_AnSivjxptxpA,11,5,2.2
2017-11-05,United States,US,Suggested videos,Louis Weisz,OMrUmOTPD_AnSivjxptxpA,91,26,3.5
2017-11-05,United States,US,Other YouTube features,Louis Weisz,OMrUmOTPD_AnSivjxptxpA,5,3,1.6
2017-11-05,United States,US,External,Louis Weisz,OMrUmOTPD_AnSivjxptxpA,20,8,2.5
2017-11-05,United States,US,End screens,Louis Weisz,OMrUmOTPD_AnSivjxptxpA,6,1,5.8
2017-11-06,Australia,AU,Channel pages,Louis Weisz,OMrUmOTPD_AnSivjxptxpA,5,2,2.5
2017-11-06,Australia,AU,Suggested videos,Louis Weisz,OMrUmOTPD_AnSivjxptxpA,14,3,4.7
2017-11-06,Australia,AU,External,Louis Weisz,OMrUmOTPD_AnSivjxptxpA,0,1,0.0
2017-11-06,Brazil,BR,Channel pages,Louis Weisz,OMrUmOTPD_AnSivjxptxpA,3,2,1.5
2017-11-06,Brazil,BR,Suggested videos,Louis Weisz,OMrUmOTPD_AnSivjxptxpA,14,3,4.8
2017-11-06,Czechia,CZ,YouTube search,Louis Weisz,OMrUmOTPD_AnSivjxptxpA,3,1,3.4
2017-11-06,Czechia,CZ,Suggested videos,Louis Weisz,OMrUmOTPD_AnSivjxptxpA,9,2,4.7
2017-11-06,Czechia,CZ,Video cards and annotations,Louis Weisz,OMrUmOTPD_AnSivjxptxpA,8,1,7.7
2017-11-06,Germany,DE,Channel pages,Louis Weisz,OMrUmOTPD_AnSivjxptxpA,2,2,1.1
2017-11-06,Germany,DE,YouTube search,Louis Weisz,OMrUmOTPD_AnSivjxptxpA,1,2,0.6
2017-11-06,Denmark,DK,Channel pages,Louis Weisz,OMrUmOTPD_AnSivjxptxpA,6,2,3.2
2017-11-06,Spain,ES,YouTube search,Louis Weisz,OMrUmOTPD_AnSivjxptxpA,1,1,1.3
2017-11-06,United Kingdom,GB,Channel pages,Louis Weisz,OMrUmOTPD_AnSivjxptxpA,1,2,0.3
2017-11-06,United Kingdom,GB,YouTube search,Louis Weisz,OMrUmOTPD_AnSivjxptxpA,1,1,0.8
2017-11-06,United Kingdom,GB,Suggested videos,Louis Weisz,OMrUmOTPD_AnSivjxptxpA,2,1,1.6
2017-11-06,Indonesia,ID,Channel pages,Louis Weisz,OMrUmOTPD_AnSivjxptxpA,5,1,4.6
2017-11-06,Israel,IL,Channel pages,Louis Weisz,OMrUmOTPD_AnSivjxptxpA,2,1,1.7
2017-11-06,India,IN,YouTube search,Louis Weisz,OMrUmOTPD_AnSivjxptxpA,2,1,2.0
2017-11-06,India,IN,External,Louis Weisz,OMrUmOTPD_AnSivjxptxpA,0,1,0.1
2017-11-06,Kazakhstan,KZ,Suggested videos,Louis Weisz,OMrUmOTPD_AnSivjxptxpA,3,1,2.7
2017-11-06,Mexico,MX,Browse features,Louis Weisz,OMrUmOTPD_AnSivjxptxpA,1,2,0.6
2017-11-06,Netherlands,NL,Direct or unknown,Louis Weisz,OMrUmOTPD_AnSivjxptxpA,0,1,0.2
2017-11-06,Netherlands,NL,Channel pages,Louis Weisz,OMrUmOTPD_AnSivjxptxpA,4,1,3.7
2017-11-06,Philippines,PH,Browse features,Louis Weisz,OMrUmOTPD_AnSivjxptxpA,5,1,5.1
2017-11-06,Pakistan,PK,YouTube search,Louis Weisz,OMrUmOTPD_AnSivjxptxpA,2,1,2.1
2017-11-06,Pakistan,PK,Suggested videos,Louis Weisz,OMrUmOTPD_AnSivjxptxpA,1,1,1.2
2017-11-06,Portugal,PT,Channel pages,Louis Weisz,OMrUmOTPD_AnSivjxptxpA,0,1,0.3
2017-11-06,Russia,RU,Suggested videos,Louis Weisz,OMrUmOTPD_AnSivjxptxpA,1,1,1.3
2017-11-06,Sweden,SE,Channel pages,Louis Weisz,OMrUmOTPD_AnSivjxptxpA,2,2,1.0
2017-11-06,Sweden,SE,YouTube search,Louis Weisz,OMrUmOTPD_AnSivjxptxpA,1,1,0.8
2017-11-06,Turkey,TR,External,Louis Weisz,OMrUmOTPD_AnSivjxptxpA,4,1,3.6
2017-11-06,United States,US,Browse features,Louis Weisz,OMrUmOTPD_AnSivjxptxpA,3,1,3.4
2017-11-06,United States,US,Channel pages,Louis Weisz,OMrUmOTPD_AnSivjxptxpA,79,43,1.8
2017-11-06,United States,US,YouTube search,Louis Weisz,OMrUmOTPD_AnSivjxptxpA,26,16,1.6
2017-11-06,United States,US,Suggested videos,Louis Weisz,OMrUmOTPD_AnSivjxptxpA,53,21,2.5
2017-11-06,United States,US,Other YouTube features,Louis Weisz,OMrUmOTPD_AnSivjxptxpA,4,1,3.8
2017-11-06,United States,US,External,Louis Weisz,OMrUmOTPD_AnSivjxptxpA,4,3,1.4
2017-11-06,United States,US,Video cards and annotations,Louis Weisz,OMrUmOTPD_AnSivjxptxpA,10,3,3.4
2017-11-06,United States,US,Playlists,Louis Weisz,OMrUmOTPD_AnSivjxptxpA,15,3,5.1
2017-11-06,United States,US,Playlist page,Louis Weisz,OMrUmOTPD_AnSivjxptxpA,15,3,5.0
2017-11-06,United States,US,End screens,Louis Weisz,OMrUmOTPD_AnSivjxptxpA,4,1,3.7
2017-11-06,Unknown Region,ZZ,YouTube search,Louis Weisz,OMrUmOTPD_AnSivjxptxpA,0,1,0.2
2017-11-07,Australia,AU,Channel pages,Louis Weisz,OMrUmOTPD_AnSivjxptxpA,4,3,1.2
2017-11-07,Australia,AU,Suggested videos,Louis Weisz,OMrUmOTPD_AnSivjxptxpA,11,3,3.7
2017-11-07,Australia,AU,External,Louis Weisz,OMrUmOTPD_AnSivjxptxpA,0,2,0.0
2017-11-07,Belgium,BE,YouTube search,Louis Weisz,OMrUmOTPD_AnSivjxptxpA,0,1,0.1
2017-11-07,Brazil,BR,Channel pages,Louis Weisz,OMrUmOTPD_AnSivjxptxpA,6,1,6.4
2017-11-07,Brazil,BR,YouTube search,Louis Weisz,OMrUmOTPD_AnSivjxptxpA,3,1,3.0
2017-11-07,Belize,BZ,Channel pages,Louis Weisz,OMrUmOTPD_AnSivjxptxpA,1,1,1.0
2017-11-07,Canada,CA,Channel pages,Louis Weisz,OMrUmOTPD_AnSivjxptxpA,4,2,1.8
2017-11-07,Canada,CA,YouTube search,Louis Weisz,OMrUmOTPD_AnSivjxptxpA,10,2,5.1
2017-11-07,Canada,CA,External,Louis Weisz,OMrUmOTPD_AnSivjxptxpA,1,1,1.5
2017-11-07,Germany,DE,Direct or unknown,Louis Weisz,OMrUmOTPD_AnSivjxptxpA,0,2,0.1
2017-11-07,Finland,FI,Channel pages,Louis Weisz,OMrUmOTPD_AnSivjxptxpA,0,1,0.3
2017-11-07,Finland,FI,YouTube search,Louis Weisz,OMrUmOTPD_AnSivjxptxpA,3,1,2.6
2017-11-07,Indonesia,ID,YouTube search,Louis Weisz,OMrUmOTPD_AnSivjxptxpA,2,1,1.8
2017-11-07,India,IN,External,Louis Weisz,OMrUmOTPD_AnSivjxptxpA,3,1,2.7
2017-11-07,Italy,IT,YouTube search,Louis Weisz,OMrUmOTPD_AnSivjxptxpA,1,1,0.7
2017-11-07,Italy,IT,Suggested videos,Louis Weisz,OMrUmOTPD_AnSivjxptxpA,4,1,4.3
2017-11-07,Japan,JP,External,Louis Weisz,OMrUmOTPD_AnSivjxptxpA,8,2,4.1
2017-11-07,Malaysia,MY,Channel pages,Louis Weisz,OMrUmOTPD_AnSivjxptxpA,3,2,1.3
2017-11-07,Malaysia,MY,Suggested videos,Louis Weisz,OMrUmOTPD_AnSivjxptxpA,13,3,4.5
2017-11-07,Norway,NO,Channel pages,Louis Weisz,OMrUmOTPD_AnSivjxptxpA,0,1,0.3
2017-11-07,Norway,NO,Suggested videos,Louis Weisz,OMrUmOTPD_AnSivjxptxpA,4,1,4.1
2017-11-07,New Zealand,NZ,Suggested videos,Louis Weisz,OMrUmOTPD_AnSivjxptxpA,3,1,3.5
2017-11-07,Taiwan,TW,YouTube search,Louis Weisz,OMrUmOTPD_AnSivjxptxpA,3,1,3.4
2017-11-07,United States,US,Direct or unknown,Louis Weisz,OMrUmOTPD_AnSivjxptxpA,2,2,0.9
2017-11-07,United States,US,Browse features,Louis Weisz,OMrUmOTPD_AnSivjxptxpA,2,1,2.3
2017-11-07,United States,US,Channel pages,Louis Weisz,OMrUmOTPD_AnSivjxptxpA,76,30,2.5
2017-11-07,United States,US,YouTube search,Louis Weisz,OMrUmOTPD_AnSivjxptxpA,16,10,1.6
2017-11-07,United States,US,Suggested videos,Louis Weisz,OMrUmOTPD_AnSivjxptxpA,43,13,3.3
2017-11-07,United States,US,Other YouTube features,Louis Weisz,OMrUmOTPD_AnSivjxptxpA,6,2,3.0
2017-11-07,United States,US,External,Louis Weisz,OMrUmOTPD_AnSivjxptxpA,7,7,1.0
2017-11-07,United States,US,Playlists,Louis Weisz,OMrUmOTPD_AnSivjxptxpA,3,2,1.7
2017-11-07,United States,US,Playlist page,Louis Weisz,OMrUmOTPD_AnSivjxptxpA,3,1,3.1
2017-11-08,Australia,AU,Channel pages,Louis Weisz,OMrUmOTPD_AnSivjxptxpA,1,2,0.4
2017-11-08,Australia,AU,External,Louis Weisz,OMrUmOTPD_AnSivjxptxpA,0,2,0.2
2017-11-08,Canada,CA,Suggested videos,Louis Weisz,OMrUmOTPD_AnSivjxptxpA,0,1,0.3
2017-11-08,Canada,CA,External,Louis Weisz,OMrUmOTPD_AnSivjxptxpA,4,1,4.3
2017-11-08,Germany,DE,Channel pages,Louis Weisz,OMrUmOTPD_AnSivjxptxpA,3,1,3.2
2017-11-08,Spain,ES,YouTube search,Louis Weisz,OMrUmOTPD_AnSivjxptxpA,0,1,0.1
2017-11-08,Finland,FI,Suggested videos,Louis Weisz,OMrUmOTPD_AnSivjxptxpA,4,1,4.2
2017-11-08,France,FR,Channel pages,Louis Weisz,OMrUmOTPD_AnSivjxptxpA,1,1,0.9
2017-11-08,France,FR,Suggested videos,Louis Weisz,OMrUmOTPD_AnSivjxptxpA,2,1,2.5
2017-11-08,United Kingdom,GB,Channel pages,Louis Weisz,OMrUmOTPD_AnSivjxptxpA,7,3,2.3
2017-11-08,United Kingdom,GB,YouTube search,Louis Weisz,OMrUmOTPD_AnSivjxptxpA,4,1,3.9
2017-11-08,Japan,JP,Channel pages,Louis Weisz,OMrUmOTPD_AnSivjxptxpA,1,1,0.8
2017-11-08,Japan,JP,Suggested videos,Louis Weisz,OMrUmOTPD_AnSivjxptxpA,4,1,3.8
2017-11-08,Mexico,MX,External,Louis Weisz,OMrUmOTPD_AnSivjxptxpA,5,4,1.2
2017-11-08,Malaysia,MY,Channel pages,Louis Weisz,OMrUmOTPD_AnSivjxptxpA,5,1,5.3
2017-11-08,Netherlands,NL,Channel pages,Louis Weisz,OMrUmOTPD_AnSivjxptxpA,15,5,2.9
2017-11-08,Netherlands,NL,YouTube search,Louis Weisz,OMrUmOTPD_AnSivjxptxpA,1,1,0.5
2017-11-08,Norway,NO,Channel pages,Louis Weisz,OMrUmOTPD_AnSivjxptxpA,1,1,0.9
2017-11-08,New Zealand,NZ,Channel pages,Louis Weisz,OMrUmOTPD_AnSivjxptxpA,3,1,2.6
2017-11-08,New Zealand,NZ,Suggested videos,Louis Weisz,OMrUmOTPD_AnSivjxptxpA,5,3,1.5
2017-11-08,Philippines,PH,YouTube search,Louis Weisz,OMrUmOTPD_AnSivjxptxpA,4,1,4.2
2017-11-08,Russia,RU,YouTube search,Louis Weisz,OMrUmOTPD_AnSivjxptxpA,0,1,0.0
2017-11-08,Sweden,SE,Channel pages,Louis Weisz,OMrUmOTPD_AnSivjxptxpA,6,2,2.9
2017-11-08,Ukraine,UA,Suggested videos,Louis Weisz,OMrUmOTPD_AnSivjxptxpA,1,1,1.4
2017-11-08,United States,US,Browse features,Louis Weisz,OMrUmOTPD_AnSivjxptxpA,3,3,0.9
2017-11-08,United States,US,Channel pages,Louis Weisz,OMrUmOTPD_AnSivjxptxpA,46,21,2.2
2017-11-08,United States,US,YouTube search,Louis Weisz,OMrUmOTPD_AnSivjxptxpA,11,5,2.2
2017-11-08,United States,US,Suggested videos,Louis Weisz,OMrUmOTPD_AnSivjxptxpA,36,11,3.3
2017-11-08,United States,US,External,Louis Weisz,OMrUmOTPD_AnSivjxptxpA,19,6,3.2
2017-11-08,United States,US,Playlist page,Louis Weisz,OMrUmOTPD_AnSivjxptxpA,2,1,1.6
2017-11-08,South Africa,ZA,YouTube search,Louis Weisz,OMrUmOTPD_AnSivjxptxpA,1,1,0.6
2017-11-09,Australia,AU,External,Louis Weisz,OMrUmOTPD_AnSivjxptxpA,0,3,0.1
2017-11-09,Brazil,BR,Channel pages,Louis Weisz,OMrUmOTPD_AnSivjxptxpA,0,1,0.2
2017-11-09,Canada,CA,Suggested videos,Louis Weisz,OMrUmOTPD_AnSivjxptxpA,4,1,4.0
2017-11-09,Canada,CA,Playlist page,Louis Weisz,OMrUmOTPD_AnSivjxptxpA,6,1,6.0
2017-11-09,Germany,DE,Channel pages,Louis Weisz,OMrUmOTPD_AnSivjxptxpA,0,1,0.2
2017-11-09,Germany,DE,Suggested videos,Louis Weisz,OMrUmOTPD_AnSivjxptxpA,0,1,0.1
2017-11-09,Denmark,DK,Channel pages,Louis Weisz,OMrUmOTPD_AnSivjxptxpA,1,2,0.3
2017-11-09,Spain,ES,Suggested videos,Louis Weisz,OMrUmOTPD_AnSivjxptxpA,1,3,0.2
2017-11-09,France,FR,Suggested videos,Louis Weisz,OMrUmOTPD_AnSivjxptxpA,0,1,0.1
2017-11-09,United Kingdom,GB,Channel pages,Louis Weisz,OMrUmOTPD_AnSivjxptxpA,1,2,0.3
2017-11-09,United Kingdom,GB,External,Louis Weisz,OMrUmOTPD_AnSivjxptxpA,1,1,1.1
2017-11-09,Guernsey,GG,Channel pages,Louis Weisz,OMrUmOTPD_AnSivjxptxpA,0,1,0.2
2017-11-09,Croatia,HR,YouTube search,Louis Weisz,OMrUmOTPD_AnSivjxptxpA,1,1,1.1
2017-11-09,Indonesia,ID,YouTube search,Louis Weisz,OMrUmOTPD_AnSivjxptxpA,1,1,1.1
2017-11-09,Indonesia,ID,Suggested videos,Louis Weisz,OMrUmOTPD_AnSivjxptxpA,1,1,0.9
2017-11-09,India,IN,Suggested videos,Louis Weisz,OMrUmOTPD_AnSivjxptxpA,0,1,0.4
2017-11-09,Japan,JP,Suggested videos,Louis Weisz,OMrUmOTPD_AnSivjxptxpA,0,1,0.2
2017-11-09,Kuwait,KW,Channel pages,Louis Weisz,OMrUmOTPD_AnSivjxptxpA,3,1,3.3
2017-11-09,Kuwait,KW,Playlists,Louis Weisz,OMrUmOTPD_AnSivjxptxpA,2,2,1.1
2017-11-09,Mexico,MX,Channel pages,Louis Weisz,OMrUmOTPD_AnSivjxptxpA,0,1,0.2
2017-11-09,Mexico,MX,Suggested videos,Louis Weisz,OMrUmOTPD_AnSivjxptxpA,3,1,3.3
2017-11-09,New Zealand,NZ,Channel pages,Louis Weisz,OMrUmOTPD_AnSivjxptxpA,1,2,0.6
2017-11-09,New Zealand,NZ,YouTube search,Louis Weisz,OMrUmOTPD_AnSivjxptxpA,2,1,1.9
2017-11-09,New Zealand,NZ,Suggested videos,Louis Weisz,OMrUmOTPD_AnSivjxptxpA,6,3,1.9
2017-11-09,New Zealand,NZ,Video cards and annotations,Louis Weisz,OMrUmOTPD_AnSivjxptxpA,1,2,0.7
2017-11-09,Philippines,PH,Suggested videos,Louis Weisz,OMrUmOTPD_AnSivjxptxpA,2,3,0.6
2017-11-09,Slovenia,SI,Channel pages,Louis Weisz,OMrUmOTPD_AnSivjxptxpA,9,4,2.2
2017-11-09,Thailand,TH,Suggested videos,Louis Weisz,OMrUmOTPD_AnSivjxptxpA,0,1,0.1
2017-11-09,United States,US,Direct or unknown,Louis Weisz,OMrUmOTPD_AnSivjxptxpA,4,1,4.1
2017-11-09,United States,US,Browse features,Louis Weisz,OMrUmOTPD_AnSivjxptxpA,4,1,4.2
2017-11-09,United States,US,Channel pages,Louis Weisz,OMrUmOTPD_AnSivjxptxpA,62,22,2.8
2017-11-09,United States,US,YouTube search,Louis Weisz,OMrUmOTPD_AnSivjxptxpA,10,6,1.7
2017-11-09,United States,US,Suggested videos,Louis Weisz,OMrUmOTPD_AnSivjxptxpA,38,10,3.8
2017-11-09,United States,US,Other YouTube features,Louis Weisz,OMrUmOTPD_AnSivjxptxpA,17,4,4.3
2017-11-09,United States,US,External,Louis Weisz,OMrUmOTPD_AnSivjxptxpA,9,4,2.2
2017-11-09,United States,US,Video cards and annotations,Louis Weisz,OMrUmOTPD_AnSivjxptxpA,9,4,2.2
2017-11-09,United States,US,End screens,Louis Weisz,OMrUmOTPD_AnSivjxptxpA,6,3,1.9
2017-11-10,United Arab Emirates,AE,Suggested videos,Louis Weisz,OMrUmOTPD_AnSivjxptxpA,4,1,4.2
2017-11-10,Australia,AU,Channel pages,Louis Weisz,OMrUmOTPD_AnSivjxptxpA,6,2,2.8
2017-11-10,Australia,AU,External,Louis Weisz,OMrUmOTPD_AnSivjxptxpA,0,1,0.0
2017-11-10,Brazil,BR,Channel pages,Louis Weisz,OMrUmOTPD_AnSivjxptxpA,1,1,1.0
2017-11-10,Brazil,BR,YouTube search,Louis Weisz,OMrUmOTPD_AnSivjxptxpA,2,1,1.7
2017-11-10,Brazil,BR,Suggested videos,Louis Weisz,OMrUmOTPD_AnSivjxptxpA,2,1,1.7
2017-11-10,Canada,CA,YouTube search,Louis Weisz,OMrUmOTPD_AnSivjxptxpA,2,1,2.0
2017-11-10,Canada,CA,Suggested videos,Louis Weisz,OMrUmOTPD_AnSivjxptxpA,4,1,4.2
2017-11-10,Colombia,CO,External,Louis Weisz,OMrUmOTPD_AnSivjxptxpA,6,2,2.9
2017-11-10,Germany,DE,Channel pages,Louis Weisz,OMrUmOTPD_AnSivjxptxpA,5,2,2.3
2017-11-10,Germany,DE,YouTube search,Louis Weisz,OMrUmOTPD_AnSivjxptxpA,2,3,0.6
2017-11-10,United Kingdom,GB,Channel pages,Louis Weisz,OMrUmOTPD_AnSivjxptxpA,9,6,1.4
2017-11-10,United Kingdom,GB,YouTube search,Louis Weisz,OMrUmOTPD_AnSivjxptxpA,1,1,1.2
2017-11-10,India,IN,Direct or unknown,Louis Weisz,OMrUmOTPD_AnSivjxptxpA,1,1,1.3
2017-11-10,India,IN,External,Louis Weisz,OMrUmOTPD_AnSivjxptxpA,0,1,0.5
2017-11-10,Italy,IT,YouTube search,Louis Weisz,OMrUmOTPD_AnSivjxptxpA,1,1,1.3
2017-11-10,Nepal,NP,YouTube search,Louis Weisz,OMrUmOTPD_AnSivjxptxpA,1,1,0.7
2017-11-10,Peru,PE,YouTube search,Louis Weisz,OMrUmOTPD_AnSivjxptxpA,1,1,1.3
2017-11-10,Peru,PE,Video cards and annotations,Louis Weisz,OMrUmOTPD_AnSivjxptxpA,1,1,0.7
2017-11-10,Poland,PL,Channel pages,Louis Weisz,OMrUmOTPD_AnSivjxptxpA,0,1,0.5
2017-11-10,Poland,PL,YouTube search,Louis Weisz,OMrUmOTPD_AnSivjxptxpA,6,2,3.1
2017-11-10,United States,US,Browse features,Louis Weisz,OMrUmOTPD_AnSivjxptxpA,4,1,4.1
2017-11-10,United States,US,Channel pages,Louis Weisz,OMrUmOTPD_AnSivjxptxpA,43,13,3.3
2017-11-10,United States,US,YouTube search,Louis Weisz,OMrUmOTPD_AnSivjxptxpA,36,13,2.8
2017-11-10,United States,US,Suggested videos,Louis Weisz,OMrUmOTPD_AnSivjxptxpA,24,11,2.2
2017-11-10,United States,US,Other YouTube features,Louis Weisz,OMrUmOTPD_AnSivjxptxpA,1,1,1.0
2017-11-10,United States,US,External,Louis Weisz,OMrUmOTPD_AnSivjxptxpA,15,9,1.7
2017-11-10,United States,US,Playlist page,Louis Weisz,OMrUmOTPD_AnSivjxptxpA,0,1,0.2
2017-11-10,Vietnam,VN,YouTube search,Louis Weisz,OMrUmOTPD_AnSivjxptxpA,4,1,3.5
2017-11-11,Australia,AU,Channel pages,Louis Weisz,OMrUmOTPD_AnSivjxptxpA,8,4,2.0
2017-11-11,Australia,AU,External,Louis Weisz,OMrUmOTPD_AnSivjxptxpA,0,2,0.1
2017-11-11,Brazil,BR,Channel pages,Louis Weisz,OMrUmOTPD_AnSivjxptxpA,12,4,3.0
2017-11-11,Brazil,BR,YouTube search,Louis Weisz,OMrUmOTPD_AnSivjxptxpA,1,1,0.6
2017-11-11,Brazil,BR,Suggested videos,Louis Weisz,OMrUmOTPD_AnSivjxptxpA,10,4,2.4
2017-11-11,Bahamas,BS,Suggested videos,Louis Weisz,OMrUmOTPD_AnSivjxptxpA,5,1,4.6
2017-11-11,Canada,CA,Channel pages,Louis Weisz,OMrUmOTPD_AnSivjxptxpA,2,2,0.8
2017-11-11,Canada,CA,YouTube search,Louis Weisz,OMrUmOTPD_AnSivjxptxpA,1,1,1.1
2017-11-11,Germany,DE,Channel pages,Louis Weisz,OMrUmOTPD_AnSivjxptxpA,10,4,2.6
2017-11-11,France,FR,YouTube search,Louis Weisz,OMrUmOTPD_AnSivjxptxpA,1,1,1.1
2017-11-11,United Kingdom,GB,Channel pages,Louis Weisz,OMrUmOTPD_AnSivjxptxpA,12,4,3.0
2017-11-11,United Kingdom,GB,YouTube search,Louis Weisz,OMrUmOTPD_AnSivjxptxpA,3,1,2.8
2017-11-11,United Kingdom,GB,Suggested videos,Louis Weisz,OMrUmOTPD_AnSivjxptxpA,17,4,4.2
2017-11-11,Hong Kong,HK,Browse features,Louis Weisz,OMrUmOTPD_AnSivjxptxpA,3,1,2.6
2017-11-11,Japan,JP,Channel pages,Louis Weisz,OMrUmOTPD_AnSivjxptxpA,1,1,1.3
2017-11-11,South Korea,KR,Channel pages,Louis Weisz,OMrUmOTPD_AnSivjxptxpA,2,1,1.8
2017-11-11,Mauritius,MU,External,Louis Weisz,OMrUmOTPD_AnSivjxptxpA,1,1,1.3
2017-11-11,Malaysia,MY,Browse features,Louis Weisz,OMrUmOTPD_AnSivjxptxpA,4,2,2.1
2017-11-11,Malaysia,MY,YouTube search,Louis Weisz,OMrUmOTPD_AnSivjxptxpA,4,1,4.3
2017-11-11,Norway,NO,Channel pages,Louis Weisz,OMrUmOTPD_AnSivjxptxpA,4,2,1.9
2017-11-11,Norway,NO,YouTube search,Louis Weisz,OMrUmOTPD_AnSivjxptxpA,7,1,7.1
2017-11-11,New Zealand,NZ,Channel pages,Louis Weisz,OMrUmOTPD_AnSivjxptxpA,18,4,4.4
2017-11-11,New Zealand,NZ,Suggested videos,Louis Weisz,OMrUmOTPD_AnSivjxptxpA,14,3,4.6
2017-11-11,Peru,PE,Channel pages,Louis Weisz,OMrUmOTPD_AnSivjxptxpA,7,2,3.3
2017-11-11,Philippines,PH,YouTube search,Louis Weisz,OMrUmOTPD_AnSivjxptxpA,1,1,0.8
2017-11-11,Poland,PL,YouTube search,Louis Weisz,OMrUmOTPD_AnSivjxptxpA,1,1,1.0
2017-11-11,Sweden,SE,Channel pages,Louis Weisz,OMrUmOTPD_AnSivjxptxpA,4,5,0.9
2017-11-11,Sweden,SE,Suggested videos,Louis Weisz,OMrUmOTPD_AnSivjxptxpA,10,6,1.7
2017-11-11,Thailand,TH,YouTube search,Louis Weisz,OMrUmOTPD_AnSivjxptxpA,0,1,0.4
2017-11-11,United States,US,Channel pages,Louis Weisz,OMrUmOTPD_AnSivjxptxpA,34,19,1.8
2017-11-11,United States,US,YouTube search,Louis Weisz,OMrUmOTPD_AnSivjxptxpA,19,12,1.6
2017-11-11,United States,US,Suggested videos,Louis Weisz,OMrUmOTPD_AnSivjxptxpA,42,15,2.8
2017-11-11,United States,US,Other YouTube features,Louis Weisz,OMrUmOTPD_AnSivjxptxpA,9,2,4.4
2017-11-11,United States,US,External,Louis Weisz,OMrUmOTPD_AnSivjxptxpA,15,4,3.9
2017-11-11,United States,US,End screens,Louis Weisz,OMrUmOTPD_AnSivjxptxpA,0,1,0.1
