date,country_name,country_id,channel_display_name,channel_id,watch_time_minutes,views,average_view_duration,comments,likes,dislikes,subscribers_gained,subscribers_lost
2016-09-13,Brazil,BR,Louis Weisz,OMrUmOTPD_AnSivjxptxpA,4,1,3.8,0,0,0,0,0
2016-09-13,Canada,CA,Louis Weisz,OMrUmOTPD_AnSivjxptxpA,4,1,3.5,0,0,0,0,0
2016-09-13,Czechia,CZ,Louis Weisz,OMrUmOTPD_AnSivjxptxpA,0,1,0.5,0,0,0,0,0
2016-09-13,Germany,DE,Louis Weisz,OMrUmOTPD_AnSivjxptxpA,1,2,0.6,0,0,0,0,0
2016-09-13,United Kingdom,GB,Louis Weisz,OMrUmOTPD_AnSivjxptxpA,0,1,0.0,0,0,0,0,0
2016-09-13,India,IN,Louis Weisz,OMrUmOTPD_AnSivjxptxpA,5,1,4.9,0,0,0,0,0
2016-09-13,Iraq,IQ,Louis Weisz,OMrUmOTPD_AnSivjxptxpA,0,1,0.4,0,0,0,0,0
2016-09-13,Japan,JP,Louis Weisz,OMrUmOTPD_AnSivjxptxpA,4,1,4.0,0,0,0,0,0
2016-09-13,Peru,PE,Louis Weisz,OMrUmOTPD_AnSivjxptxpA,0,1,0.0,0,0,0,0,0
2016-09-13,Saudi Arabia,SA,Louis Weisz,OMrUmOTPD_AnSivjxptxpA,0,1,0.0,0,0,0,0,0
2016-09-13,United States,US,Louis Weisz,OMrUmOTPD_AnSivjxptxpA,23,12,1.9,0,0,0,0,0
2016-09-14,Canada,CA,Louis Weisz,OMrUmOTPD_AnSivjxptxpA,5,1,4.6,0,0,0,0,0
2016-09-14,Germany,DE,Louis Weisz,OMrUmOTPD_AnSivjxptxpA,9,3,3.2,1,0,0,0,0
2016-09-14,United Kingdom,GB,Louis Weisz,OMrUmOTPD_AnSivjxptxpA,0,1,0.1,0,0,0,0,0
2016-09-14,United States,US,Louis Weisz,OMrUmOTPD_AnSivjxptxpA,18,13,1.4,0,1,0,0,0
2016-09-15,Canada,CA,Louis Weisz,OMrUmOTPD_AnSivjxptxpA,4,1,4.5,0,0,0,0,0
2016-09-15,United Kingdom,GB,Louis Weisz,OMrUmOTPD_AnSivjxptxpA,1,2,0.3,0,0,0,0,0
2016-09-15,Italy,IT,Louis Weisz,OMrUmOTPD_AnSivjxptxpA,0,1,0.2,0,0,0,0,0
2016-09-15,Peru,PE,Louis Weisz,OMrUmOTPD_AnSivjxptxpA,1,1,0.8,0,0,0,0,0
2016-09-15,United States,US,Louis Weisz,OMrUmOTPD_AnSivjxptxpA,72,33,2.2,0,3,0,0,0
2016-09-16,Costa Rica,CR,Louis Weisz,OMrUmOTPD_AnSivjxptxpA,0,1,0.4,0,0,0,0,0
2016-09-16,Indonesia,ID,Louis Weisz,OMrUmOTPD_AnSivjxptxpA,4,2,2.1,0,0,0,0,0
2016-09-16,United States,US,Louis Weisz,OMrUmOTPD_AnSivjxptxpA,74,33,2.2,0,1,1,0,0
2016-09-17,Canada,CA,Louis Weisz,OMrUmOTPD_AnSivjxptxpA,0,1,0.5,0,0,0,0,0
2016-09-17,Germany,DE,Louis Weisz,OMrUmOTPD_AnSivjxptxpA,1,1,0.7,0,0,0,0,0
2016-09-17,United Kingdom,GB,Louis Weisz,OMrUmOTPD_AnSivjxptxpA,1,1,0.7,0,0,0,0,0
2016-09-17,Hungary,HU,Louis Weisz,OMrUmOTPD_AnSivjxptxpA,1,1,0.6,0,0,0,0,0
2016-09-17,Indonesia,ID,Louis Weisz,OMrUmOTPD_AnSivjxptxpA,3,1,3.3,0,0,0,0,0
2016-09-17,Iceland,IS,Louis Weisz,OMrUmOTPD_AnSivjxptxpA,4,6,0.7,0,0,0,0,0
2016-09-17,Italy,IT,Louis Weisz,OMrUmOTPD_AnSivjxptxpA,2,1,1.7,0,0,0,0,0
2016-09-17,Mexico,MX,Louis Weisz,OMrUmOTPD_AnSivjxptxpA,0,1,0.0,0,0,0,0,0
2016-09-17,Nicaragua,NI,Louis Weisz,OMrUmOTPD_AnSivjxptxpA,0,1,0.1,0,0,0,0,0
2016-09-17,Philippines,PH,Louis Weisz,OMrUmOTPD_AnSivjxptxpA,4,1,3.6,0,0,0,0,0
2016-09-17,Slovenia,SI,Louis Weisz,OMrUmOTPD_AnSivjxptxpA,0,1,0.3,0,0,0,0,0
2016-09-17,United States,US,Louis Weisz,OMrUmOTPD_AnSivjxptxpA,48,29,1.7,1,1,0,0,0
2016-09-18,Austria,AT,Louis Weisz,OMrUmOTPD_AnSivjxptxpA,1,1,1.2,0,0,0,0,0
2016-09-18,Canada,CA,Louis Weisz,OMrUmOTPD_AnSivjxptxpA,3,2,1.6,0,0,0,0,0
2016-09-18,Switzerland,CH,Louis Weisz,OMrUmOTPD_AnSivjxptxpA,1,2,0.7,0,0,0,0,0
2016-09-18,Germany,DE,Louis Weisz,OMrUmOTPD_AnSivjxptxpA,5,5,1.1,0,0,0,0,0
2016-09-18,Guatemala,GT,Louis Weisz,OMrUmOTPD_AnSivjxptxpA,0,1,0.5,0,0,0,0,0
2016-09-18,Indonesia,ID,Louis Weisz,OMrUmOTPD_AnSivjxptxpA,2,1,1.6,0,0,0,0,0
2016-09-18,Italy,IT,Louis Weisz,OMrUmOTPD_AnSivjxptxpA,0,1,0.4,0,0,0,0,0
2016-09-18,Japan,JP,Louis Weisz,OMrUmOTPD_AnSivjxptxpA,1,1,0.5,0,0,0,0,0
2016-09-18,Sri Lanka,LK,Louis Weisz,OMrUmOTPD_AnSivjxptxpA,0,1,0.3,0,0,0,0,0
2016-09-18,El Salvador,SV,Louis Weisz,OMrUmOTPD_AnSivjxptxpA,0,1,0.5,0,0,0,0,0
2016-09-18,United States,US,Louis Weisz,OMrUmOTPD_AnSivjxptxpA,78,26,3.0,0,0,0,0,0
2016-09-18,Unknown Region,ZZ,Louis Weisz,OMrUmOTPD_AnSivjxptxpA,1,1,0.8,0,0,0,0,0
2016-09-19,Belgium,BE,Louis Weisz,OMrUmOTPD_AnSivjxptxpA,4,1,4.5,0,0,0,0,0
2016-09-19,Canada,CA,Louis Weisz,OMrUmOTPD_AnSivjxptxpA,3,2,1.3,0,0,0,0,0
2016-09-19,France,FR,Louis Weisz,OMrUmOTPD_AnSivjxptxpA,0,1,0.1,0,0,0,0,0
2016-09-19,Greece,GR,Louis Weisz,OMrUmOTPD_AnSivjxptxpA,0,1,0.2,0,0,0,0,0
2016-09-19,Romania,RO,Louis Weisz,OMrUmOTPD_AnSivjxptxpA,1,1,1.1,0,0,0,0,0
2016-09-19,Sweden,SE,Louis Weisz,OMrUmOTPD_AnSivjxptxpA,0,1,0.2,0,0,0,0,0
2016-09-19,United States,US,Louis Weisz,OMrUmOTPD_AnSivjxptxpA,61,24,2.5,0,0,0,0,0
2016-09-20,Argentina,AR,Louis Weisz,OMrUmOTPD_AnSivjxptxpA,0,1,0.1,0,0,0,0,0
2016-09-20,Austria,AT,Louis Weisz,OMrUmOTPD_AnSivjxptxpA,1,1,1.2,0,0,0,0,0
2016-09-20,Australia,AU,Louis Weisz,OMrUmOTPD_AnSivjxptxpA,4,1,3.8,0,0,0,0,0
2016-09-20,Canada,CA,Louis Weisz,OMrUmOTPD_AnSivjxptxpA,4,1,4.0,0,0,0,0,0
2016-09-20,Germany,DE,Louis Weisz,OMrUmOTPD_AnSivjxptxpA,1,1,0.5,0,0,0,0,0
2016-09-20,United Kingdom,GB,Louis Weisz,OMrUmOTPD_AnSivjxptxpA,5,2,2.6,0,0,0,0,0
2016-09-20,Italy,IT,Louis Weisz,OMrUmOTPD_AnSivjxptxpA,3,1,3.4,0,0,0,0,0
2016-09-20,Japan,JP,Louis Weisz,OMrUmOTPD_AnSivjxptxpA,0,1,0.2,0,0,0,0,0
2016-09-20,New Zealand,NZ,Louis Weisz,OMrUmOTPD_AnSivjxptxpA,1,1,0.9,0,0,0,0,0
2016-09-20,Romania,RO,Louis Weisz,OMrUmOTPD_AnSivjxptxpA,4,1,3.8,0,0,0,0,0
2016-09-20,United States,US,Louis Weisz,OMrUmOTPD_AnSivjxptxpA,40,43,0.9,0,12,0,1,0
2016-09-21,Australia,AU,Louis Weisz,OMrUmOTPD_AnSivjxptxpA,0,2,0.1,0,0,0,0,0
2016-09-21,Belgium,BE,Louis Weisz,OMrUmOTPD_AnSivjxptxpA,0,1,0.1,0,0,0,0,0
2016-09-21,Canada,CA,Louis Weisz,OMrUmOTPD_AnSivjxptxpA,0,1,0.2,0,0,0,0,0
2016-09-21,Germany,DE,Louis Weisz,OMrUmOTPD_AnSivjxptxpA,1,1,0.9,0,0,0,0,0
2016-09-21,France,FR,Louis Weisz,OMrUmOTPD_AnSivjxptxpA,0,1,0.4,0,0,0,0,0
2016-09-21,United Kingdom,GB,Louis Weisz,OMrUmOTPD_AnSivjxptxpA,3,2,1.7,0,0,0,0,0
2016-09-21,Norway,NO,Louis Weisz,OMrUmOTPD_AnSivjxptxpA,0,1,0.1,0,0,0,0,0
2016-09-21,Peru,PE,Louis Weisz,OMrUmOTPD_AnSivjxptxpA,0,1,0.2,0,0,0,0,0
2016-09-21,Russia,RU,Louis Weisz,OMrUmOTPD_AnSivjxptxpA,13,5,2.5,0,0,0,0,0
2016-09-21,United States,US,Louis Weisz,OMrUmOTPD_AnSivjxptxpA,44,25,1.8,0,4,0,1,0
2016-09-22,Argentina,AR,Louis Weisz,OMrUmOTPD_AnSivjxptxpA,1,1,0.6,0,0,0,0,0
2016-09-22,Austria,AT,Louis Weisz,OMrUmOTPD_AnSivjxptxpA,1,1,0.8,0,0,0,0,0
2016-09-22,Australia,AU,Louis Weisz,OMrUmOTPD_AnSivjxptxpA,2,2,1.0,0,0,0,0,0
2016-09-22,Brazil,BR,Louis Weisz,OMrUmOTPD_AnSivjxptxpA,1,1,0.9,0,0,0,0,0
2016-09-22,Canada,CA,Louis Weisz,OMrUmOTPD_AnSivjxptxpA,1,4,0.3,1,0,0,0,0
2016-09-22,Germany,DE,Louis Weisz,OMrUmOTPD_AnSivjxptxpA,1,1,1.4,0,0,0,0,0
2016-09-22,Denmark,DK,Louis Weisz,OMrUmOTPD_AnSivjxptxpA,0,1,0.0,0,0,0,0,0
2016-09-22,Hungary,HU,Louis Weisz,OMrUmOTPD_AnSivjxptxpA,1,1,0.8,0,0,0,0,0
2016-09-22,Italy,IT,Louis Weisz,OMrUmOTPD_AnSivjxptxpA,0,1,0.0,0,0,0,0,0
2016-09-22,Kuwait,KW,Louis Weisz,OMrUmOTPD_AnSivjxptxpA,3,2,1.3,0,0,0,0,0
2016-09-22,Netherlands,NL,Louis Weisz,OMrUmOTPD_AnSivjxptxpA,5,1,4.7,0,0,0,0,0
2016-09-22,Norway,NO,Louis Weisz,OMrUmOTPD_AnSivjxptxpA,0,1,0.1,0,0,0,0,0
2016-09-22,Sweden,SE,Louis Weisz,OMrUmOTPD_AnSivjxptxpA,2,3,0.7,0,0,0,0,0
2016-09-22,United States,US,Louis Weisz,OMrUmOTPD_AnSivjxptxpA,54,27,2.0,0,2,0,0,0
2016-09-23,Australia,AU,Louis Weisz,OMrUmOTPD_AnSivjxptxpA,0,1,0.1,0,0,0,0,0
2016-09-23,Brazil,BR,Louis Weisz,OMrUmOTPD_AnSivjxptxpA,1,1,0.6,0,0,0,0,0
2016-09-23,Canada,CA,Louis Weisz,OMrUmOTPD_AnSivjxptxpA,0,1,0.4,0,0,0,0,0
2016-09-23,Germany,DE,Louis Weisz,OMrUmOTPD_AnSivjxptxpA,0,1,0.2,0,0,0,0,0
2016-09-23,Finland,FI,Louis Weisz,OMrUmOTPD_AnSivjxptxpA,1,1,1.2,0,0,0,0,0
2016-09-23,United Kingdom,GB,Louis Weisz,OMrUmOTPD_AnSivjxptxpA,1,1,0.7,0,0,0,0,0
2016-09-23,Iceland,IS,Louis Weisz,OMrUmOTPD_AnSivjxptxpA,2,2,1.0,0,0,0,0,0
2016-09-23,Netherlands,NL,Louis Weisz,OMrUmOTPD_AnSivjxptxpA,0,1,0.1,0,0,0,0,0
2016-09-23,Norway,NO,Louis Weisz,OMrUmOTPD_AnSivjxptxpA,0,2,0.2,0,0,0,0,0
2016-09-23,Sweden,SE,Louis Weisz,OMrUmOTPD_AnSivjxptxpA,1,3,0.2,0,0,0,0,0
2016-09-23,United States,US,Louis Weisz,OMrUmOTPD_AnSivjxptxpA,23,9,2.6,0,0,0,0,0
2016-09-23,Unknown Region,ZZ,Louis Weisz,OMrUmOTPD_AnSivjxptxpA,1,1,0.8,0,0,0,0,0
2016-09-24,Argentina,AR,Louis Weisz,OMrUmOTPD_AnSivjxptxpA,0,1,0.1,0,0,0,0,0
2016-09-24,Australia,AU,Louis Weisz,OMrUmOTPD_AnSivjxptxpA,1,1,0.9,0,0,0,0,0
2016-09-24,Belgium,BE,Louis Weisz,OMrUmOTPD_AnSivjxptxpA,0,1,0.1,0,0,0,0,0
2016-09-24,Brazil,BR,Louis Weisz,OMrUmOTPD_AnSivjxptxpA,0,1,0.1,0,0,0,0,0
2016-09-24,Canada,CA,Louis Weisz,OMrUmOTPD_AnSivjxptxpA,3,1,3.3,0,0,0,0,0
2016-09-24,Spain,ES,Louis Weisz,OMrUmOTPD_AnSivjxptxpA,0,1,0.2,0,0,0,0,0
2016-09-24,United Kingdom,GB,Louis Weisz,OMrUmOTPD_AnSivjxptxpA,0,2,0.1,0,0,0,0,0
2016-09-24,Indonesia,ID,Louis Weisz,OMrUmOTPD_AnSivjxptxpA,1,1,1.4,0,0,0,0,0
2016-09-24,United States,US,Louis Weisz,OMrUmOTPD_AnSivjxptxpA,28,18,1.6,0,1,0,0,0
2016-09-24,Vietnam,VN,Louis Weisz,OMrUmOTPD_AnSivjxptxpA,0,1,0.2,0,0,0,0,0
2016-09-24,South Africa,ZA,Louis Weisz,OMrUmOTPD_AnSivjxptxpA,1,1,1.1,0,0,0,0,0
2016-09-25,Austria,AT,Louis Weisz,OMrUmOTPD_AnSivjxptxpA,0,1,0.5,0,0,0,0,0
2016-09-25,Canada,CA,Louis Weisz,OMrUmOTPD_AnSivjxptxpA,2,2,1.1,0,0,0,0,0
2016-09-25,Germany,DE,Louis Weisz,OMrUmOTPD_AnSivjxptxpA,7,2,3.4,0,0,0,0,0
2016-09-25,Spain,ES,Louis Weisz,OMrUmOTPD_AnSivjxptxpA,3,2,1.5,0,0,0,0,0
2016-09-25,Indonesia,ID,Louis Weisz,OMrUmOTPD_AnSivjxptxpA,0,1,0.1,0,0,0,0,0
2016-09-25,India,IN,Louis Weisz,OMrUmOTPD_AnSivjxptxpA,0,1,0.4,0,0,0,0,0
2016-09-25,Japan,JP,Louis Weisz,OMrUmOTPD_AnSivjxptxpA,2,1,1.8,0,0,0,0,0
2016-09-25,Netherlands,NL,Louis Weisz,OMrUmOTPD_AnSivjxptxpA,3,1,2.6,0,0,0,0,0
2016-09-25,United States,US,Louis Weisz,OMrUmOTPD_AnSivjxptxpA,42,17,2.5,0,0,0,0,0
2016-09-26,United Arab Emirates,AE,Louis Weisz,OMrUmOTPD_AnSivjxptxpA,0,1,0.2,0,0,0,0,0
2016-09-26,Canada,CA,Louis Weisz,OMrUmOTPD_AnSivjxptxpA,4,1,4.3,0,0,0,0,0
2016-09-26,Germany,DE,Louis Weisz,OMrUmOTPD_AnSivjxptxpA,11,3,3.7,0,0,0,0,0
2016-09-26,France,FR,Louis Weisz,OMrUmOTPD_AnSivjxptxpA,0,1,0.0,0,0,0,0,0
2016-09-26,United Kingdom,GB,Louis Weisz,OMrUmOTPD_AnSivjxptxpA,1,2,0.3,0,0,0,0,0
2016-09-26,Indonesia,ID,Louis Weisz,OMrUmOTPD_AnSivjxptxpA,3,3,1.2,0,0,0,0,0
2016-09-26,Italy,IT,Louis Weisz,OMrUmOTPD_AnSivjxptxpA,0,1,0.1,0,0,0,0,0
2016-09-26,South Korea,KR,Louis Weisz,OMrUmOTPD_AnSivjxptxpA,0,1,0.3,0,0,0,0,0
2016-09-26,Netherlands,NL,Louis Weisz,OMrUmOTPD_AnSivjxptxpA,0,1,0.4,0,0,0,0,0
2016-09-26,New Zealand,NZ,Louis Weisz,OMrUmOTPD_AnSivjxptxpA,12,3,3.9,0,0,0,0,0
2016-09-26,United States,US,Louis Weisz,OMrUmOTPD_AnSivjxptxpA,24,13,1.8,0,0,0,0,0
2016-09-26,Vietnam,VN,Louis Weisz,OMrUmOTPD_AnSivjxptxpA,6,3,1.8,0,0,0,0,0
2016-09-27,Australia,AU,Louis Weisz,OMrUmOTPD_AnSivjxptxpA,8,1,8.2,0,0,0,0,0
2016-09-27,Canada,CA,Louis Weisz,OMrUmOTPD_AnSivjxptxpA,16,7,2.3,0,0,0,0,0
2016-09-27,Egypt,EG,Louis Weisz,OMrUmOTPD_AnSivjxptxpA,2,1,2.5,0,0,0,0,0
2016-09-27,United Kingdom,GB,Louis Weisz,OMrUmOTPD_AnSivjxptxpA,5,4,1.3,0,0,1,0,0
2016-09-27,Hungary,HU,Louis Weisz,OMrUmOTPD_AnSivjxptxpA,0,1,0.1,0,0,0,0,0
2016-09-27,Israel,IL,Louis Weisz,OMrUmOTPD_AnSivjxptxpA,1,1,0.7,0,0,0,0,0
2016-09-27,Italy,IT,Louis Weisz,OMrUmOTPD_AnSivjxptxpA,2,1,2.2,0,0,0,0,0
2016-09-27,Japan,JP,Louis Weisz,OMrUmOTPD_AnSivjxptxpA,0,1,0.3,0,0,0,0,0
2016-09-27,South Korea,KR,Louis Weisz,OMrUmOTPD_AnSivjxptxpA,0,1,0.2,0,0,0,0,0
2016-09-27,New Zealand,NZ,Louis Weisz,OMrUmOTPD_AnSivjxptxpA,8,4,1.9,0,0,0,0,0
2016-09-27,Romania,RO,Louis Weisz,OMrUmOTPD_AnSivjxptxpA,4,2,2.2,0,0,0,0,0
2016-09-27,Suriname,SR,Louis Weisz,OMrUmOTPD_AnSivjxptxpA,1,1,0.7,0,0,0,0,0
2016-09-27,Ukraine,UA,Louis Weisz,OMrUmOTPD_AnSivjxptxpA,3,6,0.5,0,0,0,0,0
2016-09-27,United States,US,Louis Weisz,OMrUmOTPD_AnSivjxptxpA,57,22,2.6,0,0,0,0,0
2016-09-27,Vietnam,VN,Louis Weisz,OMrUmOTPD_AnSivjxptxpA,3,1,3.4,0,0,0,0,0
2016-09-28,United Arab Emirates,AE,Louis Weisz,OMrUmOTPD_AnSivjxptxpA,1,1,1.1,0,0,0,0,0
2016-09-28,Austria,AT,Louis Weisz,OMrUmOTPD_AnSivjxptxpA,1,1,1.1,0,0,0,0,0
2016-09-28,Canada,CA,Louis Weisz,OMrUmOTPD_AnSivjxptxpA,9,5,1.7,0,0,0,0,0
2016-09-28,Germany,DE,Louis Weisz,OMrUmOTPD_AnSivjxptxpA,8,2,4.0,0,0,0,0,0
2016-09-28,United Kingdom,GB,Louis Weisz,OMrUmOTPD_AnSivjxptxpA,2,2,0.9,0,0,0,0,0
2016-09-28,Iceland,IS,Louis Weisz,OMrUmOTPD_AnSivjxptxpA,4,1,4.4,0,0,0,0,0
2016-09-28,Italy,IT,Louis Weisz,OMrUmOTPD_AnSivjxptxpA,0,1,0.3,0,0,0,0,0
2016-09-28,Malaysia,MY,Louis Weisz,OMrUmOTPD_AnSivjxptxpA,1,1,0.5,0,0,0,0,0
2016-09-28,Netherlands,NL,Louis Weisz,OMrUmOTPD_AnSivjxptxpA,1,3,0.2,0,0,0,0,0
2016-09-28,Peru,PE,Louis Weisz,OMrUmOTPD_AnSivjxptxpA,0,1,0.2,0,0,0,0,0
2016-09-28,Romania,RO,Louis Weisz,OMrUmOTPD_AnSivjxptxpA,0,1,0.0,0,0,0,0,0
2016-09-28,Ukraine,UA,Louis Weisz,OMrUmOTPD_AnSivjxptxpA,4,1,3.9,0,0,0,0,0
2016-09-28,United States,US,Louis Weisz,OMrUmOTPD_AnSivjxptxpA,51,28,1.8,0,4,0,0,0
2016-09-29,Austria,AT,Louis Weisz,OMrUmOTPD_AnSivjxptxpA,0,1,0.4,0,0,0,0,0
2016-09-29,Belgium,BE,Louis Weisz,OMrUmOTPD_AnSivjxptxpA,0,1,0.3,0,0,0,0,0
2016-09-29,Brazil,BR,Louis Weisz,OMrUmOTPD_AnSivjxptxpA,0,1,0.5,0,0,0,0,0
2016-09-29,Canada,CA,Louis Weisz,OMrUmOTPD_AnSivjxptxpA,0,1,0.0,0,0,1,0,0
2016-09-29,Germany,DE,Louis Weisz,OMrUmOTPD_AnSivjxptxpA,1,1,1.2,0,0,0,0,0
2016-09-29,Finland,FI,Louis Weisz,OMrUmOTPD_AnSivjxptxpA,0,1,0.1,0,0,0,0,0
2016-09-29,France,FR,Louis Weisz,OMrUmOTPD_AnSivjxptxpA,0,1,0.1,0,0,0,0,0
2016-09-29,Hong Kong,HK,Louis Weisz,OMrUmOTPD_AnSivjxptxpA,1,1,0.8,0,0,0,0,0
2016-09-29,Mexico,MX,Louis Weisz,OMrUmOTPD_AnSivjxptxpA,0,1,0.4,0,0,0,0,0
2016-09-29,Saudi Arabia,SA,Louis Weisz,OMrUmOTPD_AnSivjxptxpA,1,1,0.8,0,0,0,0,0
2016-09-29,Thailand,TH,Louis Weisz,OMrUmOTPD_AnSivjxptxpA,1,2,0.7,0,0,0,0,0
2016-09-29,United States,US,Louis Weisz,OMrUmOTPD_AnSivjxptxpA,75,37,2.0,0,1,0,0,0
2016-09-30,Brunei,BN,Louis Weisz,OMrUmOTPD_AnSivjxptxpA,0,1,0.1,0,0,0,0,0
2016-09-30,Canada,CA,Louis Weisz,OMrUmOTPD_AnSivjxptxpA,22,22,1.0,0,0,0,0,0
2016-09-30,Germany,DE,Louis Weisz,OMrUmOTPD_AnSivjxptxpA,8,3,2.6,0,0,0,0,0
2016-09-30,Denmark,DK,Louis Weisz,OMrUmOTPD_AnSivjxptxpA,0,1,0.1,0,0,0,0,0
2016-09-30,United Kingdom,GB,Louis Weisz,OMrUmOTPD_AnSivjxptxpA,3,2,1.4,1,0,0,0,0
2016-09-30,Greece,GR,Louis Weisz,OMrUmOTPD_AnSivjxptxpA,4,1,4.4,0,0,0,0,0
2016-09-30,Hong Kong,HK,Louis Weisz,OMrUmOTPD_AnSivjxptxpA,1,1,0.9,0,0,0,0,0
2016-09-30,South Korea,KR,Louis Weisz,OMrUmOTPD_AnSivjxptxpA,1,1,0.7,0,0,0,0,0
2016-09-30,Philippines,PH,Louis Weisz,OMrUmOTPD_AnSivjxptxpA,0,1,0.1,0,0,0,0,0
2016-09-30,Sweden,SE,Louis Weisz,OMrUmOTPD_AnSivjxptxpA,0,1,0.3,0,0,0,0,0
2016-09-30,United States,US,Louis Weisz,OMrUmOTPD_AnSivjxptxpA,34,21,1.6,1,0,0,0,0
2016-10-01,Brazil,BR,Louis Weisz,OMrUmOTPD_AnSivjxptxpA,0,1,0.1,0,0,0,0,0
2016-10-01,Canada,CA,Louis Weisz,OMrUmOTPD_AnSivjxptxpA,6,3,2.0,0,0,0,0,0
2016-10-01,Germany,DE,Louis Weisz,OMrUmOTPD_AnSivjxptxpA,0,1,0.5,0,0,0,0,0
2016-10-01,Indonesia,ID,Louis Weisz,OMrUmOTPD_AnSivjxptxpA,1,1,0.7,0,0,0,0,0
2016-10-01,Italy,IT,Louis Weisz,OMrUmOTPD_AnSivjxptxpA,0,1,0.2,0,0,0,0,0
2016-10-01,Netherlands,NL,Louis Weisz,OMrUmOTPD_AnSivjxptxpA,0,2,0.2,0,0,0,1,0
2016-10-01,Sweden,SE,Louis Weisz,OMrUmOTPD_AnSivjxptxpA,0,1,0.3,0,0,0,0,0
2016-10-01,Slovenia,SI,Louis Weisz,OMrUmOTPD_AnSivjxptxpA,1,1,1.0,0,0,0,0,0
2016-10-01,United States,US,Louis Weisz,OMrUmOTPD_AnSivjxptxpA,17,20,0.9,0,0,0,0,0
2016-10-01,Unknown Region,ZZ,Louis Weisz,OMrUmOTPD_AnSivjxptxpA,2,3,0.8,0,0,0,0,0
2016-10-02,Austria,AT,Louis Weisz,OMrUmOTPD_AnSivjxptxpA,0,1,0.0,0,0,0,0,0
2016-10-02,Canada,CA,Louis Weisz,OMrUmOTPD_AnSivjxptxpA,1,2,0.5,0,0,0,0,0
2016-10-02,Spain,ES,Louis Weisz,OMrUmOTPD_AnSivjxptxpA,0,1,0.1,0,0,0,0,0
2016-10-02,United Kingdom,GB,Louis Weisz,OMrUmOTPD_AnSivjxptxpA,0,1,0.1,0,0,0,0,0
2016-10-02,Mexico,MX,Louis Weisz,OMrUmOTPD_AnSivjxptxpA,0,1,0.4,0,0,0,0,0
2016-10-02,Peru,PE,Louis Weisz,OMrUmOTPD_AnSivjxptxpA,0,1,0.2,0,0,0,0,0
2016-10-02,Pakistan,PK,Louis Weisz,OMrUmOTPD_AnSivjxptxpA,0,1,0.2,0,0,0,0,0
2016-10-02,Poland,PL,Louis Weisz,OMrUmOTPD_AnSivjxptxpA,0,1,0.1,0,0,0,0,0
2016-10-02,Portugal,PT,Louis Weisz,OMrUmOTPD_AnSivjxptxpA,1,1,0.7,0,0,0,0,0
2016-10-02,United States,US,Louis Weisz,OMrUmOTPD_AnSivjxptxpA,37,36,1.0,0,3,0,0,0
2016-10-02,Unknown Region,ZZ,Louis Weisz,OMrUmOTPD_AnSivjxptxpA,0,1,0.1,0,0,0,0,0
2016-10-03,United Arab Emirates,AE,Louis Weisz,OMrUmOTPD_AnSivjxptxpA,0,1,0.4,0,0,0,0,0
2016-10-03,Australia,AU,Louis Weisz,OMrUmOTPD_AnSivjxptxpA,4,1,4.5,0,0,0,0,0
2016-10-03,Canada,CA,Louis Weisz,OMrUmOTPD_AnSivjxptxpA,0,1,0.1,0,0,0,0,0
2016-10-03,Algeria,DZ,Louis Weisz,OMrUmOTPD_AnSivjxptxpA,0,1,0.1,0,0,0,0,0
2016-10-03,United Kingdom,GB,Louis Weisz,OMrUmOTPD_AnSivjxptxpA,2,3,0.6,0,0,0,0,0
2016-10-03,Sri Lanka,LK,Louis Weisz,OMrUmOTPD_AnSivjxptxpA,1,1,0.9,0,0,0,0,0
2016-10-03,Malaysia,MY,Louis Weisz,OMrUmOTPD_AnSivjxptxpA,1,2,0.4,0,0,0,0,0
2016-10-03,Netherlands,NL,Louis Weisz,OMrUmOTPD_AnSivjxptxpA,1,4,0.3,0,0,0,0,0
2016-10-03,Poland,PL,Louis Weisz,OMrUmOTPD_AnSivjxptxpA,3,1,3.0,0,0,0,0,0
2016-10-03,Singapore,SG,Louis Weisz,OMrUmOTPD_AnSivjxptxpA,0,1,0.2,0,0,0,0,0
2016-10-03,United States,US,Louis Weisz,OMrUmOTPD_AnSivjxptxpA,47,23,2.0,1,1,0,0,0
2016-10-03,Vietnam,VN,Louis Weisz,OMrUmOTPD_AnSivjxptxpA,0,1,0.1,0,0,0,0,0
2016-10-04,Argentina,AR,Louis Weisz,OMrUmOTPD_AnSivjxptxpA,1,1,0.8,0,0,0,0,0
2016-10-04,Brazil,BR,Louis Weisz,OMrUmOTPD_AnSivjxptxpA,3,2,1.7,0,0,0,0,0
2016-10-04,Canada,CA,Louis Weisz,OMrUmOTPD_AnSivjxptxpA,2,3,0.6,0,0,0,0,1
2016-10-04,Germany,DE,Louis Weisz,OMrUmOTPD_AnSivjxptxpA,2,4,0.6,0,0,0,0,0
2016-10-04,Spain,ES,Louis Weisz,OMrUmOTPD_AnSivjxptxpA,0,1,0.4,0,0,0,0,0
2016-10-04,Indonesia,ID,Louis Weisz,OMrUmOTPD_AnSivjxptxpA,0,1,0.2,0,0,0,0,0
2016-10-04,Portugal,PT,Louis Weisz,OMrUmOTPD_AnSivjxptxpA,3,1,2.7,0,0,0,0,0
2016-10-04,United States,US,Louis Weisz,OMrUmOTPD_AnSivjxptxpA,23,10,2.3,0,0,0,1,0
2016-10-04,Vietnam,VN,Louis Weisz,OMrUmOTPD_AnSivjxptxpA,0,2,0.2,0,0,0,0,0
2016-10-05,Argentina,AR,Louis Weisz,OMrUmOTPD_AnSivjxptxpA,2,1,1.6,0,0,0,0,0
2016-10-05,Australia,AU,Louis Weisz,OMrUmOTPD_AnSivjxptxpA,2,2,0.9,0,0,0,0,0
2016-10-05,Germany,DE,Louis Weisz,OMrUmOTPD_AnSivjxptxpA,0,1,0.1,0,0,0,0,0
2016-10-05,France,FR,Louis Weisz,OMrUmOTPD_AnSivjxptxpA,1,1,0.6,0,0,0,0,0
2016-10-05,United Kingdom,GB,Louis Weisz,OMrUmOTPD_AnSivjxptxpA,2,2,0.8,0,0,0,0,0
2016-10-05,Indonesia,ID,Louis Weisz,OMrUmOTPD_AnSivjxptxpA,2,1,1.6,0,0,0,0,0
2016-10-05,Israel,IL,Louis Weisz,OMrUmOTPD_AnSivjxptxpA,0,1,0.0,0,0,0,0,0
2016-10-05,Italy,IT,Louis Weisz,OMrUmOTPD_AnSivjxptxpA,1,2,0.5,0,0,0,0,0
2016-10-05,Netherlands,NL,Louis Weisz,OMrUmOTPD_AnSivjxptxpA,3,7,0.4,0,0,0,0,0
2016-10-05,United States,US,Louis Weisz,OMrUmOTPD_AnSivjxptxpA,23,10,2.3,0,0,0,1,0
2016-10-06,Canada,CA,Louis Weisz,OMrUmOTPD_AnSivjxptxpA,2,1,2.1,0,0,0,0,0
2016-10-06,Germany,DE,Louis Weisz,OMrUmOTPD_AnSivjxptxpA,3,4,0.8,0,0,0,0,0
2016-10-06,France,FR,Louis Weisz,OMrUmOTPD_AnSivjxptxpA,3,1,2.6,0,0,0,0,0
2016-10-06,United Kingdom,GB,Louis Weisz,OMrUmOTPD_AnSivjxptxpA,6,2,3.2,0,0,0,0,0
2016-10-06,Kazakhstan,KZ,Louis Weisz,OMrUmOTPD_AnSivjxptxpA,1,1,0.9,0,0,0,0,0
2016-10-06,Netherlands,NL,Louis Weisz,OMrUmOTPD_AnSivjxptxpA,0,1,0.1,0,0,0,0,0
2016-10-06,United States,US,Louis Weisz,OMrUmOTPD_AnSivjxptxpA,28,18,1.5,0,0,0,0,0
2016-10-07,Germany,DE,Louis Weisz,OMrUmOTPD_AnSivjxptxpA,1,2,0.6,0,1,0,0,0
2016-10-07,United Kingdom,GB,Louis Weisz,OMrUmOTPD_AnSivjxptxpA,5,3,1.8,0,0,0,0,0
2016-10-07,Japan,JP,Louis Weisz,OMrUmOTPD_AnSivjxptxpA,2,2,1.2,0,0,0,0,0
2016-10-07,Philippines,PH,Louis Weisz,OMrUmOTPD_AnSivjxptxpA,0,1,0.4,0,0,0,0,0
2016-10-07,United States,US,Louis Weisz,OMrUmOTPD_AnSivjxptxpA,27,22,1.2,0,0,0,1,0
2016-10-08,Belgium,BE,Louis Weisz,OMrUmOTPD_AnSivjxptxpA,3,1,2.5,0,0,0,0,0
2016-10-08,Canada,CA,Louis Weisz,OMrUmOTPD_AnSivjxptxpA,6,4,1.5,0,0,0,0,0
2016-10-08,Germany,DE,Louis Weisz,OMrUmOTPD_AnSivjxptxpA,1,1,0.7,0,0,0,0,0
2016-10-08,Denmark,DK,Louis Weisz,OMrUmOTPD_AnSivjxptxpA,2,1,1.7,0,0,0,0,0
2016-10-08,Algeria,DZ,Louis Weisz,OMrUmOTPD_AnSivjxptxpA,1,1,0.6,0,0,0,0,0
2016-10-08,France,FR,Louis Weisz,OMrUmOTPD_AnSivjxptxpA,1,1,1.1,0,0,0,0,0
2016-10-08,Italy,IT,Louis Weisz,OMrUmOTPD_AnSivjxptxpA,1,1,1.4,0,0,0,0,0
2016-10-08,South Korea,KR,Louis Weisz,OMrUmOTPD_AnSivjxptxpA,3,1,2.8,0,0,0,0,0
2016-10-08,Mexico,MX,Louis Weisz,OMrUmOTPD_AnSivjxptxpA,0,1,0.3,0,0,0,0,0
2016-10-08,Netherlands,NL,Louis Weisz,OMrUmOTPD_AnSivjxptxpA,1,2,0.4,0,0,0,0,0
2016-10-08,Romania,RO,Louis Weisz,OMrUmOTPD_AnSivjxptxpA,1,2,0.4,0,0,0,0,0
2016-10-08,Saudi Arabia,SA,Louis Weisz,OMrUmOTPD_AnSivjxptxpA,5,1,4.7,0,1,0,0,0
2016-10-08,Slovakia,SK,Louis Weisz,OMrUmOTPD_AnSivjxptxpA,4,1,4.0,0,0,0,0,0
2016-10-08,United States,US,Louis Weisz,OMrUmOTPD_AnSivjxptxpA,10,13,0.8,0,0,0,0,0
2016-10-08,Vietnam,VN,Louis Weisz,OMrUmOTPD_AnSivjxptxpA,0,1,0.0,0,0,0,0,0
2016-10-09,Argentina,AR,Louis Weisz,OMrUmOTPD_AnSivjxptxpA,0,1,0.1,0,0,0,0,0
2016-10-09,Canada,CA,Louis Weisz,OMrUmOTPD_AnSivjxptxpA,9,2,4.4,0,0,0,0,0
2016-10-09,Germany,DE,Louis Weisz,OMrUmOTPD_AnSivjxptxpA,4,1,3.6,0,0,0,0,0
2016-10-09,Estonia,EE,Louis Weisz,OMrUmOTPD_AnSivjxptxpA,6,1,5.8,0,0,0,0,0
2016-10-09,United Kingdom,GB,Louis Weisz,OMrUmOTPD_AnSivjxptxpA,0,1,0.2,0,0,0,0,0
2016-10-09,Grenada,GD,Louis Weisz,OMrUmOTPD_AnSivjxptxpA,1,1,0.6,0,0,0,0,0
2016-10-09,Hungary,HU,Louis Weisz,OMrUmOTPD_AnSivjxptxpA,0,1,0.3,0,0,0,0,0
2016-10-09,Indonesia,ID,Louis Weisz,OMrUmOTPD_AnSivjxptxpA,2,1,1.5,0,0,0,0,0
2016-10-09,India,IN,Louis Weisz,OMrUmOTPD_AnSivjxptxpA,0,1,0.1,0,0,0,0,0
2016-10-09,Italy,IT,Louis Weisz,OMrUmOTPD_AnSivjxptxpA,1,1,0.6,0,0,0,0,0
2016-10-09,New Zealand,NZ,Louis Weisz,OMrUmOTPD_AnSivjxptxpA,2,1,1.6,0,0,0,0,0
2016-10-09,United States,US,Louis Weisz,OMrUmOTPD_AnSivjxptxpA,15,6,2.5,0,0,0,0,0
2016-10-10,Bulgaria,BG,Louis Weisz,OMrUmOTPD_AnSivjxptxpA,0,1,0.4,0,0,0,0,0
2016-10-10,Canada,CA,Louis Weisz,OMrUmOTPD_AnSivjxptxpA,3,3,0.8,0,0,0,0,0
2016-10-10,Chile,CL,Louis Weisz,OMrUmOTPD_AnSivjxptxpA,1,1,1.0,0,0,0,0,0
2016-10-10,Denmark,DK,Louis Weisz,OMrUmOTPD_AnSivjxptxpA,2,1,1.8,0,0,0,0,0
2016-10-10,Spain,ES,Louis Weisz,OMrUmOTPD_AnSivjxptxpA,3,1,3.5,0,0,0,0,0
2016-10-10,Russia,RU,Louis Weisz,OMrUmOTPD_AnSivjxptxpA,0,1,0.3,0,0,0,0,0
2016-10-10,United States,US,Louis Weisz,OMrUmOTPD_AnSivjxptxpA,27,19,1.4,0,1,0,0,0
2016-10-11,Argentina,AR,Louis Weisz,OMrUmOTPD_AnSivjxptxpA,2,1,2.0,0,0,0,0,0
2016-10-11,Saudi Arabia,SA,Louis Weisz,OMrUmOTPD_AnSivjxptxpA,2,1,1.7,0,0,0,0,0
2016-10-11,United States,US,Louis Weisz,OMrUmOTPD_AnSivjxptxpA,20,6,3.3,0,0,0,0,0
2016-10-12,Canada,CA,Louis Weisz,OMrUmOTPD_AnSivjxptxpA,0,2,0.2,0,0,0,0,0
2016-10-12,Germany,DE,Louis Weisz,OMrUmOTPD_AnSivjxptxpA,2,2,0.9,0,0,0,0,0
2016-10-12,United Kingdom,GB,Louis Weisz,OMrUmOTPD_AnSivjxptxpA,0,1,0.2,0,0,0,0,0
2016-10-12,Indonesia,ID,Louis Weisz,OMrUmOTPD_AnSivjxptxpA,5,2,2.3,0,0,1,0,0
2016-10-12,Israel,IL,Louis Weisz,OMrUmOTPD_AnSivjxptxpA,1,1,0.9,0,0,0,0,0
2016-10-12,Kuwait,KW,Louis Weisz,OMrUmOTPD_AnSivjxptxpA,4,2,1.9,0,0,0,0,0
2016-10-12,United States,US,Louis Weisz,OMrUmOTPD_AnSivjxptxpA,16,7,2.3,0,0,0,0,0
2016-10-13,Canada,CA,Louis Weisz,OMrUmOTPD_AnSivjxptxpA,57,9,6.3,0,0,0,0,0
2016-10-13,Germany,DE,Louis Weisz,OMrUmOTPD_AnSivjxptxpA,2,1,1.7,0,0,0,0,0
2016-10-13,Finland,FI,Louis Weisz,OMrUmOTPD_AnSivjxptxpA,4,1,3.7,0,0,0,0,0
2016-10-13,Lithuania,LT,Louis Weisz,OMrUmOTPD_AnSivjxptxpA,2,1,1.8,0,0,0,0,0
2016-10-13,Macedonia (FYROM),MK,Louis Weisz,OMrUmOTPD_AnSivjxptxpA,1,1,0.9,0,0,0,0,0
2016-10-13,Serbia,RS,Louis Weisz,OMrUmOTPD_AnSivjxptxpA,2,1,2.2,0,0,0,0,0
2016-10-13,United States,US,Louis Weisz,OMrUmOTPD_AnSivjxptxpA,30,19,1.6,0,0,0,0,0
