date,country_name,country_id,traffic_source,channel_display_name,channel_id,watch_time_minutes,views,average_view_duration
2016-09-13,Brazil,BR,YouTube search,Louis Weisz,OMrUmOTPD_AnSivjxptxpA,4,1,3.8
2016-09-13,Canada,CA,YouTube search,Louis Weisz,OMrUmOTPD_AnSivjxptxpA,4,1,3.5
2016-09-13,Czechia,CZ,YouTube search,Louis Weisz,OMrUmOTPD_AnSivjxptxpA,0,1,0.5
2016-09-13,Germany,DE,YouTube search,Louis Weisz,OMrUmOTPD_AnSivjxptxpA,1,2,0.6
2016-09-13,United Kingdom,GB,YouTube search,Louis Weisz,OMrUmOTPD_AnSivjxptxpA,0,1,0.0
2016-09-13,India,IN,YouTube search,Louis Weisz,OMrUmOTPD_AnSivjxptxpA,5,1,4.9
2016-09-13,Iraq,IQ,YouTube search,Louis Weisz,OMrUmOTPD_AnSivjxptxpA,0,1,0.4
2016-09-13,Japan,JP,YouTube search,Louis Weisz,OMrUmOTPD_AnSivjxptxpA,4,1,4.0
2016-09-13,Peru,PE,YouTube search,Louis Weisz,OMrUmOTPD_AnSivjxptxpA,0,1,0.0
2016-09-13,Saudi Arabia,SA,Direct or unknown,Louis Weisz,OMrUmOTPD_AnSivjxptxpA,0,1,0.0
2016-09-13,United States,US,Direct or unknown,Louis Weisz,OMrUmOTPD_AnSivjxptxpA,0,1,0.1
2016-09-13,United States,US,Channel pages,Louis Weisz,OMrUmOTPD_AnSivjxptxpA,13,6,2.2
2016-09-13,United States,US,YouTube search,Louis Weisz,OMrUmOTPD_AnSivjxptxpA,7,3,2.4
2016-09-13,United States,US,External,Louis Weisz,OMrUmOTPD_AnSivjxptxpA,0,1,0.1
2016-09-13,United States,US,Video cards and annotations,Louis Weisz,OMrUmOTPD_AnSivjxptxpA,3,1,3.1
2016-09-14,Canada,CA,Browse features,Louis Weisz,OMrUmOTPD_AnSivjxptxpA,5,1,4.6
2016-09-14,Germany,DE,Direct or unknown,Louis Weisz,OMrUmOTPD_AnSivjxptxpA,7,2,3.6
2016-09-14,Germany,DE,YouTube search,Louis Weisz,OMrUmOTPD_AnSivjxptxpA,2,1,2.3
2016-09-14,United Kingdom,GB,Channel pages,Louis Weisz,OMrUmOTPD_AnSivjxptxpA,0,1,0.1
2016-09-14,United States,US,Direct or unknown,Louis Weisz,OMrUmOTPD_AnSivjxptxpA,1,1,1.1
2016-09-14,United States,US,Channel pages,Louis Weisz,OMrUmOTPD_AnSivjxptxpA,2,2,0.8
2016-09-14,United States,US,YouTube search,Louis Weisz,OMrUmOTPD_AnSivjxptxpA,9,5,1.8
2016-09-14,United States,US,Suggested videos,Louis Weisz,OMrUmOTPD_AnSivjxptxpA,4,2,2.0
2016-09-14,United States,US,External,Louis Weisz,OMrUmOTPD_AnSivjxptxpA,2,3,0.7
2016-09-15,Canada,CA,YouTube search,Louis Weisz,OMrUmOTPD_AnSivjxptxpA,4,1,4.5
2016-09-15,United Kingdom,GB,YouTube search,Louis Weisz,OMrUmOTPD_AnSivjxptxpA,1,2,0.3
2016-09-15,Italy,IT,External,Louis Weisz,OMrUmOTPD_AnSivjxptxpA,0,1,0.2
2016-09-15,Peru,PE,YouTube search,Louis Weisz,OMrUmOTPD_AnSivjxptxpA,1,1,0.8
2016-09-15,United States,US,Browse features,Louis Weisz,OMrUmOTPD_AnSivjxptxpA,11,3,3.6
2016-09-15,United States,US,Channel pages,Louis Weisz,OMrUmOTPD_AnSivjxptxpA,37,17,2.2
2016-09-15,United States,US,Suggested videos,Louis Weisz,OMrUmOTPD_AnSivjxptxpA,4,2,2.2
2016-09-15,United States,US,Other YouTube features,Louis Weisz,OMrUmOTPD_AnSivjxptxpA,13,7,1.8
2016-09-15,United States,US,External,Louis Weisz,OMrUmOTPD_AnSivjxptxpA,7,3,2.2
2016-09-15,United States,US,Notifications,Louis Weisz,OMrUmOTPD_AnSivjxptxpA,0,1,0.1
2016-09-16,Costa Rica,CR,YouTube search,Louis Weisz,OMrUmOTPD_AnSivjxptxpA,0,1,0.4
2016-09-16,Indonesia,ID,YouTube search,Louis Weisz,OMrUmOTPD_AnSivjxptxpA,4,2,2.1
2016-09-16,United States,US,Direct or unknown,Louis Weisz,OMrUmOTPD_AnSivjxptxpA,4,2,2.2
2016-09-16,United States,US,Browse features,Louis Weisz,OMrUmOTPD_AnSivjxptxpA,19,6,3.1
2016-09-16,United States,US,Channel pages,Louis Weisz,OMrUmOTPD_AnSivjxptxpA,5,3,1.8
2016-09-16,United States,US,YouTube search,Louis Weisz,OMrUmOTPD_AnSivjxptxpA,4,3,1.4
2016-09-16,United States,US,Suggested videos,Louis Weisz,OMrUmOTPD_AnSivjxptxpA,10,4,2.5
2016-09-16,United States,US,Other YouTube features,Louis Weisz,OMrUmOTPD_AnSivjxptxpA,9,4,2.2
2016-09-16,United States,US,External,Louis Weisz,OMrUmOTPD_AnSivjxptxpA,16,10,1.6
2016-09-16,United States,US,Notifications,Louis Weisz,OMrUmOTPD_AnSivjxptxpA,6,1,6.0
2016-09-17,Canada,CA,Suggested videos,Louis Weisz,OMrUmOTPD_AnSivjxptxpA,0,1,0.5
2016-09-17,Germany,DE,YouTube search,Louis Weisz,OMrUmOTPD_AnSivjxptxpA,1,1,0.7
2016-09-17,United Kingdom,GB,External,Louis Weisz,OMrUmOTPD_AnSivjxptxpA,1,1,0.7
2016-09-17,Hungary,HU,YouTube search,Louis Weisz,OMrUmOTPD_AnSivjxptxpA,1,1,0.6
2016-09-17,Indonesia,ID,YouTube search,Louis Weisz,OMrUmOTPD_AnSivjxptxpA,3,1,3.3
2016-09-17,Iceland,IS,Channel pages,Louis Weisz,OMrUmOTPD_AnSivjxptxpA,3,2,1.3
2016-09-17,Iceland,IS,YouTube search,Louis Weisz,OMrUmOTPD_AnSivjxptxpA,0,1,0.4
2016-09-17,Iceland,IS,Suggested videos,Louis Weisz,OMrUmOTPD_AnSivjxptxpA,1,2,0.5
2016-09-17,Iceland,IS,Notifications,Louis Weisz,OMrUmOTPD_AnSivjxptxpA,0,1,0.1
2016-09-17,Italy,IT,YouTube search,Louis Weisz,OMrUmOTPD_AnSivjxptxpA,2,1,1.7
2016-09-17,Mexico,MX,Video cards and annotations,Louis Weisz,OMrUmOTPD_AnSivjxptxpA,0,1,0.0
2016-09-17,Nicaragua,NI,YouTube search,Louis Weisz,OMrUmOTPD_AnSivjxptxpA,0,1,0.1
2016-09-17,Philippines,PH,Suggested videos,Louis Weisz,OMrUmOTPD_AnSivjxptxpA,4,1,3.6
2016-09-17,Slovenia,SI,Direct or unknown,Louis Weisz,OMrUmOTPD_AnSivjxptxpA,0,1,0.3
2016-09-17,United States,US,Browse features,Louis Weisz,OMrUmOTPD_AnSivjxptxpA,4,1,4.2
2016-09-17,United States,US,Channel pages,Louis Weisz,OMrUmOTPD_AnSivjxptxpA,6,6,1.0
2016-09-17,United States,US,YouTube search,Louis Weisz,OMrUmOTPD_AnSivjxptxpA,1,3,0.4
2016-09-17,United States,US,Suggested videos,Louis Weisz,OMrUmOTPD_AnSivjxptxpA,9,3,3.0
2016-09-17,United States,US,Other YouTube features,Louis Weisz,OMrUmOTPD_AnSivjxptxpA,7,6,1.1
2016-09-17,United States,US,External,Louis Weisz,OMrUmOTPD_AnSivjxptxpA,13,8,1.6
2016-09-17,United States,US,Playlist page,Louis Weisz,OMrUmOTPD_AnSivjxptxpA,8,2,4.1
2016-09-18,Austria,AT,YouTube search,Louis Weisz,OMrUmOTPD_AnSivjxptxpA,1,1,1.2
2016-09-18,Canada,CA,External,Louis Weisz,OMrUmOTPD_AnSivjxptxpA,3,2,1.6
2016-09-18,Switzerland,CH,Suggested videos,Louis Weisz,OMrUmOTPD_AnSivjxptxpA,1,2,0.7
2016-09-18,Germany,DE,YouTube search,Louis Weisz,OMrUmOTPD_AnSivjxptxpA,2,2,0.9
2016-09-18,Germany,DE,Suggested videos,Louis Weisz,OMrUmOTPD_AnSivjxptxpA,2,2,1.1
2016-09-18,Germany,DE,External,Louis Weisz,OMrUmOTPD_AnSivjxptxpA,1,1,1.4
2016-09-18,Guatemala,GT,YouTube search,Louis Weisz,OMrUmOTPD_AnSivjxptxpA,0,1,0.5
2016-09-18,Indonesia,ID,YouTube search,Louis Weisz,OMrUmOTPD_AnSivjxptxpA,2,1,1.6
2016-09-18,Italy,IT,YouTube search,Louis Weisz,OMrUmOTPD_AnSivjxptxpA,0,1,0.4
2016-09-18,Japan,JP,YouTube search,Louis Weisz,OMrUmOTPD_AnSivjxptxpA,1,1,0.5
2016-09-18,Sri Lanka,LK,YouTube search,Louis Weisz,OMrUmOTPD_AnSivjxptxpA,0,1,0.3
2016-09-18,El Salvador,SV,YouTube search,Louis Weisz,OMrUmOTPD_AnSivjxptxpA,0,1,0.5
2016-09-18,United States,US,Channel pages,Louis Weisz,OMrUmOTPD_AnSivjxptxpA,13,5,2.6
2016-09-18,United States,US,YouTube search,Louis Weisz,OMrUmOTPD_AnSivjxptxpA,45,8,5.7
2016-09-18,United States,US,Suggested videos,Louis Weisz,OMrUmOTPD_AnSivjxptxpA,10,7,1.5
2016-09-18,United States,US,Other YouTube features,Louis Weisz,OMrUmOTPD_AnSivjxptxpA,7,2,3.5
2016-09-18,United States,US,External,Louis Weisz,OMrUmOTPD_AnSivjxptxpA,2,3,0.5
2016-09-18,United States,US,Playlists,Louis Weisz,OMrUmOTPD_AnSivjxptxpA,1,1,1.2
2016-09-18,Unknown Region,ZZ,YouTube search,Louis Weisz,OMrUmOTPD_AnSivjxptxpA,1,1,0.8
2016-09-19,Belgium,BE,YouTube search,Louis Weisz,OMrUmOTPD_AnSivjxptxpA,4,1,4.5
2016-09-19,Canada,CA,YouTube search,Louis Weisz,OMrUmOTPD_AnSivjxptxpA,1,1,0.8
2016-09-19,Canada,CA,Suggested videos,Louis Weisz,OMrUmOTPD_AnSivjxptxpA,2,1,1.7
2016-09-19,France,FR,Suggested videos,Louis Weisz,OMrUmOTPD_AnSivjxptxpA,0,1,0.1
2016-09-19,Greece,GR,YouTube search,Louis Weisz,OMrUmOTPD_AnSivjxptxpA,0,1,0.2
2016-09-19,Romania,RO,YouTube search,Louis Weisz,OMrUmOTPD_AnSivjxptxpA,1,1,1.1
2016-09-19,Sweden,SE,YouTube search,Louis Weisz,OMrUmOTPD_AnSivjxptxpA,0,1,0.2
2016-09-19,United States,US,Direct or unknown,Louis Weisz,OMrUmOTPD_AnSivjxptxpA,0,1,0.3
2016-09-19,United States,US,Channel pages,Louis Weisz,OMrUmOTPD_AnSivjxptxpA,31,10,3.1
2016-09-19,United States,US,YouTube search,Louis Weisz,OMrUmOTPD_AnSivjxptxpA,8,3,2.7
2016-09-19,United States,US,Suggested videos,Louis Weisz,OMrUmOTPD_AnSivjxptxpA,4,2,1.8
2016-09-19,United States,US,Other YouTube features,Louis Weisz,OMrUmOTPD_AnSivjxptxpA,7,3,2.4
2016-09-19,United States,US,External,Louis Weisz,OMrUmOTPD_AnSivjxptxpA,4,3,1.5
2016-09-19,United States,US,Playlist page,Louis Weisz,OMrUmOTPD_AnSivjxptxpA,6,2,3.1
2016-09-20,Argentina,AR,YouTube search,Louis Weisz,OMrUmOTPD_AnSivjxptxpA,0,1,0.1
2016-09-20,Austria,AT,YouTube search,Louis Weisz,OMrUmOTPD_AnSivjxptxpA,1,1,1.2
2016-09-20,Australia,AU,External,Louis Weisz,OMrUmOTPD_AnSivjxptxpA,4,1,3.8
2016-09-20,Canada,CA,Browse features,Louis Weisz,OMrUmOTPD_AnSivjxptxpA,4,1,4.0
2016-09-20,Germany,DE,YouTube search,Louis Weisz,OMrUmOTPD_AnSivjxptxpA,1,1,0.5
2016-09-20,United Kingdom,GB,YouTube search,Louis Weisz,OMrUmOTPD_AnSivjxptxpA,5,2,2.6
2016-09-20,Italy,IT,YouTube search,Louis Weisz,OMrUmOTPD_AnSivjxptxpA,3,1,3.4
2016-09-20,Japan,JP,YouTube search,Louis Weisz,OMrUmOTPD_AnSivjxptxpA,0,1,0.2
2016-09-20,New Zealand,NZ,YouTube search,Louis Weisz,OMrUmOTPD_AnSivjxptxpA,1,1,0.9
2016-09-20,Romania,RO,YouTube search,Louis Weisz,OMrUmOTPD_AnSivjxptxpA,4,1,3.8
2016-09-20,United States,US,Browse features,Louis Weisz,OMrUmOTPD_AnSivjxptxpA,1,1,1.2
2016-09-20,United States,US,Channel pages,Louis Weisz,OMrUmOTPD_AnSivjxptxpA,15,22,0.7
2016-09-20,United States,US,YouTube search,Louis Weisz,OMrUmOTPD_AnSivjxptxpA,12,7,1.7
2016-09-20,United States,US,Suggested videos,Louis Weisz,OMrUmOTPD_AnSivjxptxpA,8,5,1.6
2016-09-20,United States,US,Other YouTube features,Louis Weisz,OMrUmOTPD_AnSivjxptxpA,4,5,0.7
2016-09-20,United States,US,External,Louis Weisz,OMrUmOTPD_AnSivjxptxpA,0,2,0.2
2016-09-20,United States,US,Playlists,Louis Weisz,OMrUmOTPD_AnSivjxptxpA,0,1,0.2
2016-09-21,Australia,AU,YouTube search,Louis Weisz,OMrUmOTPD_AnSivjxptxpA,0,1,0.1
2016-09-21,Australia,AU,Suggested videos,Louis Weisz,OMrUmOTPD_AnSivjxptxpA,0,1,0.1
2016-09-21,Belgium,BE,External,Louis Weisz,OMrUmOTPD_AnSivjxptxpA,0,1,0.1
2016-09-21,Canada,CA,Channel pages,Louis Weisz,OMrUmOTPD_AnSivjxptxpA,0,1,0.2
2016-09-21,Germany,DE,YouTube search,Louis Weisz,OMrUmOTPD_AnSivjxptxpA,1,1,0.9
2016-09-21,France,FR,YouTube search,Louis Weisz,OMrUmOTPD_AnSivjxptxpA,0,1,0.4
2016-09-21,United Kingdom,GB,Other YouTube features,Louis Weisz,OMrUmOTPD_AnSivjxptxpA,1,1,0.6
2016-09-21,United Kingdom,GB,External,Louis Weisz,OMrUmOTPD_AnSivjxptxpA,3,1,2.8
2016-09-21,Norway,NO,Suggested videos,Louis Weisz,OMrUmOTPD_AnSivjxptxpA,0,1,0.1
2016-09-21,Peru,PE,YouTube search,Louis Weisz,OMrUmOTPD_AnSivjxptxpA,0,1,0.2
2016-09-21,Russia,RU,Direct or unknown,Louis Weisz,OMrUmOTPD_AnSivjxptxpA,8,2,4.1
2016-09-21,Russia,RU,Browse features,Louis Weisz,OMrUmOTPD_AnSivjxptxpA,0,1,0.1
2016-09-21,Russia,RU,Suggested videos,Louis Weisz,OMrUmOTPD_AnSivjxptxpA,4,2,2.2
2016-09-21,United States,US,Browse features,Louis Weisz,OMrUmOTPD_AnSivjxptxpA,2,1,1.7
2016-09-21,United States,US,Channel pages,Louis Weisz,OMrUmOTPD_AnSivjxptxpA,21,10,2.1
2016-09-21,United States,US,YouTube search,Louis Weisz,OMrUmOTPD_AnSivjxptxpA,9,6,1.5
2016-09-21,United States,US,Suggested videos,Louis Weisz,OMrUmOTPD_AnSivjxptxpA,0,1,0.3
2016-09-21,United States,US,Other YouTube features,Louis Weisz,OMrUmOTPD_AnSivjxptxpA,8,5,1.6
2016-09-21,United States,US,External,Louis Weisz,OMrUmOTPD_AnSivjxptxpA,1,1,1.0
2016-09-21,United States,US,Playlist page,Louis Weisz,OMrUmOTPD_AnSivjxptxpA,3,1,3.0
2016-09-22,Argentina,AR,YouTube search,Louis Weisz,OMrUmOTPD_AnSivjxptxpA,1,1,0.6
2016-09-22,Austria,AT,YouTube search,Louis Weisz,OMrUmOTPD_AnSivjxptxpA,1,1,0.8
2016-09-22,Australia,AU,YouTube search,Louis Weisz,OMrUmOTPD_AnSivjxptxpA,2,2,1.0
2016-09-22,Brazil,BR,YouTube search,Louis Weisz,OMrUmOTPD_AnSivjxptxpA,1,1,0.9
2016-09-22,Canada,CA,Channel pages,Louis Weisz,OMrUmOTPD_AnSivjxptxpA,0,2,0.2
2016-09-22,Canada,CA,Suggested videos,Louis Weisz,OMrUmOTPD_AnSivjxptxpA,0,1,0.0
2016-09-22,Canada,CA,External,Louis Weisz,OMrUmOTPD_AnSivjxptxpA,1,1,1.0
2016-09-22,Germany,DE,Suggested videos,Louis Weisz,OMrUmOTPD_AnSivjxptxpA,1,1,1.4
2016-09-22,Denmark,DK,External,Louis Weisz,OMrUmOTPD_AnSivjxptxpA,0,1,0.0
2016-09-22,Hungary,HU,Suggested videos,Louis Weisz,OMrUmOTPD_AnSivjxptxpA,1,1,0.8
2016-09-22,Italy,IT,YouTube search,Louis Weisz,OMrUmOTPD_AnSivjxptxpA,0,1,0.0
2016-09-22,Kuwait,KW,Channel pages,Louis Weisz,OMrUmOTPD_AnSivjxptxpA,2,1,1.5
2016-09-22,Kuwait,KW,Suggested videos,Louis Weisz,OMrUmOTPD_AnSivjxptxpA,1,1,1.0
2016-09-22,Netherlands,NL,Browse features,Louis Weisz,OMrUmOTPD_AnSivjxptxpA,5,1,4.7
2016-09-22,Norway,NO,YouTube search,Louis Weisz,OMrUmOTPD_AnSivjxptxpA,0,1,0.1
2016-09-22,Sweden,SE,YouTube search,Louis Weisz,OMrUmOTPD_AnSivjxptxpA,0,2,0.1
2016-09-22,Sweden,SE,Suggested videos,Louis Weisz,OMrUmOTPD_AnSivjxptxpA,2,1,1.8
2016-09-22,United States,US,Direct or unknown,Louis Weisz,OMrUmOTPD_AnSivjxptxpA,5,3,1.6
2016-09-22,United States,US,Browse features,Louis Weisz,OMrUmOTPD_AnSivjxptxpA,10,6,1.7
2016-09-22,United States,US,Channel pages,Louis Weisz,OMrUmOTPD_AnSivjxptxpA,13,5,2.6
2016-09-22,United States,US,YouTube search,Louis Weisz,OMrUmOTPD_AnSivjxptxpA,5,2,2.7
2016-09-22,United States,US,Suggested videos,Louis Weisz,OMrUmOTPD_AnSivjxptxpA,6,4,1.4
2016-09-22,United States,US,External,Louis Weisz,OMrUmOTPD_AnSivjxptxpA,6,3,2.1
2016-09-22,United States,US,Video cards and annotations,Louis Weisz,OMrUmOTPD_AnSivjxptxpA,5,1,5.0
2016-09-22,United States,US,Playlists,Louis Weisz,OMrUmOTPD_AnSivjxptxpA,3,1,3.3
2016-09-22,United States,US,Notifications,Louis Weisz,OMrUmOTPD_AnSivjxptxpA,0,2,0.1
2016-09-23,Australia,AU,Suggested videos,Louis Weisz,OMrUmOTPD_AnSivjxptxpA,0,1,0.1
2016-09-23,Brazil,BR,YouTube search,Louis Weisz,OMrUmOTPD_AnSivjxptxpA,1,1,0.6
2016-09-23,Canada,CA,YouTube search,Louis Weisz,OMrUmOTPD_AnSivjxptxpA,0,1,0.4
2016-09-23,Germany,DE,YouTube search,Louis Weisz,OMrUmOTPD_AnSivjxptxpA,0,1,0.2
2016-09-23,Finland,FI,Suggested videos,Louis Weisz,OMrUmOTPD_AnSivjxptxpA,1,1,1.2
2016-09-23,United Kingdom,GB,YouTube search,Louis Weisz,OMrUmOTPD_AnSivjxptxpA,1,1,0.7
2016-09-23,Iceland,IS,Browse features,Louis Weisz,OMrUmOTPD_AnSivjxptxpA,1,1,1.4
2016-09-23,Iceland,IS,Channel pages,Louis Weisz,OMrUmOTPD_AnSivjxptxpA,1,1,0.5
2016-09-23,Netherlands,NL,Suggested videos,Louis Weisz,OMrUmOTPD_AnSivjxptxpA,0,1,0.1
2016-09-23,Norway,NO,YouTube search,Louis Weisz,OMrUmOTPD_AnSivjxptxpA,0,2,0.2
2016-09-23,Sweden,SE,Direct or unknown,Louis Weisz,OMrUmOTPD_AnSivjxptxpA,0,1,0.0
2016-09-23,Sweden,SE,Suggested videos,Louis Weisz,OMrUmOTPD_AnSivjxptxpA,1,2,0.4
2016-09-23,United States,US,Browse features,Louis Weisz,OMrUmOTPD_AnSivjxptxpA,8,2,4.2
2016-09-23,United States,US,Channel pages,Louis Weisz,OMrUmOTPD_AnSivjxptxpA,2,2,0.9
2016-09-23,United States,US,YouTube search,Louis Weisz,OMrUmOTPD_AnSivjxptxpA,0,2,0.1
2016-09-23,United States,US,Suggested videos,Louis Weisz,OMrUmOTPD_AnSivjxptxpA,5,1,4.9
2016-09-23,United States,US,External,Louis Weisz,OMrUmOTPD_AnSivjxptxpA,3,1,3.3
2016-09-23,United States,US,Playlists,Louis Weisz,OMrUmOTPD_AnSivjxptxpA,4,1,4.5
2016-09-23,Unknown Region,ZZ,YouTube search,Louis Weisz,OMrUmOTPD_AnSivjxptxpA,1,1,0.8
2016-09-24,Argentina,AR,YouTube search,Louis Weisz,OMrUmOTPD_AnSivjxptxpA,0,1,0.1
2016-09-24,Australia,AU,YouTube search,Louis Weisz,OMrUmOTPD_AnSivjxptxpA,1,1,0.9
2016-09-24,Belgium,BE,Suggested videos,Louis Weisz,OMrUmOTPD_AnSivjxptxpA,0,1,0.1
2016-09-24,Brazil,BR,YouTube search,Louis Weisz,OMrUmOTPD_AnSivjxptxpA,0,1,0.1
2016-09-24,Canada,CA,YouTube search,Louis Weisz,OMrUmOTPD_AnSivjxptxpA,3,1,3.3
2016-09-24,Spain,ES,YouTube search,Louis Weisz,OMrUmOTPD_AnSivjxptxpA,0,1,0.2
2016-09-24,United Kingdom,GB,YouTube search,Louis Weisz,OMrUmOTPD_AnSivjxptxpA,0,1,0.1
2016-09-24,United Kingdom,GB,External,Louis Weisz,OMrUmOTPD_AnSivjxptxpA,0,1,0.1
2016-09-24,Indonesia,ID,Suggested videos,Louis Weisz,OMrUmOTPD_AnSivjxptxpA,1,1,1.4
2016-09-24,United States,US,Browse features,Louis Weisz,OMrUmOTPD_AnSivjxptxpA,10,5,1.9
2016-09-24,United States,US,Channel pages,Louis Weisz,OMrUmOTPD_AnSivjxptxpA,0,1,0.4
2016-09-24,United States,US,YouTube search,Louis Weisz,OMrUmOTPD_AnSivjxptxpA,5,5,1.0
2016-09-24,United States,US,Suggested videos,Louis Weisz,OMrUmOTPD_AnSivjxptxpA,3,3,1.1
2016-09-24,United States,US,External,Louis Weisz,OMrUmOTPD_AnSivjxptxpA,5,2,2.7
2016-09-24,United States,US,Video cards and annotations,Louis Weisz,OMrUmOTPD_AnSivjxptxpA,4,2,2.1
2016-09-24,Vietnam,VN,Suggested videos,Louis Weisz,OMrUmOTPD_AnSivjxptxpA,0,1,0.2
2016-09-24,South Africa,ZA,Suggested videos,Louis Weisz,OMrUmOTPD_AnSivjxptxpA,1,1,1.1
2016-09-25,Austria,AT,YouTube search,Louis Weisz,OMrUmOTPD_AnSivjxptxpA,0,1,0.5
2016-09-25,Canada,CA,Suggested videos,Louis Weisz,OMrUmOTPD_AnSivjxptxpA,2,1,1.7
2016-09-25,Canada,CA,Video cards and annotations,Louis Weisz,OMrUmOTPD_AnSivjxptxpA,0,1,0.5
2016-09-25,Germany,DE,Direct or unknown,Louis Weisz,OMrUmOTPD_AnSivjxptxpA,4,1,4.5
2016-09-25,Germany,DE,Channel pages,Louis Weisz,OMrUmOTPD_AnSivjxptxpA,2,1,2.4
2016-09-25,Spain,ES,YouTube search,Louis Weisz,OMrUmOTPD_AnSivjxptxpA,2,1,1.8
2016-09-25,Spain,ES,Video cards and annotations,Louis Weisz,OMrUmOTPD_AnSivjxptxpA,1,1,1.2
2016-09-25,Indonesia,ID,Suggested videos,Louis Weisz,OMrUmOTPD_AnSivjxptxpA,0,1,0.1
2016-09-25,India,IN,YouTube search,Louis Weisz,OMrUmOTPD_AnSivjxptxpA,0,1,0.4
2016-09-25,Japan,JP,YouTube search,Louis Weisz,OMrUmOTPD_AnSivjxptxpA,2,1,1.8
2016-09-25,Netherlands,NL,YouTube search,Louis Weisz,OMrUmOTPD_AnSivjxptxpA,3,1,2.6
2016-09-25,United States,US,Channel pages,Louis Weisz,OMrUmOTPD_AnSivjxptxpA,17,8,2.1
2016-09-25,United States,US,YouTube search,Louis Weisz,OMrUmOTPD_AnSivjxptxpA,12,4,3.1
2016-09-25,United States,US,Suggested videos,Louis Weisz,OMrUmOTPD_AnSivjxptxpA,9,3,3.0
2016-09-25,United States,US,External,Louis Weisz,OMrUmOTPD_AnSivjxptxpA,0,1,0.0
2016-09-25,United States,US,Playlists,Louis Weisz,OMrUmOTPD_AnSivjxptxpA,4,1,3.9
2016-09-26,United Arab Emirates,AE,YouTube search,Louis Weisz,OMrUmOTPD_AnSivjxptxpA,0,1,0.2
2016-09-26,Canada,CA,Browse features,Louis Weisz,OMrUmOTPD_AnSivjxptxpA,4,1,4.3
2016-09-26,Germany,DE,Direct or unknown,Louis Weisz,OMrUmOTPD_AnSivjxptxpA,4,1,4.4
2016-09-26,Germany,DE,Channel pages,Louis Weisz,OMrUmOTPD_AnSivjxptxpA,3,1,3.4
2016-09-26,Germany,DE,YouTube search,Louis Weisz,OMrUmOTPD_AnSivjxptxpA,3,1,3.3
2016-09-26,France,FR,External,Louis Weisz,OMrUmOTPD_AnSivjxptxpA,0,1,0.0
2016-09-26,United Kingdom,GB,Suggested videos,Louis Weisz,OMrUmOTPD_AnSivjxptxpA,1,2,0.3
2016-09-26,Indonesia,ID,YouTube search,Louis Weisz,OMrUmOTPD_AnSivjxptxpA,3,2,1.4
2016-09-26,Indonesia,ID,Suggested videos,Louis Weisz,OMrUmOTPD_AnSivjxptxpA,1,1,0.6
2016-09-26,Italy,IT,YouTube search,Louis Weisz,OMrUmOTPD_AnSivjxptxpA,0,1,0.1
2016-09-26,South Korea,KR,Suggested videos,Louis Weisz,OMrUmOTPD_AnSivjxptxpA,0,1,0.3
2016-09-26,Netherlands,NL,YouTube search,Louis Weisz,OMrUmOTPD_AnSivjxptxpA,0,1,0.4
2016-09-26,New Zealand,NZ,Channel pages,Louis Weisz,OMrUmOTPD_AnSivjxptxpA,12,3,3.9
2016-09-26,United States,US,Channel pages,Louis Weisz,OMrUmOTPD_AnSivjxptxpA,7,6,1.1
2016-09-26,United States,US,YouTube search,Louis Weisz,OMrUmOTPD_AnSivjxptxpA,6,2,3.0
2016-09-26,United States,US,Suggested videos,Louis Weisz,OMrUmOTPD_AnSivjxptxpA,4,1,3.7
2016-09-26,United States,US,External,Louis Weisz,OMrUmOTPD_AnSivjxptxpA,1,1,1.5
2016-09-26,United States,US,Video cards and annotations,Louis Weisz,OMrUmOTPD_AnSivjxptxpA,0,1,0.1
2016-09-26,United States,US,Notifications,Louis Weisz,OMrUmOTPD_AnSivjxptxpA,4,1,4.4
2016-09-26,United States,US,Playlist page,Louis Weisz,OMrUmOTPD_AnSivjxptxpA,2,1,1.6
2016-09-26,Vietnam,VN,YouTube search,Louis Weisz,OMrUmOTPD_AnSivjxptxpA,5,2,2.7
2016-09-26,Vietnam,VN,Suggested videos,Louis Weisz,OMrUmOTPD_AnSivjxptxpA,0,1,0.1
2016-09-27,Australia,AU,Browse features,Louis Weisz,OMrUmOTPD_AnSivjxptxpA,8,1,8.2
2016-09-27,Canada,CA,Suggested videos,Louis Weisz,OMrUmOTPD_AnSivjxptxpA,16,7,2.3
2016-09-27,Egypt,EG,Suggested videos,Louis Weisz,OMrUmOTPD_AnSivjxptxpA,2,1,2.5
2016-09-27,United Kingdom,GB,Direct or unknown,Louis Weisz,OMrUmOTPD_AnSivjxptxpA,1,1,0.8
2016-09-27,United Kingdom,GB,Browse features,Louis Weisz,OMrUmOTPD_AnSivjxptxpA,4,2,2.0
2016-09-27,United Kingdom,GB,Suggested videos,Louis Weisz,OMrUmOTPD_AnSivjxptxpA,1,1,0.6
2016-09-27,Hungary,HU,Suggested videos,Louis Weisz,OMrUmOTPD_AnSivjxptxpA,0,1,0.1
2016-09-27,Israel,IL,YouTube search,Louis Weisz,OMrUmOTPD_AnSivjxptxpA,1,1,0.7
2016-09-27,Italy,IT,Direct or unknown,Louis Weisz,OMrUmOTPD_AnSivjxptxpA,2,1,2.2
2016-09-27,Japan,JP,Suggested videos,Louis Weisz,OMrUmOTPD_AnSivjxptxpA,0,1,0.3
2016-09-27,South Korea,KR,YouTube search,Louis Weisz,OMrUmOTPD_AnSivjxptxpA,0,1,0.2
2016-09-27,New Zealand,NZ,Channel pages,Louis Weisz,OMrUmOTPD_AnSivjxptxpA,3,2,1.6
2016-09-27,New Zealand,NZ,YouTube search,Louis Weisz,OMrUmOTPD_AnSivjxptxpA,3,1,3.2
2016-09-27,New Zealand,NZ,Suggested videos,Louis Weisz,OMrUmOTPD_AnSivjxptxpA,1,1,1.1
2016-09-27,Romania,RO,Suggested videos,Louis Weisz,OMrUmOTPD_AnSivjxptxpA,4,2,2.2
2016-09-27,Suriname,SR,YouTube search,Louis Weisz,OMrUmOTPD_AnSivjxptxpA,1,1,0.7
2016-09-27,Ukraine,UA,Suggested videos,Louis Weisz,OMrUmOTPD_AnSivjxptxpA,3,6,0.5
2016-09-27,United States,US,Direct or unknown,Louis Weisz,OMrUmOTPD_AnSivjxptxpA,1,1,0.7
2016-09-27,United States,US,Browse features,Louis Weisz,OMrUmOTPD_AnSivjxptxpA,2,1,1.6
2016-09-27,United States,US,Channel pages,Louis Weisz,OMrUmOTPD_AnSivjxptxpA,4,3,1.3
2016-09-27,United States,US,YouTube search,Louis Weisz,OMrUmOTPD_AnSivjxptxpA,27,9,3.0
2016-09-27,United States,US,Suggested videos,Louis Weisz,OMrUmOTPD_AnSivjxptxpA,12,5,2.3
2016-09-27,United States,US,Other YouTube features,Louis Weisz,OMrUmOTPD_AnSivjxptxpA,1,1,0.8
2016-09-27,United States,US,Video cards and annotations,Louis Weisz,OMrUmOTPD_AnSivjxptxpA,6,1,6.2
2016-09-27,United States,US,Notifications,Louis Weisz,OMrUmOTPD_AnSivjxptxpA,4,1,4.4
2016-09-27,Vietnam,VN,Browse features,Louis Weisz,OMrUmOTPD_AnSivjxptxpA,3,1,3.4
2016-09-28,United Arab Emirates,AE,YouTube search,Louis Weisz,OMrUmOTPD_AnSivjxptxpA,1,1,1.1
2016-09-28,Austria,AT,YouTube search,Louis Weisz,OMrUmOTPD_AnSivjxptxpA,1,1,1.1
2016-09-28,Canada,CA,YouTube search,Louis Weisz,OMrUmOTPD_AnSivjxptxpA,4,1,3.8
2016-09-28,Canada,CA,Suggested videos,Louis Weisz,OMrUmOTPD_AnSivjxptxpA,4,1,3.8
2016-09-28,Canada,CA,Video cards and annotations,Louis Weisz,OMrUmOTPD_AnSivjxptxpA,0,2,0.2
2016-09-28,Canada,CA,Playlists,Louis Weisz,OMrUmOTPD_AnSivjxptxpA,1,1,0.7
2016-09-28,Germany,DE,Direct or unknown,Louis Weisz,OMrUmOTPD_AnSivjxptxpA,4,1,4.4
2016-09-28,Germany,DE,YouTube search,Louis Weisz,OMrUmOTPD_AnSivjxptxpA,4,1,3.5
2016-09-28,United Kingdom,GB,YouTube search,Louis Weisz,OMrUmOTPD_AnSivjxptxpA,2,2,0.9
2016-09-28,Iceland,IS,Suggested videos,Louis Weisz,OMrUmOTPD_AnSivjxptxpA,4,1,4.4
2016-09-28,Italy,IT,YouTube search,Louis Weisz,OMrUmOTPD_AnSivjxptxpA,0,1,0.3
2016-09-28,Malaysia,MY,Suggested videos,Louis Weisz,OMrUmOTPD_AnSivjxptxpA,1,1,0.5
2016-09-28,Netherlands,NL,YouTube search,Louis Weisz,OMrUmOTPD_AnSivjxptxpA,0,2,0.2
2016-09-28,Netherlands,NL,Suggested videos,Louis Weisz,OMrUmOTPD_AnSivjxptxpA,0,1,0.1
2016-09-28,Peru,PE,YouTube search,Louis Weisz,OMrUmOTPD_AnSivjxptxpA,0,1,0.2
2016-09-28,Romania,RO,YouTube search,Louis Weisz,OMrUmOTPD_AnSivjxptxpA,0,1,0.0
2016-09-28,Ukraine,UA,Suggested videos,Louis Weisz,OMrUmOTPD_AnSivjxptxpA,4,1,3.9
2016-09-28,United States,US,Browse features,Louis Weisz,OMrUmOTPD_AnSivjxptxpA,5,1,4.9
2016-09-28,United States,US,Channel pages,Louis Weisz,OMrUmOTPD_AnSivjxptxpA,10,10,1.0
2016-09-28,United States,US,YouTube search,Louis Weisz,OMrUmOTPD_AnSivjxptxpA,9,5,1.8
2016-09-28,United States,US,Suggested videos,Louis Weisz,OMrUmOTPD_AnSivjxptxpA,7,5,1.5
2016-09-28,United States,US,Other YouTube features,Louis Weisz,OMrUmOTPD_AnSivjxptxpA,6,2,3.1
2016-09-28,United States,US,External,Louis Weisz,OMrUmOTPD_AnSivjxptxpA,8,1,7.7
2016-09-28,United States,US,Playlists,Louis Weisz,OMrUmOTPD_AnSivjxptxpA,1,3,0.3
2016-09-28,United States,US,Playlist page,Louis Weisz,OMrUmOTPD_AnSivjxptxpA,5,1,4.6
2016-09-29,Austria,AT,YouTube search,Louis Weisz,OMrUmOTPD_AnSivjxptxpA,0,1,0.4
2016-09-29,Belgium,BE,Suggested videos,Louis Weisz,OMrUmOTPD_AnSivjxptxpA,0,1,0.3
2016-09-29,Brazil,BR,YouTube search,Louis Weisz,OMrUmOTPD_AnSivjxptxpA,0,1,0.5
2016-09-29,Canada,CA,YouTube search,Louis Weisz,OMrUmOTPD_AnSivjxptxpA,0,1,0.0
2016-09-29,Germany,DE,Suggested videos,Louis Weisz,OMrUmOTPD_AnSivjxptxpA,1,1,1.2
2016-09-29,Finland,FI,Suggested videos,Louis Weisz,OMrUmOTPD_AnSivjxptxpA,0,1,0.1
2016-09-29,France,FR,External,Louis Weisz,OMrUmOTPD_AnSivjxptxpA,0,1,0.1
2016-09-29,Hong Kong,HK,YouTube search,Louis Weisz,OMrUmOTPD_AnSivjxptxpA,1,1,0.8
2016-09-29,Mexico,MX,YouTube search,Louis Weisz,OMrUmOTPD_AnSivjxptxpA,0,1,0.4
2016-09-29,Saudi Arabia,SA,YouTube search,Louis Weisz,OMrUmOTPD_AnSivjxptxpA,1,1,0.8
2016-09-29,Thailand,TH,YouTube search,Louis Weisz,OMrUmOTPD_AnSivjxptxpA,0,1,0.0
2016-09-29,Thailand,TH,Suggested videos,Louis Weisz,OMrUmOTPD_AnSivjxptxpA,1,1,1.3
2016-09-29,United States,US,Browse features,Louis Weisz,OMrUmOTPD_AnSivjxptxpA,12,3,3.9
2016-09-29,United States,US,Channel pages,Louis Weisz,OMrUmOTPD_AnSivjxptxpA,36,18,2.0
2016-09-29,United States,US,YouTube search,Louis Weisz,OMrUmOTPD_AnSivjxptxpA,1,1,1.5
2016-09-29,United States,US,Suggested videos,Louis Weisz,OMrUmOTPD_AnSivjxptxpA,1,5,0.2
2016-09-29,United States,US,Other YouTube features,Louis Weisz,OMrUmOTPD_AnSivjxptxpA,2,1,2.3
2016-09-29,United States,US,External,Louis Weisz,OMrUmOTPD_AnSivjxptxpA,16,7,2.3
2016-09-29,United States,US,Notifications,Louis Weisz,OMrUmOTPD_AnSivjxptxpA,6,2,3.1
2016-09-30,Brunei,BN,Suggested videos,Louis Weisz,OMrUmOTPD_AnSivjxptxpA,0,1,0.1
2016-09-30,Canada,CA,Browse features,Louis Weisz,OMrUmOTPD_AnSivjxptxpA,0,2,0.2
2016-09-30,Canada,CA,YouTube search,Louis Weisz,OMrUmOTPD_AnSivjxptxpA,4,3,1.3
2016-09-30,Canada,CA,Suggested videos,Louis Weisz,OMrUmOTPD_AnSivjxptxpA,1,2,0.7
2016-09-30,Canada,CA,Video cards and annotations,Louis Weisz,OMrUmOTPD_AnSivjxptxpA,4,3,1.3
2016-09-30,Canada,CA,Playlists,Louis Weisz,OMrUmOTPD_AnSivjxptxpA,12,12,1.0
2016-09-30,Germany,DE,Direct or unknown,Louis Weisz,OMrUmOTPD_AnSivjxptxpA,4,1,4.5
2016-09-30,Germany,DE,YouTube search,Louis Weisz,OMrUmOTPD_AnSivjxptxpA,3,2,1.7
2016-09-30,Denmark,DK,Suggested videos,Louis Weisz,OMrUmOTPD_AnSivjxptxpA,0,1,0.1
2016-09-30,United Kingdom,GB,Suggested videos,Louis Weisz,OMrUmOTPD_AnSivjxptxpA,3,2,1.4
2016-09-30,Greece,GR,YouTube search,Louis Weisz,OMrUmOTPD_AnSivjxptxpA,4,1,4.4
2016-09-30,Hong Kong,HK,YouTube search,Louis Weisz,OMrUmOTPD_AnSivjxptxpA,1,1,0.9
2016-09-30,South Korea,KR,YouTube search,Louis Weisz,OMrUmOTPD_AnSivjxptxpA,1,1,0.7
2016-09-30,Philippines,PH,Other YouTube features,Louis Weisz,OMrUmOTPD_AnSivjxptxpA,0,1,0.1
2016-09-30,Sweden,SE,YouTube search,Louis Weisz,OMrUmOTPD_AnSivjxptxpA,0,1,0.3
2016-09-30,United States,US,Browse features,Louis Weisz,OMrUmOTPD_AnSivjxptxpA,10,4,2.4
2016-09-30,United States,US,Channel pages,Louis Weisz,OMrUmOTPD_AnSivjxptxpA,17,11,1.6
2016-09-30,United States,US,YouTube search,Louis Weisz,OMrUmOTPD_AnSivjxptxpA,4,1,3.8
2016-09-30,United States,US,Suggested videos,Louis Weisz,OMrUmOTPD_AnSivjxptxpA,0,1,0.5
2016-09-30,United States,US,External,Louis Weisz,OMrUmOTPD_AnSivjxptxpA,0,2,0.2
2016-09-30,United States,US,Playlists,Louis Weisz,OMrUmOTPD_AnSivjxptxpA,0,1,0.3
2016-09-30,United States,US,Playlist page,Louis Weisz,OMrUmOTPD_AnSivjxptxpA,2,1,1.8
2016-10-01,Brazil,BR,YouTube search,Louis Weisz,OMrUmOTPD_AnSivjxptxpA,0,1,0.1
2016-10-01,Canada,CA,Channel pages,Louis Weisz,OMrUmOTPD_AnSivjxptxpA,1,1,0.7
2016-10-01,Canada,CA,YouTube search,Louis Weisz,OMrUmOTPD_AnSivjxptxpA,5,2,2.6
2016-10-01,Germany,DE,Suggested videos,Louis Weisz,OMrUmOTPD_AnSivjxptxpA,0,1,0.5
2016-10-01,Indonesia,ID,YouTube search,Louis Weisz,OMrUmOTPD_AnSivjxptxpA,1,1,0.7
2016-10-01,Italy,IT,YouTube search,Louis Weisz,OMrUmOTPD_AnSivjxptxpA,0,1,0.2
2016-10-01,Netherlands,NL,YouTube search,Louis Weisz,OMrUmOTPD_AnSivjxptxpA,0,2,0.2
2016-10-01,Sweden,SE,YouTube search,Louis Weisz,OMrUmOTPD_AnSivjxptxpA,0,1,0.3
2016-10-01,Slovenia,SI,Suggested videos,Louis Weisz,OMrUmOTPD_AnSivjxptxpA,1,1,1.0
2016-10-01,United States,US,Browse features,Louis Weisz,OMrUmOTPD_AnSivjxptxpA,0,1,0.0
2016-10-01,United States,US,Channel pages,Louis Weisz,OMrUmOTPD_AnSivjxptxpA,3,7,0.4
2016-10-01,United States,US,YouTube search,Louis Weisz,OMrUmOTPD_AnSivjxptxpA,10,5,2.1
2016-10-01,United States,US,Suggested videos,Louis Weisz,OMrUmOTPD_AnSivjxptxpA,4,6,0.7
2016-10-01,United States,US,Other YouTube features,Louis Weisz,OMrUmOTPD_AnSivjxptxpA,0,1,0.0
2016-10-01,Unknown Region,ZZ,Channel pages,Louis Weisz,OMrUmOTPD_AnSivjxptxpA,2,3,0.8
2016-10-02,Austria,AT,YouTube search,Louis Weisz,OMrUmOTPD_AnSivjxptxpA,0,1,0.0
2016-10-02,Canada,CA,Channel pages,Louis Weisz,OMrUmOTPD_AnSivjxptxpA,1,1,1.0
2016-10-02,Canada,CA,YouTube search,Louis Weisz,OMrUmOTPD_AnSivjxptxpA,0,1,0.1
2016-10-02,Spain,ES,YouTube search,Louis Weisz,OMrUmOTPD_AnSivjxptxpA,0,1,0.1
2016-10-02,United Kingdom,GB,Suggested videos,Louis Weisz,OMrUmOTPD_AnSivjxptxpA,0,1,0.1
2016-10-02,Mexico,MX,Suggested videos,Louis Weisz,OMrUmOTPD_AnSivjxptxpA,0,1,0.4
2016-10-02,Peru,PE,YouTube search,Louis Weisz,OMrUmOTPD_AnSivjxptxpA,0,1,0.2
2016-10-02,Pakistan,PK,YouTube search,Louis Weisz,OMrUmOTPD_AnSivjxptxpA,0,1,0.2
2016-10-02,Poland,PL,YouTube search,Louis Weisz,OMrUmOTPD_AnSivjxptxpA,0,1,0.1
2016-10-02,Portugal,PT,Suggested videos,Louis Weisz,OMrUmOTPD_AnSivjxptxpA,1,1,0.7
2016-10-02,United States,US,Browse features,Louis Weisz,OMrUmOTPD_AnSivjxptxpA,3,5,0.6
2016-10-02,United States,US,Channel pages,Louis Weisz,OMrUmOTPD_AnSivjxptxpA,6,8,0.7
2016-10-02,United States,US,YouTube search,Louis Weisz,OMrUmOTPD_AnSivjxptxpA,6,4,1.5
2016-10-02,United States,US,Suggested videos,Louis Weisz,OMrUmOTPD_AnSivjxptxpA,8,8,0.9
2016-10-02,United States,US,Other YouTube features,Louis Weisz,OMrUmOTPD_AnSivjxptxpA,0,3,0.0
2016-10-02,United States,US,External,Louis Weisz,OMrUmOTPD_AnSivjxptxpA,11,2,5.6
2016-10-02,United States,US,Notifications,Louis Weisz,OMrUmOTPD_AnSivjxptxpA,1,5,0.1
2016-10-02,United States,US,Playlist page,Louis Weisz,OMrUmOTPD_AnSivjxptxpA,4,1,3.5
2016-10-02,Unknown Region,ZZ,Direct or unknown,Louis Weisz,OMrUmOTPD_AnSivjxptxpA,0,1,0.1
2016-10-03,United Arab Emirates,AE,YouTube search,Louis Weisz,OMrUmOTPD_AnSivjxptxpA,0,1,0.4
2016-10-03,Australia,AU,Browse features,Louis Weisz,OMrUmOTPD_AnSivjxptxpA,4,1,4.5
2016-10-03,Canada,CA,YouTube search,Louis Weisz,OMrUmOTPD_AnSivjxptxpA,0,1,0.1
2016-10-03,Algeria,DZ,Video cards and annotations,Louis Weisz,OMrUmOTPD_AnSivjxptxpA,0,1,0.1
2016-10-03,United Kingdom,GB,External,Louis Weisz,OMrUmOTPD_AnSivjxptxpA,0,2,0.1
2016-10-03,United Kingdom,GB,Notifications,Louis Weisz,OMrUmOTPD_AnSivjxptxpA,2,1,1.7
2016-10-03,Sri Lanka,LK,YouTube search,Louis Weisz,OMrUmOTPD_AnSivjxptxpA,1,1,0.9
2016-10-03,Malaysia,MY,YouTube search,Louis Weisz,OMrUmOTPD_AnSivjxptxpA,1,2,0.4
2016-10-03,Netherlands,NL,Suggested videos,Louis Weisz,OMrUmOTPD_AnSivjxptxpA,1,4,0.3
2016-10-03,Poland,PL,Suggested videos,Louis Weisz,OMrUmOTPD_AnSivjxptxpA,3,1,3.0
2016-10-03,Singapore,SG,YouTube search,Louis Weisz,OMrUmOTPD_AnSivjxptxpA,0,1,0.2
2016-10-03,United States,US,Browse features,Louis Weisz,OMrUmOTPD_AnSivjxptxpA,0,4,0.1
2016-10-03,United States,US,Channel pages,Louis Weisz,OMrUmOTPD_AnSivjxptxpA,0,3,0.0
2016-10-03,United States,US,YouTube search,Louis Weisz,OMrUmOTPD_AnSivjxptxpA,14,5,2.8
2016-10-03,United States,US,Suggested videos,Louis Weisz,OMrUmOTPD_AnSivjxptxpA,0,2,0.2
2016-10-03,United States,US,Other YouTube features,Louis Weisz,OMrUmOTPD_AnSivjxptxpA,13,4,3.2
2016-10-03,United States,US,External,Louis Weisz,OMrUmOTPD_AnSivjxptxpA,13,4,3.3
2016-10-03,United States,US,Notifications,Louis Weisz,OMrUmOTPD_AnSivjxptxpA,6,1,6.3
2016-10-03,Vietnam,VN,YouTube search,Louis Weisz,OMrUmOTPD_AnSivjxptxpA,0,1,0.1
2016-10-04,Argentina,AR,YouTube search,Louis Weisz,OMrUmOTPD_AnSivjxptxpA,1,1,0.8
2016-10-04,Brazil,BR,YouTube search,Louis Weisz,OMrUmOTPD_AnSivjxptxpA,3,1,3.4
2016-10-04,Brazil,BR,External,Louis Weisz,OMrUmOTPD_AnSivjxptxpA,0,1,0.1
2016-10-04,Canada,CA,Channel pages,Louis Weisz,OMrUmOTPD_AnSivjxptxpA,2,3,0.6
2016-10-04,Germany,DE,Channel pages,Louis Weisz,OMrUmOTPD_AnSivjxptxpA,0,1,0.1
2016-10-04,Germany,DE,YouTube search,Louis Weisz,OMrUmOTPD_AnSivjxptxpA,2,3,0.8
2016-10-04,Spain,ES,YouTube search,Louis Weisz,OMrUmOTPD_AnSivjxptxpA,0,1,0.4
2016-10-04,Indonesia,ID,Channel pages,Louis Weisz,OMrUmOTPD_AnSivjxptxpA,0,1,0.2
2016-10-04,Portugal,PT,YouTube search,Louis Weisz,OMrUmOTPD_AnSivjxptxpA,3,1,2.7
2016-10-04,United States,US,Browse features,Louis Weisz,OMrUmOTPD_AnSivjxptxpA,4,1,4.2
2016-10-04,United States,US,Channel pages,Louis Weisz,OMrUmOTPD_AnSivjxptxpA,9,3,3.0
2016-10-04,United States,US,YouTube search,Louis Weisz,OMrUmOTPD_AnSivjxptxpA,4,3,1.4
2016-10-04,United States,US,Suggested videos,Louis Weisz,OMrUmOTPD_AnSivjxptxpA,1,1,0.6
2016-10-04,United States,US,External,Louis Weisz,OMrUmOTPD_AnSivjxptxpA,1,1,1.3
2016-10-04,United States,US,Playlist page,Louis Weisz,OMrUmOTPD_AnSivjxptxpA,4,1,3.6
2016-10-04,Vietnam,VN,Suggested videos,Louis Weisz,OMrUmOTPD_AnSivjxptxpA,0,2,0.2
2016-10-05,Argentina,AR,YouTube search,Louis Weisz,OMrUmOTPD_AnSivjxptxpA,2,1,1.6
2016-10-05,Australia,AU,YouTube search,Louis Weisz,OMrUmOTPD_AnSivjxptxpA,1,1,1.3
2016-10-05,Australia,AU,External,Louis Weisz,OMrUmOTPD_AnSivjxptxpA,1,1,0.6
2016-10-05,Germany,DE,YouTube search,Louis Weisz,OMrUmOTPD_AnSivjxptxpA,0,1,0.1
2016-10-05,France,FR,YouTube search,Louis Weisz,OMrUmOTPD_AnSivjxptxpA,1,1,0.6
2016-10-05,United Kingdom,GB,YouTube search,Louis Weisz,OMrUmOTPD_AnSivjxptxpA,2,2,0.8
2016-10-05,Indonesia,ID,YouTube search,Louis Weisz,OMrUmOTPD_AnSivjxptxpA,2,1,1.6
2016-10-05,Israel,IL,YouTube search,Louis Weisz,OMrUmOTPD_AnSivjxptxpA,0,1,0.0
2016-10-05,Italy,IT,YouTube search,Louis Weisz,OMrUmOTPD_AnSivjxptxpA,1,2,0.5
2016-10-05,Netherlands,NL,Channel pages,Louis Weisz,OMrUmOTPD_AnSivjxptxpA,1,1,0.7
2016-10-05,Netherlands,NL,YouTube search,Louis Weisz,OMrUmOTPD_AnSivjxptxpA,0,2,0.2
2016-10-05,Netherlands,NL,Suggested videos,Louis Weisz,OMrUmOTPD_AnSivjxptxpA,1,2,0.7
2016-10-05,Netherlands,NL,External,Louis Weisz,OMrUmOTPD_AnSivjxptxpA,0,2,0.0
2016-10-05,United States,US,Direct or unknown,Louis Weisz,OMrUmOTPD_AnSivjxptxpA,0,1,0.0
2016-10-05,United States,US,Browse features,Louis Weisz,OMrUmOTPD_AnSivjxptxpA,1,1,1.0
2016-10-05,United States,US,Channel pages,Louis Weisz,OMrUmOTPD_AnSivjxptxpA,7,2,3.3
2016-10-05,United States,US,YouTube search,Louis Weisz,OMrUmOTPD_AnSivjxptxpA,6,3,2.0
2016-10-05,United States,US,Suggested videos,Louis Weisz,OMrUmOTPD_AnSivjxptxpA,6,2,2.8
2016-10-05,United States,US,Playlists,Louis Weisz,OMrUmOTPD_AnSivjxptxpA,3,1,3.5
2016-10-06,Canada,CA,YouTube search,Louis Weisz,OMrUmOTPD_AnSivjxptxpA,2,1,2.1
2016-10-06,Germany,DE,Browse features,Louis Weisz,OMrUmOTPD_AnSivjxptxpA,1,1,1.1
2016-10-06,Germany,DE,YouTube search,Louis Weisz,OMrUmOTPD_AnSivjxptxpA,2,3,0.8
2016-10-06,France,FR,YouTube search,Louis Weisz,OMrUmOTPD_AnSivjxptxpA,3,1,2.6
2016-10-06,United Kingdom,GB,Browse features,Louis Weisz,OMrUmOTPD_AnSivjxptxpA,5,1,5.4
2016-10-06,United Kingdom,GB,Suggested videos,Louis Weisz,OMrUmOTPD_AnSivjxptxpA,1,1,1.1
2016-10-06,Kazakhstan,KZ,Suggested videos,Louis Weisz,OMrUmOTPD_AnSivjxptxpA,1,1,0.9
2016-10-06,Netherlands,NL,YouTube search,Louis Weisz,OMrUmOTPD_AnSivjxptxpA,0,1,0.1
2016-10-06,United States,US,Direct or unknown,Louis Weisz,OMrUmOTPD_AnSivjxptxpA,5,1,5.0
2016-10-06,United States,US,Channel pages,Louis Weisz,OMrUmOTPD_AnSivjxptxpA,12,12,1.0
2016-10-06,United States,US,YouTube search,Louis Weisz,OMrUmOTPD_AnSivjxptxpA,6,3,2.0
2016-10-06,United States,US,Suggested videos,Louis Weisz,OMrUmOTPD_AnSivjxptxpA,4,1,4.5
2016-10-06,United States,US,External,Louis Weisz,OMrUmOTPD_AnSivjxptxpA,0,1,0.5
2016-10-07,Germany,DE,YouTube search,Louis Weisz,OMrUmOTPD_AnSivjxptxpA,1,2,0.6
2016-10-07,United Kingdom,GB,Channel pages,Louis Weisz,OMrUmOTPD_AnSivjxptxpA,1,2,0.7
2016-10-07,United Kingdom,GB,YouTube search,Louis Weisz,OMrUmOTPD_AnSivjxptxpA,4,1,4.2
2016-10-07,Japan,JP,YouTube search,Louis Weisz,OMrUmOTPD_AnSivjxptxpA,2,2,1.2
2016-10-07,Philippines,PH,Suggested videos,Louis Weisz,OMrUmOTPD_AnSivjxptxpA,0,1,0.4
2016-10-07,United States,US,Browse features,Louis Weisz,OMrUmOTPD_AnSivjxptxpA,1,2,0.3
2016-10-07,United States,US,Channel pages,Louis Weisz,OMrUmOTPD_AnSivjxptxpA,14,12,1.1
2016-10-07,United States,US,YouTube search,Louis Weisz,OMrUmOTPD_AnSivjxptxpA,2,3,0.6
2016-10-07,United States,US,Suggested videos,Louis Weisz,OMrUmOTPD_AnSivjxptxpA,5,2,2.6
2016-10-07,United States,US,Video cards and annotations,Louis Weisz,OMrUmOTPD_AnSivjxptxpA,1,1,0.6
2016-10-07,United States,US,Playlists,Louis Weisz,OMrUmOTPD_AnSivjxptxpA,5,1,4.5
2016-10-07,United States,US,Notifications,Louis Weisz,OMrUmOTPD_AnSivjxptxpA,1,1,0.7
2016-10-08,Belgium,BE,YouTube search,Louis Weisz,OMrUmOTPD_AnSivjxptxpA,3,1,2.5
2016-10-08,Canada,CA,Browse features,Louis Weisz,OMrUmOTPD_AnSivjxptxpA,0,1,0.0
2016-10-08,Canada,CA,Channel pages,Louis Weisz,OMrUmOTPD_AnSivjxptxpA,0,1,0.4
2016-10-08,Canada,CA,YouTube search,Louis Weisz,OMrUmOTPD_AnSivjxptxpA,0,1,0.0
2016-10-08,Canada,CA,Suggested videos,Louis Weisz,OMrUmOTPD_AnSivjxptxpA,5,1,5.3
2016-10-08,Germany,DE,YouTube search,Louis Weisz,OMrUmOTPD_AnSivjxptxpA,1,1,0.7
2016-10-08,Denmark,DK,Suggested videos,Louis Weisz,OMrUmOTPD_AnSivjxptxpA,2,1,1.7
2016-10-08,Algeria,DZ,YouTube search,Louis Weisz,OMrUmOTPD_AnSivjxptxpA,1,1,0.6
2016-10-08,France,FR,YouTube search,Louis Weisz,OMrUmOTPD_AnSivjxptxpA,1,1,1.1
2016-10-08,Italy,IT,Suggested videos,Louis Weisz,OMrUmOTPD_AnSivjxptxpA,1,1,1.4
2016-10-08,South Korea,KR,YouTube search,Louis Weisz,OMrUmOTPD_AnSivjxptxpA,3,1,2.8
2016-10-08,Mexico,MX,YouTube search,Louis Weisz,OMrUmOTPD_AnSivjxptxpA,0,1,0.3
2016-10-08,Netherlands,NL,External,Louis Weisz,OMrUmOTPD_AnSivjxptxpA,1,2,0.4
2016-10-08,Romania,RO,Channel pages,Louis Weisz,OMrUmOTPD_AnSivjxptxpA,0,1,0.1
2016-10-08,Romania,RO,Suggested videos,Louis Weisz,OMrUmOTPD_AnSivjxptxpA,1,1,0.7
2016-10-08,Saudi Arabia,SA,Browse features,Louis Weisz,OMrUmOTPD_AnSivjxptxpA,5,1,4.7
2016-10-08,Slovakia,SK,YouTube search,Louis Weisz,OMrUmOTPD_AnSivjxptxpA,4,1,4.0
2016-10-08,United States,US,Browse features,Louis Weisz,OMrUmOTPD_AnSivjxptxpA,1,2,0.7
2016-10-08,United States,US,Channel pages,Louis Weisz,OMrUmOTPD_AnSivjxptxpA,9,9,1.0
2016-10-08,United States,US,YouTube search,Louis Weisz,OMrUmOTPD_AnSivjxptxpA,0,1,0.1
2016-10-08,United States,US,External,Louis Weisz,OMrUmOTPD_AnSivjxptxpA,0,1,0.1
2016-10-08,Vietnam,VN,Suggested videos,Louis Weisz,OMrUmOTPD_AnSivjxptxpA,0,1,0.0
2016-10-09,Argentina,AR,YouTube search,Louis Weisz,OMrUmOTPD_AnSivjxptxpA,0,1,0.1
2016-10-09,Canada,CA,YouTube search,Louis Weisz,OMrUmOTPD_AnSivjxptxpA,5,1,5.4
2016-10-09,Canada,CA,Suggested videos,Louis Weisz,OMrUmOTPD_AnSivjxptxpA,3,1,3.4
2016-10-09,Germany,DE,YouTube search,Louis Weisz,OMrUmOTPD_AnSivjxptxpA,4,1,3.6
2016-10-09,Estonia,EE,YouTube search,Louis Weisz,OMrUmOTPD_AnSivjxptxpA,6,1,5.8
2016-10-09,United Kingdom,GB,YouTube search,Louis Weisz,OMrUmOTPD_AnSivjxptxpA,0,1,0.2
2016-10-09,Grenada,GD,Suggested videos,Louis Weisz,OMrUmOTPD_AnSivjxptxpA,1,1,0.6
2016-10-09,Hungary,HU,YouTube search,Louis Weisz,OMrUmOTPD_AnSivjxptxpA,0,1,0.3
2016-10-09,Indonesia,ID,Suggested videos,Louis Weisz,OMrUmOTPD_AnSivjxptxpA,2,1,1.5
2016-10-09,India,IN,Suggested videos,Louis Weisz,OMrUmOTPD_AnSivjxptxpA,0,1,0.1
2016-10-09,Italy,IT,YouTube search,Louis Weisz,OMrUmOTPD_AnSivjxptxpA,1,1,0.6
2016-10-09,New Zealand,NZ,Channel pages,Louis Weisz,OMrUmOTPD_AnSivjxptxpA,2,1,1.6
2016-10-09,United States,US,Channel pages,Louis Weisz,OMrUmOTPD_AnSivjxptxpA,0,1,0.5
2016-10-09,United States,US,YouTube search,Louis Weisz,OMrUmOTPD_AnSivjxptxpA,7,3,2.2
2016-10-09,United States,US,Suggested videos,Louis Weisz,OMrUmOTPD_AnSivjxptxpA,5,1,5.4
2016-10-09,United States,US,Playlists,Louis Weisz,OMrUmOTPD_AnSivjxptxpA,3,1,2.6
2016-10-10,Bulgaria,BG,Browse features,Louis Weisz,OMrUmOTPD_AnSivjxptxpA,0,1,0.4
2016-10-10,Canada,CA,Direct or unknown,Louis Weisz,OMrUmOTPD_AnSivjxptxpA,2,2,1.2
2016-10-10,Canada,CA,External,Louis Weisz,OMrUmOTPD_AnSivjxptxpA,0,1,0.1
2016-10-10,Chile,CL,YouTube search,Louis Weisz,OMrUmOTPD_AnSivjxptxpA,1,1,1.0
2016-10-10,Denmark,DK,YouTube search,Louis Weisz,OMrUmOTPD_AnSivjxptxpA,2,1,1.8
2016-10-10,Spain,ES,Suggested videos,Louis Weisz,OMrUmOTPD_AnSivjxptxpA,3,1,3.5
2016-10-10,Russia,RU,YouTube search,Louis Weisz,OMrUmOTPD_AnSivjxptxpA,0,1,0.3
2016-10-10,United States,US,Browse features,Louis Weisz,OMrUmOTPD_AnSivjxptxpA,0,1,0.3
2016-10-10,United States,US,Channel pages,Louis Weisz,OMrUmOTPD_AnSivjxptxpA,3,5,0.7
2016-10-10,United States,US,YouTube search,Louis Weisz,OMrUmOTPD_AnSivjxptxpA,7,4,1.7
2016-10-10,United States,US,Suggested videos,Louis Weisz,OMrUmOTPD_AnSivjxptxpA,8,5,1.6
2016-10-10,United States,US,External,Louis Weisz,OMrUmOTPD_AnSivjxptxpA,8,4,2.1
2016-10-11,Argentina,AR,YouTube search,Louis Weisz,OMrUmOTPD_AnSivjxptxpA,2,1,2.0
2016-10-11,Saudi Arabia,SA,Suggested videos,Louis Weisz,OMrUmOTPD_AnSivjxptxpA,2,1,1.7
2016-10-11,United States,US,YouTube search,Louis Weisz,OMrUmOTPD_AnSivjxptxpA,12,4,3.0
2016-10-11,United States,US,Suggested videos,Louis Weisz,OMrUmOTPD_AnSivjxptxpA,1,1,1.4
2016-10-11,United States,US,Other YouTube features,Louis Weisz,OMrUmOTPD_AnSivjxptxpA,6,1,6.3
2016-10-12,Canada,CA,YouTube search,Louis Weisz,OMrUmOTPD_AnSivjxptxpA,0,1,0.4
2016-10-12,Canada,CA,External,Louis Weisz,OMrUmOTPD_AnSivjxptxpA,0,1,0.0
2016-10-12,Germany,DE,Browse features,Louis Weisz,OMrUmOTPD_AnSivjxptxpA,0,1,0.5
2016-10-12,Germany,DE,YouTube search,Louis Weisz,OMrUmOTPD_AnSivjxptxpA,1,1,1.3
2016-10-12,United Kingdom,GB,Channel pages,Louis Weisz,OMrUmOTPD_AnSivjxptxpA,0,1,0.2
2016-10-12,Indonesia,ID,Browse features,Louis Weisz,OMrUmOTPD_AnSivjxptxpA,1,1,1.1
2016-10-12,Indonesia,ID,Suggested videos,Louis Weisz,OMrUmOTPD_AnSivjxptxpA,3,1,3.4
2016-10-12,Israel,IL,YouTube search,Louis Weisz,OMrUmOTPD_AnSivjxptxpA,1,1,0.9
2016-10-12,Kuwait,KW,Channel pages,Louis Weisz,OMrUmOTPD_AnSivjxptxpA,4,2,1.9
2016-10-12,United States,US,Browse features,Louis Weisz,OMrUmOTPD_AnSivjxptxpA,1,2,0.7
2016-10-12,United States,US,YouTube search,Louis Weisz,OMrUmOTPD_AnSivjxptxpA,4,3,1.3
2016-10-12,United States,US,Suggested videos,Louis Weisz,OMrUmOTPD_AnSivjxptxpA,11,2,5.3
2016-10-13,Canada,CA,Direct or unknown,Louis Weisz,OMrUmOTPD_AnSivjxptxpA,4,1,3.8
2016-10-13,Canada,CA,YouTube search,Louis Weisz,OMrUmOTPD_AnSivjxptxpA,42,7,6.0
2016-10-13,Canada,CA,Suggested videos,Louis Weisz,OMrUmOTPD_AnSivjxptxpA,10,1,10.5
2016-10-13,Germany,DE,YouTube search,Louis Weisz,OMrUmOTPD_AnSivjxptxpA,2,1,1.7
2016-10-13,Finland,FI,Suggested videos,Louis Weisz,OMrUmOTPD_AnSivjxptxpA,4,1,3.7
2016-10-13,Lithuania,LT,External,Louis Weisz,OMrUmOTPD_AnSivjxptxpA,2,1,1.8
2016-10-13,Macedonia (FYROM),MK,YouTube search,Louis Weisz,OMrUmOTPD_AnSivjxptxpA,1,1,0.9
2016-10-13,Serbia,RS,YouTube search,Louis Weisz,OMrUmOTPD_AnSivjxptxpA,2,1,2.2
2016-10-13,United States,US,Browse features,Louis Weisz,OMrUmOTPD_AnSivjxptxpA,1,1,0.7
2016-10-13,United States,US,Channel pages,Louis Weisz,OMrUmOTPD_AnSivjxptxpA,3,8,0.4
2016-10-13,United States,US,YouTube search,Louis Weisz,OMrUmOTPD_AnSivjxptxpA,18,5,3.6
2016-10-13,United States,US,Suggested videos,Louis Weisz,OMrUmOTPD_AnSivjxptxpA,5,3,1.5
2016-10-13,United States,US,External,Louis Weisz,OMrUmOTPD_AnSivjxptxpA,3,2,1.5
