date,country_name,country_id,channel_display_name,channel_id,watch_time_minutes,views,average_view_duration,comments,likes,dislikes,subscribers_gained,subscribers_lost
2017-07-12,Australia,AU,Louis Weisz,OMrUmOTPD_AnSivjxptxpA,3,2,1.3,0,0,0,1,0
2017-07-12,Belgium,BE,Louis Weisz,OMrUmOTPD_AnSivjxptxpA,6,2,3.2,0,0,0,0,0
2017-07-12,Brazil,BR,Louis Weisz,OMrUmOTPD_AnSivjxptxpA,1,3,0.5,0,0,0,0,0
2017-07-12,Canada,CA,Louis Weisz,OMrUmOTPD_AnSivjxptxpA,20,4,5.1,0,0,0,0,0
2017-07-12,Czechia,CZ,Louis Weisz,OMrUmOTPD_AnSivjxptxpA,5,1,4.6,0,0,0,0,0
2017-07-12,Germany,DE,Louis Weisz,OMrUmOTPD_AnSivjxptxpA,6,3,2.0,0,0,0,0,0
2017-07-12,United Kingdom,GB,Louis Weisz,OMrUmOTPD_AnSivjxptxpA,7,3,2.3,0,0,0,0,0
2017-07-12,Croatia,HR,Louis Weisz,OMrUmOTPD_AnSivjxptxpA,0,1,0.2,0,0,0,0,0
2017-07-12,Indonesia,ID,Louis Weisz,OMrUmOTPD_AnSivjxptxpA,4,1,3.6,0,0,0,0,0
2017-07-12,Israel,IL,Louis Weisz,OMrUmOTPD_AnSivjxptxpA,5,1,4.7,0,0,0,0,0
2017-07-12,India,IN,Louis Weisz,OMrUmOTPD_AnSivjxptxpA,10,4,2.6,0,0,0,0,0
2017-07-12,New Zealand,NZ,Louis Weisz,OMrUmOTPD_AnSivjxptxpA,0,1,0.2,0,0,0,0,0
2017-07-12,Sweden,SE,Louis Weisz,OMrUmOTPD_AnSivjxptxpA,19,7,2.8,0,0,0,0,0
2017-07-12,Turkey,TR,Louis Weisz,OMrUmOTPD_AnSivjxptxpA,0,2,0.2,0,0,0,0,0
2017-07-12,United States,US,Louis Weisz,OMrUmOTPD_AnSivjxptxpA,152,64,2.4,0,0,0,2,2
2017-07-13,Australia,AU,Louis Weisz,OMrUmOTPD_AnSivjxptxpA,18,4,4.6,0,0,0,0,0
2017-07-13,Belgium,BE,Louis Weisz,OMrUmOTPD_AnSivjxptxpA,7,1,6.8,0,0,0,0,0
2017-07-13,Brazil,BR,Louis Weisz,OMrUmOTPD_AnSivjxptxpA,6,2,3.0,0,0,0,0,0
2017-07-13,Canada,CA,Louis Weisz,OMrUmOTPD_AnSivjxptxpA,9,2,4.5,0,0,0,0,0
2017-07-13,Chile,CL,Louis Weisz,OMrUmOTPD_AnSivjxptxpA,1,1,0.6,0,0,0,0,0
2017-07-13,Germany,DE,Louis Weisz,OMrUmOTPD_AnSivjxptxpA,11,6,1.9,0,0,0,0,0
2017-07-13,Spain,ES,Louis Weisz,OMrUmOTPD_AnSivjxptxpA,6,4,1.5,0,0,0,0,0
2017-07-13,France,FR,Louis Weisz,OMrUmOTPD_AnSivjxptxpA,3,1,3.3,0,0,0,0,0
2017-07-13,United Kingdom,GB,Louis Weisz,OMrUmOTPD_AnSivjxptxpA,22,8,2.7,0,0,0,0,0
2017-07-13,Hungary,HU,Louis Weisz,OMrUmOTPD_AnSivjxptxpA,0,2,0.2,0,0,0,0,0
2017-07-13,India,IN,Louis Weisz,OMrUmOTPD_AnSivjxptxpA,1,4,0.3,0,0,0,0,0
2017-07-13,Netherlands,NL,Louis Weisz,OMrUmOTPD_AnSivjxptxpA,4,2,1.9,0,0,0,0,0
2017-07-13,Sweden,SE,Louis Weisz,OMrUmOTPD_AnSivjxptxpA,6,1,6.3,0,0,0,0,0
2017-07-13,Slovakia,SK,Louis Weisz,OMrUmOTPD_AnSivjxptxpA,8,3,2.8,0,0,0,0,0
2017-07-13,United States,US,Louis Weisz,OMrUmOTPD_AnSivjxptxpA,122,49,2.5,0,0,0,4,0
2017-07-13,South Africa,ZA,Louis Weisz,OMrUmOTPD_AnSivjxptxpA,0,2,0.2,0,0,0,0,0
2017-07-14,Austria,AT,Louis Weisz,OMrUmOTPD_AnSivjxptxpA,7,4,1.7,0,0,0,0,0
2017-07-14,Australia,AU,Louis Weisz,OMrUmOTPD_AnSivjxptxpA,0,1,0.1,0,0,0,0,0
2017-07-14,Canada,CA,Louis Weisz,OMrUmOTPD_AnSivjxptxpA,11,8,1.4,0,0,0,0,0
2017-07-14,Czechia,CZ,Louis Weisz,OMrUmOTPD_AnSivjxptxpA,2,1,1.6,0,0,0,0,0
2017-07-14,United Kingdom,GB,Louis Weisz,OMrUmOTPD_AnSivjxptxpA,6,1,6.0,0,0,0,0,0
2017-07-14,Japan,JP,Louis Weisz,OMrUmOTPD_AnSivjxptxpA,2,1,1.7,0,0,0,0,0
2017-07-14,Netherlands,NL,Louis Weisz,OMrUmOTPD_AnSivjxptxpA,1,1,0.6,0,0,0,0,0
2017-07-14,Philippines,PH,Louis Weisz,OMrUmOTPD_AnSivjxptxpA,12,4,3.0,0,0,0,0,0
2017-07-14,Thailand,TH,Louis Weisz,OMrUmOTPD_AnSivjxptxpA,3,1,3.5,0,0,0,0,0
2017-07-14,United States,US,Louis Weisz,OMrUmOTPD_AnSivjxptxpA,153,49,3.1,0,0,0,1,0
2017-07-15,Australia,AU,Louis Weisz,OMrUmOTPD_AnSivjxptxpA,3,3,1.0,0,0,0,0,0
2017-07-15,Belgium,BE,Louis Weisz,OMrUmOTPD_AnSivjxptxpA,2,2,1.1,0,0,0,0,0
2017-07-15,Canada,CA,Louis Weisz,OMrUmOTPD_AnSivjxptxpA,2,1,2.5,0,0,0,0,0
2017-07-15,Germany,DE,Louis Weisz,OMrUmOTPD_AnSivjxptxpA,2,5,0.5,0,0,0,0,0
2017-07-15,Algeria,DZ,Louis Weisz,OMrUmOTPD_AnSivjxptxpA,0,2,0.0,0,0,0,0,0
2017-07-15,United Kingdom,GB,Louis Weisz,OMrUmOTPD_AnSivjxptxpA,2,4,0.5,0,0,0,0,0
2017-07-15,Ireland,IE,Louis Weisz,OMrUmOTPD_AnSivjxptxpA,0,1,0.5,0,0,0,0,0
2017-07-15,India,IN,Louis Weisz,OMrUmOTPD_AnSivjxptxpA,3,1,3.1,0,0,0,0,0
2017-07-15,Lebanon,LB,Louis Weisz,OMrUmOTPD_AnSivjxptxpA,1,1,0.6,0,0,0,0,0
2017-07-15,Latvia,LV,Louis Weisz,OMrUmOTPD_AnSivjxptxpA,7,6,1.1,0,0,0,0,0
2017-07-15,Macedonia (FYROM),MK,Louis Weisz,OMrUmOTPD_AnSivjxptxpA,0,2,0.1,0,0,0,0,0
2017-07-15,Russia,RU,Louis Weisz,OMrUmOTPD_AnSivjxptxpA,3,1,3.3,0,0,0,0,0
2017-07-15,Turkey,TR,Louis Weisz,OMrUmOTPD_AnSivjxptxpA,0,1,0.1,0,0,0,0,0
2017-07-15,Ukraine,UA,Louis Weisz,OMrUmOTPD_AnSivjxptxpA,4,1,3.8,0,0,0,0,0
2017-07-15,United States,US,Louis Weisz,OMrUmOTPD_AnSivjxptxpA,67,29,2.3,0,0,0,0,2
2017-07-16,Australia,AU,Louis Weisz,OMrUmOTPD_AnSivjxptxpA,23,9,2.6,0,0,0,0,0
2017-07-16,Belgium,BE,Louis Weisz,OMrUmOTPD_AnSivjxptxpA,4,5,0.8,0,0,0,0,0
2017-07-16,Brazil,BR,Louis Weisz,OMrUmOTPD_AnSivjxptxpA,1,1,0.5,0,0,0,0,0
2017-07-16,Canada,CA,Louis Weisz,OMrUmOTPD_AnSivjxptxpA,53,17,3.1,0,4,0,0,0
2017-07-16,Czechia,CZ,Louis Weisz,OMrUmOTPD_AnSivjxptxpA,6,1,6.3,0,0,0,0,0
2017-07-16,Germany,DE,Louis Weisz,OMrUmOTPD_AnSivjxptxpA,14,11,1.2,0,0,0,0,0
2017-07-16,Denmark,DK,Louis Weisz,OMrUmOTPD_AnSivjxptxpA,9,6,1.5,0,0,0,0,0
2017-07-16,United Kingdom,GB,Louis Weisz,OMrUmOTPD_AnSivjxptxpA,16,5,3.2,0,0,0,0,0
2017-07-16,Croatia,HR,Louis Weisz,OMrUmOTPD_AnSivjxptxpA,1,3,0.3,0,0,0,0,0
2017-07-16,Japan,JP,Louis Weisz,OMrUmOTPD_AnSivjxptxpA,1,3,0.4,0,0,0,0,0
2017-07-16,Lithuania,LT,Louis Weisz,OMrUmOTPD_AnSivjxptxpA,6,1,5.7,0,0,0,0,0
2017-07-16,New Zealand,NZ,Louis Weisz,OMrUmOTPD_AnSivjxptxpA,16,3,5.2,0,0,0,0,0
2017-07-16,Pakistan,PK,Louis Weisz,OMrUmOTPD_AnSivjxptxpA,1,2,0.4,0,0,0,0,0
2017-07-16,Saudi Arabia,SA,Louis Weisz,OMrUmOTPD_AnSivjxptxpA,25,8,3.1,0,0,0,0,0
2017-07-16,United States,US,Louis Weisz,OMrUmOTPD_AnSivjxptxpA,90,34,2.6,0,1,0,3,0
2017-07-17,Austria,AT,Louis Weisz,OMrUmOTPD_AnSivjxptxpA,0,1,0.2,0,0,0,0,0
2017-07-17,Australia,AU,Louis Weisz,OMrUmOTPD_AnSivjxptxpA,2,2,1.2,0,0,0,0,0
2017-07-17,Brazil,BR,Louis Weisz,OMrUmOTPD_AnSivjxptxpA,0,2,0.2,0,0,0,0,0
2017-07-17,Canada,CA,Louis Weisz,OMrUmOTPD_AnSivjxptxpA,39,14,2.8,0,0,0,0,0
2017-07-17,Denmark,DK,Louis Weisz,OMrUmOTPD_AnSivjxptxpA,0,1,0.1,0,0,0,0,0
2017-07-17,Algeria,DZ,Louis Weisz,OMrUmOTPD_AnSivjxptxpA,5,4,1.4,0,0,0,0,0
2017-07-17,France,FR,Louis Weisz,OMrUmOTPD_AnSivjxptxpA,0,1,0.5,0,1,0,0,0
2017-07-17,United Kingdom,GB,Louis Weisz,OMrUmOTPD_AnSivjxptxpA,17,4,4.2,0,0,0,0,0
2017-07-17,Indonesia,ID,Louis Weisz,OMrUmOTPD_AnSivjxptxpA,0,1,0.4,0,0,0,0,0
2017-07-17,Japan,JP,Louis Weisz,OMrUmOTPD_AnSivjxptxpA,1,1,0.8,0,0,0,0,0
2017-07-17,South Korea,KR,Louis Weisz,OMrUmOTPD_AnSivjxptxpA,0,1,0.3,0,0,0,0,0
2017-07-17,Norway,NO,Louis Weisz,OMrUmOTPD_AnSivjxptxpA,2,3,0.8,0,2,0,0,0
2017-07-17,New Zealand,NZ,Louis Weisz,OMrUmOTPD_AnSivjxptxpA,0,1,0.0,0,0,0,0,0
2017-07-17,Philippines,PH,Louis Weisz,OMrUmOTPD_AnSivjxptxpA,0,1,0.3,0,0,0,0,0
2017-07-17,Poland,PL,Louis Weisz,OMrUmOTPD_AnSivjxptxpA,1,1,1.2,0,0,0,0,0
2017-07-17,Serbia,RS,Louis Weisz,OMrUmOTPD_AnSivjxptxpA,4,2,2.2,0,0,0,0,0
2017-07-17,Turkey,TR,Louis Weisz,OMrUmOTPD_AnSivjxptxpA,2,3,0.7,0,0,0,0,0
2017-07-17,Ukraine,UA,Louis Weisz,OMrUmOTPD_AnSivjxptxpA,0,1,0.2,0,0,0,0,0
2017-07-17,United States,US,Louis Weisz,OMrUmOTPD_AnSivjxptxpA,133,68,2.0,0,3,0,2,0
2017-07-17,Vietnam,VN,Louis Weisz,OMrUmOTPD_AnSivjxptxpA,1,2,0.7,0,0,0,0,0
2017-07-18,Argentina,AR,Louis Weisz,OMrUmOTPD_AnSivjxptxpA,0,1,0.4,0,0,0,0,0
2017-07-18,Australia,AU,Louis Weisz,OMrUmOTPD_AnSivjxptxpA,0,2,0.0,0,0,0,0,0
2017-07-18,Belgium,BE,Louis Weisz,OMrUmOTPD_AnSivjxptxpA,17,4,4.3,0,0,0,0,0
2017-07-18,Germany,DE,Louis Weisz,OMrUmOTPD_AnSivjxptxpA,0,2,0.1,0,0,0,0,0
2017-07-18,Denmark,DK,Louis Weisz,OMrUmOTPD_AnSivjxptxpA,2,1,2.0,0,0,0,0,0
2017-07-18,Finland,FI,Louis Weisz,OMrUmOTPD_AnSivjxptxpA,0,1,0.2,0,0,0,0,0
2017-07-18,United Kingdom,GB,Louis Weisz,OMrUmOTPD_AnSivjxptxpA,5,3,1.6,0,0,0,0,0
2017-07-18,India,IN,Louis Weisz,OMrUmOTPD_AnSivjxptxpA,1,1,0.7,0,0,0,0,0
2017-07-18,Lebanon,LB,Louis Weisz,OMrUmOTPD_AnSivjxptxpA,0,0,0.0,0,0,0,1,1
2017-07-18,Palestine,PS,Louis Weisz,OMrUmOTPD_AnSivjxptxpA,0,0,0.0,0,0,0,1,0
2017-07-18,Slovakia,SK,Louis Weisz,OMrUmOTPD_AnSivjxptxpA,6,3,2.0,0,1,0,1,0
2017-07-18,Turkey,TR,Louis Weisz,OMrUmOTPD_AnSivjxptxpA,1,1,1.0,0,0,0,0,0
2017-07-18,United States,US,Louis Weisz,OMrUmOTPD_AnSivjxptxpA,97,47,2.1,0,0,0,0,2
2017-07-19,United Arab Emirates,AE,Louis Weisz,OMrUmOTPD_AnSivjxptxpA,3,1,2.8,0,0,0,0,0
2017-07-19,Austria,AT,Louis Weisz,OMrUmOTPD_AnSivjxptxpA,1,2,0.3,0,0,0,0,0
2017-07-19,Australia,AU,Louis Weisz,OMrUmOTPD_AnSivjxptxpA,6,2,3.0,0,0,0,0,0
2017-07-19,Bangladesh,BD,Louis Weisz,OMrUmOTPD_AnSivjxptxpA,0,1,0.2,0,0,0,0,0
2017-07-19,Côte d’Ivoire,CI,Louis Weisz,OMrUmOTPD_AnSivjxptxpA,0,1,0.1,0,0,0,0,0
2017-07-19,Germany,DE,Louis Weisz,OMrUmOTPD_AnSivjxptxpA,0,1,0.4,0,0,0,0,0
2017-07-19,United Kingdom,GB,Louis Weisz,OMrUmOTPD_AnSivjxptxpA,9,3,2.8,0,0,0,0,0
2017-07-19,Hungary,HU,Louis Weisz,OMrUmOTPD_AnSivjxptxpA,1,1,1.3,0,0,0,0,0
2017-07-19,India,IN,Louis Weisz,OMrUmOTPD_AnSivjxptxpA,3,1,3.0,0,0,0,0,0
2017-07-19,Iraq,IQ,Louis Weisz,OMrUmOTPD_AnSivjxptxpA,0,1,0.1,0,0,0,0,0
2017-07-19,Iceland,IS,Louis Weisz,OMrUmOTPD_AnSivjxptxpA,0,1,0.5,0,0,0,0,0
2017-07-19,Japan,JP,Louis Weisz,OMrUmOTPD_AnSivjxptxpA,0,1,0.0,0,0,0,0,0
2017-07-19,Kazakhstan,KZ,Louis Weisz,OMrUmOTPD_AnSivjxptxpA,1,1,0.7,0,0,0,0,0
2017-07-19,Lithuania,LT,Louis Weisz,OMrUmOTPD_AnSivjxptxpA,0,1,0.3,0,0,0,0,0
2017-07-19,Netherlands,NL,Louis Weisz,OMrUmOTPD_AnSivjxptxpA,3,3,0.8,0,0,0,0,0
2017-07-19,Norway,NO,Louis Weisz,OMrUmOTPD_AnSivjxptxpA,1,1,1.0,0,0,0,0,0
2017-07-19,New Zealand,NZ,Louis Weisz,OMrUmOTPD_AnSivjxptxpA,0,1,0.5,0,0,0,0,0
2017-07-19,Poland,PL,Louis Weisz,OMrUmOTPD_AnSivjxptxpA,7,4,1.6,0,0,0,0,0
2017-07-19,Portugal,PT,Louis Weisz,OMrUmOTPD_AnSivjxptxpA,0,1,0.1,0,0,0,0,0
2017-07-19,Russia,RU,Louis Weisz,OMrUmOTPD_AnSivjxptxpA,3,2,1.5,0,0,0,0,0
2017-07-19,United States,US,Louis Weisz,OMrUmOTPD_AnSivjxptxpA,94,35,2.7,0,2,0,0,2
2017-07-20,Australia,AU,Louis Weisz,OMrUmOTPD_AnSivjxptxpA,21,7,2.9,0,0,0,0,0
2017-07-20,Brunei,BN,Louis Weisz,OMrUmOTPD_AnSivjxptxpA,0,1,0.0,0,0,0,0,0
2017-07-20,Canada,CA,Louis Weisz,OMrUmOTPD_AnSivjxptxpA,14,10,1.4,0,0,0,0,0
2017-07-20,Czechia,CZ,Louis Weisz,OMrUmOTPD_AnSivjxptxpA,6,3,1.9,0,0,0,0,0
2017-07-20,Germany,DE,Louis Weisz,OMrUmOTPD_AnSivjxptxpA,5,2,2.5,0,1,0,0,0
2017-07-20,Finland,FI,Louis Weisz,OMrUmOTPD_AnSivjxptxpA,1,1,0.6,0,0,0,0,0
2017-07-20,United Kingdom,GB,Louis Weisz,OMrUmOTPD_AnSivjxptxpA,21,15,1.4,1,1,0,0,0
2017-07-20,Georgia,GE,Louis Weisz,OMrUmOTPD_AnSivjxptxpA,6,3,2.1,0,0,0,1,0
2017-07-20,Indonesia,ID,Louis Weisz,OMrUmOTPD_AnSivjxptxpA,2,1,2.4,0,0,0,0,0
2017-07-20,India,IN,Louis Weisz,OMrUmOTPD_AnSivjxptxpA,4,4,1.0,0,0,0,0,0
2017-07-20,Iceland,IS,Louis Weisz,OMrUmOTPD_AnSivjxptxpA,1,1,0.9,0,0,0,0,0
2017-07-20,Japan,JP,Louis Weisz,OMrUmOTPD_AnSivjxptxpA,5,2,2.5,0,0,0,0,0
2017-07-20,St. Lucia,LC,Louis Weisz,OMrUmOTPD_AnSivjxptxpA,18,4,4.4,0,0,0,0,0
2017-07-20,Mexico,MX,Louis Weisz,OMrUmOTPD_AnSivjxptxpA,1,1,1.2,0,0,0,0,0
2017-07-20,Netherlands,NL,Louis Weisz,OMrUmOTPD_AnSivjxptxpA,4,3,1.3,0,1,0,0,0
2017-07-20,New Zealand,NZ,Louis Weisz,OMrUmOTPD_AnSivjxptxpA,9,5,1.9,0,0,0,0,0
2017-07-20,Romania,RO,Louis Weisz,OMrUmOTPD_AnSivjxptxpA,3,1,2.8,0,0,0,0,0
2017-07-20,Saudi Arabia,SA,Louis Weisz,OMrUmOTPD_AnSivjxptxpA,4,1,4.3,0,0,0,0,0
2017-07-20,Sweden,SE,Louis Weisz,OMrUmOTPD_AnSivjxptxpA,0,1,0.1,0,0,0,0,0
2017-07-20,Trinidad & Tobago,TT,Louis Weisz,OMrUmOTPD_AnSivjxptxpA,0,2,0.1,0,0,0,0,0
2017-07-20,Ukraine,UA,Louis Weisz,OMrUmOTPD_AnSivjxptxpA,1,1,0.5,0,0,0,0,0
2017-07-20,United States,US,Louis Weisz,OMrUmOTPD_AnSivjxptxpA,291,170,1.7,1,7,0,2,4
2017-07-20,Unknown Region,ZZ,Louis Weisz,OMrUmOTPD_AnSivjxptxpA,0,0,0.0,4,0,0,0,0
2017-07-21,Australia,AU,Louis Weisz,OMrUmOTPD_AnSivjxptxpA,10,7,1.5,0,0,0,0,0
2017-07-21,Belgium,BE,Louis Weisz,OMrUmOTPD_AnSivjxptxpA,11,5,2.2,0,0,0,0,0
2017-07-21,Canada,CA,Louis Weisz,OMrUmOTPD_AnSivjxptxpA,26,8,3.2,0,2,0,1,1
2017-07-21,Germany,DE,Louis Weisz,OMrUmOTPD_AnSivjxptxpA,9,3,2.9,0,0,0,0,0
2017-07-21,Denmark,DK,Louis Weisz,OMrUmOTPD_AnSivjxptxpA,1,1,1.0,0,0,0,0,0
2017-07-21,Spain,ES,Louis Weisz,OMrUmOTPD_AnSivjxptxpA,0,0,0.0,0,0,0,1,0
2017-07-21,France,FR,Louis Weisz,OMrUmOTPD_AnSivjxptxpA,3,2,1.4,0,0,0,0,0
2017-07-21,United Kingdom,GB,Louis Weisz,OMrUmOTPD_AnSivjxptxpA,1,3,0.4,0,0,0,1,0
2017-07-21,Ireland,IE,Louis Weisz,OMrUmOTPD_AnSivjxptxpA,1,1,0.9,0,0,0,0,0
2017-07-21,Israel,IL,Louis Weisz,OMrUmOTPD_AnSivjxptxpA,1,2,0.5,0,0,0,0,0
2017-07-21,India,IN,Louis Weisz,OMrUmOTPD_AnSivjxptxpA,3,2,1.3,0,0,0,0,0
2017-07-21,Italy,IT,Louis Weisz,OMrUmOTPD_AnSivjxptxpA,12,2,5.9,0,0,0,0,0
2017-07-21,Sri Lanka,LK,Louis Weisz,OMrUmOTPD_AnSivjxptxpA,3,1,3.2,0,0,0,0,0
2017-07-21,Liberia,LR,Louis Weisz,OMrUmOTPD_AnSivjxptxpA,14,4,3.5,0,0,0,0,0
2017-07-21,Morocco,MA,Louis Weisz,OMrUmOTPD_AnSivjxptxpA,4,1,3.5,0,0,0,0,0
2017-07-21,Mexico,MX,Louis Weisz,OMrUmOTPD_AnSivjxptxpA,4,2,1.8,0,0,0,0,0
2017-07-21,Norway,NO,Louis Weisz,OMrUmOTPD_AnSivjxptxpA,2,1,1.9,0,0,0,0,0
2017-07-21,Philippines,PH,Louis Weisz,OMrUmOTPD_AnSivjxptxpA,20,5,3.9,0,0,0,0,0
2017-07-21,Sweden,SE,Louis Weisz,OMrUmOTPD_AnSivjxptxpA,2,1,2.4,0,0,0,0,0
2017-07-21,United States,US,Louis Weisz,OMrUmOTPD_AnSivjxptxpA,255,103,2.5,1,5,0,3,1
2017-07-21,Unknown Region,ZZ,Louis Weisz,OMrUmOTPD_AnSivjxptxpA,0,0,0.0,2,0,0,0,0
2017-07-22,Australia,AU,Louis Weisz,OMrUmOTPD_AnSivjxptxpA,8,5,1.7,0,0,0,0,0
2017-07-22,Bosnia & Herzegovina,BA,Louis Weisz,OMrUmOTPD_AnSivjxptxpA,3,2,1.4,0,0,0,0,0
2017-07-22,Belgium,BE,Louis Weisz,OMrUmOTPD_AnSivjxptxpA,4,4,1.0,0,0,0,0,0
2017-07-22,Brazil,BR,Louis Weisz,OMrUmOTPD_AnSivjxptxpA,0,1,0.4,0,0,0,0,0
2017-07-22,Canada,CA,Louis Weisz,OMrUmOTPD_AnSivjxptxpA,14,6,2.3,1,0,0,1,0
2017-07-22,Germany,DE,Louis Weisz,OMrUmOTPD_AnSivjxptxpA,0,1,0.5,0,0,0,0,0
2017-07-22,Denmark,DK,Louis Weisz,OMrUmOTPD_AnSivjxptxpA,1,1,0.6,0,0,0,0,0
2017-07-22,Dominican Republic,DO,Louis Weisz,OMrUmOTPD_AnSivjxptxpA,4,1,3.5,0,0,0,0,0
2017-07-22,Spain,ES,Louis Weisz,OMrUmOTPD_AnSivjxptxpA,5,2,2.5,0,0,0,0,0
2017-07-22,France,FR,Louis Weisz,OMrUmOTPD_AnSivjxptxpA,18,4,4.6,0,0,0,0,0
2017-07-22,United Kingdom,GB,Louis Weisz,OMrUmOTPD_AnSivjxptxpA,3,6,0.5,0,0,0,0,0
2017-07-22,Italy,IT,Louis Weisz,OMrUmOTPD_AnSivjxptxpA,0,2,0.2,0,0,0,0,0
2017-07-22,Japan,JP,Louis Weisz,OMrUmOTPD_AnSivjxptxpA,4,3,1.3,0,0,0,0,0
2017-07-22,Netherlands,NL,Louis Weisz,OMrUmOTPD_AnSivjxptxpA,1,1,1.4,0,0,0,0,0
2017-07-22,Norway,NO,Louis Weisz,OMrUmOTPD_AnSivjxptxpA,3,2,1.5,0,0,0,0,0
2017-07-22,Poland,PL,Louis Weisz,OMrUmOTPD_AnSivjxptxpA,0,1,0.4,0,0,0,0,0
2017-07-22,Saudi Arabia,SA,Louis Weisz,OMrUmOTPD_AnSivjxptxpA,0,1,0.3,0,0,0,0,0
2017-07-22,Sweden,SE,Louis Weisz,OMrUmOTPD_AnSivjxptxpA,1,2,0.5,0,0,0,0,0
2017-07-22,Singapore,SG,Louis Weisz,OMrUmOTPD_AnSivjxptxpA,1,1,1.1,0,0,0,0,0
2017-07-22,Slovakia,SK,Louis Weisz,OMrUmOTPD_AnSivjxptxpA,0,1,0.4,0,0,0,0,0
2017-07-22,Taiwan,TW,Louis Weisz,OMrUmOTPD_AnSivjxptxpA,1,1,0.8,0,0,0,0,0
2017-07-22,United States,US,Louis Weisz,OMrUmOTPD_AnSivjxptxpA,113,51,2.2,0,1,0,4,0
2017-07-22,Vietnam,VN,Louis Weisz,OMrUmOTPD_AnSivjxptxpA,0,1,0.1,0,0,0,0,0
2017-07-22,Unknown Region,ZZ,Louis Weisz,OMrUmOTPD_AnSivjxptxpA,0,0,0.0,1,0,0,0,0
2017-07-23,Australia,AU,Louis Weisz,OMrUmOTPD_AnSivjxptxpA,2,3,0.5,0,0,0,0,0
2017-07-23,Brazil,BR,Louis Weisz,OMrUmOTPD_AnSivjxptxpA,3,1,2.9,0,0,0,0,0
2017-07-23,Canada,CA,Louis Weisz,OMrUmOTPD_AnSivjxptxpA,2,1,2.4,0,0,0,0,0
2017-07-23,Germany,DE,Louis Weisz,OMrUmOTPD_AnSivjxptxpA,25,8,3.1,0,0,0,0,0
2017-07-23,Denmark,DK,Louis Weisz,OMrUmOTPD_AnSivjxptxpA,3,3,1.2,0,0,0,0,0
2017-07-23,Spain,ES,Louis Weisz,OMrUmOTPD_AnSivjxptxpA,2,1,1.8,0,0,0,0,0
2017-07-23,Finland,FI,Louis Weisz,OMrUmOTPD_AnSivjxptxpA,5,5,1.0,0,0,0,0,0
2017-07-23,United Kingdom,GB,Louis Weisz,OMrUmOTPD_AnSivjxptxpA,11,7,1.6,0,1,0,1,0
2017-07-23,India,IN,Louis Weisz,OMrUmOTPD_AnSivjxptxpA,4,2,1.8,0,0,0,0,0
2017-07-23,Latvia,LV,Louis Weisz,OMrUmOTPD_AnSivjxptxpA,2,1,1.6,0,0,0,1,0
2017-07-23,Philippines,PH,Louis Weisz,OMrUmOTPD_AnSivjxptxpA,5,1,5.2,0,0,0,0,0
2017-07-23,Poland,PL,Louis Weisz,OMrUmOTPD_AnSivjxptxpA,0,1,0.0,0,0,0,0,0
2017-07-23,Romania,RO,Louis Weisz,OMrUmOTPD_AnSivjxptxpA,6,4,1.5,0,0,0,0,0
2017-07-23,Russia,RU,Louis Weisz,OMrUmOTPD_AnSivjxptxpA,1,1,1.0,0,0,0,0,0
2017-07-23,United States,US,Louis Weisz,OMrUmOTPD_AnSivjxptxpA,181,64,2.8,0,0,0,0,0
2017-07-23,South Africa,ZA,Louis Weisz,OMrUmOTPD_AnSivjxptxpA,6,3,2.1,0,0,0,0,0
2017-07-24,Australia,AU,Louis Weisz,OMrUmOTPD_AnSivjxptxpA,21,8,2.6,0,0,0,0,0
2017-07-24,Brazil,BR,Louis Weisz,OMrUmOTPD_AnSivjxptxpA,1,1,0.7,0,0,0,0,0
2017-07-24,Canada,CA,Louis Weisz,OMrUmOTPD_AnSivjxptxpA,7,2,3.4,0,0,0,0,0
2017-07-24,Germany,DE,Louis Weisz,OMrUmOTPD_AnSivjxptxpA,13,11,1.2,0,0,0,0,0
2017-07-24,Denmark,DK,Louis Weisz,OMrUmOTPD_AnSivjxptxpA,1,2,0.5,0,0,0,0,0
2017-07-24,Spain,ES,Louis Weisz,OMrUmOTPD_AnSivjxptxpA,0,1,0.3,0,0,0,0,0
2017-07-24,France,FR,Louis Weisz,OMrUmOTPD_AnSivjxptxpA,2,3,0.8,0,0,0,0,0
2017-07-24,United Kingdom,GB,Louis Weisz,OMrUmOTPD_AnSivjxptxpA,20,7,2.9,0,0,0,0,0
2017-07-24,Georgia,GE,Louis Weisz,OMrUmOTPD_AnSivjxptxpA,0,1,0.3,0,0,0,0,0
2017-07-24,Indonesia,ID,Louis Weisz,OMrUmOTPD_AnSivjxptxpA,3,1,3.0,0,0,0,0,0
2017-07-24,Italy,IT,Louis Weisz,OMrUmOTPD_AnSivjxptxpA,4,2,1.9,0,0,0,0,0
2017-07-24,Malaysia,MY,Louis Weisz,OMrUmOTPD_AnSivjxptxpA,0,1,0.2,0,0,0,0,0
2017-07-24,Netherlands,NL,Louis Weisz,OMrUmOTPD_AnSivjxptxpA,5,2,2.3,0,0,0,0,0
2017-07-24,Pakistan,PK,Louis Weisz,OMrUmOTPD_AnSivjxptxpA,0,1,0.4,0,0,0,0,0
2017-07-24,Slovakia,SK,Louis Weisz,OMrUmOTPD_AnSivjxptxpA,1,1,1.0,0,0,0,0,0
2017-07-24,United States,US,Louis Weisz,OMrUmOTPD_AnSivjxptxpA,137,54,2.5,0,2,0,2,0
2017-07-25,Australia,AU,Louis Weisz,OMrUmOTPD_AnSivjxptxpA,0,2,0.2,0,0,0,0,0
2017-07-25,Belgium,BE,Louis Weisz,OMrUmOTPD_AnSivjxptxpA,3,1,2.8,0,0,0,0,0
2017-07-25,Brazil,BR,Louis Weisz,OMrUmOTPD_AnSivjxptxpA,3,1,3.3,0,0,0,0,0
2017-07-25,Canada,CA,Louis Weisz,OMrUmOTPD_AnSivjxptxpA,16,4,3.9,0,0,0,0,0
2017-07-25,Germany,DE,Louis Weisz,OMrUmOTPD_AnSivjxptxpA,13,8,1.6,0,0,0,0,0
2017-07-25,Spain,ES,Louis Weisz,OMrUmOTPD_AnSivjxptxpA,6,1,5.8,0,0,0,0,0
2017-07-25,France,FR,Louis Weisz,OMrUmOTPD_AnSivjxptxpA,3,1,2.6,0,0,0,0,0
2017-07-25,United Kingdom,GB,Louis Weisz,OMrUmOTPD_AnSivjxptxpA,25,10,2.5,0,0,0,0,0
2017-07-25,Ireland,IE,Louis Weisz,OMrUmOTPD_AnSivjxptxpA,9,3,3.0,0,0,0,0,0
2017-07-25,India,IN,Louis Weisz,OMrUmOTPD_AnSivjxptxpA,1,1,0.7,0,0,0,0,0
2017-07-25,Italy,IT,Louis Weisz,OMrUmOTPD_AnSivjxptxpA,1,1,1.2,0,0,0,0,0
2017-07-25,Kuwait,KW,Louis Weisz,OMrUmOTPD_AnSivjxptxpA,0,1,0.2,0,0,0,0,0
2017-07-25,Netherlands,NL,Louis Weisz,OMrUmOTPD_AnSivjxptxpA,2,1,1.9,0,0,0,0,0
2017-07-25,Panama,PA,Louis Weisz,OMrUmOTPD_AnSivjxptxpA,3,1,3.3,0,0,0,0,0
2017-07-25,Pakistan,PK,Louis Weisz,OMrUmOTPD_AnSivjxptxpA,2,1,1.9,0,0,0,0,0
2017-07-25,Portugal,PT,Louis Weisz,OMrUmOTPD_AnSivjxptxpA,0,1,0.2,0,0,0,0,0
2017-07-25,Saudi Arabia,SA,Louis Weisz,OMrUmOTPD_AnSivjxptxpA,1,2,0.4,0,0,0,0,0
2017-07-25,Sweden,SE,Louis Weisz,OMrUmOTPD_AnSivjxptxpA,4,1,4.5,0,0,0,0,0
2017-07-25,Ukraine,UA,Louis Weisz,OMrUmOTPD_AnSivjxptxpA,3,1,3.1,0,0,0,0,0
2017-07-25,United States,US,Louis Weisz,OMrUmOTPD_AnSivjxptxpA,107,49,2.2,0,6,0,1,1
2017-07-26,Australia,AU,Louis Weisz,OMrUmOTPD_AnSivjxptxpA,13,9,1.5,0,0,0,0,0
2017-07-26,Bulgaria,BG,Louis Weisz,OMrUmOTPD_AnSivjxptxpA,6,1,5.8,0,0,0,0,0
2017-07-26,Brazil,BR,Louis Weisz,OMrUmOTPD_AnSivjxptxpA,4,1,3.6,0,0,0,0,0
2017-07-26,Canada,CA,Louis Weisz,OMrUmOTPD_AnSivjxptxpA,2,1,2.2,0,0,0,0,0
2017-07-26,Germany,DE,Louis Weisz,OMrUmOTPD_AnSivjxptxpA,1,1,1.0,0,0,0,0,0
2017-07-26,Spain,ES,Louis Weisz,OMrUmOTPD_AnSivjxptxpA,0,2,0.1,0,0,0,0,0
2017-07-26,France,FR,Louis Weisz,OMrUmOTPD_AnSivjxptxpA,3,1,3.0,0,0,0,0,0
2017-07-26,United Kingdom,GB,Louis Weisz,OMrUmOTPD_AnSivjxptxpA,13,7,1.9,0,0,0,0,0
2017-07-26,Greece,GR,Louis Weisz,OMrUmOTPD_AnSivjxptxpA,3,1,3.3,0,0,0,0,0
2017-07-26,Indonesia,ID,Louis Weisz,OMrUmOTPD_AnSivjxptxpA,1,1,0.7,0,0,0,0,0
2017-07-26,South Korea,KR,Louis Weisz,OMrUmOTPD_AnSivjxptxpA,0,1,0.1,0,0,0,0,0
2017-07-26,Lithuania,LT,Louis Weisz,OMrUmOTPD_AnSivjxptxpA,0,0,0.0,0,0,0,1,0
2017-07-26,Macedonia (FYROM),MK,Louis Weisz,OMrUmOTPD_AnSivjxptxpA,4,4,1.1,0,0,0,0,0
2017-07-26,Mexico,MX,Louis Weisz,OMrUmOTPD_AnSivjxptxpA,2,5,0.5,0,0,0,0,0
2017-07-26,Netherlands,NL,Louis Weisz,OMrUmOTPD_AnSivjxptxpA,5,3,1.6,0,0,0,0,0
2017-07-26,Serbia,RS,Louis Weisz,OMrUmOTPD_AnSivjxptxpA,2,1,1.5,0,0,0,0,0
2017-07-26,Trinidad & Tobago,TT,Louis Weisz,OMrUmOTPD_AnSivjxptxpA,1,1,0.7,0,0,0,0,0
2017-07-26,United States,US,Louis Weisz,OMrUmOTPD_AnSivjxptxpA,37,26,1.4,0,0,0,1,0
2017-07-27,Australia,AU,Louis Weisz,OMrUmOTPD_AnSivjxptxpA,0,2,0.1,0,0,0,0,0
2017-07-27,Canada,CA,Louis Weisz,OMrUmOTPD_AnSivjxptxpA,2,3,0.8,0,0,0,0,0
2017-07-27,Germany,DE,Louis Weisz,OMrUmOTPD_AnSivjxptxpA,5,3,1.6,0,0,0,0,0
2017-07-27,Denmark,DK,Louis Weisz,OMrUmOTPD_AnSivjxptxpA,2,2,0.9,1,0,0,1,0
2017-07-27,United Kingdom,GB,Louis Weisz,OMrUmOTPD_AnSivjxptxpA,0,1,0.2,0,0,0,0,0
2017-07-27,Hong Kong,HK,Louis Weisz,OMrUmOTPD_AnSivjxptxpA,5,1,4.9,0,0,0,0,0
2017-07-27,Indonesia,ID,Louis Weisz,OMrUmOTPD_AnSivjxptxpA,1,3,0.3,0,0,0,0,0
2017-07-27,India,IN,Louis Weisz,OMrUmOTPD_AnSivjxptxpA,2,2,1.1,0,0,0,0,0
2017-07-27,Japan,JP,Louis Weisz,OMrUmOTPD_AnSivjxptxpA,5,2,2.4,0,0,0,0,0
2017-07-27,Mexico,MX,Louis Weisz,OMrUmOTPD_AnSivjxptxpA,1,2,0.4,0,0,0,0,0
2017-07-27,Netherlands,NL,Louis Weisz,OMrUmOTPD_AnSivjxptxpA,3,2,1.6,0,0,0,0,0
2017-07-27,Philippines,PH,Louis Weisz,OMrUmOTPD_AnSivjxptxpA,20,6,3.4,1,0,0,0,0
2017-07-27,Serbia,RS,Louis Weisz,OMrUmOTPD_AnSivjxptxpA,1,1,0.8,0,0,0,0,0
2017-07-27,Slovenia,SI,Louis Weisz,OMrUmOTPD_AnSivjxptxpA,6,2,2.9,0,0,0,0,0
2017-07-27,United States,US,Louis Weisz,OMrUmOTPD_AnSivjxptxpA,126,50,2.5,0,6,0,3,1
2017-07-28,Australia,AU,Louis Weisz,OMrUmOTPD_AnSivjxptxpA,10,5,1.9,0,0,0,0,0
2017-07-28,Switzerland,CH,Louis Weisz,OMrUmOTPD_AnSivjxptxpA,1,1,0.7,0,0,0,0,0
2017-07-28,Czechia,CZ,Louis Weisz,OMrUmOTPD_AnSivjxptxpA,1,1,0.8,0,0,0,0,0
2017-07-28,Denmark,DK,Louis Weisz,OMrUmOTPD_AnSivjxptxpA,8,4,2.1,0,0,0,0,0
2017-07-28,Spain,ES,Louis Weisz,OMrUmOTPD_AnSivjxptxpA,0,1,0.5,0,0,0,0,0
2017-07-28,United Kingdom,GB,Louis Weisz,OMrUmOTPD_AnSivjxptxpA,2,3,0.6,0,0,0,0,0
2017-07-28,Israel,IL,Louis Weisz,OMrUmOTPD_AnSivjxptxpA,4,1,4.1,0,0,0,0,0
2017-07-28,India,IN,Louis Weisz,OMrUmOTPD_AnSivjxptxpA,3,3,1.1,0,0,0,0,0
2017-07-28,Italy,IT,Louis Weisz,OMrUmOTPD_AnSivjxptxpA,1,1,0.5,0,0,0,0,0
2017-07-28,Lebanon,LB,Louis Weisz,OMrUmOTPD_AnSivjxptxpA,0,1,0.1,0,0,0,0,0
2017-07-28,Mexico,MX,Louis Weisz,OMrUmOTPD_AnSivjxptxpA,4,2,2.0,0,0,0,0,0
2017-07-28,Romania,RO,Louis Weisz,OMrUmOTPD_AnSivjxptxpA,0,0,0.0,0,0,0,1,0
2017-07-28,Turkey,TR,Louis Weisz,OMrUmOTPD_AnSivjxptxpA,7,1,6.6,0,0,0,0,0
2017-07-28,United States,US,Louis Weisz,OMrUmOTPD_AnSivjxptxpA,58,28,2.1,0,3,0,1,1
2017-07-28,Unknown Region,ZZ,Louis Weisz,OMrUmOTPD_AnSivjxptxpA,0,0,0.0,1,0,0,0,0
2017-07-29,Canada,CA,Louis Weisz,OMrUmOTPD_AnSivjxptxpA,10,4,2.5,0,0,0,0,0
2017-07-29,Germany,DE,Louis Weisz,OMrUmOTPD_AnSivjxptxpA,1,3,0.5,0,0,0,0,0
2017-07-29,Spain,ES,Louis Weisz,OMrUmOTPD_AnSivjxptxpA,5,1,5.4,0,0,0,0,0
2017-07-29,Finland,FI,Louis Weisz,OMrUmOTPD_AnSivjxptxpA,2,2,1.1,0,0,0,0,0
2017-07-29,United Kingdom,GB,Louis Weisz,OMrUmOTPD_AnSivjxptxpA,8,2,3.8,0,0,0,0,0
2017-07-29,Croatia,HR,Louis Weisz,OMrUmOTPD_AnSivjxptxpA,7,7,1.1,0,0,0,0,0
2017-07-29,Ireland,IE,Louis Weisz,OMrUmOTPD_AnSivjxptxpA,5,2,2.4,0,0,0,0,0
2017-07-29,India,IN,Louis Weisz,OMrUmOTPD_AnSivjxptxpA,2,1,2.2,0,0,0,0,0
2017-07-29,Kenya,KE,Louis Weisz,OMrUmOTPD_AnSivjxptxpA,0,1,0.4,0,0,0,0,0
2017-07-29,Kazakhstan,KZ,Louis Weisz,OMrUmOTPD_AnSivjxptxpA,0,1,0.4,0,0,0,0,0
2017-07-29,Sri Lanka,LK,Louis Weisz,OMrUmOTPD_AnSivjxptxpA,0,2,0.1,0,0,0,0,0
2017-07-29,Netherlands,NL,Louis Weisz,OMrUmOTPD_AnSivjxptxpA,15,5,3.0,0,0,0,0,0
2017-07-29,New Zealand,NZ,Louis Weisz,OMrUmOTPD_AnSivjxptxpA,11,3,3.7,0,0,0,0,0
2017-07-29,Poland,PL,Louis Weisz,OMrUmOTPD_AnSivjxptxpA,7,2,3.7,0,0,0,0,0
2017-07-29,Paraguay,PY,Louis Weisz,OMrUmOTPD_AnSivjxptxpA,9,2,4.7,0,0,0,0,0
2017-07-29,Slovakia,SK,Louis Weisz,OMrUmOTPD_AnSivjxptxpA,4,1,3.6,0,0,0,0,0
2017-07-29,United States,US,Louis Weisz,OMrUmOTPD_AnSivjxptxpA,95,45,2.1,0,4,0,2,0
2017-07-30,Belgium,BE,Louis Weisz,OMrUmOTPD_AnSivjxptxpA,7,3,2.2,0,0,0,0,0
2017-07-30,Canada,CA,Louis Weisz,OMrUmOTPD_AnSivjxptxpA,10,4,2.4,0,0,0,0,0
2017-07-30,Germany,DE,Louis Weisz,OMrUmOTPD_AnSivjxptxpA,25,6,4.1,0,0,0,0,0
2017-07-30,Spain,ES,Louis Weisz,OMrUmOTPD_AnSivjxptxpA,19,5,3.8,0,0,0,0,0
2017-07-30,France,FR,Louis Weisz,OMrUmOTPD_AnSivjxptxpA,0,1,0.3,0,0,0,0,0
2017-07-30,United Kingdom,GB,Louis Weisz,OMrUmOTPD_AnSivjxptxpA,6,3,2.0,0,0,0,1,0
2017-07-30,Indonesia,ID,Louis Weisz,OMrUmOTPD_AnSivjxptxpA,2,1,1.7,0,0,0,0,0
2017-07-30,India,IN,Louis Weisz,OMrUmOTPD_AnSivjxptxpA,0,3,0.1,0,0,0,0,0
2017-07-30,Japan,JP,Louis Weisz,OMrUmOTPD_AnSivjxptxpA,2,2,1.1,0,0,0,0,0
2017-07-30,Morocco,MA,Louis Weisz,OMrUmOTPD_AnSivjxptxpA,4,1,3.6,0,0,0,0,0
2017-07-30,Mongolia,MN,Louis Weisz,OMrUmOTPD_AnSivjxptxpA,0,1,0.3,0,0,0,0,0
2017-07-30,Netherlands,NL,Louis Weisz,OMrUmOTPD_AnSivjxptxpA,0,1,0.5,0,0,0,0,0
2017-07-30,Pakistan,PK,Louis Weisz,OMrUmOTPD_AnSivjxptxpA,0,1,0.4,0,0,0,0,0
2017-07-30,Poland,PL,Louis Weisz,OMrUmOTPD_AnSivjxptxpA,6,1,5.9,0,0,0,0,0
2017-07-30,United States,US,Louis Weisz,OMrUmOTPD_AnSivjxptxpA,96,49,2.0,0,1,0,0,0
2017-07-31,Austria,AT,Louis Weisz,OMrUmOTPD_AnSivjxptxpA,1,2,0.7,0,0,0,0,0
2017-07-31,Australia,AU,Louis Weisz,OMrUmOTPD_AnSivjxptxpA,0,1,0.0,0,0,0,1,0
2017-07-31,Brazil,BR,Louis Weisz,OMrUmOTPD_AnSivjxptxpA,0,1,0.5,0,0,0,0,0
2017-07-31,Canada,CA,Louis Weisz,OMrUmOTPD_AnSivjxptxpA,0,1,0.3,0,0,0,0,0
2017-07-31,Germany,DE,Louis Weisz,OMrUmOTPD_AnSivjxptxpA,0,1,0.3,0,0,0,0,0
2017-07-31,Egypt,EG,Louis Weisz,OMrUmOTPD_AnSivjxptxpA,0,1,0.1,0,0,0,0,0
2017-07-31,France,FR,Louis Weisz,OMrUmOTPD_AnSivjxptxpA,0,1,0.1,0,0,0,0,0
2017-07-31,United Kingdom,GB,Louis Weisz,OMrUmOTPD_AnSivjxptxpA,36,12,3.0,0,0,0,0,0
2017-07-31,Guernsey,GG,Louis Weisz,OMrUmOTPD_AnSivjxptxpA,3,2,1.4,0,0,0,0,0
2017-07-31,Greece,GR,Louis Weisz,OMrUmOTPD_AnSivjxptxpA,5,1,4.8,0,0,0,0,0
2017-07-31,Ireland,IE,Louis Weisz,OMrUmOTPD_AnSivjxptxpA,1,2,0.3,0,0,0,0,0
2017-07-31,India,IN,Louis Weisz,OMrUmOTPD_AnSivjxptxpA,3,1,3.1,0,0,0,0,0
2017-07-31,Kazakhstan,KZ,Louis Weisz,OMrUmOTPD_AnSivjxptxpA,1,1,0.8,0,0,0,0,0
2017-07-31,Philippines,PH,Louis Weisz,OMrUmOTPD_AnSivjxptxpA,3,1,2.8,0,0,0,0,0
2017-07-31,Sweden,SE,Louis Weisz,OMrUmOTPD_AnSivjxptxpA,17,5,3.3,0,0,0,0,0
2017-07-31,United States,US,Louis Weisz,OMrUmOTPD_AnSivjxptxpA,82,41,2.0,0,2,0,3,1
2017-08-01,Australia,AU,Louis Weisz,OMrUmOTPD_AnSivjxptxpA,3,2,1.3,0,0,0,0,0
2017-08-01,Canada,CA,Louis Weisz,OMrUmOTPD_AnSivjxptxpA,3,1,2.8,0,0,0,0,0
2017-08-01,Denmark,DK,Louis Weisz,OMrUmOTPD_AnSivjxptxpA,8,3,2.6,0,0,0,0,0
2017-08-01,Finland,FI,Louis Weisz,OMrUmOTPD_AnSivjxptxpA,4,1,3.8,0,0,0,0,0
2017-08-01,United Kingdom,GB,Louis Weisz,OMrUmOTPD_AnSivjxptxpA,2,2,0.9,0,0,1,0,0
2017-08-01,India,IN,Louis Weisz,OMrUmOTPD_AnSivjxptxpA,4,3,1.4,0,0,0,0,0
2017-08-01,Japan,JP,Louis Weisz,OMrUmOTPD_AnSivjxptxpA,2,1,2.4,0,0,0,0,0
2017-08-01,Netherlands,NL,Louis Weisz,OMrUmOTPD_AnSivjxptxpA,6,1,6.3,0,0,0,0,0
2017-08-01,Norway,NO,Louis Weisz,OMrUmOTPD_AnSivjxptxpA,4,1,3.6,0,0,0,0,0
2017-08-01,Nepal,NP,Louis Weisz,OMrUmOTPD_AnSivjxptxpA,1,1,1.4,0,0,0,0,0
2017-08-01,Sweden,SE,Louis Weisz,OMrUmOTPD_AnSivjxptxpA,2,2,1.0,0,0,0,0,0
2017-08-01,Taiwan,TW,Louis Weisz,OMrUmOTPD_AnSivjxptxpA,3,1,3.1,0,0,0,0,0
2017-08-01,United States,US,Louis Weisz,OMrUmOTPD_AnSivjxptxpA,39,23,1.7,0,0,0,1,0
2017-08-02,Argentina,AR,Louis Weisz,OMrUmOTPD_AnSivjxptxpA,3,1,2.8,0,0,0,0,0
2017-08-02,Australia,AU,Louis Weisz,OMrUmOTPD_AnSivjxptxpA,3,4,0.7,0,0,0,0,0
2017-08-02,Bangladesh,BD,Louis Weisz,OMrUmOTPD_AnSivjxptxpA,0,1,0.0,0,0,0,0,0
2017-08-02,Canada,CA,Louis Weisz,OMrUmOTPD_AnSivjxptxpA,5,4,1.2,0,0,0,0,0
2017-08-02,Germany,DE,Louis Weisz,OMrUmOTPD_AnSivjxptxpA,1,2,0.6,0,0,0,0,0
2017-08-02,Denmark,DK,Louis Weisz,OMrUmOTPD_AnSivjxptxpA,0,1,0.0,0,0,0,0,0
2017-08-02,Spain,ES,Louis Weisz,OMrUmOTPD_AnSivjxptxpA,3,1,3.4,0,0,0,0,0
2017-08-02,France,FR,Louis Weisz,OMrUmOTPD_AnSivjxptxpA,2,1,2.1,0,0,0,0,0
2017-08-02,United Kingdom,GB,Louis Weisz,OMrUmOTPD_AnSivjxptxpA,14,5,2.8,0,0,0,0,0
2017-08-02,India,IN,Louis Weisz,OMrUmOTPD_AnSivjxptxpA,9,3,2.9,0,0,0,0,0
2017-08-02,Latvia,LV,Louis Weisz,OMrUmOTPD_AnSivjxptxpA,4,4,0.9,0,0,0,0,0
2017-08-02,Norway,NO,Louis Weisz,OMrUmOTPD_AnSivjxptxpA,6,2,3.2,0,0,0,0,0
2017-08-02,Poland,PL,Louis Weisz,OMrUmOTPD_AnSivjxptxpA,7,4,1.7,0,0,0,0,0
2017-08-02,Saudi Arabia,SA,Louis Weisz,OMrUmOTPD_AnSivjxptxpA,1,1,1.1,0,0,0,0,0
2017-08-02,Sweden,SE,Louis Weisz,OMrUmOTPD_AnSivjxptxpA,2,1,2.3,0,0,0,0,0
2017-08-02,United States,US,Louis Weisz,OMrUmOTPD_AnSivjxptxpA,51,28,1.8,0,0,0,0,0
2017-08-02,Vietnam,VN,Louis Weisz,OMrUmOTPD_AnSivjxptxpA,1,1,1.0,0,0,0,0,0
2017-08-03,Australia,AU,Louis Weisz,OMrUmOTPD_AnSivjxptxpA,0,1,0.1,0,0,0,0,0
2017-08-03,Canada,CA,Louis Weisz,OMrUmOTPD_AnSivjxptxpA,7,4,1.6,0,0,0,0,0
2017-08-03,Germany,DE,Louis Weisz,OMrUmOTPD_AnSivjxptxpA,5,4,1.3,0,0,0,0,0
2017-08-03,Denmark,DK,Louis Weisz,OMrUmOTPD_AnSivjxptxpA,1,2,0.7,0,0,0,0,0
2017-08-03,France,FR,Louis Weisz,OMrUmOTPD_AnSivjxptxpA,4,3,1.2,0,1,0,0,0
2017-08-03,Greece,GR,Louis Weisz,OMrUmOTPD_AnSivjxptxpA,3,1,2.8,0,0,0,0,0
2017-08-03,Hungary,HU,Louis Weisz,OMrUmOTPD_AnSivjxptxpA,1,1,0.6,0,0,0,0,0
2017-08-03,Indonesia,ID,Louis Weisz,OMrUmOTPD_AnSivjxptxpA,1,1,0.6,0,0,0,0,0
2017-08-03,India,IN,Louis Weisz,OMrUmOTPD_AnSivjxptxpA,8,4,2.1,0,0,0,0,0
2017-08-03,Japan,JP,Louis Weisz,OMrUmOTPD_AnSivjxptxpA,0,1,0.3,0,0,0,0,0
2017-08-03,South Korea,KR,Louis Weisz,OMrUmOTPD_AnSivjxptxpA,0,1,0.3,0,0,0,0,0
2017-08-03,Norway,NO,Louis Weisz,OMrUmOTPD_AnSivjxptxpA,7,2,3.5,0,0,0,0,0
2017-08-03,Poland,PL,Louis Weisz,OMrUmOTPD_AnSivjxptxpA,3,1,2.6,0,0,0,0,0
2017-08-03,Portugal,PT,Louis Weisz,OMrUmOTPD_AnSivjxptxpA,2,1,2.3,0,0,0,0,0
2017-08-03,Romania,RO,Louis Weisz,OMrUmOTPD_AnSivjxptxpA,2,1,2.4,0,0,0,0,0
2017-08-03,Sweden,SE,Louis Weisz,OMrUmOTPD_AnSivjxptxpA,9,2,4.7,0,0,0,0,0
2017-08-03,United States,US,Louis Weisz,OMrUmOTPD_AnSivjxptxpA,61,29,2.1,0,-1,0,0,0
2017-08-03,Vietnam,VN,Louis Weisz,OMrUmOTPD_AnSivjxptxpA,3,1,3.2,0,0,0,0,0
2017-08-04,Australia,AU,Louis Weisz,OMrUmOTPD_AnSivjxptxpA,23,8,2.9,0,0,0,0,0
2017-08-04,Canada,CA,Louis Weisz,OMrUmOTPD_AnSivjxptxpA,2,2,0.9,0,0,0,0,0
2017-08-04,Switzerland,CH,Louis Weisz,OMrUmOTPD_AnSivjxptxpA,3,1,2.9,0,0,0,0,0
2017-08-04,Germany,DE,Louis Weisz,OMrUmOTPD_AnSivjxptxpA,6,6,0.9,0,0,0,0,0
2017-08-04,France,FR,Louis Weisz,OMrUmOTPD_AnSivjxptxpA,0,1,0.2,0,0,0,0,0
2017-08-04,United Kingdom,GB,Louis Weisz,OMrUmOTPD_AnSivjxptxpA,15,6,2.6,0,0,0,0,0
2017-08-04,India,IN,Louis Weisz,OMrUmOTPD_AnSivjxptxpA,2,3,0.7,0,0,0,0,0
2017-08-04,Cambodia,KH,Louis Weisz,OMrUmOTPD_AnSivjxptxpA,1,1,0.8,0,0,0,0,0
2017-08-04,Singapore,SG,Louis Weisz,OMrUmOTPD_AnSivjxptxpA,5,3,1.8,0,0,0,0,0
2017-08-04,Trinidad & Tobago,TT,Louis Weisz,OMrUmOTPD_AnSivjxptxpA,0,1,0.5,0,0,0,0,0
2017-08-04,United States,US,Louis Weisz,OMrUmOTPD_AnSivjxptxpA,51,26,2.0,0,0,0,2,0
2017-08-05,Australia,AU,Louis Weisz,OMrUmOTPD_AnSivjxptxpA,17,6,2.8,0,0,0,0,0
2017-08-05,Germany,DE,Louis Weisz,OMrUmOTPD_AnSivjxptxpA,4,3,1.4,0,0,0,0,0
2017-08-05,Denmark,DK,Louis Weisz,OMrUmOTPD_AnSivjxptxpA,0,1,0.1,0,0,0,0,0
2017-08-05,United Kingdom,GB,Louis Weisz,OMrUmOTPD_AnSivjxptxpA,26,14,1.9,0,0,0,0,0
2017-08-05,Indonesia,ID,Louis Weisz,OMrUmOTPD_AnSivjxptxpA,7,2,3.4,0,0,0,0,0
2017-08-05,India,IN,Louis Weisz,OMrUmOTPD_AnSivjxptxpA,0,3,0.2,0,0,0,0,0
2017-08-05,Japan,JP,Louis Weisz,OMrUmOTPD_AnSivjxptxpA,4,2,1.9,0,0,0,0,0
2017-08-05,Mexico,MX,Louis Weisz,OMrUmOTPD_AnSivjxptxpA,1,1,0.9,0,0,0,0,0
2017-08-05,New Zealand,NZ,Louis Weisz,OMrUmOTPD_AnSivjxptxpA,0,1,0.2,0,0,0,0,0
2017-08-05,Philippines,PH,Louis Weisz,OMrUmOTPD_AnSivjxptxpA,1,1,0.5,0,0,0,0,0
2017-08-05,Sweden,SE,Louis Weisz,OMrUmOTPD_AnSivjxptxpA,0,1,0.3,0,0,0,0,0
2017-08-05,Trinidad & Tobago,TT,Louis Weisz,OMrUmOTPD_AnSivjxptxpA,0,1,0.1,0,0,0,0,0
2017-08-05,Ukraine,UA,Louis Weisz,OMrUmOTPD_AnSivjxptxpA,6,2,3.1,0,0,0,0,0
2017-08-05,United States,US,Louis Weisz,OMrUmOTPD_AnSivjxptxpA,67,30,2.2,0,1,0,1,0
2017-08-06,Australia,AU,Louis Weisz,OMrUmOTPD_AnSivjxptxpA,6,2,3.1,0,0,0,0,0
2017-08-06,Bangladesh,BD,Louis Weisz,OMrUmOTPD_AnSivjxptxpA,2,1,2.1,0,0,0,0,0
2017-08-06,Belgium,BE,Louis Weisz,OMrUmOTPD_AnSivjxptxpA,0,1,0.4,0,0,0,0,0
2017-08-06,Brazil,BR,Louis Weisz,OMrUmOTPD_AnSivjxptxpA,4,2,2.0,0,0,0,1,0
2017-08-06,Canada,CA,Louis Weisz,OMrUmOTPD_AnSivjxptxpA,1,1,1.2,0,0,0,0,0
2017-08-06,Switzerland,CH,Louis Weisz,OMrUmOTPD_AnSivjxptxpA,0,1,0.3,0,0,0,0,0
2017-08-06,Germany,DE,Louis Weisz,OMrUmOTPD_AnSivjxptxpA,3,2,1.3,0,0,0,0,0
2017-08-06,Egypt,EG,Louis Weisz,OMrUmOTPD_AnSivjxptxpA,0,1,0.3,0,0,0,0,0
2017-08-06,United Kingdom,GB,Louis Weisz,OMrUmOTPD_AnSivjxptxpA,11,7,1.5,0,0,0,0,0
2017-08-06,Indonesia,ID,Louis Weisz,OMrUmOTPD_AnSivjxptxpA,1,2,0.3,0,0,0,0,0
2017-08-06,India,IN,Louis Weisz,OMrUmOTPD_AnSivjxptxpA,4,7,0.6,0,0,0,0,0
2017-08-06,Japan,JP,Louis Weisz,OMrUmOTPD_AnSivjxptxpA,1,1,0.9,0,0,0,0,0
2017-08-06,South Korea,KR,Louis Weisz,OMrUmOTPD_AnSivjxptxpA,1,3,0.4,0,0,0,0,0
2017-08-06,Sri Lanka,LK,Louis Weisz,OMrUmOTPD_AnSivjxptxpA,0,1,0.2,0,0,0,0,0
2017-08-06,Malaysia,MY,Louis Weisz,OMrUmOTPD_AnSivjxptxpA,8,1,7.8,0,0,0,0,0
2017-08-06,United States,US,Louis Weisz,OMrUmOTPD_AnSivjxptxpA,21,19,1.1,0,0,0,1,1
2017-08-07,Australia,AU,Louis Weisz,OMrUmOTPD_AnSivjxptxpA,21,6,3.4,0,0,0,0,0
2017-08-07,Canada,CA,Louis Weisz,OMrUmOTPD_AnSivjxptxpA,27,8,3.3,0,0,0,0,0
2017-08-07,Colombia,CO,Louis Weisz,OMrUmOTPD_AnSivjxptxpA,5,5,1.0,0,0,0,0,0
2017-08-07,Czechia,CZ,Louis Weisz,OMrUmOTPD_AnSivjxptxpA,3,1,2.8,0,0,0,0,0
2017-08-07,Germany,DE,Louis Weisz,OMrUmOTPD_AnSivjxptxpA,11,5,2.1,0,0,0,0,0
2017-08-07,Denmark,DK,Louis Weisz,OMrUmOTPD_AnSivjxptxpA,0,1,0.4,0,0,0,0,0
2017-08-07,France,FR,Louis Weisz,OMrUmOTPD_AnSivjxptxpA,6,2,3.2,0,0,0,0,0
2017-08-07,United Kingdom,GB,Louis Weisz,OMrUmOTPD_AnSivjxptxpA,31,9,3.4,0,0,0,0,0
2017-08-07,India,IN,Louis Weisz,OMrUmOTPD_AnSivjxptxpA,0,1,0.2,0,0,0,0,0
2017-08-07,Iceland,IS,Louis Weisz,OMrUmOTPD_AnSivjxptxpA,0,1,0.2,0,0,0,0,0
2017-08-07,Japan,JP,Louis Weisz,OMrUmOTPD_AnSivjxptxpA,0,1,0.2,0,0,0,0,0
2017-08-07,Netherlands,NL,Louis Weisz,OMrUmOTPD_AnSivjxptxpA,1,1,0.8,0,0,0,0,0
2017-08-07,Poland,PL,Louis Weisz,OMrUmOTPD_AnSivjxptxpA,7,1,7.0,0,0,0,0,0
2017-08-07,Sweden,SE,Louis Weisz,OMrUmOTPD_AnSivjxptxpA,6,6,1.1,0,0,0,0,0
2017-08-07,United States,US,Louis Weisz,OMrUmOTPD_AnSivjxptxpA,52,31,1.7,0,0,0,0,1
2017-08-08,Austria,AT,Louis Weisz,OMrUmOTPD_AnSivjxptxpA,1,2,0.4,0,0,0,0,0
2017-08-08,Australia,AU,Louis Weisz,OMrUmOTPD_AnSivjxptxpA,21,5,4.3,0,0,0,1,0
2017-08-08,Bulgaria,BG,Louis Weisz,OMrUmOTPD_AnSivjxptxpA,0,1,0.2,0,0,0,0,0
2017-08-08,Canada,CA,Louis Weisz,OMrUmOTPD_AnSivjxptxpA,23,10,2.3,0,0,0,0,0
2017-08-08,Switzerland,CH,Louis Weisz,OMrUmOTPD_AnSivjxptxpA,13,6,2.1,0,0,0,1,0
2017-08-08,Costa Rica,CR,Louis Weisz,OMrUmOTPD_AnSivjxptxpA,3,1,2.9,0,0,0,0,0
2017-08-08,Germany,DE,Louis Weisz,OMrUmOTPD_AnSivjxptxpA,3,2,1.3,0,0,0,0,0
2017-08-08,United Kingdom,GB,Louis Weisz,OMrUmOTPD_AnSivjxptxpA,22,6,3.6,0,0,0,0,0
2017-08-08,India,IN,Louis Weisz,OMrUmOTPD_AnSivjxptxpA,11,5,2.3,0,0,0,0,0
2017-08-08,Japan,JP,Louis Weisz,OMrUmOTPD_AnSivjxptxpA,1,1,1.0,0,0,0,0,0
2017-08-08,South Korea,KR,Louis Weisz,OMrUmOTPD_AnSivjxptxpA,1,2,0.5,0,0,0,0,0
2017-08-08,Lithuania,LT,Louis Weisz,OMrUmOTPD_AnSivjxptxpA,3,1,2.8,0,0,0,0,0
2017-08-08,Netherlands,NL,Louis Weisz,OMrUmOTPD_AnSivjxptxpA,2,2,1.0,0,0,0,0,0
2017-08-08,Norway,NO,Louis Weisz,OMrUmOTPD_AnSivjxptxpA,4,4,0.9,0,0,0,0,0
2017-08-08,Romania,RO,Louis Weisz,OMrUmOTPD_AnSivjxptxpA,3,1,2.8,0,1,0,0,0
2017-08-08,Singapore,SG,Louis Weisz,OMrUmOTPD_AnSivjxptxpA,3,3,1.0,0,0,0,0,0
2017-08-08,United States,US,Louis Weisz,OMrUmOTPD_AnSivjxptxpA,95,49,1.9,0,0,0,3,0
2017-08-08,South Africa,ZA,Louis Weisz,OMrUmOTPD_AnSivjxptxpA,1,1,1.1,0,0,0,0,0
2017-08-09,Argentina,AR,Louis Weisz,OMrUmOTPD_AnSivjxptxpA,2,1,1.7,0,0,0,0,0
2017-08-09,Australia,AU,Louis Weisz,OMrUmOTPD_AnSivjxptxpA,8,6,1.4,0,0,0,0,0
2017-08-09,Belgium,BE,Louis Weisz,OMrUmOTPD_AnSivjxptxpA,0,1,0.4,0,0,0,0,0
2017-08-09,Bolivia,BO,Louis Weisz,OMrUmOTPD_AnSivjxptxpA,1,1,0.9,0,0,0,0,0
2017-08-09,Canada,CA,Louis Weisz,OMrUmOTPD_AnSivjxptxpA,10,2,4.9,0,0,0,0,0
2017-08-09,Colombia,CO,Louis Weisz,OMrUmOTPD_AnSivjxptxpA,1,1,1.0,0,0,0,0,0
2017-08-09,Germany,DE,Louis Weisz,OMrUmOTPD_AnSivjxptxpA,1,1,1.1,0,0,0,0,0
2017-08-09,Algeria,DZ,Louis Weisz,OMrUmOTPD_AnSivjxptxpA,0,1,0.3,0,0,0,0,0
2017-08-09,Spain,ES,Louis Weisz,OMrUmOTPD_AnSivjxptxpA,5,2,2.5,0,0,0,0,0
2017-08-09,United Kingdom,GB,Louis Weisz,OMrUmOTPD_AnSivjxptxpA,7,3,2.2,0,0,0,0,0
2017-08-09,Indonesia,ID,Louis Weisz,OMrUmOTPD_AnSivjxptxpA,3,1,2.8,0,0,0,0,0
2017-08-09,India,IN,Louis Weisz,OMrUmOTPD_AnSivjxptxpA,4,6,0.7,0,0,0,0,0
2017-08-09,Italy,IT,Louis Weisz,OMrUmOTPD_AnSivjxptxpA,0,1,0.2,0,0,0,0,0
2017-08-09,Japan,JP,Louis Weisz,OMrUmOTPD_AnSivjxptxpA,1,2,0.5,0,0,0,0,0
2017-08-09,Netherlands,NL,Louis Weisz,OMrUmOTPD_AnSivjxptxpA,3,1,3.3,0,0,0,0,0
2017-08-09,Philippines,PH,Louis Weisz,OMrUmOTPD_AnSivjxptxpA,0,1,0.0,0,0,0,0,0
2017-08-09,Pakistan,PK,Louis Weisz,OMrUmOTPD_AnSivjxptxpA,0,1,0.4,0,0,0,0,0
2017-08-09,Poland,PL,Louis Weisz,OMrUmOTPD_AnSivjxptxpA,3,1,3.2,0,0,0,0,0
2017-08-09,Saudi Arabia,SA,Louis Weisz,OMrUmOTPD_AnSivjxptxpA,11,3,3.5,0,0,0,0,0
2017-08-09,Singapore,SG,Louis Weisz,OMrUmOTPD_AnSivjxptxpA,1,1,0.5,0,0,0,0,0
2017-08-09,Thailand,TH,Louis Weisz,OMrUmOTPD_AnSivjxptxpA,3,2,1.5,0,0,0,0,0
2017-08-09,United States,US,Louis Weisz,OMrUmOTPD_AnSivjxptxpA,103,59,1.7,0,2,0,4,1
2017-08-09,Vietnam,VN,Louis Weisz,OMrUmOTPD_AnSivjxptxpA,2,2,1.2,0,0,0,0,0
2017-08-10,Australia,AU,Louis Weisz,OMrUmOTPD_AnSivjxptxpA,19,12,1.6,0,0,0,0,0
2017-08-10,Belgium,BE,Louis Weisz,OMrUmOTPD_AnSivjxptxpA,5,3,1.7,0,0,0,0,0
2017-08-10,Bolivia,BO,Louis Weisz,OMrUmOTPD_AnSivjxptxpA,3,1,3.2,0,0,0,0,0
2017-08-10,Colombia,CO,Louis Weisz,OMrUmOTPD_AnSivjxptxpA,3,2,1.3,0,0,0,0,0
2017-08-10,Germany,DE,Louis Weisz,OMrUmOTPD_AnSivjxptxpA,4,2,2.0,0,0,0,0,0
2017-08-10,Egypt,EG,Louis Weisz,OMrUmOTPD_AnSivjxptxpA,0,2,0.2,0,0,0,0,0
2017-08-10,Finland,FI,Louis Weisz,OMrUmOTPD_AnSivjxptxpA,2,1,1.6,0,0,0,0,0
2017-08-10,France,FR,Louis Weisz,OMrUmOTPD_AnSivjxptxpA,3,2,1.5,0,0,0,0,0
2017-08-10,United Kingdom,GB,Louis Weisz,OMrUmOTPD_AnSivjxptxpA,21,10,2.1,0,0,0,0,0
2017-08-10,Ireland,IE,Louis Weisz,OMrUmOTPD_AnSivjxptxpA,2,1,2.1,0,0,0,0,0
2017-08-10,India,IN,Louis Weisz,OMrUmOTPD_AnSivjxptxpA,5,2,2.4,0,0,0,0,0
2017-08-10,Japan,JP,Louis Weisz,OMrUmOTPD_AnSivjxptxpA,1,2,0.7,0,0,0,0,0
2017-08-10,Sri Lanka,LK,Louis Weisz,OMrUmOTPD_AnSivjxptxpA,2,2,0.9,0,0,0,0,0
2017-08-10,Netherlands,NL,Louis Weisz,OMrUmOTPD_AnSivjxptxpA,1,1,0.8,0,0,0,0,0
2017-08-10,Pakistan,PK,Louis Weisz,OMrUmOTPD_AnSivjxptxpA,0,1,0.0,0,0,0,0,0
2017-08-10,Romania,RO,Louis Weisz,OMrUmOTPD_AnSivjxptxpA,0,1,0.1,0,0,0,0,0
2017-08-10,Saudi Arabia,SA,Louis Weisz,OMrUmOTPD_AnSivjxptxpA,11,1,11.0,0,0,0,0,0
2017-08-10,Sweden,SE,Louis Weisz,OMrUmOTPD_AnSivjxptxpA,3,1,3.2,0,0,0,0,0
2017-08-10,Singapore,SG,Louis Weisz,OMrUmOTPD_AnSivjxptxpA,2,1,2.5,0,0,0,0,0
2017-08-10,Slovenia,SI,Louis Weisz,OMrUmOTPD_AnSivjxptxpA,0,1,0.2,0,0,0,0,0
2017-08-10,Ukraine,UA,Louis Weisz,OMrUmOTPD_AnSivjxptxpA,1,1,0.6,0,0,0,0,0
2017-08-10,United States,US,Louis Weisz,OMrUmOTPD_AnSivjxptxpA,89,51,1.7,0,2,0,2,0
2017-08-10,South Africa,ZA,Louis Weisz,OMrUmOTPD_AnSivjxptxpA,2,1,1.6,0,0,0,0,0
2017-08-11,Austria,AT,Louis Weisz,OMrUmOTPD_AnSivjxptxpA,6,1,6.1,0,1,0,0,0
2017-08-11,Australia,AU,Louis Weisz,OMrUmOTPD_AnSivjxptxpA,3,3,0.9,0,0,0,0,1
2017-08-11,Bangladesh,BD,Louis Weisz,OMrUmOTPD_AnSivjxptxpA,1,1,0.7,0,0,0,0,0
2017-08-11,Belgium,BE,Louis Weisz,OMrUmOTPD_AnSivjxptxpA,7,1,7.1,0,0,0,0,0
2017-08-11,Canada,CA,Louis Weisz,OMrUmOTPD_AnSivjxptxpA,6,3,2.1,0,0,0,0,0
2017-08-11,Germany,DE,Louis Weisz,OMrUmOTPD_AnSivjxptxpA,8,3,2.6,0,0,0,0,0
2017-08-11,Spain,ES,Louis Weisz,OMrUmOTPD_AnSivjxptxpA,5,2,2.7,0,0,0,0,0
2017-08-11,United Kingdom,GB,Louis Weisz,OMrUmOTPD_AnSivjxptxpA,18,10,1.8,0,0,0,0,0
2017-08-11,Guadeloupe,GP,Louis Weisz,OMrUmOTPD_AnSivjxptxpA,1,1,0.9,0,0,0,0,0
2017-08-11,Greece,GR,Louis Weisz,OMrUmOTPD_AnSivjxptxpA,0,1,0.1,0,0,0,0,0
2017-08-11,Guatemala,GT,Louis Weisz,OMrUmOTPD_AnSivjxptxpA,0,1,0.3,0,0,0,0,0
2017-08-11,Hungary,HU,Louis Weisz,OMrUmOTPD_AnSivjxptxpA,3,1,2.8,0,0,0,0,0
2017-08-11,Ireland,IE,Louis Weisz,OMrUmOTPD_AnSivjxptxpA,3,1,2.5,0,0,0,0,0
2017-08-11,India,IN,Louis Weisz,OMrUmOTPD_AnSivjxptxpA,6,4,1.5,0,0,0,0,0
2017-08-11,Iraq,IQ,Louis Weisz,OMrUmOTPD_AnSivjxptxpA,1,1,0.8,0,0,0,0,0
2017-08-11,Japan,JP,Louis Weisz,OMrUmOTPD_AnSivjxptxpA,4,1,3.6,0,0,0,0,0
2017-08-11,Malaysia,MY,Louis Weisz,OMrUmOTPD_AnSivjxptxpA,3,2,1.5,0,0,0,0,0
2017-08-11,Netherlands,NL,Louis Weisz,OMrUmOTPD_AnSivjxptxpA,24,13,1.8,0,5,0,0,0
2017-08-11,Peru,PE,Louis Weisz,OMrUmOTPD_AnSivjxptxpA,0,1,0.2,0,0,0,0,0
2017-08-11,United States,US,Louis Weisz,OMrUmOTPD_AnSivjxptxpA,87,36,2.4,0,0,0,0,1
2017-08-12,Australia,AU,Louis Weisz,OMrUmOTPD_AnSivjxptxpA,8,3,2.8,0,0,0,0,0
2017-08-12,Belgium,BE,Louis Weisz,OMrUmOTPD_AnSivjxptxpA,6,1,5.6,0,0,0,0,0
2017-08-12,Canada,CA,Louis Weisz,OMrUmOTPD_AnSivjxptxpA,7,4,1.8,0,0,0,0,0
2017-08-12,Switzerland,CH,Louis Weisz,OMrUmOTPD_AnSivjxptxpA,1,1,0.6,0,0,0,0,0
2017-08-12,Colombia,CO,Louis Weisz,OMrUmOTPD_AnSivjxptxpA,9,3,3.2,0,0,0,0,0
2017-08-12,Germany,DE,Louis Weisz,OMrUmOTPD_AnSivjxptxpA,5,4,1.2,0,0,0,0,0
2017-08-12,France,FR,Louis Weisz,OMrUmOTPD_AnSivjxptxpA,17,5,3.5,0,0,0,0,0
2017-08-12,United Kingdom,GB,Louis Weisz,OMrUmOTPD_AnSivjxptxpA,4,5,0.8,0,0,0,0,0
2017-08-12,Hungary,HU,Louis Weisz,OMrUmOTPD_AnSivjxptxpA,9,4,2.2,0,0,0,0,0
2017-08-12,India,IN,Louis Weisz,OMrUmOTPD_AnSivjxptxpA,14,7,2.0,0,0,0,0,0
2017-08-12,Iraq,IQ,Louis Weisz,OMrUmOTPD_AnSivjxptxpA,0,1,0.1,0,0,0,0,0
2017-08-12,Japan,JP,Louis Weisz,OMrUmOTPD_AnSivjxptxpA,7,6,1.1,0,0,0,0,0
2017-08-12,Mexico,MX,Louis Weisz,OMrUmOTPD_AnSivjxptxpA,3,1,3.4,0,0,0,0,0
2017-08-12,Netherlands,NL,Louis Weisz,OMrUmOTPD_AnSivjxptxpA,0,1,0.4,0,0,0,0,0
2017-08-12,Norway,NO,Louis Weisz,OMrUmOTPD_AnSivjxptxpA,1,1,1.4,0,0,0,0,0
2017-08-12,New Zealand,NZ,Louis Weisz,OMrUmOTPD_AnSivjxptxpA,4,3,1.4,0,0,0,0,0
2017-08-12,Pakistan,PK,Louis Weisz,OMrUmOTPD_AnSivjxptxpA,0,1,0.3,0,0,0,0,0
2017-08-12,Paraguay,PY,Louis Weisz,OMrUmOTPD_AnSivjxptxpA,6,1,5.8,0,0,0,0,0
2017-08-12,Sweden,SE,Louis Weisz,OMrUmOTPD_AnSivjxptxpA,0,1,0.1,0,0,0,0,0
2017-08-12,United States,US,Louis Weisz,OMrUmOTPD_AnSivjxptxpA,71,26,2.7,0,2,0,1,0
