date,country_name,country_id,channel_display_name,channel_id,watch_time_minutes,views,average_view_duration,comments,likes,dislikes,subscribers_gained,subscribers_lost
2016-06-13,France,FR,Louis Weisz,OMrUmOTPD_AnSivjxptxpA,0,1,0.5,0,0,0,0,0
2016-06-13,Indonesia,ID,Louis Weisz,OMrUmOTPD_AnSivjxptxpA,2,1,2.0,0,0,0,0,0
2016-06-13,India,IN,Louis Weisz,OMrUmOTPD_AnSivjxptxpA,3,1,2.6,0,0,0,0,0
2016-06-13,Mexico,MX,Louis Weisz,OMrUmOTPD_AnSivjxptxpA,0,1,0.3,0,0,0,0,0
2016-06-13,Poland,PL,Louis Weisz,OMrUmOTPD_AnSivjxptxpA,0,1,0.1,0,0,0,0,0
2016-06-13,Sweden,SE,Louis Weisz,OMrUmOTPD_AnSivjxptxpA,1,1,0.6,0,0,0,0,0
2016-06-13,United States,US,Louis Weisz,OMrUmOTPD_AnSivjxptxpA,134,44,3.0,2,2,0,1,1
2016-06-14,Austria,AT,Louis Weisz,OMrUmOTPD_AnSivjxptxpA,1,1,0.9,0,0,0,0,0
2016-06-14,Australia,AU,Louis Weisz,OMrUmOTPD_AnSivjxptxpA,2,2,1.2,0,1,0,0,0
2016-06-14,Canada,CA,Louis Weisz,OMrUmOTPD_AnSivjxptxpA,1,1,1.1,0,0,0,0,0
2016-06-14,Germany,DE,Louis Weisz,OMrUmOTPD_AnSivjxptxpA,2,3,0.5,0,0,0,0,0
2016-06-14,Ireland,IE,Louis Weisz,OMrUmOTPD_AnSivjxptxpA,3,1,2.6,0,0,0,0,0
2016-06-14,Israel,IL,Louis Weisz,OMrUmOTPD_AnSivjxptxpA,0,1,0.1,0,0,0,0,0
2016-06-14,Malaysia,MY,Louis Weisz,OMrUmOTPD_AnSivjxptxpA,4,1,3.5,0,0,0,0,0
2016-06-14,Netherlands,NL,Louis Weisz,OMrUmOTPD_AnSivjxptxpA,8,3,2.8,0,0,0,0,0
2016-06-14,Norway,NO,Louis Weisz,OMrUmOTPD_AnSivjxptxpA,1,2,0.4,0,0,0,0,0
2016-06-14,United States,US,Louis Weisz,OMrUmOTPD_AnSivjxptxpA,37,24,1.5,0,1,0,0,0
2016-06-14,South Africa,ZA,Louis Weisz,OMrUmOTPD_AnSivjxptxpA,4,1,4.4,0,0,0,0,0
2016-06-15,Australia,AU,Louis Weisz,OMrUmOTPD_AnSivjxptxpA,5,2,2.3,0,0,0,0,0
2016-06-15,Brazil,BR,Louis Weisz,OMrUmOTPD_AnSivjxptxpA,4,1,4.1,0,0,0,0,0
2016-06-15,Congo - Brazzaville,CG,Louis Weisz,OMrUmOTPD_AnSivjxptxpA,0,3,0.1,0,0,0,0,0
2016-06-15,Germany,DE,Louis Weisz,OMrUmOTPD_AnSivjxptxpA,2,1,2.5,0,0,0,0,0
2016-06-15,Finland,FI,Louis Weisz,OMrUmOTPD_AnSivjxptxpA,1,1,0.9,0,0,0,0,0
2016-06-15,France,FR,Louis Weisz,OMrUmOTPD_AnSivjxptxpA,2,1,1.9,0,0,0,0,0
2016-06-15,Israel,IL,Louis Weisz,OMrUmOTPD_AnSivjxptxpA,1,1,0.6,0,0,0,0,0
2016-06-15,India,IN,Louis Weisz,OMrUmOTPD_AnSivjxptxpA,1,1,0.8,0,0,0,0,0
2016-06-15,South Korea,KR,Louis Weisz,OMrUmOTPD_AnSivjxptxpA,1,1,1.0,0,0,0,0,0
2016-06-15,Malaysia,MY,Louis Weisz,OMrUmOTPD_AnSivjxptxpA,3,1,2.7,0,0,0,0,0
2016-06-15,Portugal,PT,Louis Weisz,OMrUmOTPD_AnSivjxptxpA,2,1,2.4,0,0,0,0,0
2016-06-15,Russia,RU,Louis Weisz,OMrUmOTPD_AnSivjxptxpA,0,1,0.1,0,0,0,0,0
2016-06-15,Saudi Arabia,SA,Louis Weisz,OMrUmOTPD_AnSivjxptxpA,1,1,0.6,0,0,0,0,0
2016-06-15,United States,US,Louis Weisz,OMrUmOTPD_AnSivjxptxpA,15,14,1.1,0,1,0,0,0
2016-06-16,Austria,AT,Louis Weisz,OMrUmOTPD_AnSivjxptxpA,4,1,3.8,0,0,0,0,0
2016-06-16,Australia,AU,Louis Weisz,OMrUmOTPD_AnSivjxptxpA,4,1,3.9,0,0,0,0,0
2016-06-16,Canada,CA,Louis Weisz,OMrUmOTPD_AnSivjxptxpA,5,1,4.8,0,0,0,0,0
2016-06-16,Germany,DE,Louis Weisz,OMrUmOTPD_AnSivjxptxpA,0,1,0.1,0,0,0,0,0
2016-06-16,Spain,ES,Louis Weisz,OMrUmOTPD_AnSivjxptxpA,0,1,0.1,0,0,0,0,0
2016-06-16,United Kingdom,GB,Louis Weisz,OMrUmOTPD_AnSivjxptxpA,1,1,0.5,0,0,0,0,0
2016-06-16,Ireland,IE,Louis Weisz,OMrUmOTPD_AnSivjxptxpA,3,1,3.2,0,0,0,0,0
2016-06-16,Mexico,MX,Louis Weisz,OMrUmOTPD_AnSivjxptxpA,3,1,2.6,0,0,0,0,0
2016-06-16,Malaysia,MY,Louis Weisz,OMrUmOTPD_AnSivjxptxpA,2,2,1.0,0,0,0,0,0
2016-06-16,Poland,PL,Louis Weisz,OMrUmOTPD_AnSivjxptxpA,2,1,2.3,0,0,0,0,0
2016-06-16,United States,US,Louis Weisz,OMrUmOTPD_AnSivjxptxpA,61,25,2.4,1,3,0,0,0
2016-06-17,Australia,AU,Louis Weisz,OMrUmOTPD_AnSivjxptxpA,1,1,1.4,0,0,0,0,0
2016-06-17,Belgium,BE,Louis Weisz,OMrUmOTPD_AnSivjxptxpA,4,1,4.1,0,0,0,0,0
2016-06-17,Canada,CA,Louis Weisz,OMrUmOTPD_AnSivjxptxpA,6,5,1.1,0,0,0,0,0
2016-06-17,Germany,DE,Louis Weisz,OMrUmOTPD_AnSivjxptxpA,1,1,0.6,0,0,0,0,0
2016-06-17,Spain,ES,Louis Weisz,OMrUmOTPD_AnSivjxptxpA,1,1,1.1,0,0,0,0,0
2016-06-17,Indonesia,ID,Louis Weisz,OMrUmOTPD_AnSivjxptxpA,0,1,0.5,0,0,0,0,0
2016-06-17,South Korea,KR,Louis Weisz,OMrUmOTPD_AnSivjxptxpA,0,1,0.4,0,0,0,0,0
2016-06-17,Netherlands,NL,Louis Weisz,OMrUmOTPD_AnSivjxptxpA,2,1,2.1,0,0,0,0,0
2016-06-17,Philippines,PH,Louis Weisz,OMrUmOTPD_AnSivjxptxpA,1,1,0.9,0,0,0,0,0
2016-06-17,Portugal,PT,Louis Weisz,OMrUmOTPD_AnSivjxptxpA,4,1,3.7,0,0,0,0,0
2016-06-17,Sweden,SE,Louis Weisz,OMrUmOTPD_AnSivjxptxpA,1,1,0.5,0,0,0,0,0
2016-06-17,United States,US,Louis Weisz,OMrUmOTPD_AnSivjxptxpA,177,89,2.0,0,2,0,4,0
2016-06-18,Canada,CA,Louis Weisz,OMrUmOTPD_AnSivjxptxpA,1,2,0.3,0,0,0,0,0
2016-06-18,Czechia,CZ,Louis Weisz,OMrUmOTPD_AnSivjxptxpA,4,1,3.7,0,0,0,0,0
2016-06-18,Germany,DE,Louis Weisz,OMrUmOTPD_AnSivjxptxpA,6,2,2.8,0,0,0,0,0
2016-06-18,Denmark,DK,Louis Weisz,OMrUmOTPD_AnSivjxptxpA,4,1,3.7,0,0,0,0,0
2016-06-18,Spain,ES,Louis Weisz,OMrUmOTPD_AnSivjxptxpA,4,1,4.4,0,0,0,0,0
2016-06-18,France,FR,Louis Weisz,OMrUmOTPD_AnSivjxptxpA,0,1,0.0,0,0,0,0,0
2016-06-18,United Kingdom,GB,Louis Weisz,OMrUmOTPD_AnSivjxptxpA,2,1,1.6,0,0,0,0,0
2016-06-18,Netherlands,NL,Louis Weisz,OMrUmOTPD_AnSivjxptxpA,3,2,1.3,0,0,0,0,0
2016-06-18,Slovakia,SK,Louis Weisz,OMrUmOTPD_AnSivjxptxpA,0,1,0.1,0,0,0,0,0
2016-06-18,United States,US,Louis Weisz,OMrUmOTPD_AnSivjxptxpA,74,42,1.8,0,0,0,1,0
2016-06-19,Australia,AU,Louis Weisz,OMrUmOTPD_AnSivjxptxpA,3,4,0.7,0,0,0,0,0
2016-06-19,Canada,CA,Louis Weisz,OMrUmOTPD_AnSivjxptxpA,2,3,0.6,0,0,0,0,0
2016-06-19,Germany,DE,Louis Weisz,OMrUmOTPD_AnSivjxptxpA,2,3,0.7,0,0,0,0,0
2016-06-19,Denmark,DK,Louis Weisz,OMrUmOTPD_AnSivjxptxpA,1,1,0.7,0,0,0,0,0
2016-06-19,Spain,ES,Louis Weisz,OMrUmOTPD_AnSivjxptxpA,3,5,0.6,0,0,0,0,0
2016-06-19,France,FR,Louis Weisz,OMrUmOTPD_AnSivjxptxpA,4,1,4.1,0,0,0,0,0
2016-06-19,Croatia,HR,Louis Weisz,OMrUmOTPD_AnSivjxptxpA,0,1,0.4,0,0,0,0,0
2016-06-19,Indonesia,ID,Louis Weisz,OMrUmOTPD_AnSivjxptxpA,4,1,3.7,0,0,0,0,0
2016-06-19,Italy,IT,Louis Weisz,OMrUmOTPD_AnSivjxptxpA,1,1,0.8,0,0,0,0,0
2016-06-19,South Korea,KR,Louis Weisz,OMrUmOTPD_AnSivjxptxpA,2,1,2.2,0,0,0,0,0
2016-06-19,Malaysia,MY,Louis Weisz,OMrUmOTPD_AnSivjxptxpA,3,1,3.0,0,0,0,0,0
2016-06-19,Peru,PE,Louis Weisz,OMrUmOTPD_AnSivjxptxpA,6,2,3.2,0,0,1,0,0
2016-06-19,Taiwan,TW,Louis Weisz,OMrUmOTPD_AnSivjxptxpA,5,1,5.3,0,0,0,0,0
2016-06-19,United States,US,Louis Weisz,OMrUmOTPD_AnSivjxptxpA,41,17,2.4,0,1,0,0,0
2016-06-19,Unknown Region,ZZ,Louis Weisz,OMrUmOTPD_AnSivjxptxpA,4,1,4.5,0,0,0,0,0
2016-06-20,Germany,DE,Louis Weisz,OMrUmOTPD_AnSivjxptxpA,1,1,1.1,0,0,0,0,0
2016-06-20,Denmark,DK,Louis Weisz,OMrUmOTPD_AnSivjxptxpA,0,1,0.2,0,0,0,0,0
2016-06-20,United Kingdom,GB,Louis Weisz,OMrUmOTPD_AnSivjxptxpA,3,2,1.6,0,0,0,0,0
2016-06-20,Indonesia,ID,Louis Weisz,OMrUmOTPD_AnSivjxptxpA,0,2,0.2,0,0,0,0,0
2016-06-20,South Korea,KR,Louis Weisz,OMrUmOTPD_AnSivjxptxpA,4,1,4.2,0,0,0,0,0
2016-06-20,Romania,RO,Louis Weisz,OMrUmOTPD_AnSivjxptxpA,3,1,2.7,0,0,0,0,0
2016-06-20,Sweden,SE,Louis Weisz,OMrUmOTPD_AnSivjxptxpA,0,1,0.1,0,0,0,0,0
2016-06-20,United States,US,Louis Weisz,OMrUmOTPD_AnSivjxptxpA,24,10,2.4,0,0,0,0,0
2016-06-21,Argentina,AR,Louis Weisz,OMrUmOTPD_AnSivjxptxpA,3,1,2.6,0,0,0,0,0
2016-06-21,Australia,AU,Louis Weisz,OMrUmOTPD_AnSivjxptxpA,4,2,2.2,0,0,0,0,0
2016-06-21,Switzerland,CH,Louis Weisz,OMrUmOTPD_AnSivjxptxpA,0,1,0.0,0,0,0,0,0
2016-06-21,Czechia,CZ,Louis Weisz,OMrUmOTPD_AnSivjxptxpA,0,1,0.1,0,0,0,0,0
2016-06-21,Germany,DE,Louis Weisz,OMrUmOTPD_AnSivjxptxpA,2,1,2.0,0,0,0,0,0
2016-06-21,Denmark,DK,Louis Weisz,OMrUmOTPD_AnSivjxptxpA,4,1,3.7,0,0,0,0,0
2016-06-21,Indonesia,ID,Louis Weisz,OMrUmOTPD_AnSivjxptxpA,0,1,0.0,0,0,0,0,0
2016-06-21,Israel,IL,Louis Weisz,OMrUmOTPD_AnSivjxptxpA,2,1,1.5,0,0,0,0,0
2016-06-21,Russia,RU,Louis Weisz,OMrUmOTPD_AnSivjxptxpA,0,1,0.1,0,0,0,0,0
2016-06-21,United States,US,Louis Weisz,OMrUmOTPD_AnSivjxptxpA,21,13,1.6,0,0,0,1,0
2016-06-22,Austria,AT,Louis Weisz,OMrUmOTPD_AnSivjxptxpA,7,1,7.3,0,0,0,0,0
2016-06-22,Australia,AU,Louis Weisz,OMrUmOTPD_AnSivjxptxpA,1,1,0.6,0,0,0,0,0
2016-06-22,Canada,CA,Louis Weisz,OMrUmOTPD_AnSivjxptxpA,9,3,2.9,0,0,0,0,0
2016-06-22,Switzerland,CH,Louis Weisz,OMrUmOTPD_AnSivjxptxpA,3,1,3.0,0,0,0,0,0
2016-06-22,Colombia,CO,Louis Weisz,OMrUmOTPD_AnSivjxptxpA,0,1,0.3,0,0,0,0,0
2016-06-22,Germany,DE,Louis Weisz,OMrUmOTPD_AnSivjxptxpA,4,3,1.2,0,0,0,0,0
2016-06-22,Indonesia,ID,Louis Weisz,OMrUmOTPD_AnSivjxptxpA,0,1,0.4,0,0,0,0,0
2016-06-22,Iraq,IQ,Louis Weisz,OMrUmOTPD_AnSivjxptxpA,0,1,0.0,0,0,0,0,0
2016-06-22,Netherlands,NL,Louis Weisz,OMrUmOTPD_AnSivjxptxpA,1,1,0.8,0,0,0,0,0
2016-06-22,Philippines,PH,Louis Weisz,OMrUmOTPD_AnSivjxptxpA,0,2,0.2,0,0,0,0,0
2016-06-22,Pakistan,PK,Louis Weisz,OMrUmOTPD_AnSivjxptxpA,3,1,3.4,0,0,0,0,0
2016-06-22,United States,US,Louis Weisz,OMrUmOTPD_AnSivjxptxpA,30,17,1.8,0,0,0,1,0
2016-06-23,Canada,CA,Louis Weisz,OMrUmOTPD_AnSivjxptxpA,4,1,4.4,0,0,0,0,0
2016-06-23,Germany,DE,Louis Weisz,OMrUmOTPD_AnSivjxptxpA,0,1,0.2,0,0,0,0,0
2016-06-23,United Kingdom,GB,Louis Weisz,OMrUmOTPD_AnSivjxptxpA,4,2,2.2,0,0,0,0,0
2016-06-23,Greece,GR,Louis Weisz,OMrUmOTPD_AnSivjxptxpA,0,1,0.1,0,0,0,0,0
2016-06-23,Hungary,HU,Louis Weisz,OMrUmOTPD_AnSivjxptxpA,3,1,3.4,0,0,0,0,0
2016-06-23,Indonesia,ID,Louis Weisz,OMrUmOTPD_AnSivjxptxpA,3,2,1.7,0,0,0,0,0
2016-06-23,Israel,IL,Louis Weisz,OMrUmOTPD_AnSivjxptxpA,3,1,3.4,0,0,0,0,0
2016-06-23,Norway,NO,Louis Weisz,OMrUmOTPD_AnSivjxptxpA,3,1,3.1,0,0,0,0,0
2016-06-23,Portugal,PT,Louis Weisz,OMrUmOTPD_AnSivjxptxpA,3,1,3.2,0,0,0,0,0
2016-06-23,Slovenia,SI,Louis Weisz,OMrUmOTPD_AnSivjxptxpA,3,1,2.8,0,0,0,0,0
2016-06-23,Taiwan,TW,Louis Weisz,OMrUmOTPD_AnSivjxptxpA,4,1,4.1,0,0,0,0,0
2016-06-23,United States,US,Louis Weisz,OMrUmOTPD_AnSivjxptxpA,25,16,1.5,0,1,0,0,0
2016-06-24,Canada,CA,Louis Weisz,OMrUmOTPD_AnSivjxptxpA,1,1,0.5,0,0,0,0,0
2016-06-24,Czechia,CZ,Louis Weisz,OMrUmOTPD_AnSivjxptxpA,3,1,3.5,0,0,0,0,0
2016-06-24,Germany,DE,Louis Weisz,OMrUmOTPD_AnSivjxptxpA,1,1,1.4,0,0,0,0,0
2016-06-24,Indonesia,ID,Louis Weisz,OMrUmOTPD_AnSivjxptxpA,0,1,0.3,0,0,0,0,0
2016-06-24,Japan,JP,Louis Weisz,OMrUmOTPD_AnSivjxptxpA,4,1,3.7,0,0,0,0,0
2016-06-24,Norway,NO,Louis Weisz,OMrUmOTPD_AnSivjxptxpA,4,1,4.1,0,0,0,0,0
2016-06-24,Peru,PE,Louis Weisz,OMrUmOTPD_AnSivjxptxpA,5,1,4.9,0,0,1,0,0
2016-06-24,United States,US,Louis Weisz,OMrUmOTPD_AnSivjxptxpA,37,15,2.5,0,3,0,0,0
2016-06-24,Vietnam,VN,Louis Weisz,OMrUmOTPD_AnSivjxptxpA,0,1,0.2,0,0,0,0,0
2016-06-25,Australia,AU,Louis Weisz,OMrUmOTPD_AnSivjxptxpA,4,1,3.7,0,0,0,0,0
2016-06-25,Germany,DE,Louis Weisz,OMrUmOTPD_AnSivjxptxpA,0,1,0.3,0,0,0,0,0
2016-06-25,Algeria,DZ,Louis Weisz,OMrUmOTPD_AnSivjxptxpA,1,1,0.6,0,0,0,0,0
2016-06-25,Hong Kong,HK,Louis Weisz,OMrUmOTPD_AnSivjxptxpA,0,2,0.2,0,0,0,0,0
2016-06-25,South Korea,KR,Louis Weisz,OMrUmOTPD_AnSivjxptxpA,0,1,0.3,0,0,0,0,0
2016-06-25,Malaysia,MY,Louis Weisz,OMrUmOTPD_AnSivjxptxpA,1,1,1.4,0,0,0,0,0
2016-06-25,Portugal,PT,Louis Weisz,OMrUmOTPD_AnSivjxptxpA,1,1,0.5,0,0,0,0,0
2016-06-25,United States,US,Louis Weisz,OMrUmOTPD_AnSivjxptxpA,23,11,2.1,0,0,1,1,0
2016-06-26,Belgium,BE,Louis Weisz,OMrUmOTPD_AnSivjxptxpA,0,1,0.0,0,0,0,0,0
2016-06-26,Canada,CA,Louis Weisz,OMrUmOTPD_AnSivjxptxpA,4,1,3.6,0,0,0,0,0
2016-06-26,Costa Rica,CR,Louis Weisz,OMrUmOTPD_AnSivjxptxpA,0,1,0.2,0,0,0,0,0
2016-06-26,Czechia,CZ,Louis Weisz,OMrUmOTPD_AnSivjxptxpA,4,1,3.7,0,0,0,0,0
2016-06-26,Germany,DE,Louis Weisz,OMrUmOTPD_AnSivjxptxpA,1,2,0.3,0,0,0,0,0
2016-06-26,France,FR,Louis Weisz,OMrUmOTPD_AnSivjxptxpA,4,1,4.4,0,0,0,0,0
2016-06-26,United Kingdom,GB,Louis Weisz,OMrUmOTPD_AnSivjxptxpA,2,4,0.5,0,0,0,0,0
2016-06-26,Iceland,IS,Louis Weisz,OMrUmOTPD_AnSivjxptxpA,1,1,0.5,0,0,0,0,0
2016-06-26,Malaysia,MY,Louis Weisz,OMrUmOTPD_AnSivjxptxpA,4,1,3.8,0,0,0,0,0
2016-06-26,Norway,NO,Louis Weisz,OMrUmOTPD_AnSivjxptxpA,0,1,0.3,0,0,0,0,0
2016-06-26,Peru,PE,Louis Weisz,OMrUmOTPD_AnSivjxptxpA,2,2,1.0,0,0,0,0,0
2016-06-26,Poland,PL,Louis Weisz,OMrUmOTPD_AnSivjxptxpA,1,2,0.3,0,0,0,0,0
2016-06-26,Singapore,SG,Louis Weisz,OMrUmOTPD_AnSivjxptxpA,0,2,0.1,0,0,0,0,0
2016-06-26,United States,US,Louis Weisz,OMrUmOTPD_AnSivjxptxpA,24,10,2.4,0,0,0,2,0
2016-06-27,Austria,AT,Louis Weisz,OMrUmOTPD_AnSivjxptxpA,0,1,0.2,0,0,0,0,0
2016-06-27,Australia,AU,Louis Weisz,OMrUmOTPD_AnSivjxptxpA,1,1,1.0,0,0,0,0,0
2016-06-27,Brazil,BR,Louis Weisz,OMrUmOTPD_AnSivjxptxpA,0,1,0.1,0,0,0,0,0
2016-06-27,Denmark,DK,Louis Weisz,OMrUmOTPD_AnSivjxptxpA,0,1,0.4,0,0,0,0,0
2016-06-27,United Kingdom,GB,Louis Weisz,OMrUmOTPD_AnSivjxptxpA,1,2,0.4,0,0,0,0,0
2016-06-27,Indonesia,ID,Louis Weisz,OMrUmOTPD_AnSivjxptxpA,2,1,2.3,0,0,0,0,0
2016-06-27,Norway,NO,Louis Weisz,OMrUmOTPD_AnSivjxptxpA,1,1,1.1,0,0,0,0,0
2016-06-27,Sweden,SE,Louis Weisz,OMrUmOTPD_AnSivjxptxpA,3,1,2.6,0,0,0,0,0
2016-06-27,Slovakia,SK,Louis Weisz,OMrUmOTPD_AnSivjxptxpA,3,1,2.6,0,0,1,0,0
2016-06-27,Ukraine,UA,Louis Weisz,OMrUmOTPD_AnSivjxptxpA,0,1,0.1,0,0,0,0,0
2016-06-27,United States,US,Louis Weisz,OMrUmOTPD_AnSivjxptxpA,30,16,1.9,0,1,0,1,0
2016-06-28,Belgium,BE,Louis Weisz,OMrUmOTPD_AnSivjxptxpA,0,1,0.3,0,0,0,0,0
2016-06-28,Canada,CA,Louis Weisz,OMrUmOTPD_AnSivjxptxpA,4,1,4.4,0,0,0,0,0
2016-06-28,Germany,DE,Louis Weisz,OMrUmOTPD_AnSivjxptxpA,2,3,0.7,0,0,0,0,0
2016-06-28,Ecuador,EC,Louis Weisz,OMrUmOTPD_AnSivjxptxpA,2,1,2.5,0,0,0,0,0
2016-06-28,Finland,FI,Louis Weisz,OMrUmOTPD_AnSivjxptxpA,4,2,1.8,0,0,0,0,0
2016-06-28,Norway,NO,Louis Weisz,OMrUmOTPD_AnSivjxptxpA,4,1,4.1,0,0,0,0,0
2016-06-28,Philippines,PH,Louis Weisz,OMrUmOTPD_AnSivjxptxpA,4,3,1.3,0,0,0,0,0
2016-06-28,Poland,PL,Louis Weisz,OMrUmOTPD_AnSivjxptxpA,0,1,0.1,0,0,0,0,0
2016-06-28,Romania,RO,Louis Weisz,OMrUmOTPD_AnSivjxptxpA,4,1,3.7,0,0,0,0,0
2016-06-28,Sweden,SE,Louis Weisz,OMrUmOTPD_AnSivjxptxpA,4,1,4.1,0,0,0,0,0
2016-06-28,United States,US,Louis Weisz,OMrUmOTPD_AnSivjxptxpA,14,16,0.9,0,0,0,1,1
2016-06-29,Argentina,AR,Louis Weisz,OMrUmOTPD_AnSivjxptxpA,3,1,3.1,0,0,0,0,0
2016-06-29,Australia,AU,Louis Weisz,OMrUmOTPD_AnSivjxptxpA,0,1,0.2,0,0,0,0,0
2016-06-29,Brazil,BR,Louis Weisz,OMrUmOTPD_AnSivjxptxpA,3,2,1.4,0,0,0,0,0
2016-06-29,Germany,DE,Louis Weisz,OMrUmOTPD_AnSivjxptxpA,5,2,2.5,0,0,0,0,0
2016-06-29,France,FR,Louis Weisz,OMrUmOTPD_AnSivjxptxpA,1,1,1.5,0,0,0,0,0
2016-06-29,United Kingdom,GB,Louis Weisz,OMrUmOTPD_AnSivjxptxpA,1,3,0.2,0,0,0,0,0
2016-06-29,Indonesia,ID,Louis Weisz,OMrUmOTPD_AnSivjxptxpA,0,1,0.5,0,0,0,0,0
2016-06-29,Philippines,PH,Louis Weisz,OMrUmOTPD_AnSivjxptxpA,3,1,2.6,0,0,0,0,0
2016-06-29,Singapore,SG,Louis Weisz,OMrUmOTPD_AnSivjxptxpA,1,1,1.4,0,0,0,0,0
2016-06-29,United States,US,Louis Weisz,OMrUmOTPD_AnSivjxptxpA,19,8,2.4,0,0,0,0,0
2016-06-30,Australia,AU,Louis Weisz,OMrUmOTPD_AnSivjxptxpA,0,1,0.0,0,0,0,0,0
2016-06-30,Czechia,CZ,Louis Weisz,OMrUmOTPD_AnSivjxptxpA,4,1,4.4,0,0,0,0,0
2016-06-30,Germany,DE,Louis Weisz,OMrUmOTPD_AnSivjxptxpA,2,2,1.2,0,0,0,0,0
2016-06-30,Finland,FI,Louis Weisz,OMrUmOTPD_AnSivjxptxpA,2,2,0.8,0,0,0,0,0
2016-06-30,Indonesia,ID,Louis Weisz,OMrUmOTPD_AnSivjxptxpA,2,1,2.3,0,0,0,0,0
2016-06-30,Japan,JP,Louis Weisz,OMrUmOTPD_AnSivjxptxpA,0,1,0.1,0,0,0,0,0
2016-06-30,Pakistan,PK,Louis Weisz,OMrUmOTPD_AnSivjxptxpA,2,1,1.8,0,0,0,0,0
2016-06-30,Sweden,SE,Louis Weisz,OMrUmOTPD_AnSivjxptxpA,1,1,0.6,0,0,0,0,0
2016-06-30,Singapore,SG,Louis Weisz,OMrUmOTPD_AnSivjxptxpA,1,1,1.2,0,0,0,0,0
2016-06-30,Ukraine,UA,Louis Weisz,OMrUmOTPD_AnSivjxptxpA,4,1,3.9,0,0,0,0,0
2016-06-30,United States,US,Louis Weisz,OMrUmOTPD_AnSivjxptxpA,27,14,1.9,0,0,0,0,0
2016-07-01,Canada,CA,Louis Weisz,OMrUmOTPD_AnSivjxptxpA,3,1,2.8,0,0,0,0,0
2016-07-01,France,FR,Louis Weisz,OMrUmOTPD_AnSivjxptxpA,3,1,3.4,0,0,0,0,0
2016-07-01,Netherlands,NL,Louis Weisz,OMrUmOTPD_AnSivjxptxpA,0,1,0.3,0,0,0,0,0
2016-07-01,Philippines,PH,Louis Weisz,OMrUmOTPD_AnSivjxptxpA,2,1,1.5,0,0,0,0,0
2016-07-01,Poland,PL,Louis Weisz,OMrUmOTPD_AnSivjxptxpA,4,1,4.2,0,0,0,0,0
2016-07-01,Romania,RO,Louis Weisz,OMrUmOTPD_AnSivjxptxpA,3,1,3.4,0,0,0,0,0
2016-07-01,Sweden,SE,Louis Weisz,OMrUmOTPD_AnSivjxptxpA,1,1,0.9,0,0,0,0,0
2016-07-01,Turkey,TR,Louis Weisz,OMrUmOTPD_AnSivjxptxpA,1,1,0.7,0,0,0,0,0
2016-07-01,United States,US,Louis Weisz,OMrUmOTPD_AnSivjxptxpA,25,16,1.6,0,0,0,2,0
2016-07-01,Uruguay,UY,Louis Weisz,OMrUmOTPD_AnSivjxptxpA,0,2,0.1,0,0,0,0,0
2016-07-02,Australia,AU,Louis Weisz,OMrUmOTPD_AnSivjxptxpA,1,1,0.8,0,0,0,0,0
2016-07-02,Canada,CA,Louis Weisz,OMrUmOTPD_AnSivjxptxpA,1,1,1.3,0,0,0,0,0
2016-07-02,Germany,DE,Louis Weisz,OMrUmOTPD_AnSivjxptxpA,3,1,3.2,0,0,0,0,0
2016-07-02,United Kingdom,GB,Louis Weisz,OMrUmOTPD_AnSivjxptxpA,4,3,1.4,0,0,0,0,0
2016-07-02,Hungary,HU,Louis Weisz,OMrUmOTPD_AnSivjxptxpA,3,1,3.4,0,0,0,0,0
2016-07-02,Netherlands,NL,Louis Weisz,OMrUmOTPD_AnSivjxptxpA,4,1,4.2,0,0,0,0,0
2016-07-02,Norway,NO,Louis Weisz,OMrUmOTPD_AnSivjxptxpA,5,3,1.7,0,0,0,0,0
2016-07-02,Russia,RU,Louis Weisz,OMrUmOTPD_AnSivjxptxpA,3,2,1.4,0,0,0,0,0
2016-07-02,Singapore,SG,Louis Weisz,OMrUmOTPD_AnSivjxptxpA,4,1,4.1,0,0,0,0,0
2016-07-02,Thailand,TH,Louis Weisz,OMrUmOTPD_AnSivjxptxpA,4,2,2.2,0,0,0,0,0
2016-07-02,Taiwan,TW,Louis Weisz,OMrUmOTPD_AnSivjxptxpA,3,1,2.7,0,0,0,0,0
2016-07-02,United States,US,Louis Weisz,OMrUmOTPD_AnSivjxptxpA,5,8,0.6,0,0,0,0,0
2016-07-02,South Africa,ZA,Louis Weisz,OMrUmOTPD_AnSivjxptxpA,7,2,3.6,0,0,0,0,0
2016-07-03,Chile,CL,Louis Weisz,OMrUmOTPD_AnSivjxptxpA,2,1,2.0,0,0,0,0,0
2016-07-03,Spain,ES,Louis Weisz,OMrUmOTPD_AnSivjxptxpA,1,1,1.3,0,0,0,0,0
2016-07-03,Finland,FI,Louis Weisz,OMrUmOTPD_AnSivjxptxpA,1,1,0.6,0,0,0,0,0
2016-07-03,France,FR,Louis Weisz,OMrUmOTPD_AnSivjxptxpA,0,1,0.1,0,0,0,0,0
2016-07-03,Indonesia,ID,Louis Weisz,OMrUmOTPD_AnSivjxptxpA,0,1,0.1,0,0,0,0,0
2016-07-03,India,IN,Louis Weisz,OMrUmOTPD_AnSivjxptxpA,0,1,0.2,0,0,0,0,0
2016-07-03,South Korea,KR,Louis Weisz,OMrUmOTPD_AnSivjxptxpA,1,1,1.0,0,0,0,0,0
2016-07-03,Mongolia,MN,Louis Weisz,OMrUmOTPD_AnSivjxptxpA,1,1,0.5,0,0,0,0,0
2016-07-03,United States,US,Louis Weisz,OMrUmOTPD_AnSivjxptxpA,9,9,1.0,0,0,0,0,0
2016-07-04,Canada,CA,Louis Weisz,OMrUmOTPD_AnSivjxptxpA,14,6,2.4,0,0,0,0,0
2016-07-04,France,FR,Louis Weisz,OMrUmOTPD_AnSivjxptxpA,0,1,0.2,0,0,0,0,0
2016-07-04,Hungary,HU,Louis Weisz,OMrUmOTPD_AnSivjxptxpA,4,1,4.0,0,0,0,0,0
2016-07-04,Indonesia,ID,Louis Weisz,OMrUmOTPD_AnSivjxptxpA,1,1,0.6,0,0,0,0,0
2016-07-04,Peru,PE,Louis Weisz,OMrUmOTPD_AnSivjxptxpA,5,2,2.5,0,0,0,0,0
2016-07-04,Philippines,PH,Louis Weisz,OMrUmOTPD_AnSivjxptxpA,1,1,1.4,0,0,0,0,0
2016-07-04,United States,US,Louis Weisz,OMrUmOTPD_AnSivjxptxpA,78,52,1.5,1,4,0,0,0
2016-07-04,Vietnam,VN,Louis Weisz,OMrUmOTPD_AnSivjxptxpA,1,1,0.6,1,0,0,0,0
2016-07-04,Unknown Region,ZZ,Louis Weisz,OMrUmOTPD_AnSivjxptxpA,0,0,0.0,0,0,0,1,1
2016-07-05,Canada,CA,Louis Weisz,OMrUmOTPD_AnSivjxptxpA,4,2,2.2,0,0,0,0,0
2016-07-05,Germany,DE,Louis Weisz,OMrUmOTPD_AnSivjxptxpA,5,2,2.6,0,0,0,0,0
2016-07-05,Denmark,DK,Louis Weisz,OMrUmOTPD_AnSivjxptxpA,4,1,4.4,0,0,0,0,0
2016-07-05,United Kingdom,GB,Louis Weisz,OMrUmOTPD_AnSivjxptxpA,1,1,1.3,0,0,0,0,0
2016-07-05,Hong Kong,HK,Louis Weisz,OMrUmOTPD_AnSivjxptxpA,0,1,0.5,0,0,0,0,0
2016-07-05,Italy,IT,Louis Weisz,OMrUmOTPD_AnSivjxptxpA,0,1,0.1,0,0,0,0,0
2016-07-05,Malaysia,MY,Louis Weisz,OMrUmOTPD_AnSivjxptxpA,12,2,5.9,0,0,0,0,0
2016-07-05,Portugal,PT,Louis Weisz,OMrUmOTPD_AnSivjxptxpA,7,2,3.6,0,0,0,0,0
2016-07-05,Singapore,SG,Louis Weisz,OMrUmOTPD_AnSivjxptxpA,13,5,2.6,0,0,0,0,0
2016-07-05,United States,US,Louis Weisz,OMrUmOTPD_AnSivjxptxpA,46,19,2.4,1,1,0,0,0
2016-07-06,Australia,AU,Louis Weisz,OMrUmOTPD_AnSivjxptxpA,0,1,0.2,0,0,0,0,0
2016-07-06,Belgium,BE,Louis Weisz,OMrUmOTPD_AnSivjxptxpA,3,1,2.8,0,0,0,0,0
2016-07-06,Canada,CA,Louis Weisz,OMrUmOTPD_AnSivjxptxpA,9,2,4.4,0,0,0,0,0
2016-07-06,Finland,FI,Louis Weisz,OMrUmOTPD_AnSivjxptxpA,1,1,0.7,0,0,0,0,0
2016-07-06,United Kingdom,GB,Louis Weisz,OMrUmOTPD_AnSivjxptxpA,2,1,1.9,0,0,0,0,0
2016-07-06,Japan,JP,Louis Weisz,OMrUmOTPD_AnSivjxptxpA,1,1,1.5,0,0,0,0,0
2016-07-06,Malaysia,MY,Louis Weisz,OMrUmOTPD_AnSivjxptxpA,0,1,0.5,0,0,0,0,0
2016-07-06,Netherlands,NL,Louis Weisz,OMrUmOTPD_AnSivjxptxpA,1,2,0.4,0,0,0,0,0
2016-07-06,Norway,NO,Louis Weisz,OMrUmOTPD_AnSivjxptxpA,2,1,1.7,0,0,0,0,0
2016-07-06,Philippines,PH,Louis Weisz,OMrUmOTPD_AnSivjxptxpA,0,1,0.4,0,0,0,0,0
2016-07-06,Sweden,SE,Louis Weisz,OMrUmOTPD_AnSivjxptxpA,3,1,3.4,0,0,0,0,0
2016-07-06,United States,US,Louis Weisz,OMrUmOTPD_AnSivjxptxpA,44,13,3.4,0,0,0,0,0
2016-07-06,South Africa,ZA,Louis Weisz,OMrUmOTPD_AnSivjxptxpA,2,1,2.3,0,0,0,0,0
2016-07-07,Australia,AU,Louis Weisz,OMrUmOTPD_AnSivjxptxpA,22,2,10.8,0,0,0,0,0
2016-07-07,Canada,CA,Louis Weisz,OMrUmOTPD_AnSivjxptxpA,0,2,0.1,0,0,0,0,0
2016-07-07,Germany,DE,Louis Weisz,OMrUmOTPD_AnSivjxptxpA,4,1,3.9,0,0,0,0,0
2016-07-07,United Kingdom,GB,Louis Weisz,OMrUmOTPD_AnSivjxptxpA,5,5,0.9,0,1,0,0,0
2016-07-07,Iceland,IS,Louis Weisz,OMrUmOTPD_AnSivjxptxpA,1,1,1.3,0,0,0,0,0
2016-07-07,Japan,JP,Louis Weisz,OMrUmOTPD_AnSivjxptxpA,1,1,0.8,0,0,0,0,0
2016-07-07,South Korea,KR,Louis Weisz,OMrUmOTPD_AnSivjxptxpA,0,2,0.1,0,0,0,0,0
2016-07-07,Malaysia,MY,Louis Weisz,OMrUmOTPD_AnSivjxptxpA,1,2,0.6,0,0,0,0,0
2016-07-07,Netherlands,NL,Louis Weisz,OMrUmOTPD_AnSivjxptxpA,0,1,0.4,0,0,0,0,0
2016-07-07,Portugal,PT,Louis Weisz,OMrUmOTPD_AnSivjxptxpA,3,1,3.0,0,0,0,0,0
2016-07-07,Romania,RO,Louis Weisz,OMrUmOTPD_AnSivjxptxpA,0,1,0.3,0,0,0,0,0
2016-07-07,Thailand,TH,Louis Weisz,OMrUmOTPD_AnSivjxptxpA,4,1,3.9,0,0,0,0,0
2016-07-07,Turkey,TR,Louis Weisz,OMrUmOTPD_AnSivjxptxpA,1,2,0.3,0,0,0,0,0
2016-07-07,United States,US,Louis Weisz,OMrUmOTPD_AnSivjxptxpA,17,26,0.6,0,0,0,1,0
2016-07-08,Canada,CA,Louis Weisz,OMrUmOTPD_AnSivjxptxpA,0,2,0.2,0,0,0,0,0
2016-07-08,Germany,DE,Louis Weisz,OMrUmOTPD_AnSivjxptxpA,2,1,1.5,0,0,0,0,0
2016-07-08,Algeria,DZ,Louis Weisz,OMrUmOTPD_AnSivjxptxpA,3,1,3.5,0,0,0,0,0
2016-07-08,France,FR,Louis Weisz,OMrUmOTPD_AnSivjxptxpA,1,2,0.7,0,0,0,0,0
2016-07-08,United Kingdom,GB,Louis Weisz,OMrUmOTPD_AnSivjxptxpA,1,1,0.8,0,0,0,0,0
2016-07-08,Indonesia,ID,Louis Weisz,OMrUmOTPD_AnSivjxptxpA,3,3,1.1,0,0,0,0,0
2016-07-08,Ireland,IE,Louis Weisz,OMrUmOTPD_AnSivjxptxpA,0,1,0.4,0,0,0,0,0
2016-07-08,Mexico,MX,Louis Weisz,OMrUmOTPD_AnSivjxptxpA,2,1,1.8,0,0,0,0,0
2016-07-08,Netherlands,NL,Louis Weisz,OMrUmOTPD_AnSivjxptxpA,0,1,0.4,0,0,0,0,0
2016-07-08,Sweden,SE,Louis Weisz,OMrUmOTPD_AnSivjxptxpA,1,3,0.3,0,0,0,0,0
2016-07-08,Singapore,SG,Louis Weisz,OMrUmOTPD_AnSivjxptxpA,0,1,0.1,0,0,0,0,0
2016-07-08,Taiwan,TW,Louis Weisz,OMrUmOTPD_AnSivjxptxpA,4,1,3.7,0,0,0,0,0
2016-07-08,United States,US,Louis Weisz,OMrUmOTPD_AnSivjxptxpA,21,19,1.1,3,1,1,1,0
2016-07-09,Czechia,CZ,Louis Weisz,OMrUmOTPD_AnSivjxptxpA,1,1,1.3,0,0,0,0,0
2016-07-09,Germany,DE,Louis Weisz,OMrUmOTPD_AnSivjxptxpA,2,1,1.9,0,0,0,0,0
2016-07-09,Finland,FI,Louis Weisz,OMrUmOTPD_AnSivjxptxpA,1,1,1.0,0,0,0,0,0
2016-07-09,Japan,JP,Louis Weisz,OMrUmOTPD_AnSivjxptxpA,1,1,0.7,0,0,0,0,0
2016-07-09,Cambodia,KH,Louis Weisz,OMrUmOTPD_AnSivjxptxpA,2,3,0.5,0,0,0,0,0
2016-07-09,Sweden,SE,Louis Weisz,OMrUmOTPD_AnSivjxptxpA,4,1,4.3,0,0,0,0,0
2016-07-09,United States,US,Louis Weisz,OMrUmOTPD_AnSivjxptxpA,25,14,1.8,0,0,0,0,0
2016-07-10,Australia,AU,Louis Weisz,OMrUmOTPD_AnSivjxptxpA,16,4,4.0,0,0,0,0,0
2016-07-10,Chile,CL,Louis Weisz,OMrUmOTPD_AnSivjxptxpA,1,1,0.9,0,0,0,0,0
2016-07-10,Spain,ES,Louis Weisz,OMrUmOTPD_AnSivjxptxpA,1,1,0.5,0,0,0,1,0
2016-07-10,Japan,JP,Louis Weisz,OMrUmOTPD_AnSivjxptxpA,0,1,0.3,0,0,0,0,0
2016-07-10,Latvia,LV,Louis Weisz,OMrUmOTPD_AnSivjxptxpA,4,3,1.2,0,0,0,0,0
2016-07-10,Malaysia,MY,Louis Weisz,OMrUmOTPD_AnSivjxptxpA,0,1,0.4,0,0,0,0,0
2016-07-10,Poland,PL,Louis Weisz,OMrUmOTPD_AnSivjxptxpA,1,1,0.9,0,0,0,0,0
2016-07-10,United States,US,Louis Weisz,OMrUmOTPD_AnSivjxptxpA,17,11,1.5,0,1,0,0,0
2016-07-11,Australia,AU,Louis Weisz,OMrUmOTPD_AnSivjxptxpA,4,1,3.8,0,0,0,0,0
2016-07-11,Brazil,BR,Louis Weisz,OMrUmOTPD_AnSivjxptxpA,1,1,0.6,0,0,0,0,0
2016-07-11,Switzerland,CH,Louis Weisz,OMrUmOTPD_AnSivjxptxpA,0,1,0.2,0,0,0,0,0
2016-07-11,Germany,DE,Louis Weisz,OMrUmOTPD_AnSivjxptxpA,2,1,1.7,0,0,0,0,0
2016-07-11,France,FR,Louis Weisz,OMrUmOTPD_AnSivjxptxpA,0,1,0.1,0,0,0,0,0
2016-07-11,United Kingdom,GB,Louis Weisz,OMrUmOTPD_AnSivjxptxpA,6,3,1.9,1,1,0,0,0
2016-07-11,Indonesia,ID,Louis Weisz,OMrUmOTPD_AnSivjxptxpA,1,1,0.8,0,0,0,0,0
2016-07-11,Latvia,LV,Louis Weisz,OMrUmOTPD_AnSivjxptxpA,2,1,2.2,0,0,0,0,0
2016-07-11,Philippines,PH,Louis Weisz,OMrUmOTPD_AnSivjxptxpA,2,1,2.4,0,0,0,0,0
2016-07-11,Poland,PL,Louis Weisz,OMrUmOTPD_AnSivjxptxpA,4,1,3.7,0,1,0,0,0
2016-07-11,Romania,RO,Louis Weisz,OMrUmOTPD_AnSivjxptxpA,2,1,2.1,0,0,0,0,0
2016-07-11,Tunisia,TN,Louis Weisz,OMrUmOTPD_AnSivjxptxpA,5,2,2.7,0,0,0,0,0
2016-07-11,United States,US,Louis Weisz,OMrUmOTPD_AnSivjxptxpA,19,10,1.9,0,0,0,0,0
2016-07-12,Austria,AT,Louis Weisz,OMrUmOTPD_AnSivjxptxpA,0,1,0.0,0,0,0,0,0
2016-07-12,Australia,AU,Louis Weisz,OMrUmOTPD_AnSivjxptxpA,19,6,3.2,0,0,0,0,0
2016-07-12,Canada,CA,Louis Weisz,OMrUmOTPD_AnSivjxptxpA,8,4,2.0,0,0,0,0,0
2016-07-12,Chile,CL,Louis Weisz,OMrUmOTPD_AnSivjxptxpA,1,1,0.6,0,0,0,0,0
2016-07-12,Germany,DE,Louis Weisz,OMrUmOTPD_AnSivjxptxpA,2,1,2.0,0,0,0,0,0
2016-07-12,United Kingdom,GB,Louis Weisz,OMrUmOTPD_AnSivjxptxpA,4,3,1.3,0,0,0,0,0
2016-07-12,Hong Kong,HK,Louis Weisz,OMrUmOTPD_AnSivjxptxpA,4,1,3.6,0,0,0,0,0
2016-07-12,Indonesia,ID,Louis Weisz,OMrUmOTPD_AnSivjxptxpA,1,1,0.6,0,0,0,0,0
2016-07-12,India,IN,Louis Weisz,OMrUmOTPD_AnSivjxptxpA,0,1,0.2,0,0,0,0,0
2016-07-12,Italy,IT,Louis Weisz,OMrUmOTPD_AnSivjxptxpA,0,1,0.1,0,0,0,0,0
2016-07-12,Malaysia,MY,Louis Weisz,OMrUmOTPD_AnSivjxptxpA,1,1,0.8,0,0,0,0,0
2016-07-12,Netherlands,NL,Louis Weisz,OMrUmOTPD_AnSivjxptxpA,2,1,2.4,0,0,0,0,0
2016-07-12,Poland,PL,Louis Weisz,OMrUmOTPD_AnSivjxptxpA,0,1,0.0,0,0,0,0,0
2016-07-12,Saudi Arabia,SA,Louis Weisz,OMrUmOTPD_AnSivjxptxpA,0,1,0.3,0,0,0,0,0
2016-07-12,Turkey,TR,Louis Weisz,OMrUmOTPD_AnSivjxptxpA,0,1,0.0,0,0,0,0,0
2016-07-12,United States,US,Louis Weisz,OMrUmOTPD_AnSivjxptxpA,18,11,1.6,0,0,0,0,0
2016-07-13,Canada,CA,Louis Weisz,OMrUmOTPD_AnSivjxptxpA,6,2,3.0,0,0,1,0,0
2016-07-13,Germany,DE,Louis Weisz,OMrUmOTPD_AnSivjxptxpA,2,3,0.6,0,0,0,0,0
2016-07-13,Spain,ES,Louis Weisz,OMrUmOTPD_AnSivjxptxpA,1,1,0.5,0,0,0,0,0
2016-07-13,United Kingdom,GB,Louis Weisz,OMrUmOTPD_AnSivjxptxpA,0,1,0.5,0,0,0,0,0
2016-07-13,Italy,IT,Louis Weisz,OMrUmOTPD_AnSivjxptxpA,4,2,2.1,0,0,0,0,0
2016-07-13,Japan,JP,Louis Weisz,OMrUmOTPD_AnSivjxptxpA,0,1,0.2,0,0,0,0,0
2016-07-13,Malaysia,MY,Louis Weisz,OMrUmOTPD_AnSivjxptxpA,3,2,1.4,0,0,0,0,0
2016-07-13,Netherlands,NL,Louis Weisz,OMrUmOTPD_AnSivjxptxpA,2,1,1.6,0,0,0,0,0
2016-07-13,Philippines,PH,Louis Weisz,OMrUmOTPD_AnSivjxptxpA,1,1,0.8,0,0,0,0,0
2016-07-13,Portugal,PT,Louis Weisz,OMrUmOTPD_AnSivjxptxpA,2,1,1.6,0,0,0,0,0
2016-07-13,Tunisia,TN,Louis Weisz,OMrUmOTPD_AnSivjxptxpA,2,1,1.9,0,0,0,0,0
2016-07-13,United States,US,Louis Weisz,OMrUmOTPD_AnSivjxptxpA,3,3,1.1,0,0,0,0,0
