date,country_name,country_id,playback_location,channel_display_name,channel_id,watch_time_minutes,views,average_view_duration
2017-02-12,Austria,AT,YouTube channel page,Louis Weisz,OMrUmOTPD_AnSivjxptxpA,1,1,1.2
2017-02-12,Australia,AU,YouTube watch page,Louis Weisz,OMrUmOTPD_AnSivjxptxpA,22,5,4.5
2017-02-12,Brazil,BR,Embedded in external websites and apps,Louis Weisz,OMrUmOTPD_AnSivjxptxpA,16,3,5.2
2017-02-12,Canada,CA,YouTube watch page,Louis Weisz,OMrUmOTPD_AnSivjxptxpA,14,8,1.8
2017-02-12,Canada,CA,YouTube channel page,Louis Weisz,OMrUmOTPD_AnSivjxptxpA,7,2,3.3
2017-02-12,Czechia,CZ,YouTube watch page,Louis Weisz,OMrUmOTPD_AnSivjxptxpA,6,1,5.9
2017-02-12,Germany,DE,YouTube watch page,Louis Weisz,OMrUmOTPD_AnSivjxptxpA,16,6,2.7
2017-02-12,Germany,DE,YouTube channel page,Louis Weisz,OMrUmOTPD_AnSivjxptxpA,1,2,0.4
2017-02-12,United Kingdom,GB,YouTube watch page,Louis Weisz,OMrUmOTPD_AnSivjxptxpA,2,2,1.2
2017-02-12,Hungary,HU,YouTube watch page,Louis Weisz,OMrUmOTPD_AnSivjxptxpA,6,1,5.6
2017-02-12,Ireland,IE,YouTube channel page,Louis Weisz,OMrUmOTPD_AnSivjxptxpA,5,1,5.3
2017-02-12,India,IN,YouTube watch page,Louis Weisz,OMrUmOTPD_AnSivjxptxpA,15,3,5.1
2017-02-12,Italy,IT,YouTube watch page,Louis Weisz,OMrUmOTPD_AnSivjxptxpA,6,1,5.9
2017-02-12,Japan,JP,YouTube watch page,Louis Weisz,OMrUmOTPD_AnSivjxptxpA,2,1,2.4
2017-02-12,Mexico,MX,YouTube watch page,Louis Weisz,OMrUmOTPD_AnSivjxptxpA,5,1,4.9
2017-02-12,Poland,PL,YouTube watch page,Louis Weisz,OMrUmOTPD_AnSivjxptxpA,3,1,2.6
2017-02-12,Thailand,TH,YouTube watch page,Louis Weisz,OMrUmOTPD_AnSivjxptxpA,0,1,0.0
2017-02-12,United States,US,YouTube watch page,Louis Weisz,OMrUmOTPD_AnSivjxptxpA,70,21,3.3
2017-02-12,United States,US,YouTube channel page,Louis Weisz,OMrUmOTPD_AnSivjxptxpA,13,4,3.2
2017-02-13,Australia,AU,YouTube watch page,Louis Weisz,OMrUmOTPD_AnSivjxptxpA,14,3,4.6
2017-02-13,Australia,AU,YouTube channel page,Louis Weisz,OMrUmOTPD_AnSivjxptxpA,1,2,0.6
2017-02-13,Brazil,BR,Embedded in external websites and apps,Louis Weisz,OMrUmOTPD_AnSivjxptxpA,1,1,0.7
2017-02-13,Canada,CA,YouTube watch page,Louis Weisz,OMrUmOTPD_AnSivjxptxpA,12,2,5.9
2017-02-13,Costa Rica,CR,YouTube watch page,Louis Weisz,OMrUmOTPD_AnSivjxptxpA,3,4,0.9
2017-02-13,Germany,DE,YouTube watch page,Louis Weisz,OMrUmOTPD_AnSivjxptxpA,5,3,1.6
2017-02-13,Denmark,DK,YouTube watch page,Louis Weisz,OMrUmOTPD_AnSivjxptxpA,4,2,2.1
2017-02-13,Spain,ES,YouTube watch page,Louis Weisz,OMrUmOTPD_AnSivjxptxpA,0,1,0.4
2017-02-13,Indonesia,ID,YouTube watch page,Louis Weisz,OMrUmOTPD_AnSivjxptxpA,1,2,0.6
2017-02-13,Ireland,IE,YouTube channel page,Louis Weisz,OMrUmOTPD_AnSivjxptxpA,0,1,0.2
2017-02-13,India,IN,YouTube channel page,Louis Weisz,OMrUmOTPD_AnSivjxptxpA,0,1,0.2
2017-02-13,Mexico,MX,YouTube watch page,Louis Weisz,OMrUmOTPD_AnSivjxptxpA,6,1,5.5
2017-02-13,Norway,NO,YouTube watch page,Louis Weisz,OMrUmOTPD_AnSivjxptxpA,6,1,5.7
2017-02-13,Puerto Rico,PR,YouTube watch page,Louis Weisz,OMrUmOTPD_AnSivjxptxpA,5,5,1.0
2017-02-13,Sweden,SE,YouTube watch page,Louis Weisz,OMrUmOTPD_AnSivjxptxpA,0,1,0.4
2017-02-13,Singapore,SG,YouTube channel page,Louis Weisz,OMrUmOTPD_AnSivjxptxpA,3,1,2.9
2017-02-13,United States,US,YouTube watch page,Louis Weisz,OMrUmOTPD_AnSivjxptxpA,99,39,2.5
2017-02-13,United States,US,YouTube channel page,Louis Weisz,OMrUmOTPD_AnSivjxptxpA,2,4,0.5
2017-02-14,Canada,CA,YouTube watch page,Louis Weisz,OMrUmOTPD_AnSivjxptxpA,9,5,1.9
2017-02-14,Canada,CA,YouTube channel page,Louis Weisz,OMrUmOTPD_AnSivjxptxpA,6,1,5.9
2017-02-14,Germany,DE,YouTube watch page,Louis Weisz,OMrUmOTPD_AnSivjxptxpA,4,2,2.2
2017-02-14,Germany,DE,YouTube channel page,Louis Weisz,OMrUmOTPD_AnSivjxptxpA,6,1,6.3
2017-02-14,Denmark,DK,YouTube watch page,Louis Weisz,OMrUmOTPD_AnSivjxptxpA,1,1,0.5
2017-02-14,Finland,FI,YouTube watch page,Louis Weisz,OMrUmOTPD_AnSivjxptxpA,2,1,1.5
2017-02-14,United Kingdom,GB,YouTube watch page,Louis Weisz,OMrUmOTPD_AnSivjxptxpA,3,1,3.3
2017-02-14,Italy,IT,YouTube watch page,Louis Weisz,OMrUmOTPD_AnSivjxptxpA,4,1,4.2
2017-02-14,Jordan,JO,YouTube watch page,Louis Weisz,OMrUmOTPD_AnSivjxptxpA,2,1,1.6
2017-02-14,Latvia,LV,YouTube watch page,Louis Weisz,OMrUmOTPD_AnSivjxptxpA,9,3,3.1
2017-02-14,Norway,NO,YouTube watch page,Louis Weisz,OMrUmOTPD_AnSivjxptxpA,2,1,2.1
2017-02-14,Norway,NO,YouTube channel page,Louis Weisz,OMrUmOTPD_AnSivjxptxpA,4,1,3.8
2017-02-14,Portugal,PT,YouTube watch page,Louis Weisz,OMrUmOTPD_AnSivjxptxpA,0,1,0.2
2017-02-14,Russia,RU,YouTube watch page,Louis Weisz,OMrUmOTPD_AnSivjxptxpA,1,2,0.5
2017-02-14,Slovenia,SI,YouTube channel page,Louis Weisz,OMrUmOTPD_AnSivjxptxpA,0,1,0.2
2017-02-14,Turkey,TR,YouTube watch page,Louis Weisz,OMrUmOTPD_AnSivjxptxpA,0,1,0.1
2017-02-14,Ukraine,UA,YouTube watch page,Louis Weisz,OMrUmOTPD_AnSivjxptxpA,0,1,0.1
2017-02-14,United States,US,YouTube watch page,Louis Weisz,OMrUmOTPD_AnSivjxptxpA,53,18,3.0
2017-02-14,United States,US,YouTube channel page,Louis Weisz,OMrUmOTPD_AnSivjxptxpA,23,4,5.7
2017-02-15,Argentina,AR,YouTube watch page,Louis Weisz,OMrUmOTPD_AnSivjxptxpA,1,1,0.6
2017-02-15,Argentina,AR,YouTube channel page,Louis Weisz,OMrUmOTPD_AnSivjxptxpA,0,1,0.4
2017-02-15,Australia,AU,YouTube watch page,Louis Weisz,OMrUmOTPD_AnSivjxptxpA,4,2,1.9
2017-02-15,Brazil,BR,Embedded in external websites and apps,Louis Weisz,OMrUmOTPD_AnSivjxptxpA,0,2,0.2
2017-02-15,Canada,CA,YouTube watch page,Louis Weisz,OMrUmOTPD_AnSivjxptxpA,2,2,1.1
2017-02-15,Switzerland,CH,YouTube watch page,Louis Weisz,OMrUmOTPD_AnSivjxptxpA,2,1,1.9
2017-02-15,Colombia,CO,YouTube watch page,Louis Weisz,OMrUmOTPD_AnSivjxptxpA,0,1,0.3
2017-02-15,Czechia,CZ,YouTube watch page,Louis Weisz,OMrUmOTPD_AnSivjxptxpA,5,2,2.3
2017-02-15,Germany,DE,YouTube watch page,Louis Weisz,OMrUmOTPD_AnSivjxptxpA,1,1,1.1
2017-02-15,Egypt,EG,Embedded in external websites and apps,Louis Weisz,OMrUmOTPD_AnSivjxptxpA,0,1,0.4
2017-02-15,France,FR,YouTube watch page,Louis Weisz,OMrUmOTPD_AnSivjxptxpA,8,2,3.9
2017-02-15,United Kingdom,GB,YouTube watch page,Louis Weisz,OMrUmOTPD_AnSivjxptxpA,6,1,6.2
2017-02-15,Hong Kong,HK,YouTube watch page,Louis Weisz,OMrUmOTPD_AnSivjxptxpA,1,1,0.7
2017-02-15,Indonesia,ID,YouTube watch page,Louis Weisz,OMrUmOTPD_AnSivjxptxpA,6,3,2.1
2017-02-15,India,IN,YouTube watch page,Louis Weisz,OMrUmOTPD_AnSivjxptxpA,0,1,0.0
2017-02-15,Malaysia,MY,YouTube watch page,Louis Weisz,OMrUmOTPD_AnSivjxptxpA,0,1,0.5
2017-02-15,New Zealand,NZ,YouTube watch page,Louis Weisz,OMrUmOTPD_AnSivjxptxpA,5,1,5.2
2017-02-15,Philippines,PH,YouTube watch page,Louis Weisz,OMrUmOTPD_AnSivjxptxpA,4,2,1.9
2017-02-15,Russia,RU,YouTube watch page,Louis Weisz,OMrUmOTPD_AnSivjxptxpA,3,1,2.5
2017-02-15,Sweden,SE,YouTube watch page,Louis Weisz,OMrUmOTPD_AnSivjxptxpA,0,1,0.1
2017-02-15,Sweden,SE,YouTube channel page,Louis Weisz,OMrUmOTPD_AnSivjxptxpA,2,2,0.8
2017-02-15,Turkey,TR,YouTube watch page,Louis Weisz,OMrUmOTPD_AnSivjxptxpA,1,1,1.3
2017-02-15,United States,US,YouTube watch page,Louis Weisz,OMrUmOTPD_AnSivjxptxpA,55,21,2.6
2017-02-15,United States,US,YouTube channel page,Louis Weisz,OMrUmOTPD_AnSivjxptxpA,2,3,0.6
2017-02-15,Vietnam,VN,YouTube watch page,Louis Weisz,OMrUmOTPD_AnSivjxptxpA,1,1,1.0
2017-02-16,Australia,AU,YouTube watch page,Louis Weisz,OMrUmOTPD_AnSivjxptxpA,6,2,3.1
2017-02-16,Brazil,BR,YouTube watch page,Louis Weisz,OMrUmOTPD_AnSivjxptxpA,2,1,2.2
2017-02-16,Brazil,BR,Embedded in external websites and apps,Louis Weisz,OMrUmOTPD_AnSivjxptxpA,3,1,3.3
2017-02-16,Canada,CA,YouTube watch page,Louis Weisz,OMrUmOTPD_AnSivjxptxpA,3,4,0.9
2017-02-16,Chile,CL,YouTube watch page,Louis Weisz,OMrUmOTPD_AnSivjxptxpA,4,1,3.7
2017-02-16,Germany,DE,YouTube watch page,Louis Weisz,OMrUmOTPD_AnSivjxptxpA,2,3,0.6
2017-02-16,Germany,DE,YouTube channel page,Louis Weisz,OMrUmOTPD_AnSivjxptxpA,1,1,0.6
2017-02-16,Estonia,EE,YouTube watch page,Louis Weisz,OMrUmOTPD_AnSivjxptxpA,1,1,1.2
2017-02-16,France,FR,YouTube watch page,Louis Weisz,OMrUmOTPD_AnSivjxptxpA,0,1,0.2
2017-02-16,United Kingdom,GB,YouTube watch page,Louis Weisz,OMrUmOTPD_AnSivjxptxpA,9,3,2.8
2017-02-16,United Kingdom,GB,YouTube channel page,Louis Weisz,OMrUmOTPD_AnSivjxptxpA,3,2,1.7
2017-02-16,Hungary,HU,YouTube watch page,Louis Weisz,OMrUmOTPD_AnSivjxptxpA,4,1,3.5
2017-02-16,Israel,IL,YouTube watch page,Louis Weisz,OMrUmOTPD_AnSivjxptxpA,3,1,2.7
2017-02-16,Israel,IL,YouTube channel page,Louis Weisz,OMrUmOTPD_AnSivjxptxpA,0,1,0.2
2017-02-16,Jordan,JO,YouTube watch page,Louis Weisz,OMrUmOTPD_AnSivjxptxpA,1,1,1.0
2017-02-16,Japan,JP,YouTube watch page,Louis Weisz,OMrUmOTPD_AnSivjxptxpA,4,1,3.6
2017-02-16,Kenya,KE,YouTube watch page,Louis Weisz,OMrUmOTPD_AnSivjxptxpA,1,1,1.4
2017-02-16,Moldova,MD,YouTube watch page,Louis Weisz,OMrUmOTPD_AnSivjxptxpA,0,1,0.2
2017-02-16,Netherlands,NL,YouTube watch page,Louis Weisz,OMrUmOTPD_AnSivjxptxpA,2,3,0.5
2017-02-16,Netherlands,NL,YouTube channel page,Louis Weisz,OMrUmOTPD_AnSivjxptxpA,12,2,6.0
2017-02-16,Norway,NO,YouTube watch page,Louis Weisz,OMrUmOTPD_AnSivjxptxpA,3,1,3.2
2017-02-16,New Zealand,NZ,YouTube watch page,Louis Weisz,OMrUmOTPD_AnSivjxptxpA,0,1,0.0
2017-02-16,Panama,PA,YouTube watch page,Louis Weisz,OMrUmOTPD_AnSivjxptxpA,1,1,0.8
2017-02-16,Romania,RO,YouTube channel page,Louis Weisz,OMrUmOTPD_AnSivjxptxpA,1,1,0.9
2017-02-16,Turkey,TR,YouTube watch page,Louis Weisz,OMrUmOTPD_AnSivjxptxpA,2,2,1.1
2017-02-16,United States,US,YouTube watch page,Louis Weisz,OMrUmOTPD_AnSivjxptxpA,147,75,2.0
2017-02-16,United States,US,YouTube channel page,Louis Weisz,OMrUmOTPD_AnSivjxptxpA,20,11,1.8
2017-02-16,Venezuela,VE,YouTube watch page,Louis Weisz,OMrUmOTPD_AnSivjxptxpA,1,1,0.6
2017-02-17,Belgium,BE,YouTube watch page,Louis Weisz,OMrUmOTPD_AnSivjxptxpA,3,1,2.8
2017-02-17,Canada,CA,YouTube watch page,Louis Weisz,OMrUmOTPD_AnSivjxptxpA,8,4,2.0
2017-02-17,Germany,DE,YouTube watch page,Louis Weisz,OMrUmOTPD_AnSivjxptxpA,4,1,3.7
2017-02-17,Germany,DE,YouTube channel page,Louis Weisz,OMrUmOTPD_AnSivjxptxpA,6,1,6.3
2017-02-17,Denmark,DK,YouTube watch page,Louis Weisz,OMrUmOTPD_AnSivjxptxpA,4,1,3.6
2017-02-17,Denmark,DK,YouTube channel page,Louis Weisz,OMrUmOTPD_AnSivjxptxpA,6,1,5.9
2017-02-17,Dominican Republic,DO,YouTube channel page,Louis Weisz,OMrUmOTPD_AnSivjxptxpA,3,1,2.8
2017-02-17,France,FR,YouTube watch page,Louis Weisz,OMrUmOTPD_AnSivjxptxpA,5,1,4.9
2017-02-17,United Kingdom,GB,YouTube watch page,Louis Weisz,OMrUmOTPD_AnSivjxptxpA,10,7,1.4
2017-02-17,Greece,GR,YouTube watch page,Louis Weisz,OMrUmOTPD_AnSivjxptxpA,3,1,2.9
2017-02-17,Indonesia,ID,YouTube watch page,Louis Weisz,OMrUmOTPD_AnSivjxptxpA,0,2,0.2
2017-02-17,India,IN,YouTube watch page,Louis Weisz,OMrUmOTPD_AnSivjxptxpA,4,2,2.1
2017-02-17,Iceland,IS,YouTube watch page,Louis Weisz,OMrUmOTPD_AnSivjxptxpA,0,1,0.5
2017-02-17,Norway,NO,YouTube watch page,Louis Weisz,OMrUmOTPD_AnSivjxptxpA,0,1,0.2
2017-02-17,New Zealand,NZ,YouTube watch page,Louis Weisz,OMrUmOTPD_AnSivjxptxpA,1,3,0.2
2017-02-17,New Zealand,NZ,YouTube channel page,Louis Weisz,OMrUmOTPD_AnSivjxptxpA,6,1,5.5
2017-02-17,Oman,OM,YouTube watch page,Louis Weisz,OMrUmOTPD_AnSivjxptxpA,4,1,4.4
2017-02-17,Philippines,PH,YouTube watch page,Louis Weisz,OMrUmOTPD_AnSivjxptxpA,1,1,0.8
2017-02-17,Poland,PL,YouTube watch page,Louis Weisz,OMrUmOTPD_AnSivjxptxpA,12,3,4.1
2017-02-17,Russia,RU,YouTube watch page,Louis Weisz,OMrUmOTPD_AnSivjxptxpA,5,1,4.6
2017-02-17,Taiwan,TW,YouTube watch page,Louis Weisz,OMrUmOTPD_AnSivjxptxpA,1,1,0.7
2017-02-17,United States,US,YouTube watch page,Louis Weisz,OMrUmOTPD_AnSivjxptxpA,176,68,2.6
2017-02-17,United States,US,Embedded in external websites and apps,Louis Weisz,OMrUmOTPD_AnSivjxptxpA,9,4,2.2
2017-02-17,United States,US,YouTube channel page,Louis Weisz,OMrUmOTPD_AnSivjxptxpA,2,2,1.0
2017-02-18,Albania,AL,YouTube watch page,Louis Weisz,OMrUmOTPD_AnSivjxptxpA,1,1,0.5
2017-02-18,Australia,AU,YouTube watch page,Louis Weisz,OMrUmOTPD_AnSivjxptxpA,1,2,0.5
2017-02-18,Belgium,BE,YouTube watch page,Louis Weisz,OMrUmOTPD_AnSivjxptxpA,7,3,2.2
2017-02-18,Brazil,BR,Embedded in external websites and apps,Louis Weisz,OMrUmOTPD_AnSivjxptxpA,2,1,1.5
2017-02-18,Canada,CA,YouTube watch page,Louis Weisz,OMrUmOTPD_AnSivjxptxpA,4,1,4.4
2017-02-18,Switzerland,CH,YouTube watch page,Louis Weisz,OMrUmOTPD_AnSivjxptxpA,1,1,1.4
2017-02-18,Germany,DE,YouTube watch page,Louis Weisz,OMrUmOTPD_AnSivjxptxpA,2,3,0.7
2017-02-18,Germany,DE,YouTube channel page,Louis Weisz,OMrUmOTPD_AnSivjxptxpA,0,1,0.4
2017-02-18,United Kingdom,GB,YouTube watch page,Louis Weisz,OMrUmOTPD_AnSivjxptxpA,11,6,1.9
2017-02-18,Greece,GR,YouTube watch page,Louis Weisz,OMrUmOTPD_AnSivjxptxpA,4,1,4.4
2017-02-18,Croatia,HR,YouTube watch page,Louis Weisz,OMrUmOTPD_AnSivjxptxpA,5,2,2.6
2017-02-18,Japan,JP,YouTube watch page,Louis Weisz,OMrUmOTPD_AnSivjxptxpA,1,1,1.0
2017-02-18,Latvia,LV,YouTube watch page,Louis Weisz,OMrUmOTPD_AnSivjxptxpA,4,1,4.0
2017-02-18,Netherlands,NL,YouTube watch page,Louis Weisz,OMrUmOTPD_AnSivjxptxpA,0,1,0.4
2017-02-18,Norway,NO,YouTube watch page,Louis Weisz,OMrUmOTPD_AnSivjxptxpA,4,1,3.7
2017-02-18,Norway,NO,YouTube channel page,Louis Weisz,OMrUmOTPD_AnSivjxptxpA,6,1,6.0
2017-02-18,Peru,PE,YouTube watch page,Louis Weisz,OMrUmOTPD_AnSivjxptxpA,0,1,0.3
2017-02-18,Poland,PL,YouTube watch page,Louis Weisz,OMrUmOTPD_AnSivjxptxpA,13,3,4.3
2017-02-18,Qatar,QA,YouTube watch page,Louis Weisz,OMrUmOTPD_AnSivjxptxpA,0,1,0.3
2017-02-18,Saudi Arabia,SA,YouTube watch page,Louis Weisz,OMrUmOTPD_AnSivjxptxpA,5,2,2.3
2017-02-18,Sweden,SE,YouTube watch page,Louis Weisz,OMrUmOTPD_AnSivjxptxpA,4,6,0.7
2017-02-18,Sweden,SE,YouTube channel page,Louis Weisz,OMrUmOTPD_AnSivjxptxpA,6,1,6.3
2017-02-18,United States,US,YouTube watch page,Louis Weisz,OMrUmOTPD_AnSivjxptxpA,127,52,2.4
2017-02-18,United States,US,YouTube channel page,Louis Weisz,OMrUmOTPD_AnSivjxptxpA,21,5,4.2
2017-02-19,Australia,AU,YouTube watch page,Louis Weisz,OMrUmOTPD_AnSivjxptxpA,0,1,0.4
2017-02-19,Australia,AU,YouTube channel page,Louis Weisz,OMrUmOTPD_AnSivjxptxpA,6,1,6.2
2017-02-19,Belgium,BE,YouTube channel page,Louis Weisz,OMrUmOTPD_AnSivjxptxpA,1,1,1.1
2017-02-19,Brazil,BR,YouTube watch page,Louis Weisz,OMrUmOTPD_AnSivjxptxpA,6,1,6.2
2017-02-19,Brazil,BR,Embedded in external websites and apps,Louis Weisz,OMrUmOTPD_AnSivjxptxpA,5,1,5.3
2017-02-19,Canada,CA,YouTube watch page,Louis Weisz,OMrUmOTPD_AnSivjxptxpA,3,5,0.5
2017-02-19,Canada,CA,YouTube channel page,Louis Weisz,OMrUmOTPD_AnSivjxptxpA,18,3,6.1
2017-02-19,Germany,DE,YouTube watch page,Louis Weisz,OMrUmOTPD_AnSivjxptxpA,17,6,2.9
2017-02-19,Spain,ES,YouTube watch page,Louis Weisz,OMrUmOTPD_AnSivjxptxpA,0,1,0.4
2017-02-19,Spain,ES,YouTube channel page,Louis Weisz,OMrUmOTPD_AnSivjxptxpA,1,1,1.1
2017-02-19,Finland,FI,YouTube watch page,Louis Weisz,OMrUmOTPD_AnSivjxptxpA,5,1,4.9
2017-02-19,United Kingdom,GB,YouTube watch page,Louis Weisz,OMrUmOTPD_AnSivjxptxpA,7,2,3.4
2017-02-19,United Kingdom,GB,YouTube channel page,Louis Weisz,OMrUmOTPD_AnSivjxptxpA,3,1,3.3
2017-02-19,Greece,GR,YouTube watch page,Louis Weisz,OMrUmOTPD_AnSivjxptxpA,5,2,2.4
2017-02-19,Greece,GR,YouTube channel page,Louis Weisz,OMrUmOTPD_AnSivjxptxpA,1,1,0.5
2017-02-19,Hong Kong,HK,YouTube watch page,Louis Weisz,OMrUmOTPD_AnSivjxptxpA,2,1,1.9
2017-02-19,Iceland,IS,YouTube channel page,Louis Weisz,OMrUmOTPD_AnSivjxptxpA,6,1,6.3
2017-02-19,Malaysia,MY,YouTube watch page,Louis Weisz,OMrUmOTPD_AnSivjxptxpA,3,1,3.5
2017-02-19,Netherlands,NL,YouTube watch page,Louis Weisz,OMrUmOTPD_AnSivjxptxpA,0,1,0.3
2017-02-19,Philippines,PH,YouTube watch page,Louis Weisz,OMrUmOTPD_AnSivjxptxpA,1,1,0.7
2017-02-19,Poland,PL,YouTube watch page,Louis Weisz,OMrUmOTPD_AnSivjxptxpA,2,1,2.1
2017-02-19,Poland,PL,YouTube channel page,Louis Weisz,OMrUmOTPD_AnSivjxptxpA,1,1,0.8
2017-02-19,Portugal,PT,YouTube watch page,Louis Weisz,OMrUmOTPD_AnSivjxptxpA,7,1,7.2
2017-02-19,Romania,RO,YouTube watch page,Louis Weisz,OMrUmOTPD_AnSivjxptxpA,4,1,4.4
2017-02-19,Sweden,SE,YouTube watch page,Louis Weisz,OMrUmOTPD_AnSivjxptxpA,2,3,0.8
2017-02-19,Sweden,SE,YouTube channel page,Louis Weisz,OMrUmOTPD_AnSivjxptxpA,6,1,6.0
2017-02-19,Turkey,TR,YouTube watch page,Louis Weisz,OMrUmOTPD_AnSivjxptxpA,2,2,1.0
2017-02-19,United States,US,YouTube watch page,Louis Weisz,OMrUmOTPD_AnSivjxptxpA,121,55,2.2
2017-02-19,United States,US,YouTube channel page,Louis Weisz,OMrUmOTPD_AnSivjxptxpA,26,10,2.6
2017-02-20,Brazil,BR,YouTube watch page,Louis Weisz,OMrUmOTPD_AnSivjxptxpA,1,1,1.2
2017-02-20,Brazil,BR,Embedded in external websites and apps,Louis Weisz,OMrUmOTPD_AnSivjxptxpA,8,2,3.8
2017-02-20,Canada,CA,YouTube watch page,Louis Weisz,OMrUmOTPD_AnSivjxptxpA,6,1,6.3
2017-02-20,Canada,CA,YouTube channel page,Louis Weisz,OMrUmOTPD_AnSivjxptxpA,1,1,0.9
2017-02-20,Germany,DE,YouTube watch page,Louis Weisz,OMrUmOTPD_AnSivjxptxpA,1,3,0.3
2017-02-20,Germany,DE,YouTube channel page,Louis Weisz,OMrUmOTPD_AnSivjxptxpA,10,3,3.4
2017-02-20,Finland,FI,YouTube watch page,Louis Weisz,OMrUmOTPD_AnSivjxptxpA,3,2,1.6
2017-02-20,Finland,FI,YouTube channel page,Louis Weisz,OMrUmOTPD_AnSivjxptxpA,1,1,1.0
2017-02-20,United Kingdom,GB,YouTube watch page,Louis Weisz,OMrUmOTPD_AnSivjxptxpA,20,8,2.5
2017-02-20,United Kingdom,GB,YouTube channel page,Louis Weisz,OMrUmOTPD_AnSivjxptxpA,7,2,3.7
2017-02-20,Indonesia,ID,YouTube watch page,Louis Weisz,OMrUmOTPD_AnSivjxptxpA,0,1,0.5
2017-02-20,Cambodia,KH,YouTube watch page,Louis Weisz,OMrUmOTPD_AnSivjxptxpA,1,1,0.9
2017-02-20,Latvia,LV,YouTube watch page,Louis Weisz,OMrUmOTPD_AnSivjxptxpA,7,5,1.4
2017-02-20,Macedonia (FYROM),MK,YouTube watch page,Louis Weisz,OMrUmOTPD_AnSivjxptxpA,3,1,2.7
2017-02-20,Netherlands,NL,YouTube watch page,Louis Weisz,OMrUmOTPD_AnSivjxptxpA,5,2,2.6
2017-02-20,Netherlands,NL,YouTube channel page,Louis Weisz,OMrUmOTPD_AnSivjxptxpA,0,1,0.3
2017-02-20,Norway,NO,YouTube watch page,Louis Weisz,OMrUmOTPD_AnSivjxptxpA,11,6,1.9
2017-02-20,Poland,PL,YouTube watch page,Louis Weisz,OMrUmOTPD_AnSivjxptxpA,6,1,6.0
2017-02-20,Sweden,SE,YouTube watch page,Louis Weisz,OMrUmOTPD_AnSivjxptxpA,6,1,6.2
2017-02-20,Slovenia,SI,YouTube watch page,Louis Weisz,OMrUmOTPD_AnSivjxptxpA,0,1,0.5
2017-02-20,Slovenia,SI,YouTube channel page,Louis Weisz,OMrUmOTPD_AnSivjxptxpA,5,1,5.3
2017-02-20,Turkey,TR,YouTube watch page,Louis Weisz,OMrUmOTPD_AnSivjxptxpA,1,1,0.5
2017-02-20,United States,US,YouTube watch page,Louis Weisz,OMrUmOTPD_AnSivjxptxpA,62,29,2.2
2017-02-20,United States,US,YouTube channel page,Louis Weisz,OMrUmOTPD_AnSivjxptxpA,10,6,1.7
2017-02-20,South Africa,ZA,YouTube watch page,Louis Weisz,OMrUmOTPD_AnSivjxptxpA,3,1,3.3
2017-02-21,Brazil,BR,YouTube watch page,Louis Weisz,OMrUmOTPD_AnSivjxptxpA,2,1,2.0
2017-02-21,Canada,CA,YouTube channel page,Louis Weisz,OMrUmOTPD_AnSivjxptxpA,6,1,5.9
2017-02-21,Switzerland,CH,YouTube watch page,Louis Weisz,OMrUmOTPD_AnSivjxptxpA,7,1,7.2
2017-02-21,Switzerland,CH,YouTube channel page,Louis Weisz,OMrUmOTPD_AnSivjxptxpA,1,1,0.8
2017-02-21,Germany,DE,YouTube watch page,Louis Weisz,OMrUmOTPD_AnSivjxptxpA,11,6,1.9
2017-02-21,United Kingdom,GB,YouTube watch page,Louis Weisz,OMrUmOTPD_AnSivjxptxpA,9,3,2.9
2017-02-21,India,IN,YouTube watch page,Louis Weisz,OMrUmOTPD_AnSivjxptxpA,1,1,1.3
2017-02-21,Japan,JP,YouTube watch page,Louis Weisz,OMrUmOTPD_AnSivjxptxpA,8,2,3.8
2017-02-21,Pakistan,PK,YouTube watch page,Louis Weisz,OMrUmOTPD_AnSivjxptxpA,0,1,0.5
2017-02-21,Poland,PL,YouTube watch page,Louis Weisz,OMrUmOTPD_AnSivjxptxpA,0,1,0.1
2017-02-21,Sweden,SE,YouTube watch page,Louis Weisz,OMrUmOTPD_AnSivjxptxpA,2,1,1.7
2017-02-21,Slovenia,SI,YouTube watch page,Louis Weisz,OMrUmOTPD_AnSivjxptxpA,1,1,1.5
2017-02-21,Thailand,TH,YouTube watch page,Louis Weisz,OMrUmOTPD_AnSivjxptxpA,0,2,0.2
2017-02-21,United States,US,YouTube watch page,Louis Weisz,OMrUmOTPD_AnSivjxptxpA,45,19,2.4
2017-02-21,United States,US,YouTube channel page,Louis Weisz,OMrUmOTPD_AnSivjxptxpA,0,1,0.3
2017-02-22,Austria,AT,YouTube watch page,Louis Weisz,OMrUmOTPD_AnSivjxptxpA,5,2,2.6
2017-02-22,Australia,AU,YouTube watch page,Louis Weisz,OMrUmOTPD_AnSivjxptxpA,1,2,0.7
2017-02-22,Australia,AU,YouTube channel page,Louis Weisz,OMrUmOTPD_AnSivjxptxpA,7,3,2.2
2017-02-22,Brazil,BR,YouTube watch page,Louis Weisz,OMrUmOTPD_AnSivjxptxpA,9,2,4.5
2017-02-22,Brazil,BR,Embedded in external websites and apps,Louis Weisz,OMrUmOTPD_AnSivjxptxpA,6,1,6.3
2017-02-22,Brazil,BR,YouTube channel page,Louis Weisz,OMrUmOTPD_AnSivjxptxpA,0,1,0.2
2017-02-22,Canada,CA,YouTube watch page,Louis Weisz,OMrUmOTPD_AnSivjxptxpA,7,1,6.8
2017-02-22,Canada,CA,YouTube channel page,Louis Weisz,OMrUmOTPD_AnSivjxptxpA,6,1,6.2
2017-02-22,Chile,CL,YouTube watch page,Louis Weisz,OMrUmOTPD_AnSivjxptxpA,1,4,0.3
2017-02-22,Cyprus,CY,YouTube channel page,Louis Weisz,OMrUmOTPD_AnSivjxptxpA,6,1,5.8
2017-02-22,Denmark,DK,YouTube channel page,Louis Weisz,OMrUmOTPD_AnSivjxptxpA,3,1,3.2
2017-02-22,Estonia,EE,YouTube watch page,Louis Weisz,OMrUmOTPD_AnSivjxptxpA,2,1,1.5
2017-02-22,Estonia,EE,YouTube channel page,Louis Weisz,OMrUmOTPD_AnSivjxptxpA,6,1,6.0
2017-02-22,Spain,ES,YouTube watch page,Louis Weisz,OMrUmOTPD_AnSivjxptxpA,10,3,3.4
2017-02-22,France,FR,YouTube watch page,Louis Weisz,OMrUmOTPD_AnSivjxptxpA,1,2,0.5
2017-02-22,United Kingdom,GB,YouTube watch page,Louis Weisz,OMrUmOTPD_AnSivjxptxpA,15,6,2.6
2017-02-22,India,IN,YouTube watch page,Louis Weisz,OMrUmOTPD_AnSivjxptxpA,4,2,1.8
2017-02-22,Italy,IT,YouTube channel page,Louis Weisz,OMrUmOTPD_AnSivjxptxpA,6,1,6.0
2017-02-22,Kuwait,KW,YouTube watch page,Louis Weisz,OMrUmOTPD_AnSivjxptxpA,6,3,2.0
2017-02-22,Lithuania,LT,YouTube watch page,Louis Weisz,OMrUmOTPD_AnSivjxptxpA,4,1,3.5
2017-02-22,Netherlands,NL,YouTube watch page,Louis Weisz,OMrUmOTPD_AnSivjxptxpA,1,1,0.6
2017-02-22,Peru,PE,YouTube watch page,Louis Weisz,OMrUmOTPD_AnSivjxptxpA,6,1,5.9
2017-02-22,Philippines,PH,YouTube watch page,Louis Weisz,OMrUmOTPD_AnSivjxptxpA,2,1,1.7
2017-02-22,Portugal,PT,YouTube watch page,Louis Weisz,OMrUmOTPD_AnSivjxptxpA,2,1,2.0
2017-02-22,Romania,RO,YouTube watch page,Louis Weisz,OMrUmOTPD_AnSivjxptxpA,2,1,1.7
2017-02-22,Saudi Arabia,SA,YouTube watch page,Louis Weisz,OMrUmOTPD_AnSivjxptxpA,4,6,0.6
2017-02-22,Sweden,SE,YouTube watch page,Louis Weisz,OMrUmOTPD_AnSivjxptxpA,8,2,4.1
2017-02-22,United States,US,YouTube watch page,Louis Weisz,OMrUmOTPD_AnSivjxptxpA,113,51,2.2
2017-02-22,United States,US,YouTube channel page,Louis Weisz,OMrUmOTPD_AnSivjxptxpA,11,5,2.1
2017-02-23,Argentina,AR,YouTube watch page,Louis Weisz,OMrUmOTPD_AnSivjxptxpA,4,3,1.3
2017-02-23,Australia,AU,YouTube watch page,Louis Weisz,OMrUmOTPD_AnSivjxptxpA,3,2,1.3
2017-02-23,Australia,AU,YouTube channel page,Louis Weisz,OMrUmOTPD_AnSivjxptxpA,6,1,6.2
2017-02-23,Brazil,BR,YouTube watch page,Louis Weisz,OMrUmOTPD_AnSivjxptxpA,0,2,0.1
2017-02-23,Brazil,BR,Embedded in external websites and apps,Louis Weisz,OMrUmOTPD_AnSivjxptxpA,1,1,0.8
2017-02-23,Brazil,BR,YouTube channel page,Louis Weisz,OMrUmOTPD_AnSivjxptxpA,3,2,1.3
2017-02-23,Canada,CA,YouTube watch page,Louis Weisz,OMrUmOTPD_AnSivjxptxpA,2,1,2.1
2017-02-23,Canada,CA,YouTube channel page,Louis Weisz,OMrUmOTPD_AnSivjxptxpA,12,2,5.9
2017-02-23,Czechia,CZ,YouTube channel page,Louis Weisz,OMrUmOTPD_AnSivjxptxpA,0,1,0.4
2017-02-23,Germany,DE,YouTube watch page,Louis Weisz,OMrUmOTPD_AnSivjxptxpA,0,1,0.3
2017-02-23,United Kingdom,GB,YouTube watch page,Louis Weisz,OMrUmOTPD_AnSivjxptxpA,12,3,4.2
2017-02-23,Mexico,MX,YouTube watch page,Louis Weisz,OMrUmOTPD_AnSivjxptxpA,0,1,0.3
2017-02-23,Netherlands,NL,YouTube watch page,Louis Weisz,OMrUmOTPD_AnSivjxptxpA,1,1,0.6
2017-02-23,Peru,PE,YouTube watch page,Louis Weisz,OMrUmOTPD_AnSivjxptxpA,1,1,0.9
2017-02-23,Russia,RU,YouTube watch page,Louis Weisz,OMrUmOTPD_AnSivjxptxpA,0,1,0.1
2017-02-23,Russia,RU,YouTube channel page,Louis Weisz,OMrUmOTPD_AnSivjxptxpA,1,1,0.6
2017-02-23,Sweden,SE,YouTube watch page,Louis Weisz,OMrUmOTPD_AnSivjxptxpA,2,1,1.6
2017-02-23,Sweden,SE,YouTube channel page,Louis Weisz,OMrUmOTPD_AnSivjxptxpA,6,1,6.3
2017-02-23,United States,US,YouTube watch page,Louis Weisz,OMrUmOTPD_AnSivjxptxpA,56,27,2.1
2017-02-23,United States,US,YouTube channel page,Louis Weisz,OMrUmOTPD_AnSivjxptxpA,16,7,2.3
2017-02-23,Venezuela,VE,YouTube channel page,Louis Weisz,OMrUmOTPD_AnSivjxptxpA,0,1,0.2
2017-02-24,Australia,AU,YouTube watch page,Louis Weisz,OMrUmOTPD_AnSivjxptxpA,6,1,5.9
2017-02-24,Azerbaijan,AZ,YouTube channel page,Louis Weisz,OMrUmOTPD_AnSivjxptxpA,4,1,4.2
2017-02-24,Belgium,BE,YouTube watch page,Louis Weisz,OMrUmOTPD_AnSivjxptxpA,0,1,0.2
2017-02-24,Brazil,BR,YouTube watch page,Louis Weisz,OMrUmOTPD_AnSivjxptxpA,0,1,0.2
2017-02-24,Canada,CA,YouTube watch page,Louis Weisz,OMrUmOTPD_AnSivjxptxpA,0,1,0.2
2017-02-24,Czechia,CZ,YouTube watch page,Louis Weisz,OMrUmOTPD_AnSivjxptxpA,6,4,1.4
2017-02-24,Germany,DE,YouTube watch page,Louis Weisz,OMrUmOTPD_AnSivjxptxpA,9,5,1.8
2017-02-24,Denmark,DK,YouTube watch page,Louis Weisz,OMrUmOTPD_AnSivjxptxpA,1,1,0.9
2017-02-24,Finland,FI,YouTube watch page,Louis Weisz,OMrUmOTPD_AnSivjxptxpA,2,1,2.0
2017-02-24,France,FR,YouTube watch page,Louis Weisz,OMrUmOTPD_AnSivjxptxpA,1,1,0.6
2017-02-24,France,FR,YouTube channel page,Louis Weisz,OMrUmOTPD_AnSivjxptxpA,0,1,0.2
2017-02-24,United Kingdom,GB,YouTube watch page,Louis Weisz,OMrUmOTPD_AnSivjxptxpA,6,2,3.2
2017-02-24,United Kingdom,GB,YouTube channel page,Louis Weisz,OMrUmOTPD_AnSivjxptxpA,2,3,0.7
2017-02-24,Italy,IT,YouTube watch page,Louis Weisz,OMrUmOTPD_AnSivjxptxpA,0,1,0.1
2017-02-24,Mexico,MX,YouTube watch page,Louis Weisz,OMrUmOTPD_AnSivjxptxpA,6,1,5.9
2017-02-24,New Zealand,NZ,YouTube channel page,Louis Weisz,OMrUmOTPD_AnSivjxptxpA,6,1,6.1
2017-02-24,Oman,OM,YouTube channel page,Louis Weisz,OMrUmOTPD_AnSivjxptxpA,5,1,5.1
2017-02-24,Poland,PL,YouTube channel page,Louis Weisz,OMrUmOTPD_AnSivjxptxpA,4,2,2.0
2017-02-24,Russia,RU,YouTube watch page,Louis Weisz,OMrUmOTPD_AnSivjxptxpA,1,1,0.5
2017-02-24,Sweden,SE,YouTube watch page,Louis Weisz,OMrUmOTPD_AnSivjxptxpA,6,1,6.0
2017-02-24,Singapore,SG,YouTube watch page,Louis Weisz,OMrUmOTPD_AnSivjxptxpA,6,2,2.8
2017-02-24,Slovenia,SI,YouTube watch page,Louis Weisz,OMrUmOTPD_AnSivjxptxpA,17,4,4.3
2017-02-24,Turkey,TR,YouTube watch page,Louis Weisz,OMrUmOTPD_AnSivjxptxpA,2,1,2.1
2017-02-24,United States,US,YouTube watch page,Louis Weisz,OMrUmOTPD_AnSivjxptxpA,65,26,2.5
2017-02-24,United States,US,YouTube channel page,Louis Weisz,OMrUmOTPD_AnSivjxptxpA,17,6,2.8
2017-02-25,Colombia,CO,YouTube watch page,Louis Weisz,OMrUmOTPD_AnSivjxptxpA,0,1,0.4
2017-02-25,Costa Rica,CR,YouTube channel page,Louis Weisz,OMrUmOTPD_AnSivjxptxpA,5,1,5.4
2017-02-25,Germany,DE,YouTube watch page,Louis Weisz,OMrUmOTPD_AnSivjxptxpA,10,4,2.5
2017-02-25,Denmark,DK,YouTube watch page,Louis Weisz,OMrUmOTPD_AnSivjxptxpA,1,1,0.6
2017-02-25,Spain,ES,YouTube watch page,Louis Weisz,OMrUmOTPD_AnSivjxptxpA,6,1,6.1
2017-02-25,Finland,FI,YouTube channel page,Louis Weisz,OMrUmOTPD_AnSivjxptxpA,4,1,4.1
2017-02-25,United Kingdom,GB,YouTube watch page,Louis Weisz,OMrUmOTPD_AnSivjxptxpA,4,3,1.5
2017-02-25,United Kingdom,GB,YouTube channel page,Louis Weisz,OMrUmOTPD_AnSivjxptxpA,6,2,2.9
2017-02-25,Kenya,KE,YouTube watch page,Louis Weisz,OMrUmOTPD_AnSivjxptxpA,1,1,0.5
2017-02-25,Mauritius,MU,YouTube watch page,Louis Weisz,OMrUmOTPD_AnSivjxptxpA,7,2,3.7
2017-02-25,Malaysia,MY,YouTube channel page,Louis Weisz,OMrUmOTPD_AnSivjxptxpA,3,1,3.5
2017-02-25,Poland,PL,YouTube channel page,Louis Weisz,OMrUmOTPD_AnSivjxptxpA,8,2,4.1
2017-02-25,Portugal,PT,YouTube watch page,Louis Weisz,OMrUmOTPD_AnSivjxptxpA,5,1,5.3
2017-02-25,Portugal,PT,YouTube channel page,Louis Weisz,OMrUmOTPD_AnSivjxptxpA,6,1,5.9
2017-02-25,Romania,RO,YouTube watch page,Louis Weisz,OMrUmOTPD_AnSivjxptxpA,6,1,5.5
2017-02-25,Russia,RU,YouTube watch page,Louis Weisz,OMrUmOTPD_AnSivjxptxpA,0,1,0.0
2017-02-25,Sweden,SE,YouTube watch page,Louis Weisz,OMrUmOTPD_AnSivjxptxpA,1,2,0.3
2017-02-25,Sweden,SE,YouTube channel page,Louis Weisz,OMrUmOTPD_AnSivjxptxpA,6,1,5.8
2017-02-25,Turkey,TR,YouTube watch page,Louis Weisz,OMrUmOTPD_AnSivjxptxpA,3,1,3.3
2017-02-25,United States,US,YouTube watch page,Louis Weisz,OMrUmOTPD_AnSivjxptxpA,113,38,3.0
2017-02-25,United States,US,YouTube channel page,Louis Weisz,OMrUmOTPD_AnSivjxptxpA,10,6,1.6
2017-02-26,United Arab Emirates,AE,YouTube watch page,Louis Weisz,OMrUmOTPD_AnSivjxptxpA,5,1,4.9
2017-02-26,Argentina,AR,YouTube watch page,Louis Weisz,OMrUmOTPD_AnSivjxptxpA,4,2,1.8
2017-02-26,Australia,AU,YouTube watch page,Louis Weisz,OMrUmOTPD_AnSivjxptxpA,4,1,4.2
2017-02-26,Australia,AU,YouTube channel page,Louis Weisz,OMrUmOTPD_AnSivjxptxpA,12,3,3.9
2017-02-26,Belgium,BE,YouTube watch page,Louis Weisz,OMrUmOTPD_AnSivjxptxpA,4,1,3.5
2017-02-26,Bulgaria,BG,YouTube watch page,Louis Weisz,OMrUmOTPD_AnSivjxptxpA,1,1,0.9
2017-02-26,Brazil,BR,YouTube watch page,Louis Weisz,OMrUmOTPD_AnSivjxptxpA,0,1,0.1
2017-02-26,Brazil,BR,Embedded in external websites and apps,Louis Weisz,OMrUmOTPD_AnSivjxptxpA,7,2,3.5
2017-02-26,Brazil,BR,YouTube channel page,Louis Weisz,OMrUmOTPD_AnSivjxptxpA,6,1,6.3
2017-02-26,Canada,CA,YouTube watch page,Louis Weisz,OMrUmOTPD_AnSivjxptxpA,5,4,1.2
2017-02-26,Canada,CA,YouTube channel page,Louis Weisz,OMrUmOTPD_AnSivjxptxpA,7,3,2.3
2017-02-26,Germany,DE,YouTube watch page,Louis Weisz,OMrUmOTPD_AnSivjxptxpA,3,4,0.7
2017-02-26,Germany,DE,YouTube channel page,Louis Weisz,OMrUmOTPD_AnSivjxptxpA,2,2,1.2
2017-02-26,Denmark,DK,YouTube watch page,Louis Weisz,OMrUmOTPD_AnSivjxptxpA,1,2,0.4
2017-02-26,Denmark,DK,YouTube channel page,Louis Weisz,OMrUmOTPD_AnSivjxptxpA,6,1,6.2
2017-02-26,France,FR,YouTube watch page,Louis Weisz,OMrUmOTPD_AnSivjxptxpA,5,2,2.4
2017-02-26,United Kingdom,GB,YouTube watch page,Louis Weisz,OMrUmOTPD_AnSivjxptxpA,8,5,1.7
2017-02-26,United Kingdom,GB,YouTube channel page,Louis Weisz,OMrUmOTPD_AnSivjxptxpA,5,1,5.2
2017-02-26,Italy,IT,YouTube watch page,Louis Weisz,OMrUmOTPD_AnSivjxptxpA,1,1,1.0
2017-02-26,Latvia,LV,YouTube channel page,Louis Weisz,OMrUmOTPD_AnSivjxptxpA,3,1,3.1
2017-02-26,Mexico,MX,YouTube channel page,Louis Weisz,OMrUmOTPD_AnSivjxptxpA,1,1,0.8
2017-02-26,Netherlands,NL,YouTube watch page,Louis Weisz,OMrUmOTPD_AnSivjxptxpA,12,6,2.1
2017-02-26,New Zealand,NZ,YouTube watch page,Louis Weisz,OMrUmOTPD_AnSivjxptxpA,6,1,6.0
2017-02-26,Romania,RO,YouTube watch page,Louis Weisz,OMrUmOTPD_AnSivjxptxpA,4,1,4.1
2017-02-26,Romania,RO,YouTube channel page,Louis Weisz,OMrUmOTPD_AnSivjxptxpA,7,1,6.9
2017-02-26,Saudi Arabia,SA,YouTube watch page,Louis Weisz,OMrUmOTPD_AnSivjxptxpA,2,1,1.5
2017-02-26,Sweden,SE,YouTube watch page,Louis Weisz,OMrUmOTPD_AnSivjxptxpA,2,1,1.7
2017-02-26,United States,US,YouTube watch page,Louis Weisz,OMrUmOTPD_AnSivjxptxpA,79,30,2.6
2017-02-26,United States,US,YouTube channel page,Louis Weisz,OMrUmOTPD_AnSivjxptxpA,36,9,4.0
2017-02-27,Austria,AT,YouTube channel page,Louis Weisz,OMrUmOTPD_AnSivjxptxpA,0,1,0.3
2017-02-27,Belgium,BE,YouTube watch page,Louis Weisz,OMrUmOTPD_AnSivjxptxpA,0,2,0.2
2017-02-27,Brazil,BR,YouTube watch page,Louis Weisz,OMrUmOTPD_AnSivjxptxpA,0,1,0.1
2017-02-27,Canada,CA,YouTube watch page,Louis Weisz,OMrUmOTPD_AnSivjxptxpA,4,1,4.4
2017-02-27,Germany,DE,YouTube watch page,Louis Weisz,OMrUmOTPD_AnSivjxptxpA,1,1,0.9
2017-02-27,France,FR,YouTube watch page,Louis Weisz,OMrUmOTPD_AnSivjxptxpA,0,1,0.2
2017-02-27,United Kingdom,GB,YouTube watch page,Louis Weisz,OMrUmOTPD_AnSivjxptxpA,13,6,2.2
2017-02-27,United Kingdom,GB,YouTube channel page,Louis Weisz,OMrUmOTPD_AnSivjxptxpA,5,1,4.8
2017-02-27,Hong Kong,HK,YouTube watch page,Louis Weisz,OMrUmOTPD_AnSivjxptxpA,3,1,3.3
2017-02-27,Hungary,HU,YouTube channel page,Louis Weisz,OMrUmOTPD_AnSivjxptxpA,0,1,0.3
2017-02-27,Italy,IT,YouTube watch page,Louis Weisz,OMrUmOTPD_AnSivjxptxpA,1,2,0.4
2017-02-27,South Korea,KR,YouTube watch page,Louis Weisz,OMrUmOTPD_AnSivjxptxpA,0,1,0.2
2017-02-27,Mauritius,MU,YouTube watch page,Louis Weisz,OMrUmOTPD_AnSivjxptxpA,6,1,6.3
2017-02-27,Netherlands,NL,YouTube watch page,Louis Weisz,OMrUmOTPD_AnSivjxptxpA,1,1,1.5
2017-02-27,Philippines,PH,YouTube watch page,Louis Weisz,OMrUmOTPD_AnSivjxptxpA,0,1,0.1
2017-02-27,Poland,PL,YouTube watch page,Louis Weisz,OMrUmOTPD_AnSivjxptxpA,0,1,0.1
2017-02-27,Sweden,SE,YouTube watch page,Louis Weisz,OMrUmOTPD_AnSivjxptxpA,6,1,6.1
2017-02-27,Sweden,SE,YouTube channel page,Louis Weisz,OMrUmOTPD_AnSivjxptxpA,0,1,0.5
2017-02-27,United States,US,YouTube watch page,Louis Weisz,OMrUmOTPD_AnSivjxptxpA,37,13,2.8
2017-02-27,United States,US,Embedded in external websites and apps,Louis Weisz,OMrUmOTPD_AnSivjxptxpA,10,4,2.5
2017-02-27,United States,US,YouTube channel page,Louis Weisz,OMrUmOTPD_AnSivjxptxpA,16,4,4.1
2017-02-28,Belgium,BE,YouTube watch page,Louis Weisz,OMrUmOTPD_AnSivjxptxpA,10,5,1.9
2017-02-28,Belgium,BE,YouTube channel page,Louis Weisz,OMrUmOTPD_AnSivjxptxpA,6,1,5.6
2017-02-28,Bulgaria,BG,YouTube channel page,Louis Weisz,OMrUmOTPD_AnSivjxptxpA,1,1,0.7
2017-02-28,Belarus,BY,YouTube channel page,Louis Weisz,OMrUmOTPD_AnSivjxptxpA,0,1,0.2
2017-02-28,Canada,CA,YouTube watch page,Louis Weisz,OMrUmOTPD_AnSivjxptxpA,2,2,0.9
2017-02-28,Canada,CA,YouTube channel page,Louis Weisz,OMrUmOTPD_AnSivjxptxpA,16,3,5.3
2017-02-28,Colombia,CO,YouTube watch page,Louis Weisz,OMrUmOTPD_AnSivjxptxpA,0,1,0.1
2017-02-28,Germany,DE,YouTube watch page,Louis Weisz,OMrUmOTPD_AnSivjxptxpA,2,2,1.0
2017-02-28,Germany,DE,YouTube channel page,Louis Weisz,OMrUmOTPD_AnSivjxptxpA,0,1,0.2
2017-02-28,France,FR,YouTube watch page,Louis Weisz,OMrUmOTPD_AnSivjxptxpA,5,1,5.2
2017-02-28,United Kingdom,GB,YouTube watch page,Louis Weisz,OMrUmOTPD_AnSivjxptxpA,9,5,1.8
2017-02-28,United Kingdom,GB,YouTube channel page,Louis Weisz,OMrUmOTPD_AnSivjxptxpA,1,1,1.3
2017-02-28,Hong Kong,HK,YouTube watch page,Louis Weisz,OMrUmOTPD_AnSivjxptxpA,0,1,0.4
2017-02-28,Indonesia,ID,YouTube watch page,Louis Weisz,OMrUmOTPD_AnSivjxptxpA,1,1,1.1
2017-02-28,Italy,IT,YouTube watch page,Louis Weisz,OMrUmOTPD_AnSivjxptxpA,6,1,6.0
2017-02-28,Japan,JP,YouTube watch page,Louis Weisz,OMrUmOTPD_AnSivjxptxpA,1,1,0.9
2017-02-28,South Korea,KR,YouTube watch page,Louis Weisz,OMrUmOTPD_AnSivjxptxpA,5,5,1.1
2017-02-28,Lithuania,LT,YouTube watch page,Louis Weisz,OMrUmOTPD_AnSivjxptxpA,17,4,4.1
2017-02-28,Netherlands,NL,YouTube watch page,Louis Weisz,OMrUmOTPD_AnSivjxptxpA,3,1,2.8
2017-02-28,Peru,PE,YouTube watch page,Louis Weisz,OMrUmOTPD_AnSivjxptxpA,3,3,1.0
2017-02-28,Poland,PL,YouTube channel page,Louis Weisz,OMrUmOTPD_AnSivjxptxpA,6,1,6.1
2017-02-28,Sweden,SE,YouTube watch page,Louis Weisz,OMrUmOTPD_AnSivjxptxpA,1,1,0.8
2017-02-28,Slovakia,SK,YouTube watch page,Louis Weisz,OMrUmOTPD_AnSivjxptxpA,3,1,2.6
2017-02-28,United States,US,YouTube watch page,Louis Weisz,OMrUmOTPD_AnSivjxptxpA,95,27,3.5
2017-02-28,United States,US,Embedded in external websites and apps,Louis Weisz,OMrUmOTPD_AnSivjxptxpA,2,2,1.1
2017-02-28,United States,US,YouTube channel page,Louis Weisz,OMrUmOTPD_AnSivjxptxpA,4,3,1.3
2017-03-01,Argentina,AR,YouTube watch page,Louis Weisz,OMrUmOTPD_AnSivjxptxpA,1,1,0.6
2017-03-01,Australia,AU,YouTube watch page,Louis Weisz,OMrUmOTPD_AnSivjxptxpA,25,6,4.2
2017-03-01,Brazil,BR,YouTube watch page,Louis Weisz,OMrUmOTPD_AnSivjxptxpA,4,1,4.2
2017-03-01,Canada,CA,YouTube watch page,Louis Weisz,OMrUmOTPD_AnSivjxptxpA,9,4,2.2
2017-03-01,Canada,CA,YouTube channel page,Louis Weisz,OMrUmOTPD_AnSivjxptxpA,3,1,3.3
2017-03-01,Czechia,CZ,YouTube watch page,Louis Weisz,OMrUmOTPD_AnSivjxptxpA,0,1,0.1
2017-03-01,Germany,DE,YouTube watch page,Louis Weisz,OMrUmOTPD_AnSivjxptxpA,6,3,1.8
2017-03-01,Spain,ES,YouTube watch page,Louis Weisz,OMrUmOTPD_AnSivjxptxpA,2,1,1.9
2017-03-01,United Kingdom,GB,YouTube watch page,Louis Weisz,OMrUmOTPD_AnSivjxptxpA,11,6,1.8
2017-03-01,United Kingdom,GB,YouTube channel page,Louis Weisz,OMrUmOTPD_AnSivjxptxpA,6,1,6.0
2017-03-01,Ireland,IE,YouTube watch page,Louis Weisz,OMrUmOTPD_AnSivjxptxpA,2,1,1.5
2017-03-01,Ireland,IE,YouTube channel page,Louis Weisz,OMrUmOTPD_AnSivjxptxpA,0,1,0.2
2017-03-01,Israel,IL,YouTube watch page,Louis Weisz,OMrUmOTPD_AnSivjxptxpA,4,1,4.1
2017-03-01,South Korea,KR,YouTube watch page,Louis Weisz,OMrUmOTPD_AnSivjxptxpA,0,1,0.3
2017-03-01,Malaysia,MY,YouTube watch page,Louis Weisz,OMrUmOTPD_AnSivjxptxpA,1,1,1.2
2017-03-01,Malaysia,MY,YouTube channel page,Louis Weisz,OMrUmOTPD_AnSivjxptxpA,3,1,2.8
2017-03-01,Norway,NO,YouTube watch page,Louis Weisz,OMrUmOTPD_AnSivjxptxpA,5,1,4.7
2017-03-01,New Zealand,NZ,YouTube watch page,Louis Weisz,OMrUmOTPD_AnSivjxptxpA,6,1,5.7
2017-03-01,Philippines,PH,YouTube watch page,Louis Weisz,OMrUmOTPD_AnSivjxptxpA,9,3,3.1
2017-03-01,Poland,PL,YouTube watch page,Louis Weisz,OMrUmOTPD_AnSivjxptxpA,0,1,0.2
2017-03-01,Russia,RU,YouTube watch page,Louis Weisz,OMrUmOTPD_AnSivjxptxpA,0,2,0.1
2017-03-01,Singapore,SG,YouTube watch page,Louis Weisz,OMrUmOTPD_AnSivjxptxpA,0,1,0.3
2017-03-01,Thailand,TH,YouTube watch page,Louis Weisz,OMrUmOTPD_AnSivjxptxpA,0,1,0.3
2017-03-01,United States,US,YouTube watch page,Louis Weisz,OMrUmOTPD_AnSivjxptxpA,66,21,3.1
2017-03-01,United States,US,YouTube channel page,Louis Weisz,OMrUmOTPD_AnSivjxptxpA,14,5,2.8
2017-03-02,Argentina,AR,YouTube watch page,Louis Weisz,OMrUmOTPD_AnSivjxptxpA,2,2,1.1
2017-03-02,Brazil,BR,YouTube watch page,Louis Weisz,OMrUmOTPD_AnSivjxptxpA,1,1,0.8
2017-03-02,Canada,CA,YouTube watch page,Louis Weisz,OMrUmOTPD_AnSivjxptxpA,7,3,2.4
2017-03-02,Switzerland,CH,YouTube watch page,Louis Weisz,OMrUmOTPD_AnSivjxptxpA,0,1,0.1
2017-03-02,Czechia,CZ,YouTube watch page,Louis Weisz,OMrUmOTPD_AnSivjxptxpA,1,1,1.1
2017-03-02,Czechia,CZ,YouTube channel page,Louis Weisz,OMrUmOTPD_AnSivjxptxpA,1,2,0.7
2017-03-02,Germany,DE,YouTube watch page,Louis Weisz,OMrUmOTPD_AnSivjxptxpA,20,4,5.0
2017-03-02,Germany,DE,YouTube channel page,Louis Weisz,OMrUmOTPD_AnSivjxptxpA,7,2,3.5
2017-03-02,Ecuador,EC,YouTube watch page,Louis Weisz,OMrUmOTPD_AnSivjxptxpA,0,2,0.1
2017-03-02,Spain,ES,YouTube watch page,Louis Weisz,OMrUmOTPD_AnSivjxptxpA,2,3,0.6
2017-03-02,United Kingdom,GB,YouTube watch page,Louis Weisz,OMrUmOTPD_AnSivjxptxpA,4,2,1.9
2017-03-02,Guatemala,GT,YouTube watch page,Louis Weisz,OMrUmOTPD_AnSivjxptxpA,0,1,0.1
2017-03-02,Indonesia,ID,YouTube watch page,Louis Weisz,OMrUmOTPD_AnSivjxptxpA,0,1,0.5
2017-03-02,Lithuania,LT,YouTube watch page,Louis Weisz,OMrUmOTPD_AnSivjxptxpA,2,3,0.7
2017-03-02,Moldova,MD,YouTube watch page,Louis Weisz,OMrUmOTPD_AnSivjxptxpA,0,1,0.4
2017-03-02,Netherlands,NL,YouTube watch page,Louis Weisz,OMrUmOTPD_AnSivjxptxpA,4,2,1.8
2017-03-02,Singapore,SG,YouTube watch page,Louis Weisz,OMrUmOTPD_AnSivjxptxpA,0,1,0.3
2017-03-02,Slovenia,SI,YouTube watch page,Louis Weisz,OMrUmOTPD_AnSivjxptxpA,4,1,3.7
2017-03-02,United States,US,YouTube watch page,Louis Weisz,OMrUmOTPD_AnSivjxptxpA,61,24,2.5
2017-03-02,United States,US,YouTube channel page,Louis Weisz,OMrUmOTPD_AnSivjxptxpA,14,5,2.9
2017-03-03,Australia,AU,YouTube watch page,Louis Weisz,OMrUmOTPD_AnSivjxptxpA,6,1,6.2
2017-03-03,Australia,AU,YouTube channel page,Louis Weisz,OMrUmOTPD_AnSivjxptxpA,1,1,1.1
2017-03-03,Brazil,BR,YouTube watch page,Louis Weisz,OMrUmOTPD_AnSivjxptxpA,1,3,0.5
2017-03-03,Brazil,BR,YouTube channel page,Louis Weisz,OMrUmOTPD_AnSivjxptxpA,3,1,3.0
2017-03-03,Canada,CA,YouTube watch page,Louis Weisz,OMrUmOTPD_AnSivjxptxpA,5,1,5.1
2017-03-03,Finland,FI,YouTube watch page,Louis Weisz,OMrUmOTPD_AnSivjxptxpA,0,1,0.4
2017-03-03,United Kingdom,GB,YouTube watch page,Louis Weisz,OMrUmOTPD_AnSivjxptxpA,0,1,0.4
2017-03-03,United Kingdom,GB,YouTube channel page,Louis Weisz,OMrUmOTPD_AnSivjxptxpA,1,1,0.6
2017-03-03,Ireland,IE,YouTube channel page,Louis Weisz,OMrUmOTPD_AnSivjxptxpA,1,1,0.6
2017-03-03,India,IN,YouTube watch page,Louis Weisz,OMrUmOTPD_AnSivjxptxpA,1,3,0.5
2017-03-03,Malaysia,MY,YouTube watch page,Louis Weisz,OMrUmOTPD_AnSivjxptxpA,0,1,0.4
2017-03-03,Netherlands,NL,YouTube watch page,Louis Weisz,OMrUmOTPD_AnSivjxptxpA,0,1,0.3
2017-03-03,Philippines,PH,YouTube watch page,Louis Weisz,OMrUmOTPD_AnSivjxptxpA,2,1,1.7
2017-03-03,Sweden,SE,YouTube watch page,Louis Weisz,OMrUmOTPD_AnSivjxptxpA,1,1,0.5
2017-03-03,Tunisia,TN,YouTube channel page,Louis Weisz,OMrUmOTPD_AnSivjxptxpA,0,1,0.3
2017-03-03,Taiwan,TW,YouTube watch page,Louis Weisz,OMrUmOTPD_AnSivjxptxpA,1,1,0.8
2017-03-03,United States,US,YouTube watch page,Louis Weisz,OMrUmOTPD_AnSivjxptxpA,98,40,2.4
2017-03-03,United States,US,YouTube channel page,Louis Weisz,OMrUmOTPD_AnSivjxptxpA,26,7,3.8
2017-03-04,United Arab Emirates,AE,YouTube watch page,Louis Weisz,OMrUmOTPD_AnSivjxptxpA,4,1,4.3
2017-03-04,Austria,AT,YouTube channel page,Louis Weisz,OMrUmOTPD_AnSivjxptxpA,6,1,5.8
2017-03-04,Australia,AU,YouTube channel page,Louis Weisz,OMrUmOTPD_AnSivjxptxpA,6,1,5.7
2017-03-04,Belgium,BE,YouTube watch page,Louis Weisz,OMrUmOTPD_AnSivjxptxpA,7,2,3.6
2017-03-04,Brazil,BR,Embedded in external websites and apps,Louis Weisz,OMrUmOTPD_AnSivjxptxpA,2,2,0.9
2017-03-04,Canada,CA,YouTube watch page,Louis Weisz,OMrUmOTPD_AnSivjxptxpA,9,3,2.9
2017-03-04,Canada,CA,YouTube channel page,Louis Weisz,OMrUmOTPD_AnSivjxptxpA,0,1,0.4
2017-03-04,Germany,DE,YouTube watch page,Louis Weisz,OMrUmOTPD_AnSivjxptxpA,12,8,1.5
2017-03-04,Estonia,EE,YouTube channel page,Louis Weisz,OMrUmOTPD_AnSivjxptxpA,2,1,1.5
2017-03-04,France,FR,YouTube watch page,Louis Weisz,OMrUmOTPD_AnSivjxptxpA,18,4,4.6
2017-03-04,United Kingdom,GB,YouTube watch page,Louis Weisz,OMrUmOTPD_AnSivjxptxpA,6,1,6.0
2017-03-04,Croatia,HR,YouTube watch page,Louis Weisz,OMrUmOTPD_AnSivjxptxpA,0,1,0.4
2017-03-04,Japan,JP,YouTube watch page,Louis Weisz,OMrUmOTPD_AnSivjxptxpA,1,1,1.5
2017-03-04,Lithuania,LT,YouTube watch page,Louis Weisz,OMrUmOTPD_AnSivjxptxpA,4,1,4.1
2017-03-04,Mexico,MX,YouTube watch page,Louis Weisz,OMrUmOTPD_AnSivjxptxpA,2,2,1.0
2017-03-04,Netherlands,NL,YouTube watch page,Louis Weisz,OMrUmOTPD_AnSivjxptxpA,6,2,3.0
2017-03-04,Sweden,SE,YouTube watch page,Louis Weisz,OMrUmOTPD_AnSivjxptxpA,0,1,0.4
2017-03-04,Singapore,SG,YouTube watch page,Louis Weisz,OMrUmOTPD_AnSivjxptxpA,4,2,1.8
2017-03-04,Slovakia,SK,Embedded in external websites and apps,Louis Weisz,OMrUmOTPD_AnSivjxptxpA,0,1,0.2
2017-03-04,United States,US,YouTube watch page,Louis Weisz,OMrUmOTPD_AnSivjxptxpA,104,37,2.8
2017-03-04,United States,US,YouTube channel page,Louis Weisz,OMrUmOTPD_AnSivjxptxpA,22,5,4.4
2017-03-05,Australia,AU,YouTube watch page,Louis Weisz,OMrUmOTPD_AnSivjxptxpA,5,1,4.8
2017-03-05,Australia,AU,YouTube channel page,Louis Weisz,OMrUmOTPD_AnSivjxptxpA,1,1,0.5
2017-03-05,Belgium,BE,YouTube watch page,Louis Weisz,OMrUmOTPD_AnSivjxptxpA,4,2,1.8
2017-03-05,Belgium,BE,YouTube channel page,Louis Weisz,OMrUmOTPD_AnSivjxptxpA,2,1,2.3
2017-03-05,Brazil,BR,YouTube watch page,Louis Weisz,OMrUmOTPD_AnSivjxptxpA,0,1,0.4
2017-03-05,Brazil,BR,Embedded in external websites and apps,Louis Weisz,OMrUmOTPD_AnSivjxptxpA,4,1,4.0
2017-03-05,Canada,CA,YouTube watch page,Louis Weisz,OMrUmOTPD_AnSivjxptxpA,3,1,3.3
2017-03-05,Czechia,CZ,YouTube watch page,Louis Weisz,OMrUmOTPD_AnSivjxptxpA,2,1,2.4
2017-03-05,Germany,DE,YouTube watch page,Louis Weisz,OMrUmOTPD_AnSivjxptxpA,2,2,1.2
2017-03-05,Germany,DE,YouTube channel page,Louis Weisz,OMrUmOTPD_AnSivjxptxpA,5,1,4.8
2017-03-05,Denmark,DK,YouTube watch page,Louis Weisz,OMrUmOTPD_AnSivjxptxpA,1,2,0.7
2017-03-05,Finland,FI,YouTube watch page,Louis Weisz,OMrUmOTPD_AnSivjxptxpA,0,1,0.4
2017-03-05,United Kingdom,GB,YouTube watch page,Louis Weisz,OMrUmOTPD_AnSivjxptxpA,6,4,1.5
2017-03-05,United Kingdom,GB,YouTube channel page,Louis Weisz,OMrUmOTPD_AnSivjxptxpA,4,2,2.0
2017-03-05,Croatia,HR,YouTube watch page,Louis Weisz,OMrUmOTPD_AnSivjxptxpA,3,1,3.0
2017-03-05,Hungary,HU,YouTube watch page,Louis Weisz,OMrUmOTPD_AnSivjxptxpA,1,1,0.7
2017-03-05,India,IN,YouTube watch page,Louis Weisz,OMrUmOTPD_AnSivjxptxpA,1,1,1.2
2017-03-05,Italy,IT,YouTube watch page,Louis Weisz,OMrUmOTPD_AnSivjxptxpA,0,1,0.4
2017-03-05,Japan,JP,YouTube watch page,Louis Weisz,OMrUmOTPD_AnSivjxptxpA,3,1,3.2
2017-03-05,Cayman Islands,KY,YouTube watch page,Louis Weisz,OMrUmOTPD_AnSivjxptxpA,7,1,7.3
2017-03-05,Mexico,MX,YouTube watch page,Louis Weisz,OMrUmOTPD_AnSivjxptxpA,0,1,0.2
2017-03-05,Malaysia,MY,YouTube watch page,Louis Weisz,OMrUmOTPD_AnSivjxptxpA,0,1,0.4
2017-03-05,Netherlands,NL,YouTube watch page,Louis Weisz,OMrUmOTPD_AnSivjxptxpA,24,7,3.4
2017-03-05,Norway,NO,YouTube watch page,Louis Weisz,OMrUmOTPD_AnSivjxptxpA,2,1,1.8
2017-03-05,Philippines,PH,YouTube watch page,Louis Weisz,OMrUmOTPD_AnSivjxptxpA,3,1,2.9
2017-03-05,Poland,PL,YouTube watch page,Louis Weisz,OMrUmOTPD_AnSivjxptxpA,1,2,0.5
2017-03-05,Russia,RU,YouTube watch page,Louis Weisz,OMrUmOTPD_AnSivjxptxpA,2,1,1.7
2017-03-05,Turkey,TR,YouTube watch page,Louis Weisz,OMrUmOTPD_AnSivjxptxpA,1,2,0.3
2017-03-05,United States,US,YouTube watch page,Louis Weisz,OMrUmOTPD_AnSivjxptxpA,81,45,1.8
2017-03-05,United States,US,YouTube channel page,Louis Weisz,OMrUmOTPD_AnSivjxptxpA,23,6,3.8
2017-03-06,Argentina,AR,YouTube watch page,Louis Weisz,OMrUmOTPD_AnSivjxptxpA,5,1,4.5
2017-03-06,Australia,AU,YouTube watch page,Louis Weisz,OMrUmOTPD_AnSivjxptxpA,4,1,3.6
2017-03-06,Brazil,BR,YouTube watch page,Louis Weisz,OMrUmOTPD_AnSivjxptxpA,6,1,5.8
2017-03-06,Canada,CA,YouTube watch page,Louis Weisz,OMrUmOTPD_AnSivjxptxpA,9,4,2.3
2017-03-06,Canada,CA,YouTube channel page,Louis Weisz,OMrUmOTPD_AnSivjxptxpA,6,2,3.1
2017-03-06,Switzerland,CH,YouTube watch page,Louis Weisz,OMrUmOTPD_AnSivjxptxpA,1,1,0.6
2017-03-06,Colombia,CO,YouTube watch page,Louis Weisz,OMrUmOTPD_AnSivjxptxpA,1,1,1.0
2017-03-06,Germany,DE,YouTube watch page,Louis Weisz,OMrUmOTPD_AnSivjxptxpA,7,2,3.4
2017-03-06,Germany,DE,YouTube channel page,Louis Weisz,OMrUmOTPD_AnSivjxptxpA,7,3,2.2
2017-03-06,Spain,ES,YouTube watch page,Louis Weisz,OMrUmOTPD_AnSivjxptxpA,2,6,0.3
2017-03-06,United Kingdom,GB,YouTube watch page,Louis Weisz,OMrUmOTPD_AnSivjxptxpA,3,2,1.4
2017-03-06,Hungary,HU,YouTube watch page,Louis Weisz,OMrUmOTPD_AnSivjxptxpA,2,1,2.0
2017-03-06,Hungary,HU,YouTube channel page,Louis Weisz,OMrUmOTPD_AnSivjxptxpA,6,1,6.1
2017-03-06,India,IN,YouTube watch page,Louis Weisz,OMrUmOTPD_AnSivjxptxpA,0,1,0.4
2017-03-06,Japan,JP,YouTube watch page,Louis Weisz,OMrUmOTPD_AnSivjxptxpA,0,1,0.2
2017-03-06,Mexico,MX,YouTube watch page,Louis Weisz,OMrUmOTPD_AnSivjxptxpA,5,6,0.9
2017-03-06,Malaysia,MY,YouTube watch page,Louis Weisz,OMrUmOTPD_AnSivjxptxpA,1,2,0.5
2017-03-06,Poland,PL,YouTube watch page,Louis Weisz,OMrUmOTPD_AnSivjxptxpA,1,2,0.3
2017-03-06,Poland,PL,YouTube channel page,Louis Weisz,OMrUmOTPD_AnSivjxptxpA,2,1,1.6
2017-03-06,Romania,RO,YouTube watch page,Louis Weisz,OMrUmOTPD_AnSivjxptxpA,1,1,1.1
2017-03-06,Romania,RO,YouTube channel page,Louis Weisz,OMrUmOTPD_AnSivjxptxpA,5,1,4.8
2017-03-06,Saudi Arabia,SA,YouTube watch page,Louis Weisz,OMrUmOTPD_AnSivjxptxpA,4,1,3.8
2017-03-06,Sweden,SE,YouTube watch page,Louis Weisz,OMrUmOTPD_AnSivjxptxpA,2,1,2.0
2017-03-06,Slovenia,SI,YouTube watch page,Louis Weisz,OMrUmOTPD_AnSivjxptxpA,2,1,2.0
2017-03-06,United States,US,YouTube watch page,Louis Weisz,OMrUmOTPD_AnSivjxptxpA,94,30,3.1
2017-03-06,United States,US,YouTube channel page,Louis Weisz,OMrUmOTPD_AnSivjxptxpA,6,5,1.3
2017-03-07,Argentina,AR,YouTube watch page,Louis Weisz,OMrUmOTPD_AnSivjxptxpA,0,1,0.1
2017-03-07,Australia,AU,YouTube watch page,Louis Weisz,OMrUmOTPD_AnSivjxptxpA,7,2,3.3
2017-03-07,Brunei,BN,YouTube watch page,Louis Weisz,OMrUmOTPD_AnSivjxptxpA,3,1,2.9
2017-03-07,Brazil,BR,YouTube watch page,Louis Weisz,OMrUmOTPD_AnSivjxptxpA,0,1,0.1
2017-03-07,Canada,CA,YouTube watch page,Louis Weisz,OMrUmOTPD_AnSivjxptxpA,23,8,2.9
2017-03-07,Canada,CA,YouTube channel page,Louis Weisz,OMrUmOTPD_AnSivjxptxpA,6,2,3.1
2017-03-07,Switzerland,CH,YouTube channel page,Louis Weisz,OMrUmOTPD_AnSivjxptxpA,0,1,0.3
2017-03-07,Czechia,CZ,YouTube watch page,Louis Weisz,OMrUmOTPD_AnSivjxptxpA,7,3,2.3
2017-03-07,Germany,DE,YouTube watch page,Louis Weisz,OMrUmOTPD_AnSivjxptxpA,1,1,1.2
2017-03-07,Finland,FI,YouTube channel page,Louis Weisz,OMrUmOTPD_AnSivjxptxpA,6,1,6.1
2017-03-07,United Kingdom,GB,YouTube watch page,Louis Weisz,OMrUmOTPD_AnSivjxptxpA,3,2,1.7
2017-03-07,India,IN,YouTube watch page,Louis Weisz,OMrUmOTPD_AnSivjxptxpA,0,1,0.1
2017-03-07,South Korea,KR,YouTube watch page,Louis Weisz,OMrUmOTPD_AnSivjxptxpA,1,1,0.9
2017-03-07,Mexico,MX,YouTube watch page,Louis Weisz,OMrUmOTPD_AnSivjxptxpA,6,1,6.3
2017-03-07,Netherlands,NL,YouTube watch page,Louis Weisz,OMrUmOTPD_AnSivjxptxpA,0,1,0.2
2017-03-07,New Zealand,NZ,YouTube watch page,Louis Weisz,OMrUmOTPD_AnSivjxptxpA,4,4,1.1
2017-03-07,Peru,PE,YouTube channel page,Louis Weisz,OMrUmOTPD_AnSivjxptxpA,6,1,6.0
2017-03-07,Serbia,RS,YouTube watch page,Louis Weisz,OMrUmOTPD_AnSivjxptxpA,5,3,1.8
2017-03-07,Sweden,SE,YouTube watch page,Louis Weisz,OMrUmOTPD_AnSivjxptxpA,3,1,3.4
2017-03-07,Sweden,SE,YouTube channel page,Louis Weisz,OMrUmOTPD_AnSivjxptxpA,0,1,0.2
2017-03-07,Singapore,SG,YouTube watch page,Louis Weisz,OMrUmOTPD_AnSivjxptxpA,2,1,2.1
2017-03-07,Taiwan,TW,YouTube watch page,Louis Weisz,OMrUmOTPD_AnSivjxptxpA,0,1,0.1
2017-03-07,United States,US,YouTube watch page,Louis Weisz,OMrUmOTPD_AnSivjxptxpA,119,43,2.8
2017-03-07,United States,US,YouTube channel page,Louis Weisz,OMrUmOTPD_AnSivjxptxpA,16,6,2.7
2017-03-08,Australia,AU,YouTube watch page,Louis Weisz,OMrUmOTPD_AnSivjxptxpA,1,2,0.6
2017-03-08,Australia,AU,YouTube channel page,Louis Weisz,OMrUmOTPD_AnSivjxptxpA,6,3,2.2
2017-03-08,Brazil,BR,YouTube channel page,Louis Weisz,OMrUmOTPD_AnSivjxptxpA,0,1,0.4
2017-03-08,Canada,CA,YouTube watch page,Louis Weisz,OMrUmOTPD_AnSivjxptxpA,2,1,2.1
2017-03-08,Switzerland,CH,YouTube watch page,Louis Weisz,OMrUmOTPD_AnSivjxptxpA,1,2,0.6
2017-03-08,Chile,CL,YouTube watch page,Louis Weisz,OMrUmOTPD_AnSivjxptxpA,0,2,0.1
2017-03-08,Curaçao,CW,YouTube watch page,Louis Weisz,OMrUmOTPD_AnSivjxptxpA,4,1,4.0
2017-03-08,Germany,DE,YouTube watch page,Louis Weisz,OMrUmOTPD_AnSivjxptxpA,11,3,3.5
2017-03-08,Denmark,DK,YouTube watch page,Louis Weisz,OMrUmOTPD_AnSivjxptxpA,0,1,0.1
2017-03-08,Spain,ES,YouTube watch page,Louis Weisz,OMrUmOTPD_AnSivjxptxpA,1,1,0.6
2017-03-08,United Kingdom,GB,YouTube watch page,Louis Weisz,OMrUmOTPD_AnSivjxptxpA,4,3,1.3
2017-03-08,Mauritius,MU,YouTube watch page,Louis Weisz,OMrUmOTPD_AnSivjxptxpA,6,1,5.9
2017-03-08,Poland,PL,YouTube watch page,Louis Weisz,OMrUmOTPD_AnSivjxptxpA,2,1,2.4
2017-03-08,Portugal,PT,YouTube watch page,Louis Weisz,OMrUmOTPD_AnSivjxptxpA,0,1,0.4
2017-03-08,Sweden,SE,YouTube watch page,Louis Weisz,OMrUmOTPD_AnSivjxptxpA,1,1,0.6
2017-03-08,United States,US,YouTube watch page,Louis Weisz,OMrUmOTPD_AnSivjxptxpA,91,33,2.8
2017-03-08,United States,US,Embedded in external websites and apps,Louis Weisz,OMrUmOTPD_AnSivjxptxpA,2,1,1.7
2017-03-08,United States,US,YouTube channel page,Louis Weisz,OMrUmOTPD_AnSivjxptxpA,1,2,0.7
2017-03-08,South Africa,ZA,YouTube watch page,Louis Weisz,OMrUmOTPD_AnSivjxptxpA,0,1,0.1
2017-03-09,Austria,AT,YouTube channel page,Louis Weisz,OMrUmOTPD_AnSivjxptxpA,5,1,4.8
2017-03-09,Canada,CA,YouTube watch page,Louis Weisz,OMrUmOTPD_AnSivjxptxpA,7,1,7.3
2017-03-09,Canada,CA,YouTube channel page,Louis Weisz,OMrUmOTPD_AnSivjxptxpA,0,1,0.2
2017-03-09,Germany,DE,YouTube watch page,Louis Weisz,OMrUmOTPD_AnSivjxptxpA,20,9,2.2
2017-03-09,Germany,DE,YouTube channel page,Louis Weisz,OMrUmOTPD_AnSivjxptxpA,6,1,5.6
2017-03-09,United Kingdom,GB,YouTube watch page,Louis Weisz,OMrUmOTPD_AnSivjxptxpA,4,1,3.7
2017-03-09,United Kingdom,GB,YouTube channel page,Louis Weisz,OMrUmOTPD_AnSivjxptxpA,0,1,0.2
2017-03-09,Greece,GR,YouTube watch page,Louis Weisz,OMrUmOTPD_AnSivjxptxpA,6,1,6.0
2017-03-09,India,IN,YouTube watch page,Louis Weisz,OMrUmOTPD_AnSivjxptxpA,14,5,2.7
2017-03-09,Netherlands,NL,YouTube watch page,Louis Weisz,OMrUmOTPD_AnSivjxptxpA,0,2,0.2
2017-03-09,Peru,PE,YouTube watch page,Louis Weisz,OMrUmOTPD_AnSivjxptxpA,4,1,3.7
2017-03-09,Russia,RU,YouTube watch page,Louis Weisz,OMrUmOTPD_AnSivjxptxpA,15,5,3.0
2017-03-09,Saudi Arabia,SA,YouTube watch page,Louis Weisz,OMrUmOTPD_AnSivjxptxpA,0,1,0.4
2017-03-09,Taiwan,TW,YouTube watch page,Louis Weisz,OMrUmOTPD_AnSivjxptxpA,6,3,1.9
2017-03-09,United States,US,YouTube watch page,Louis Weisz,OMrUmOTPD_AnSivjxptxpA,82,28,2.9
2017-03-09,United States,US,YouTube channel page,Louis Weisz,OMrUmOTPD_AnSivjxptxpA,14,6,2.4
2017-03-09,Vietnam,VN,YouTube watch page,Louis Weisz,OMrUmOTPD_AnSivjxptxpA,0,1,0.2
2017-03-10,Albania,AL,YouTube watch page,Louis Weisz,OMrUmOTPD_AnSivjxptxpA,0,1,0.3
2017-03-10,Australia,AU,YouTube channel page,Louis Weisz,OMrUmOTPD_AnSivjxptxpA,2,1,1.8
2017-03-10,Canada,CA,YouTube watch page,Louis Weisz,OMrUmOTPD_AnSivjxptxpA,3,1,2.8
2017-03-10,Canada,CA,YouTube channel page,Louis Weisz,OMrUmOTPD_AnSivjxptxpA,6,1,5.8
2017-03-10,Germany,DE,YouTube watch page,Louis Weisz,OMrUmOTPD_AnSivjxptxpA,3,3,1.1
2017-03-10,Algeria,DZ,YouTube channel page,Louis Weisz,OMrUmOTPD_AnSivjxptxpA,6,1,5.8
2017-03-10,United Kingdom,GB,YouTube watch page,Louis Weisz,OMrUmOTPD_AnSivjxptxpA,4,2,2.1
2017-03-10,United Kingdom,GB,YouTube channel page,Louis Weisz,OMrUmOTPD_AnSivjxptxpA,6,1,5.6
2017-03-10,Guatemala,GT,YouTube watch page,Louis Weisz,OMrUmOTPD_AnSivjxptxpA,1,1,1.3
2017-03-10,Indonesia,ID,YouTube watch page,Louis Weisz,OMrUmOTPD_AnSivjxptxpA,1,1,1.2
2017-03-10,Israel,IL,YouTube watch page,Louis Weisz,OMrUmOTPD_AnSivjxptxpA,1,1,1.4
2017-03-10,Cambodia,KH,YouTube channel page,Louis Weisz,OMrUmOTPD_AnSivjxptxpA,4,1,3.9
2017-03-10,South Korea,KR,YouTube watch page,Louis Weisz,OMrUmOTPD_AnSivjxptxpA,1,1,1.1
2017-03-10,Morocco,MA,YouTube watch page,Louis Weisz,OMrUmOTPD_AnSivjxptxpA,4,1,3.6
2017-03-10,Macedonia (FYROM),MK,YouTube watch page,Louis Weisz,OMrUmOTPD_AnSivjxptxpA,0,1,0.4
2017-03-10,Malta,MT,YouTube watch page,Louis Weisz,OMrUmOTPD_AnSivjxptxpA,2,1,2.0
2017-03-10,Netherlands,NL,YouTube channel page,Louis Weisz,OMrUmOTPD_AnSivjxptxpA,6,1,6.3
2017-03-10,Romania,RO,YouTube watch page,Louis Weisz,OMrUmOTPD_AnSivjxptxpA,0,1,0.1
2017-03-10,Russia,RU,YouTube watch page,Louis Weisz,OMrUmOTPD_AnSivjxptxpA,4,1,3.8
2017-03-10,United States,US,YouTube watch page,Louis Weisz,OMrUmOTPD_AnSivjxptxpA,111,45,2.5
2017-03-10,United States,US,YouTube channel page,Louis Weisz,OMrUmOTPD_AnSivjxptxpA,12,4,3.0
2017-03-11,United Arab Emirates,AE,YouTube channel page,Louis Weisz,OMrUmOTPD_AnSivjxptxpA,6,1,5.8
2017-03-11,Austria,AT,YouTube watch page,Louis Weisz,OMrUmOTPD_AnSivjxptxpA,5,2,2.7
2017-03-11,Austria,AT,YouTube channel page,Louis Weisz,OMrUmOTPD_AnSivjxptxpA,1,1,0.6
2017-03-11,Australia,AU,YouTube watch page,Louis Weisz,OMrUmOTPD_AnSivjxptxpA,7,3,2.4
2017-03-11,Brazil,BR,YouTube channel page,Louis Weisz,OMrUmOTPD_AnSivjxptxpA,4,1,4.2
2017-03-11,Canada,CA,YouTube watch page,Louis Weisz,OMrUmOTPD_AnSivjxptxpA,1,3,0.3
2017-03-11,Switzerland,CH,YouTube watch page,Louis Weisz,OMrUmOTPD_AnSivjxptxpA,7,1,7.5
2017-03-11,Germany,DE,YouTube watch page,Louis Weisz,OMrUmOTPD_AnSivjxptxpA,10,3,3.3
2017-03-11,Germany,DE,YouTube channel page,Louis Weisz,OMrUmOTPD_AnSivjxptxpA,0,1,0.2
2017-03-11,Denmark,DK,YouTube watch page,Louis Weisz,OMrUmOTPD_AnSivjxptxpA,3,1,2.9
2017-03-11,Finland,FI,YouTube watch page,Louis Weisz,OMrUmOTPD_AnSivjxptxpA,6,1,6.0
2017-03-11,Finland,FI,YouTube channel page,Louis Weisz,OMrUmOTPD_AnSivjxptxpA,6,1,6.0
2017-03-11,France,FR,YouTube channel page,Louis Weisz,OMrUmOTPD_AnSivjxptxpA,3,1,2.9
2017-03-11,United Kingdom,GB,YouTube watch page,Louis Weisz,OMrUmOTPD_AnSivjxptxpA,3,2,1.5
2017-03-11,United Kingdom,GB,YouTube channel page,Louis Weisz,OMrUmOTPD_AnSivjxptxpA,11,2,5.3
2017-03-11,Georgia,GE,YouTube watch page,Louis Weisz,OMrUmOTPD_AnSivjxptxpA,0,1,0.0
2017-03-11,Indonesia,ID,YouTube watch page,Louis Weisz,OMrUmOTPD_AnSivjxptxpA,0,1,0.2
2017-03-11,Israel,IL,YouTube watch page,Louis Weisz,OMrUmOTPD_AnSivjxptxpA,2,4,0.5
2017-03-11,India,IN,YouTube watch page,Louis Weisz,OMrUmOTPD_AnSivjxptxpA,0,1,0.4
2017-03-11,Italy,IT,YouTube watch page,Louis Weisz,OMrUmOTPD_AnSivjxptxpA,3,4,0.8
2017-03-11,Japan,JP,YouTube watch page,Louis Weisz,OMrUmOTPD_AnSivjxptxpA,5,1,4.9
2017-03-11,Liechtenstein,LI,YouTube watch page,Louis Weisz,OMrUmOTPD_AnSivjxptxpA,1,2,0.5
2017-03-11,Latvia,LV,YouTube channel page,Louis Weisz,OMrUmOTPD_AnSivjxptxpA,6,1,6.2
2017-03-11,Malaysia,MY,YouTube channel page,Louis Weisz,OMrUmOTPD_AnSivjxptxpA,6,1,5.9
2017-03-11,Netherlands,NL,YouTube watch page,Louis Weisz,OMrUmOTPD_AnSivjxptxpA,6,1,6.3
2017-03-11,Norway,NO,YouTube channel page,Louis Weisz,OMrUmOTPD_AnSivjxptxpA,5,1,4.7
2017-03-11,Romania,RO,YouTube watch page,Louis Weisz,OMrUmOTPD_AnSivjxptxpA,1,1,1.0
2017-03-11,Slovakia,SK,YouTube watch page,Louis Weisz,OMrUmOTPD_AnSivjxptxpA,7,2,3.4
2017-03-11,United States,US,YouTube watch page,Louis Weisz,OMrUmOTPD_AnSivjxptxpA,125,39,3.2
2017-03-11,United States,US,Embedded in external websites and apps,Louis Weisz,OMrUmOTPD_AnSivjxptxpA,6,1,5.8
2017-03-11,United States,US,YouTube channel page,Louis Weisz,OMrUmOTPD_AnSivjxptxpA,13,6,2.2
2017-03-12,United Arab Emirates,AE,YouTube watch page,Louis Weisz,OMrUmOTPD_AnSivjxptxpA,2,1,2.1
2017-03-12,Australia,AU,YouTube watch page,Louis Weisz,OMrUmOTPD_AnSivjxptxpA,6,1,5.9
2017-03-12,Canada,CA,YouTube watch page,Louis Weisz,OMrUmOTPD_AnSivjxptxpA,14,3,4.6
2017-03-12,Switzerland,CH,YouTube watch page,Louis Weisz,OMrUmOTPD_AnSivjxptxpA,4,2,1.8
2017-03-12,Chile,CL,YouTube watch page,Louis Weisz,OMrUmOTPD_AnSivjxptxpA,1,1,0.7
2017-03-12,Czechia,CZ,YouTube watch page,Louis Weisz,OMrUmOTPD_AnSivjxptxpA,6,1,5.8
2017-03-12,Germany,DE,YouTube watch page,Louis Weisz,OMrUmOTPD_AnSivjxptxpA,6,1,5.9
2017-03-12,Denmark,DK,YouTube channel page,Louis Weisz,OMrUmOTPD_AnSivjxptxpA,1,2,0.7
2017-03-12,Estonia,EE,YouTube watch page,Louis Weisz,OMrUmOTPD_AnSivjxptxpA,5,2,2.6
2017-03-12,France,FR,YouTube watch page,Louis Weisz,OMrUmOTPD_AnSivjxptxpA,2,2,1.0
2017-03-12,United Kingdom,GB,YouTube watch page,Louis Weisz,OMrUmOTPD_AnSivjxptxpA,6,1,5.8
2017-03-12,United Kingdom,GB,YouTube channel page,Louis Weisz,OMrUmOTPD_AnSivjxptxpA,1,1,1.5
2017-03-12,Croatia,HR,YouTube watch page,Louis Weisz,OMrUmOTPD_AnSivjxptxpA,1,2,0.5
2017-03-12,Ireland,IE,YouTube watch page,Louis Weisz,OMrUmOTPD_AnSivjxptxpA,3,1,2.9
2017-03-12,India,IN,YouTube watch page,Louis Weisz,OMrUmOTPD_AnSivjxptxpA,9,2,4.7
2017-03-12,Italy,IT,YouTube watch page,Louis Weisz,OMrUmOTPD_AnSivjxptxpA,3,1,2.8
2017-03-12,Latvia,LV,YouTube channel page,Louis Weisz,OMrUmOTPD_AnSivjxptxpA,1,1,0.7
2017-03-12,Mexico,MX,YouTube watch page,Louis Weisz,OMrUmOTPD_AnSivjxptxpA,1,1,1.0
2017-03-12,Malaysia,MY,YouTube watch page,Louis Weisz,OMrUmOTPD_AnSivjxptxpA,10,3,3.2
2017-03-12,Netherlands,NL,YouTube channel page,Louis Weisz,OMrUmOTPD_AnSivjxptxpA,1,1,0.5
2017-03-12,Norway,NO,YouTube watch page,Louis Weisz,OMrUmOTPD_AnSivjxptxpA,7,2,3.4
2017-03-12,Poland,PL,YouTube watch page,Louis Weisz,OMrUmOTPD_AnSivjxptxpA,2,1,2.1
2017-03-12,Romania,RO,YouTube channel page,Louis Weisz,OMrUmOTPD_AnSivjxptxpA,5,1,5.3
2017-03-12,Russia,RU,YouTube watch page,Louis Weisz,OMrUmOTPD_AnSivjxptxpA,6,1,6.2
2017-03-12,Saudi Arabia,SA,YouTube watch page,Louis Weisz,OMrUmOTPD_AnSivjxptxpA,4,2,1.8
2017-03-12,Slovakia,SK,YouTube channel page,Louis Weisz,OMrUmOTPD_AnSivjxptxpA,2,1,2.4
2017-03-12,Ukraine,UA,YouTube watch page,Louis Weisz,OMrUmOTPD_AnSivjxptxpA,4,1,3.7
2017-03-12,United States,US,YouTube watch page,Louis Weisz,OMrUmOTPD_AnSivjxptxpA,135,45,3.0
2017-03-12,United States,US,YouTube channel page,Louis Weisz,OMrUmOTPD_AnSivjxptxpA,26,11,2.4
