date,country_name,country_id,channel_display_name,channel_id,watch_time_minutes,views,average_view_duration,comments,likes,dislikes,subscribers_gained,subscribers_lost
2016-12-12,Australia,AU,Louis Weisz,OMrUmOTPD_AnSivjxptxpA,59,23,2.6,0,0,0,0,0
2016-12-12,Belgium,BE,Louis Weisz,OMrUmOTPD_AnSivjxptxpA,12,5,2.3,0,0,0,0,0
2016-12-12,Brazil,BR,Louis Weisz,OMrUmOTPD_AnSivjxptxpA,113,59,1.9,0,0,0,1,0
2016-12-12,Canada,CA,Louis Weisz,OMrUmOTPD_AnSivjxptxpA,83,32,2.6,0,1,0,0,1
2016-12-12,Switzerland,CH,Louis Weisz,OMrUmOTPD_AnSivjxptxpA,14,5,2.7,0,0,0,0,0
2016-12-12,Colombia,CO,Louis Weisz,OMrUmOTPD_AnSivjxptxpA,3,1,2.8,0,0,0,0,0
2016-12-12,Germany,DE,Louis Weisz,OMrUmOTPD_AnSivjxptxpA,38,20,1.9,0,3,1,0,0
2016-12-12,Denmark,DK,Louis Weisz,OMrUmOTPD_AnSivjxptxpA,2,1,1.8,0,0,0,0,0
2016-12-12,Finland,FI,Louis Weisz,OMrUmOTPD_AnSivjxptxpA,12,4,3.0,0,0,0,0,0
2016-12-12,France,FR,Louis Weisz,OMrUmOTPD_AnSivjxptxpA,14,5,2.8,0,0,0,0,0
2016-12-12,United Kingdom,GB,Louis Weisz,OMrUmOTPD_AnSivjxptxpA,109,35,3.1,0,1,0,0,0
2016-12-12,Indonesia,ID,Louis Weisz,OMrUmOTPD_AnSivjxptxpA,4,1,3.5,0,1,0,0,0
2016-12-12,Israel,IL,Louis Weisz,OMrUmOTPD_AnSivjxptxpA,2,1,1.9,0,0,0,0,0
2016-12-12,Iceland,IS,Louis Weisz,OMrUmOTPD_AnSivjxptxpA,4,4,1.0,0,0,0,0,0
2016-12-12,Japan,JP,Louis Weisz,OMrUmOTPD_AnSivjxptxpA,1,1,0.6,0,0,0,0,0
2016-12-12,Latvia,LV,Louis Weisz,OMrUmOTPD_AnSivjxptxpA,3,1,2.9,0,0,0,0,0
2016-12-12,Mexico,MX,Louis Weisz,OMrUmOTPD_AnSivjxptxpA,5,2,2.4,0,0,0,0,0
2016-12-12,Netherlands,NL,Louis Weisz,OMrUmOTPD_AnSivjxptxpA,8,2,3.8,0,1,0,0,0
2016-12-12,Norway,NO,Louis Weisz,OMrUmOTPD_AnSivjxptxpA,4,2,2.1,0,0,0,0,0
2016-12-12,New Zealand,NZ,Louis Weisz,OMrUmOTPD_AnSivjxptxpA,21,7,3.0,0,0,0,0,0
2016-12-12,Philippines,PH,Louis Weisz,OMrUmOTPD_AnSivjxptxpA,1,1,0.7,0,0,0,0,0
2016-12-12,Poland,PL,Louis Weisz,OMrUmOTPD_AnSivjxptxpA,6,1,6.1,0,0,0,0,0
2016-12-12,Puerto Rico,PR,Louis Weisz,OMrUmOTPD_AnSivjxptxpA,3,1,2.6,0,0,0,0,0
2016-12-12,Romania,RO,Louis Weisz,OMrUmOTPD_AnSivjxptxpA,3,2,1.3,0,0,0,0,0
2016-12-12,Serbia,RS,Louis Weisz,OMrUmOTPD_AnSivjxptxpA,0,1,0.2,0,0,0,0,0
2016-12-12,Russia,RU,Louis Weisz,OMrUmOTPD_AnSivjxptxpA,0,1,0.1,0,0,0,0,0
2016-12-12,Sweden,SE,Louis Weisz,OMrUmOTPD_AnSivjxptxpA,26,14,1.8,0,1,0,1,0
2016-12-12,Singapore,SG,Louis Weisz,OMrUmOTPD_AnSivjxptxpA,7,2,3.3,0,0,0,0,0
2016-12-12,Taiwan,TW,Louis Weisz,OMrUmOTPD_AnSivjxptxpA,0,0,0.0,0,0,0,1,0
2016-12-12,United States,US,Louis Weisz,OMrUmOTPD_AnSivjxptxpA,840,330,2.5,0,10,0,4,2
2016-12-12,Uruguay,UY,Louis Weisz,OMrUmOTPD_AnSivjxptxpA,8,5,1.7,0,0,0,0,0
2016-12-12,Unknown Region,ZZ,Louis Weisz,OMrUmOTPD_AnSivjxptxpA,0,0,0.0,5,0,0,0,0
2016-12-13,United Arab Emirates,AE,Louis Weisz,OMrUmOTPD_AnSivjxptxpA,3,1,2.8,0,0,0,1,0
2016-12-13,Australia,AU,Louis Weisz,OMrUmOTPD_AnSivjxptxpA,40,17,2.3,0,0,0,0,0
2016-12-13,Belgium,BE,Louis Weisz,OMrUmOTPD_AnSivjxptxpA,5,2,2.3,0,1,0,0,0
2016-12-13,Bulgaria,BG,Louis Weisz,OMrUmOTPD_AnSivjxptxpA,6,3,1.8,0,0,0,0,0
2016-12-13,Brazil,BR,Louis Weisz,OMrUmOTPD_AnSivjxptxpA,54,29,1.9,0,0,0,0,0
2016-12-13,Canada,CA,Louis Weisz,OMrUmOTPD_AnSivjxptxpA,144,73,2.0,0,0,0,1,1
2016-12-13,Switzerland,CH,Louis Weisz,OMrUmOTPD_AnSivjxptxpA,22,7,3.2,0,0,0,0,0
2016-12-13,Chile,CL,Louis Weisz,OMrUmOTPD_AnSivjxptxpA,3,2,1.6,0,0,0,0,0
2016-12-13,Colombia,CO,Louis Weisz,OMrUmOTPD_AnSivjxptxpA,6,1,6.3,0,0,0,0,0
2016-12-13,Costa Rica,CR,Louis Weisz,OMrUmOTPD_AnSivjxptxpA,4,2,2.1,0,0,0,0,0
2016-12-13,Czechia,CZ,Louis Weisz,OMrUmOTPD_AnSivjxptxpA,7,2,3.4,0,0,0,1,0
2016-12-13,Germany,DE,Louis Weisz,OMrUmOTPD_AnSivjxptxpA,19,15,1.3,0,0,0,0,0
2016-12-13,Denmark,DK,Louis Weisz,OMrUmOTPD_AnSivjxptxpA,3,2,1.6,0,0,0,0,0
2016-12-13,Dominican Republic,DO,Louis Weisz,OMrUmOTPD_AnSivjxptxpA,12,3,4.1,0,1,0,0,0
2016-12-13,Estonia,EE,Louis Weisz,OMrUmOTPD_AnSivjxptxpA,13,3,4.2,0,0,0,0,0
2016-12-13,Spain,ES,Louis Weisz,OMrUmOTPD_AnSivjxptxpA,8,3,2.8,0,0,0,0,0
2016-12-13,Finland,FI,Louis Weisz,OMrUmOTPD_AnSivjxptxpA,2,1,2.4,0,0,0,0,0
2016-12-13,France,FR,Louis Weisz,OMrUmOTPD_AnSivjxptxpA,33,14,2.4,0,1,0,0,0
2016-12-13,United Kingdom,GB,Louis Weisz,OMrUmOTPD_AnSivjxptxpA,78,33,2.4,0,0,0,2,0
2016-12-13,Indonesia,ID,Louis Weisz,OMrUmOTPD_AnSivjxptxpA,1,1,0.6,0,0,0,0,0
2016-12-13,Ireland,IE,Louis Weisz,OMrUmOTPD_AnSivjxptxpA,9,5,1.7,0,0,0,0,0
2016-12-13,Israel,IL,Louis Weisz,OMrUmOTPD_AnSivjxptxpA,3,2,1.3,0,0,0,0,0
2016-12-13,India,IN,Louis Weisz,OMrUmOTPD_AnSivjxptxpA,3,1,2.8,0,0,0,0,0
2016-12-13,Jersey,JE,Louis Weisz,OMrUmOTPD_AnSivjxptxpA,4,1,4.2,0,0,0,0,0
2016-12-13,South Korea,KR,Louis Weisz,OMrUmOTPD_AnSivjxptxpA,5,4,1.3,0,0,0,0,0
2016-12-13,Kazakhstan,KZ,Louis Weisz,OMrUmOTPD_AnSivjxptxpA,11,5,2.2,0,0,0,0,0
2016-12-13,Latvia,LV,Louis Weisz,OMrUmOTPD_AnSivjxptxpA,3,1,2.8,0,0,0,0,0
2016-12-13,Morocco,MA,Louis Weisz,OMrUmOTPD_AnSivjxptxpA,8,5,1.6,0,0,0,0,0
2016-12-13,Mexico,MX,Louis Weisz,OMrUmOTPD_AnSivjxptxpA,4,1,4.0,0,0,0,0,0
2016-12-13,Netherlands,NL,Louis Weisz,OMrUmOTPD_AnSivjxptxpA,12,6,2.1,0,0,0,0,0
2016-12-13,Norway,NO,Louis Weisz,OMrUmOTPD_AnSivjxptxpA,2,2,1.2,0,0,0,0,0
2016-12-13,Puerto Rico,PR,Louis Weisz,OMrUmOTPD_AnSivjxptxpA,0,1,0.2,0,0,0,0,0
2016-12-13,Portugal,PT,Louis Weisz,OMrUmOTPD_AnSivjxptxpA,4,2,1.9,0,0,0,0,0
2016-12-13,Serbia,RS,Louis Weisz,OMrUmOTPD_AnSivjxptxpA,37,12,3.1,0,0,0,0,0
2016-12-13,Russia,RU,Louis Weisz,OMrUmOTPD_AnSivjxptxpA,1,2,0.4,0,0,0,0,0
2016-12-13,Sweden,SE,Louis Weisz,OMrUmOTPD_AnSivjxptxpA,11,4,2.8,0,0,0,0,0
2016-12-13,Singapore,SG,Louis Weisz,OMrUmOTPD_AnSivjxptxpA,16,4,4.0,0,0,0,0,0
2016-12-13,United States,US,Louis Weisz,OMrUmOTPD_AnSivjxptxpA,900,321,2.8,0,14,0,12,3
2016-12-13,Unknown Region,ZZ,Louis Weisz,OMrUmOTPD_AnSivjxptxpA,0,0,0.0,5,0,0,0,0
2016-12-14,United Arab Emirates,AE,Louis Weisz,OMrUmOTPD_AnSivjxptxpA,0,1,0.4,0,0,0,0,0
2016-12-14,Argentina,AR,Louis Weisz,OMrUmOTPD_AnSivjxptxpA,4,2,2.2,0,0,0,0,0
2016-12-14,Austria,AT,Louis Weisz,OMrUmOTPD_AnSivjxptxpA,4,4,0.9,0,1,0,0,0
2016-12-14,Australia,AU,Louis Weisz,OMrUmOTPD_AnSivjxptxpA,33,15,2.2,0,0,0,0,0
2016-12-14,Bangladesh,BD,Louis Weisz,OMrUmOTPD_AnSivjxptxpA,3,1,2.6,0,0,0,0,0
2016-12-14,Belgium,BE,Louis Weisz,OMrUmOTPD_AnSivjxptxpA,15,5,2.9,0,0,0,0,0
2016-12-14,Brazil,BR,Louis Weisz,OMrUmOTPD_AnSivjxptxpA,12,6,2.0,0,0,0,0,0
2016-12-14,Canada,CA,Louis Weisz,OMrUmOTPD_AnSivjxptxpA,93,36,2.6,0,1,0,2,0
2016-12-14,Switzerland,CH,Louis Weisz,OMrUmOTPD_AnSivjxptxpA,3,3,0.9,0,0,0,0,0
2016-12-14,Colombia,CO,Louis Weisz,OMrUmOTPD_AnSivjxptxpA,6,4,1.6,0,0,0,0,0
2016-12-14,Czechia,CZ,Louis Weisz,OMrUmOTPD_AnSivjxptxpA,5,3,1.7,0,0,0,0,0
2016-12-14,Germany,DE,Louis Weisz,OMrUmOTPD_AnSivjxptxpA,68,32,2.1,0,0,0,2,0
2016-12-14,Denmark,DK,Louis Weisz,OMrUmOTPD_AnSivjxptxpA,14,4,3.4,0,0,0,0,0
2016-12-14,Spain,ES,Louis Weisz,OMrUmOTPD_AnSivjxptxpA,1,1,0.7,0,0,0,0,0
2016-12-14,Finland,FI,Louis Weisz,OMrUmOTPD_AnSivjxptxpA,7,2,3.3,0,0,0,0,0
2016-12-14,United Kingdom,GB,Louis Weisz,OMrUmOTPD_AnSivjxptxpA,114,56,2.0,0,4,0,1,0
2016-12-14,Guam,GU,Louis Weisz,OMrUmOTPD_AnSivjxptxpA,21,10,2.1,0,0,0,0,0
2016-12-14,Croatia,HR,Louis Weisz,OMrUmOTPD_AnSivjxptxpA,3,1,2.8,0,0,0,0,0
2016-12-14,Hungary,HU,Louis Weisz,OMrUmOTPD_AnSivjxptxpA,6,1,5.5,0,0,0,0,0
2016-12-14,Ireland,IE,Louis Weisz,OMrUmOTPD_AnSivjxptxpA,2,1,1.9,0,0,0,0,0
2016-12-14,India,IN,Louis Weisz,OMrUmOTPD_AnSivjxptxpA,6,3,2.1,0,0,0,0,0
2016-12-14,Jordan,JO,Louis Weisz,OMrUmOTPD_AnSivjxptxpA,7,2,3.4,0,0,0,0,0
2016-12-14,Latvia,LV,Louis Weisz,OMrUmOTPD_AnSivjxptxpA,5,1,5.3,0,0,0,0,0
2016-12-14,Macedonia (FYROM),MK,Louis Weisz,OMrUmOTPD_AnSivjxptxpA,3,1,2.8,0,0,0,0,0
2016-12-14,Malta,MT,Louis Weisz,OMrUmOTPD_AnSivjxptxpA,0,1,0.2,0,0,0,0,0
2016-12-14,Mexico,MX,Louis Weisz,OMrUmOTPD_AnSivjxptxpA,9,3,3.1,0,0,0,0,0
2016-12-14,Malaysia,MY,Louis Weisz,OMrUmOTPD_AnSivjxptxpA,15,5,3.0,0,0,0,0,0
2016-12-14,Netherlands,NL,Louis Weisz,OMrUmOTPD_AnSivjxptxpA,16,9,1.8,0,0,0,0,0
2016-12-14,Norway,NO,Louis Weisz,OMrUmOTPD_AnSivjxptxpA,6,2,2.9,0,0,0,0,0
2016-12-14,New Zealand,NZ,Louis Weisz,OMrUmOTPD_AnSivjxptxpA,26,13,2.0,0,0,0,1,0
2016-12-14,Philippines,PH,Louis Weisz,OMrUmOTPD_AnSivjxptxpA,4,1,4.4,0,0,0,0,0
2016-12-14,Poland,PL,Louis Weisz,OMrUmOTPD_AnSivjxptxpA,7,5,1.4,0,0,0,0,0
2016-12-14,Romania,RO,Louis Weisz,OMrUmOTPD_AnSivjxptxpA,1,1,0.6,0,0,0,1,0
2016-12-14,Russia,RU,Louis Weisz,OMrUmOTPD_AnSivjxptxpA,4,1,4.1,0,0,0,0,0
2016-12-14,Saudi Arabia,SA,Louis Weisz,OMrUmOTPD_AnSivjxptxpA,0,1,0.0,0,0,0,0,0
2016-12-14,Sweden,SE,Louis Weisz,OMrUmOTPD_AnSivjxptxpA,40,18,2.2,0,0,0,0,0
2016-12-14,Singapore,SG,Louis Weisz,OMrUmOTPD_AnSivjxptxpA,19,8,2.4,0,0,0,0,0
2016-12-14,Thailand,TH,Louis Weisz,OMrUmOTPD_AnSivjxptxpA,1,2,0.5,0,0,0,0,0
2016-12-14,Trinidad & Tobago,TT,Louis Weisz,OMrUmOTPD_AnSivjxptxpA,0,2,0.1,0,1,0,0,0
2016-12-14,United States,US,Louis Weisz,OMrUmOTPD_AnSivjxptxpA,717,309,2.3,1,2,1,1,0
2016-12-14,South Africa,ZA,Louis Weisz,OMrUmOTPD_AnSivjxptxpA,4,1,4.4,0,0,0,0,0
2016-12-15,United Arab Emirates,AE,Louis Weisz,OMrUmOTPD_AnSivjxptxpA,17,4,4.3,0,0,0,0,0
2016-12-15,Argentina,AR,Louis Weisz,OMrUmOTPD_AnSivjxptxpA,6,5,1.3,0,0,0,0,0
2016-12-15,Austria,AT,Louis Weisz,OMrUmOTPD_AnSivjxptxpA,7,4,1.7,0,0,0,0,0
2016-12-15,Australia,AU,Louis Weisz,OMrUmOTPD_AnSivjxptxpA,79,28,2.8,0,0,0,1,0
2016-12-15,Belgium,BE,Louis Weisz,OMrUmOTPD_AnSivjxptxpA,0,1,0.4,0,0,0,0,0
2016-12-15,Brazil,BR,Louis Weisz,OMrUmOTPD_AnSivjxptxpA,6,6,1.0,0,1,0,0,0
2016-12-15,Canada,CA,Louis Weisz,OMrUmOTPD_AnSivjxptxpA,91,40,2.3,0,2,0,2,0
2016-12-15,Switzerland,CH,Louis Weisz,OMrUmOTPD_AnSivjxptxpA,5,1,4.6,0,0,0,0,0
2016-12-15,Costa Rica,CR,Louis Weisz,OMrUmOTPD_AnSivjxptxpA,2,2,0.8,0,0,0,0,0
2016-12-15,Czechia,CZ,Louis Weisz,OMrUmOTPD_AnSivjxptxpA,7,2,3.7,0,0,0,0,0
2016-12-15,Germany,DE,Louis Weisz,OMrUmOTPD_AnSivjxptxpA,95,40,2.4,0,0,0,0,0
2016-12-15,Denmark,DK,Louis Weisz,OMrUmOTPD_AnSivjxptxpA,54,29,1.9,0,0,0,0,0
2016-12-15,Estonia,EE,Louis Weisz,OMrUmOTPD_AnSivjxptxpA,9,4,2.3,0,0,0,0,0
2016-12-15,Egypt,EG,Louis Weisz,OMrUmOTPD_AnSivjxptxpA,18,4,4.4,0,0,0,0,0
2016-12-15,Spain,ES,Louis Weisz,OMrUmOTPD_AnSivjxptxpA,5,1,4.5,0,0,0,0,0
2016-12-15,Finland,FI,Louis Weisz,OMrUmOTPD_AnSivjxptxpA,5,4,1.2,0,0,0,0,0
2016-12-15,United Kingdom,GB,Louis Weisz,OMrUmOTPD_AnSivjxptxpA,59,23,2.6,0,1,0,2,1
2016-12-15,Greece,GR,Louis Weisz,OMrUmOTPD_AnSivjxptxpA,8,2,3.9,0,0,0,0,0
2016-12-15,Croatia,HR,Louis Weisz,OMrUmOTPD_AnSivjxptxpA,9,5,1.7,0,0,0,0,0
2016-12-15,Hungary,HU,Louis Weisz,OMrUmOTPD_AnSivjxptxpA,2,1,2.4,0,0,0,0,0
2016-12-15,Indonesia,ID,Louis Weisz,OMrUmOTPD_AnSivjxptxpA,6,1,5.9,0,0,0,0,0
2016-12-15,Israel,IL,Louis Weisz,OMrUmOTPD_AnSivjxptxpA,1,2,0.3,0,0,0,0,0
2016-12-15,Jamaica,JM,Louis Weisz,OMrUmOTPD_AnSivjxptxpA,4,1,3.7,0,0,0,0,0
2016-12-15,Latvia,LV,Louis Weisz,OMrUmOTPD_AnSivjxptxpA,4,2,1.9,0,0,0,0,0
2016-12-15,Mexico,MX,Louis Weisz,OMrUmOTPD_AnSivjxptxpA,8,2,4.1,0,0,0,1,0
2016-12-15,Malaysia,MY,Louis Weisz,OMrUmOTPD_AnSivjxptxpA,4,6,0.7,0,0,0,0,0
2016-12-15,Netherlands,NL,Louis Weisz,OMrUmOTPD_AnSivjxptxpA,14,7,1.9,0,0,0,1,0
2016-12-15,Norway,NO,Louis Weisz,OMrUmOTPD_AnSivjxptxpA,26,8,3.2,0,0,0,0,0
2016-12-15,New Zealand,NZ,Louis Weisz,OMrUmOTPD_AnSivjxptxpA,9,5,1.8,0,0,0,1,0
2016-12-15,Philippines,PH,Louis Weisz,OMrUmOTPD_AnSivjxptxpA,17,11,1.5,0,0,0,0,0
2016-12-15,Poland,PL,Louis Weisz,OMrUmOTPD_AnSivjxptxpA,35,16,2.2,0,0,0,0,0
2016-12-15,Portugal,PT,Louis Weisz,OMrUmOTPD_AnSivjxptxpA,7,4,1.9,0,0,0,0,0
2016-12-15,Russia,RU,Louis Weisz,OMrUmOTPD_AnSivjxptxpA,12,5,2.5,0,0,0,0,0
2016-12-15,Saudi Arabia,SA,Louis Weisz,OMrUmOTPD_AnSivjxptxpA,4,1,3.7,0,1,0,0,0
2016-12-15,Slovenia,SI,Louis Weisz,OMrUmOTPD_AnSivjxptxpA,2,2,0.9,0,0,0,0,0
2016-12-15,Turkey,TR,Louis Weisz,OMrUmOTPD_AnSivjxptxpA,29,8,3.6,0,0,0,1,0
2016-12-15,Ukraine,UA,Louis Weisz,OMrUmOTPD_AnSivjxptxpA,3,1,3.3,0,0,0,0,0
2016-12-15,United States,US,Louis Weisz,OMrUmOTPD_AnSivjxptxpA,597,227,2.6,0,1,0,9,0
2016-12-15,South Africa,ZA,Louis Weisz,OMrUmOTPD_AnSivjxptxpA,11,4,2.8,0,0,0,0,0
2016-12-15,Zimbabwe,ZW,Louis Weisz,OMrUmOTPD_AnSivjxptxpA,0,1,0.2,0,0,0,0,0
2016-12-16,Argentina,AR,Louis Weisz,OMrUmOTPD_AnSivjxptxpA,6,5,1.2,0,0,0,0,0
2016-12-16,Austria,AT,Louis Weisz,OMrUmOTPD_AnSivjxptxpA,12,3,3.9,0,0,0,0,0
2016-12-16,Australia,AU,Louis Weisz,OMrUmOTPD_AnSivjxptxpA,123,43,2.9,0,0,0,0,0
2016-12-16,Belgium,BE,Louis Weisz,OMrUmOTPD_AnSivjxptxpA,14,8,1.8,0,0,0,0,0
2016-12-16,Bulgaria,BG,Louis Weisz,OMrUmOTPD_AnSivjxptxpA,4,1,4.3,0,0,0,0,0
2016-12-16,Brazil,BR,Louis Weisz,OMrUmOTPD_AnSivjxptxpA,47,14,3.4,0,1,0,0,0
2016-12-16,Canada,CA,Louis Weisz,OMrUmOTPD_AnSivjxptxpA,103,41,2.5,0,1,0,2,0
2016-12-16,Colombia,CO,Louis Weisz,OMrUmOTPD_AnSivjxptxpA,1,1,0.9,0,0,0,0,0
2016-12-16,Costa Rica,CR,Louis Weisz,OMrUmOTPD_AnSivjxptxpA,4,1,3.5,1,1,0,0,0
2016-12-16,Czechia,CZ,Louis Weisz,OMrUmOTPD_AnSivjxptxpA,2,2,1.2,0,0,0,0,0
2016-12-16,Germany,DE,Louis Weisz,OMrUmOTPD_AnSivjxptxpA,103,39,2.7,0,1,0,0,0
2016-12-16,Denmark,DK,Louis Weisz,OMrUmOTPD_AnSivjxptxpA,40,20,2.0,0,0,0,1,0
2016-12-16,Estonia,EE,Louis Weisz,OMrUmOTPD_AnSivjxptxpA,7,3,2.3,0,0,0,0,0
2016-12-16,Spain,ES,Louis Weisz,OMrUmOTPD_AnSivjxptxpA,17,10,1.7,0,0,0,0,0
2016-12-16,Finland,FI,Louis Weisz,OMrUmOTPD_AnSivjxptxpA,12,7,1.7,0,0,0,0,0
2016-12-16,France,FR,Louis Weisz,OMrUmOTPD_AnSivjxptxpA,19,7,2.7,0,0,0,0,0
2016-12-16,United Kingdom,GB,Louis Weisz,OMrUmOTPD_AnSivjxptxpA,158,65,2.4,1,3,0,3,0
2016-12-16,Greece,GR,Louis Weisz,OMrUmOTPD_AnSivjxptxpA,18,12,1.5,0,0,0,0,0
2016-12-16,Honduras,HN,Louis Weisz,OMrUmOTPD_AnSivjxptxpA,6,2,3.0,0,0,0,0,0
2016-12-16,Croatia,HR,Louis Weisz,OMrUmOTPD_AnSivjxptxpA,3,1,2.7,0,0,0,0,0
2016-12-16,Hungary,HU,Louis Weisz,OMrUmOTPD_AnSivjxptxpA,5,2,2.4,0,0,0,0,0
2016-12-16,Indonesia,ID,Louis Weisz,OMrUmOTPD_AnSivjxptxpA,10,7,1.4,0,0,0,0,0
2016-12-16,Ireland,IE,Louis Weisz,OMrUmOTPD_AnSivjxptxpA,2,1,2.4,0,0,0,0,0
2016-12-16,Israel,IL,Louis Weisz,OMrUmOTPD_AnSivjxptxpA,11,6,1.8,0,0,0,0,0
2016-12-16,Italy,IT,Louis Weisz,OMrUmOTPD_AnSivjxptxpA,7,2,3.3,0,0,0,1,0
2016-12-16,Jersey,JE,Louis Weisz,OMrUmOTPD_AnSivjxptxpA,0,1,0.4,0,0,0,0,0
2016-12-16,South Korea,KR,Louis Weisz,OMrUmOTPD_AnSivjxptxpA,0,1,0.2,0,0,0,0,0
2016-12-16,Kuwait,KW,Louis Weisz,OMrUmOTPD_AnSivjxptxpA,0,1,0.3,0,0,0,0,0
2016-12-16,Lithuania,LT,Louis Weisz,OMrUmOTPD_AnSivjxptxpA,13,6,2.2,0,0,0,0,0
2016-12-16,Mexico,MX,Louis Weisz,OMrUmOTPD_AnSivjxptxpA,16,8,2.0,0,0,0,1,0
2016-12-16,Malaysia,MY,Louis Weisz,OMrUmOTPD_AnSivjxptxpA,5,4,1.3,0,0,0,1,0
2016-12-16,Netherlands,NL,Louis Weisz,OMrUmOTPD_AnSivjxptxpA,17,9,1.9,0,0,0,0,0
2016-12-16,Norway,NO,Louis Weisz,OMrUmOTPD_AnSivjxptxpA,39,12,3.3,0,0,0,0,0
2016-12-16,New Zealand,NZ,Louis Weisz,OMrUmOTPD_AnSivjxptxpA,8,4,2.0,0,0,0,0,0
2016-12-16,Peru,PE,Louis Weisz,OMrUmOTPD_AnSivjxptxpA,6,1,5.8,0,0,0,0,0
2016-12-16,Philippines,PH,Louis Weisz,OMrUmOTPD_AnSivjxptxpA,29,16,1.8,0,0,0,1,0
2016-12-16,Poland,PL,Louis Weisz,OMrUmOTPD_AnSivjxptxpA,12,5,2.4,0,0,0,0,0
2016-12-16,Puerto Rico,PR,Louis Weisz,OMrUmOTPD_AnSivjxptxpA,6,1,5.8,0,0,0,0,0
2016-12-16,Portugal,PT,Louis Weisz,OMrUmOTPD_AnSivjxptxpA,14,7,2.0,0,0,0,0,0
2016-12-16,Romania,RO,Louis Weisz,OMrUmOTPD_AnSivjxptxpA,6,2,3.2,0,0,0,0,0
2016-12-16,Serbia,RS,Louis Weisz,OMrUmOTPD_AnSivjxptxpA,13,6,2.2,0,0,0,0,0
2016-12-16,Russia,RU,Louis Weisz,OMrUmOTPD_AnSivjxptxpA,1,2,0.6,0,0,0,0,0
2016-12-16,Saudi Arabia,SA,Louis Weisz,OMrUmOTPD_AnSivjxptxpA,6,1,5.6,0,0,0,0,0
2016-12-16,Sweden,SE,Louis Weisz,OMrUmOTPD_AnSivjxptxpA,29,16,1.8,0,0,0,1,0
2016-12-16,Singapore,SG,Louis Weisz,OMrUmOTPD_AnSivjxptxpA,23,9,2.6,0,0,0,0,0
2016-12-16,Slovakia,SK,Louis Weisz,OMrUmOTPD_AnSivjxptxpA,9,2,4.3,0,0,0,0,0
2016-12-16,Thailand,TH,Louis Weisz,OMrUmOTPD_AnSivjxptxpA,4,1,4.3,0,0,0,0,0
2016-12-16,United States,US,Louis Weisz,OMrUmOTPD_AnSivjxptxpA,1158,397,2.9,0,9,0,12,0
2016-12-16,Vietnam,VN,Louis Weisz,OMrUmOTPD_AnSivjxptxpA,1,2,0.4,0,0,0,0,0
2016-12-16,South Africa,ZA,Louis Weisz,OMrUmOTPD_AnSivjxptxpA,7,3,2.3,0,0,0,0,0
2016-12-16,Unknown Region,ZZ,Louis Weisz,OMrUmOTPD_AnSivjxptxpA,0,0,0.0,2,0,0,0,0
2016-12-17,Argentina,AR,Louis Weisz,OMrUmOTPD_AnSivjxptxpA,6,4,1.5,0,0,0,0,0
2016-12-17,Austria,AT,Louis Weisz,OMrUmOTPD_AnSivjxptxpA,2,2,1.0,0,0,0,0,0
2016-12-17,Australia,AU,Louis Weisz,OMrUmOTPD_AnSivjxptxpA,91,32,2.9,0,0,1,0,0
2016-12-17,Belgium,BE,Louis Weisz,OMrUmOTPD_AnSivjxptxpA,32,14,2.3,0,2,0,0,0
2016-12-17,Bulgaria,BG,Louis Weisz,OMrUmOTPD_AnSivjxptxpA,7,4,1.8,0,0,0,0,0
2016-12-17,Brazil,BR,Louis Weisz,OMrUmOTPD_AnSivjxptxpA,4,4,1.0,0,0,0,0,0
2016-12-17,Canada,CA,Louis Weisz,OMrUmOTPD_AnSivjxptxpA,91,39,2.3,0,1,0,0,0
2016-12-17,Switzerland,CH,Louis Weisz,OMrUmOTPD_AnSivjxptxpA,7,3,2.2,0,0,0,0,0
2016-12-17,Chile,CL,Louis Weisz,OMrUmOTPD_AnSivjxptxpA,6,2,3.2,0,0,0,0,0
2016-12-17,Costa Rica,CR,Louis Weisz,OMrUmOTPD_AnSivjxptxpA,8,2,3.9,0,0,0,0,0
2016-12-17,Czechia,CZ,Louis Weisz,OMrUmOTPD_AnSivjxptxpA,3,3,1.1,0,0,0,0,0
2016-12-17,Germany,DE,Louis Weisz,OMrUmOTPD_AnSivjxptxpA,97,45,2.1,0,1,0,0,0
2016-12-17,Spain,ES,Louis Weisz,OMrUmOTPD_AnSivjxptxpA,23,8,2.8,0,0,0,0,0
2016-12-17,Finland,FI,Louis Weisz,OMrUmOTPD_AnSivjxptxpA,6,4,1.6,0,0,0,0,0
2016-12-17,France,FR,Louis Weisz,OMrUmOTPD_AnSivjxptxpA,0,1,0.0,0,0,0,0,0
2016-12-17,United Kingdom,GB,Louis Weisz,OMrUmOTPD_AnSivjxptxpA,78,29,2.7,0,1,0,2,0
2016-12-17,Georgia,GE,Louis Weisz,OMrUmOTPD_AnSivjxptxpA,5,2,2.4,0,0,0,0,0
2016-12-17,Greece,GR,Louis Weisz,OMrUmOTPD_AnSivjxptxpA,1,1,0.8,0,0,0,0,0
2016-12-17,Honduras,HN,Louis Weisz,OMrUmOTPD_AnSivjxptxpA,2,1,2.1,0,0,0,0,0
2016-12-17,Hungary,HU,Louis Weisz,OMrUmOTPD_AnSivjxptxpA,3,4,0.7,0,0,0,0,0
2016-12-17,Indonesia,ID,Louis Weisz,OMrUmOTPD_AnSivjxptxpA,9,2,4.3,0,0,0,0,0
2016-12-17,Israel,IL,Louis Weisz,OMrUmOTPD_AnSivjxptxpA,7,4,1.6,0,0,0,0,0
2016-12-17,India,IN,Louis Weisz,OMrUmOTPD_AnSivjxptxpA,9,6,1.4,0,0,0,0,0
2016-12-17,Iceland,IS,Louis Weisz,OMrUmOTPD_AnSivjxptxpA,0,1,0.4,0,0,0,0,0
2016-12-17,Italy,IT,Louis Weisz,OMrUmOTPD_AnSivjxptxpA,7,4,1.9,0,0,0,0,0
2016-12-17,Lithuania,LT,Louis Weisz,OMrUmOTPD_AnSivjxptxpA,9,2,4.4,0,0,0,0,0
2016-12-17,Latvia,LV,Louis Weisz,OMrUmOTPD_AnSivjxptxpA,5,1,4.6,0,0,0,0,0
2016-12-17,Myanmar (Burma),MM,Louis Weisz,OMrUmOTPD_AnSivjxptxpA,7,1,7.3,0,0,0,0,0
2016-12-17,Malta,MT,Louis Weisz,OMrUmOTPD_AnSivjxptxpA,6,4,1.6,0,1,0,0,0
2016-12-17,Mexico,MX,Louis Weisz,OMrUmOTPD_AnSivjxptxpA,1,2,0.4,0,0,0,0,0
2016-12-17,Malaysia,MY,Louis Weisz,OMrUmOTPD_AnSivjxptxpA,16,4,4.0,0,0,0,1,0
2016-12-17,Netherlands,NL,Louis Weisz,OMrUmOTPD_AnSivjxptxpA,13,4,3.2,0,0,0,0,0
2016-12-17,Norway,NO,Louis Weisz,OMrUmOTPD_AnSivjxptxpA,4,3,1.4,0,0,0,0,0
2016-12-17,New Zealand,NZ,Louis Weisz,OMrUmOTPD_AnSivjxptxpA,11,3,3.5,0,0,0,0,0
2016-12-17,Philippines,PH,Louis Weisz,OMrUmOTPD_AnSivjxptxpA,12,4,3.1,0,0,0,0,0
2016-12-17,Poland,PL,Louis Weisz,OMrUmOTPD_AnSivjxptxpA,10,5,2.1,0,0,0,0,0
2016-12-17,Portugal,PT,Louis Weisz,OMrUmOTPD_AnSivjxptxpA,6,2,3.1,0,0,0,0,0
2016-12-17,Romania,RO,Louis Weisz,OMrUmOTPD_AnSivjxptxpA,7,4,1.7,0,0,0,0,0
2016-12-17,Serbia,RS,Louis Weisz,OMrUmOTPD_AnSivjxptxpA,9,5,1.8,0,0,0,1,0
2016-12-17,Sweden,SE,Louis Weisz,OMrUmOTPD_AnSivjxptxpA,41,23,1.8,0,0,0,0,0
2016-12-17,Singapore,SG,Louis Weisz,OMrUmOTPD_AnSivjxptxpA,11,5,2.1,0,0,0,0,0
2016-12-17,Slovenia,SI,Louis Weisz,OMrUmOTPD_AnSivjxptxpA,12,3,3.8,0,0,0,0,0
2016-12-17,United States,US,Louis Weisz,OMrUmOTPD_AnSivjxptxpA,1104,422,2.6,1,9,3,10,0
2016-12-17,Uruguay,UY,Louis Weisz,OMrUmOTPD_AnSivjxptxpA,6,1,6.3,0,0,0,0,0
2016-12-17,South Africa,ZA,Louis Weisz,OMrUmOTPD_AnSivjxptxpA,19,6,3.1,0,0,0,0,0
2016-12-17,Unknown Region,ZZ,Louis Weisz,OMrUmOTPD_AnSivjxptxpA,14,4,3.4,0,0,0,0,0
2016-12-18,Argentina,AR,Louis Weisz,OMrUmOTPD_AnSivjxptxpA,4,1,4.2,0,0,0,0,0
2016-12-18,Austria,AT,Louis Weisz,OMrUmOTPD_AnSivjxptxpA,23,11,2.1,0,0,0,0,0
2016-12-18,Australia,AU,Louis Weisz,OMrUmOTPD_AnSivjxptxpA,135,45,3.0,0,0,0,2,0
2016-12-18,Bosnia & Herzegovina,BA,Louis Weisz,OMrUmOTPD_AnSivjxptxpA,6,1,5.9,0,0,0,0,0
2016-12-18,Barbados,BB,Louis Weisz,OMrUmOTPD_AnSivjxptxpA,1,1,1.0,0,0,0,0,0
2016-12-18,Bangladesh,BD,Louis Weisz,OMrUmOTPD_AnSivjxptxpA,0,1,0.2,0,0,0,0,0
2016-12-18,Belgium,BE,Louis Weisz,OMrUmOTPD_AnSivjxptxpA,12,4,2.9,0,1,0,0,0
2016-12-18,Bulgaria,BG,Louis Weisz,OMrUmOTPD_AnSivjxptxpA,6,1,5.6,0,0,0,0,0
2016-12-18,Brazil,BR,Louis Weisz,OMrUmOTPD_AnSivjxptxpA,12,7,1.7,0,1,0,0,0
2016-12-18,Canada,CA,Louis Weisz,OMrUmOTPD_AnSivjxptxpA,198,97,2.0,0,0,0,2,0
2016-12-18,Chile,CL,Louis Weisz,OMrUmOTPD_AnSivjxptxpA,5,1,4.6,0,0,0,0,0
2016-12-18,Costa Rica,CR,Louis Weisz,OMrUmOTPD_AnSivjxptxpA,6,1,6.0,0,0,0,0,0
2016-12-18,Curaçao,CW,Louis Weisz,OMrUmOTPD_AnSivjxptxpA,3,1,2.7,0,0,0,1,0
2016-12-18,Czechia,CZ,Louis Weisz,OMrUmOTPD_AnSivjxptxpA,9,5,1.8,0,0,0,0,0
2016-12-18,Germany,DE,Louis Weisz,OMrUmOTPD_AnSivjxptxpA,112,58,1.9,0,2,0,0,0
2016-12-18,Denmark,DK,Louis Weisz,OMrUmOTPD_AnSivjxptxpA,32,15,2.1,0,0,0,0,0
2016-12-18,Dominican Republic,DO,Louis Weisz,OMrUmOTPD_AnSivjxptxpA,9,2,4.4,0,0,0,0,0
2016-12-18,Estonia,EE,Louis Weisz,OMrUmOTPD_AnSivjxptxpA,1,2,0.3,0,0,0,0,0
2016-12-18,Spain,ES,Louis Weisz,OMrUmOTPD_AnSivjxptxpA,26,14,1.8,0,0,0,0,0
2016-12-18,Finland,FI,Louis Weisz,OMrUmOTPD_AnSivjxptxpA,25,11,2.3,0,0,0,0,0
2016-12-18,France,FR,Louis Weisz,OMrUmOTPD_AnSivjxptxpA,15,6,2.6,0,0,0,0,0
2016-12-18,United Kingdom,GB,Louis Weisz,OMrUmOTPD_AnSivjxptxpA,122,52,2.3,0,0,0,1,0
2016-12-18,Greece,GR,Louis Weisz,OMrUmOTPD_AnSivjxptxpA,11,2,5.4,0,0,0,0,0
2016-12-18,Hong Kong,HK,Louis Weisz,OMrUmOTPD_AnSivjxptxpA,5,2,2.7,0,0,0,0,0
2016-12-18,Croatia,HR,Louis Weisz,OMrUmOTPD_AnSivjxptxpA,6,4,1.5,0,0,0,0,0
2016-12-18,Hungary,HU,Louis Weisz,OMrUmOTPD_AnSivjxptxpA,14,5,2.8,0,0,0,0,0
2016-12-18,Indonesia,ID,Louis Weisz,OMrUmOTPD_AnSivjxptxpA,16,9,1.8,1,1,0,0,0
2016-12-18,Ireland,IE,Louis Weisz,OMrUmOTPD_AnSivjxptxpA,44,11,4.0,0,0,1,0,0
2016-12-18,India,IN,Louis Weisz,OMrUmOTPD_AnSivjxptxpA,20,6,3.4,0,0,0,0,0
2016-12-18,Italy,IT,Louis Weisz,OMrUmOTPD_AnSivjxptxpA,7,3,2.2,0,0,0,0,0
2016-12-18,Jordan,JO,Louis Weisz,OMrUmOTPD_AnSivjxptxpA,27,9,3.0,0,0,0,0,0
2016-12-18,Japan,JP,Louis Weisz,OMrUmOTPD_AnSivjxptxpA,2,2,0.8,0,0,0,0,0
2016-12-18,South Korea,KR,Louis Weisz,OMrUmOTPD_AnSivjxptxpA,16,4,4.1,0,0,0,0,0
2016-12-18,Kuwait,KW,Louis Weisz,OMrUmOTPD_AnSivjxptxpA,10,3,3.4,0,0,0,0,0
2016-12-18,Latvia,LV,Louis Weisz,OMrUmOTPD_AnSivjxptxpA,3,4,0.7,0,0,0,0,0
2016-12-18,Mauritius,MU,Louis Weisz,OMrUmOTPD_AnSivjxptxpA,5,1,4.6,0,0,0,0,0
2016-12-18,Mexico,MX,Louis Weisz,OMrUmOTPD_AnSivjxptxpA,39,16,2.5,0,1,0,0,0
2016-12-18,Malaysia,MY,Louis Weisz,OMrUmOTPD_AnSivjxptxpA,10,2,5.2,0,1,0,0,0
2016-12-18,Netherlands,NL,Louis Weisz,OMrUmOTPD_AnSivjxptxpA,72,37,1.9,0,3,0,0,0
2016-12-18,Norway,NO,Louis Weisz,OMrUmOTPD_AnSivjxptxpA,31,15,2.1,0,0,0,0,0
2016-12-18,New Zealand,NZ,Louis Weisz,OMrUmOTPD_AnSivjxptxpA,36,18,2.0,0,1,1,2,0
2016-12-18,Peru,PE,Louis Weisz,OMrUmOTPD_AnSivjxptxpA,4,6,0.7,0,1,0,0,0
2016-12-18,Puerto Rico,PR,Louis Weisz,OMrUmOTPD_AnSivjxptxpA,6,1,6.0,0,1,0,0,0
2016-12-18,Portugal,PT,Louis Weisz,OMrUmOTPD_AnSivjxptxpA,4,4,0.9,0,0,0,0,0
2016-12-18,Qatar,QA,Louis Weisz,OMrUmOTPD_AnSivjxptxpA,3,1,2.8,0,0,0,0,0
2016-12-18,Romania,RO,Louis Weisz,OMrUmOTPD_AnSivjxptxpA,6,3,2.0,0,0,0,0,0
2016-12-18,Saudi Arabia,SA,Louis Weisz,OMrUmOTPD_AnSivjxptxpA,11,5,2.2,0,0,0,0,0
2016-12-18,Sweden,SE,Louis Weisz,OMrUmOTPD_AnSivjxptxpA,32,18,1.8,0,1,0,0,0
2016-12-18,Singapore,SG,Louis Weisz,OMrUmOTPD_AnSivjxptxpA,3,1,2.5,0,0,0,0,0
2016-12-18,Thailand,TH,Louis Weisz,OMrUmOTPD_AnSivjxptxpA,5,7,0.7,0,0,0,0,0
2016-12-18,Tunisia,TN,Louis Weisz,OMrUmOTPD_AnSivjxptxpA,0,1,0.4,0,0,0,0,0
2016-12-18,Turkey,TR,Louis Weisz,OMrUmOTPD_AnSivjxptxpA,7,3,2.3,0,0,0,0,0
2016-12-18,United States,US,Louis Weisz,OMrUmOTPD_AnSivjxptxpA,1835,637,2.9,1,13,1,24,1
2016-12-18,South Africa,ZA,Louis Weisz,OMrUmOTPD_AnSivjxptxpA,8,2,3.9,0,0,0,0,0
2016-12-18,Unknown Region,ZZ,Louis Weisz,OMrUmOTPD_AnSivjxptxpA,31,12,2.6,1,0,0,0,0
2016-12-19,Argentina,AR,Louis Weisz,OMrUmOTPD_AnSivjxptxpA,13,4,3.4,0,0,0,0,0
2016-12-19,Austria,AT,Louis Weisz,OMrUmOTPD_AnSivjxptxpA,14,8,1.7,0,1,0,1,1
2016-12-19,Australia,AU,Louis Weisz,OMrUmOTPD_AnSivjxptxpA,162,62,2.6,0,1,0,3,0
2016-12-19,Belgium,BE,Louis Weisz,OMrUmOTPD_AnSivjxptxpA,16,7,2.3,0,0,0,0,0
2016-12-19,Bulgaria,BG,Louis Weisz,OMrUmOTPD_AnSivjxptxpA,3,1,2.8,0,0,0,0,0
2016-12-19,Brazil,BR,Louis Weisz,OMrUmOTPD_AnSivjxptxpA,25,14,1.8,0,0,0,0,0
2016-12-19,Belize,BZ,Louis Weisz,OMrUmOTPD_AnSivjxptxpA,3,1,2.6,0,0,0,0,0
2016-12-19,Canada,CA,Louis Weisz,OMrUmOTPD_AnSivjxptxpA,194,76,2.6,0,1,0,0,0
2016-12-19,Switzerland,CH,Louis Weisz,OMrUmOTPD_AnSivjxptxpA,6,7,0.9,0,0,0,0,0
2016-12-19,Chile,CL,Louis Weisz,OMrUmOTPD_AnSivjxptxpA,6,2,3.1,0,0,0,0,0
2016-12-19,Germany,DE,Louis Weisz,OMrUmOTPD_AnSivjxptxpA,38,14,2.7,0,0,0,0,0
2016-12-19,Denmark,DK,Louis Weisz,OMrUmOTPD_AnSivjxptxpA,9,5,1.8,0,0,0,0,0
2016-12-19,Dominican Republic,DO,Louis Weisz,OMrUmOTPD_AnSivjxptxpA,9,2,4.5,0,0,0,1,0
2016-12-19,Ecuador,EC,Louis Weisz,OMrUmOTPD_AnSivjxptxpA,8,2,4.2,0,0,0,0,0
2016-12-19,Estonia,EE,Louis Weisz,OMrUmOTPD_AnSivjxptxpA,0,1,0.3,0,0,0,0,0
2016-12-19,Spain,ES,Louis Weisz,OMrUmOTPD_AnSivjxptxpA,23,9,2.5,0,0,0,0,0
2016-12-19,Finland,FI,Louis Weisz,OMrUmOTPD_AnSivjxptxpA,3,5,0.6,0,0,0,0,0
2016-12-19,France,FR,Louis Weisz,OMrUmOTPD_AnSivjxptxpA,36,12,3.0,0,1,0,0,0
2016-12-19,United Kingdom,GB,Louis Weisz,OMrUmOTPD_AnSivjxptxpA,208,91,2.3,1,1,0,2,1
2016-12-19,Greece,GR,Louis Weisz,OMrUmOTPD_AnSivjxptxpA,3,1,2.8,0,0,0,0,0
2016-12-19,Hong Kong,HK,Louis Weisz,OMrUmOTPD_AnSivjxptxpA,7,1,6.8,0,0,0,0,0
2016-12-19,Hungary,HU,Louis Weisz,OMrUmOTPD_AnSivjxptxpA,9,3,3.0,0,0,0,0,0
2016-12-19,Ireland,IE,Louis Weisz,OMrUmOTPD_AnSivjxptxpA,13,2,6.7,0,0,0,0,0
2016-12-19,Israel,IL,Louis Weisz,OMrUmOTPD_AnSivjxptxpA,28,6,4.7,0,0,0,0,0
2016-12-19,Iceland,IS,Louis Weisz,OMrUmOTPD_AnSivjxptxpA,3,2,1.5,0,0,0,0,0
2016-12-19,Italy,IT,Louis Weisz,OMrUmOTPD_AnSivjxptxpA,4,1,3.8,0,0,0,0,0
2016-12-19,Jordan,JO,Louis Weisz,OMrUmOTPD_AnSivjxptxpA,1,1,0.9,0,0,0,0,0
2016-12-19,Lithuania,LT,Louis Weisz,OMrUmOTPD_AnSivjxptxpA,6,4,1.6,0,1,0,1,0
2016-12-19,Mauritius,MU,Louis Weisz,OMrUmOTPD_AnSivjxptxpA,1,1,0.6,0,0,0,0,0
2016-12-19,Mexico,MX,Louis Weisz,OMrUmOTPD_AnSivjxptxpA,22,5,4.4,0,0,0,0,0
2016-12-19,Malaysia,MY,Louis Weisz,OMrUmOTPD_AnSivjxptxpA,22,6,3.7,0,0,0,0,0
2016-12-19,Netherlands,NL,Louis Weisz,OMrUmOTPD_AnSivjxptxpA,44,16,2.8,0,0,0,0,0
2016-12-19,Norway,NO,Louis Weisz,OMrUmOTPD_AnSivjxptxpA,23,16,1.4,0,1,0,0,0
2016-12-19,New Zealand,NZ,Louis Weisz,OMrUmOTPD_AnSivjxptxpA,27,19,1.4,0,0,0,0,0
2016-12-19,Philippines,PH,Louis Weisz,OMrUmOTPD_AnSivjxptxpA,12,6,2.1,0,0,0,0,0
2016-12-19,Pakistan,PK,Louis Weisz,OMrUmOTPD_AnSivjxptxpA,5,3,1.7,0,0,0,0,0
2016-12-19,Poland,PL,Louis Weisz,OMrUmOTPD_AnSivjxptxpA,15,6,2.6,0,0,0,0,0
2016-12-19,Puerto Rico,PR,Louis Weisz,OMrUmOTPD_AnSivjxptxpA,18,5,3.6,0,0,0,0,0
2016-12-19,Portugal,PT,Louis Weisz,OMrUmOTPD_AnSivjxptxpA,8,5,1.6,0,0,0,0,0
2016-12-19,Romania,RO,Louis Weisz,OMrUmOTPD_AnSivjxptxpA,8,2,4.2,0,0,0,0,0
2016-12-19,Serbia,RS,Louis Weisz,OMrUmOTPD_AnSivjxptxpA,1,1,0.6,0,0,0,0,0
2016-12-19,Russia,RU,Louis Weisz,OMrUmOTPD_AnSivjxptxpA,1,2,0.7,0,1,0,0,0
2016-12-19,Sweden,SE,Louis Weisz,OMrUmOTPD_AnSivjxptxpA,11,10,1.1,0,0,0,0,0
2016-12-19,Singapore,SG,Louis Weisz,OMrUmOTPD_AnSivjxptxpA,19,4,4.7,0,1,0,0,0
2016-12-19,Thailand,TH,Louis Weisz,OMrUmOTPD_AnSivjxptxpA,7,4,1.7,0,0,0,0,0
2016-12-19,Turkey,TR,Louis Weisz,OMrUmOTPD_AnSivjxptxpA,0,1,0.0,0,0,0,0,0
2016-12-19,Taiwan,TW,Louis Weisz,OMrUmOTPD_AnSivjxptxpA,3,1,2.6,0,0,0,0,0
2016-12-19,United States,US,Louis Weisz,OMrUmOTPD_AnSivjxptxpA,1602,595,2.7,0,12,0,26,1
2016-12-19,Vietnam,VN,Louis Weisz,OMrUmOTPD_AnSivjxptxpA,0,1,0.1,0,0,0,0,0
2016-12-19,Unknown Region,ZZ,Louis Weisz,OMrUmOTPD_AnSivjxptxpA,0,0,0.0,4,0,0,0,0
2016-12-20,Argentina,AR,Louis Weisz,OMrUmOTPD_AnSivjxptxpA,8,6,1.4,0,0,0,1,0
2016-12-20,Austria,AT,Louis Weisz,OMrUmOTPD_AnSivjxptxpA,6,6,1.1,0,0,0,0,0
2016-12-20,Australia,AU,Louis Weisz,OMrUmOTPD_AnSivjxptxpA,70,37,1.9,0,0,0,0,0
2016-12-20,Bangladesh,BD,Louis Weisz,OMrUmOTPD_AnSivjxptxpA,9,5,1.7,0,0,0,1,0
2016-12-20,Belgium,BE,Louis Weisz,OMrUmOTPD_AnSivjxptxpA,24,12,2.0,0,0,0,0,0
2016-12-20,Bahrain,BH,Louis Weisz,OMrUmOTPD_AnSivjxptxpA,17,4,4.3,0,0,0,0,0
2016-12-20,Brazil,BR,Louis Weisz,OMrUmOTPD_AnSivjxptxpA,34,13,2.6,0,0,0,0,0
2016-12-20,Canada,CA,Louis Weisz,OMrUmOTPD_AnSivjxptxpA,101,48,2.1,0,1,0,0,0
2016-12-20,Switzerland,CH,Louis Weisz,OMrUmOTPD_AnSivjxptxpA,5,3,1.8,0,0,0,0,0
2016-12-20,Colombia,CO,Louis Weisz,OMrUmOTPD_AnSivjxptxpA,15,7,2.1,0,0,0,0,0
2016-12-20,Germany,DE,Louis Weisz,OMrUmOTPD_AnSivjxptxpA,71,30,2.4,0,1,0,1,0
2016-12-20,Denmark,DK,Louis Weisz,OMrUmOTPD_AnSivjxptxpA,14,7,2.1,0,0,0,0,0
2016-12-20,Dominican Republic,DO,Louis Weisz,OMrUmOTPD_AnSivjxptxpA,16,5,3.2,0,0,0,0,0
2016-12-20,Ecuador,EC,Louis Weisz,OMrUmOTPD_AnSivjxptxpA,5,1,5.2,0,0,0,0,0
2016-12-20,Egypt,EG,Louis Weisz,OMrUmOTPD_AnSivjxptxpA,0,1,0.3,0,0,0,0,0
2016-12-20,Spain,ES,Louis Weisz,OMrUmOTPD_AnSivjxptxpA,7,4,1.8,0,0,0,0,0
2016-12-20,Finland,FI,Louis Weisz,OMrUmOTPD_AnSivjxptxpA,30,11,2.7,0,0,0,0,0
2016-12-20,France,FR,Louis Weisz,OMrUmOTPD_AnSivjxptxpA,20,6,3.4,0,0,0,0,0
2016-12-20,United Kingdom,GB,Louis Weisz,OMrUmOTPD_AnSivjxptxpA,167,61,2.7,0,0,0,4,0
2016-12-20,Croatia,HR,Louis Weisz,OMrUmOTPD_AnSivjxptxpA,5,1,5.5,0,0,0,0,0
2016-12-20,Ireland,IE,Louis Weisz,OMrUmOTPD_AnSivjxptxpA,9,2,4.5,0,0,0,0,0
2016-12-20,Israel,IL,Louis Weisz,OMrUmOTPD_AnSivjxptxpA,7,3,2.2,0,0,0,0,0
2016-12-20,Italy,IT,Louis Weisz,OMrUmOTPD_AnSivjxptxpA,11,9,1.2,0,0,0,0,0
2016-12-20,Jordan,JO,Louis Weisz,OMrUmOTPD_AnSivjxptxpA,9,2,4.3,0,0,0,0,0
2016-12-20,Japan,JP,Louis Weisz,OMrUmOTPD_AnSivjxptxpA,1,1,1.1,0,0,0,0,0
2016-12-20,South Korea,KR,Louis Weisz,OMrUmOTPD_AnSivjxptxpA,13,4,3.3,0,0,0,0,0
2016-12-20,Mexico,MX,Louis Weisz,OMrUmOTPD_AnSivjxptxpA,22,7,3.2,0,4,0,0,0
2016-12-20,Malaysia,MY,Louis Weisz,OMrUmOTPD_AnSivjxptxpA,35,9,3.9,0,1,0,0,0
2016-12-20,Netherlands,NL,Louis Weisz,OMrUmOTPD_AnSivjxptxpA,50,19,2.6,0,1,0,1,0
2016-12-20,Norway,NO,Louis Weisz,OMrUmOTPD_AnSivjxptxpA,22,11,2.0,0,0,0,1,0
2016-12-20,New Zealand,NZ,Louis Weisz,OMrUmOTPD_AnSivjxptxpA,6,4,1.6,0,0,0,0,0
2016-12-20,Philippines,PH,Louis Weisz,OMrUmOTPD_AnSivjxptxpA,10,5,2.0,0,0,0,0,0
2016-12-20,Poland,PL,Louis Weisz,OMrUmOTPD_AnSivjxptxpA,7,4,1.8,0,0,0,0,0
2016-12-20,Puerto Rico,PR,Louis Weisz,OMrUmOTPD_AnSivjxptxpA,3,1,2.8,0,0,0,0,0
2016-12-20,Portugal,PT,Louis Weisz,OMrUmOTPD_AnSivjxptxpA,21,10,2.1,0,0,0,0,0
2016-12-20,Romania,RO,Louis Weisz,OMrUmOTPD_AnSivjxptxpA,7,2,3.3,0,0,0,0,0
2016-12-20,Russia,RU,Louis Weisz,OMrUmOTPD_AnSivjxptxpA,13,5,2.7,0,0,0,0,0
2016-12-20,Sweden,SE,Louis Weisz,OMrUmOTPD_AnSivjxptxpA,23,9,2.5,0,2,0,1,0
2016-12-20,Singapore,SG,Louis Weisz,OMrUmOTPD_AnSivjxptxpA,7,3,2.4,0,0,0,0,0
2016-12-20,Turkey,TR,Louis Weisz,OMrUmOTPD_AnSivjxptxpA,11,5,2.2,0,0,0,0,0
2016-12-20,Trinidad & Tobago,TT,Louis Weisz,OMrUmOTPD_AnSivjxptxpA,1,1,0.6,0,0,0,0,0
2016-12-20,Taiwan,TW,Louis Weisz,OMrUmOTPD_AnSivjxptxpA,14,5,2.7,0,0,0,0,0
2016-12-20,United States,US,Louis Weisz,OMrUmOTPD_AnSivjxptxpA,935,340,2.7,0,9,0,15,0
2016-12-20,South Africa,ZA,Louis Weisz,OMrUmOTPD_AnSivjxptxpA,10,2,5.0,0,0,0,0,0
2016-12-20,Unknown Region,ZZ,Louis Weisz,OMrUmOTPD_AnSivjxptxpA,0,0,0.0,1,0,0,0,0
2016-12-21,United Arab Emirates,AE,Louis Weisz,OMrUmOTPD_AnSivjxptxpA,16,6,2.7,0,0,0,0,0
2016-12-21,Angola,AO,Louis Weisz,OMrUmOTPD_AnSivjxptxpA,0,1,0.1,0,0,0,0,0
2016-12-21,Australia,AU,Louis Weisz,OMrUmOTPD_AnSivjxptxpA,101,34,3.0,0,0,0,1,0
2016-12-21,Belgium,BE,Louis Weisz,OMrUmOTPD_AnSivjxptxpA,15,7,2.1,0,0,0,0,0
2016-12-21,Bulgaria,BG,Louis Weisz,OMrUmOTPD_AnSivjxptxpA,6,1,5.9,0,0,0,0,0
2016-12-21,Brazil,BR,Louis Weisz,OMrUmOTPD_AnSivjxptxpA,24,8,3.0,0,0,0,0,0
2016-12-21,Canada,CA,Louis Weisz,OMrUmOTPD_AnSivjxptxpA,39,22,1.8,0,0,0,1,0
2016-12-21,Switzerland,CH,Louis Weisz,OMrUmOTPD_AnSivjxptxpA,2,1,1.9,0,0,0,0,0
2016-12-21,Chile,CL,Louis Weisz,OMrUmOTPD_AnSivjxptxpA,2,2,0.9,0,0,0,0,0
2016-12-21,Czechia,CZ,Louis Weisz,OMrUmOTPD_AnSivjxptxpA,0,1,0.4,0,0,0,0,0
2016-12-21,Germany,DE,Louis Weisz,OMrUmOTPD_AnSivjxptxpA,51,23,2.2,0,0,0,0,0
2016-12-21,Denmark,DK,Louis Weisz,OMrUmOTPD_AnSivjxptxpA,8,4,2.1,0,0,0,0,0
2016-12-21,Spain,ES,Louis Weisz,OMrUmOTPD_AnSivjxptxpA,6,4,1.5,0,0,0,0,0
2016-12-21,Finland,FI,Louis Weisz,OMrUmOTPD_AnSivjxptxpA,22,9,2.5,0,0,0,0,0
2016-12-21,United Kingdom,GB,Louis Weisz,OMrUmOTPD_AnSivjxptxpA,120,50,2.4,0,1,1,2,0
2016-12-21,Georgia,GE,Louis Weisz,OMrUmOTPD_AnSivjxptxpA,0,1,0.2,0,0,0,0,0
2016-12-21,Indonesia,ID,Louis Weisz,OMrUmOTPD_AnSivjxptxpA,6,3,2.0,0,0,0,0,0
2016-12-21,India,IN,Louis Weisz,OMrUmOTPD_AnSivjxptxpA,3,3,0.8,0,0,0,0,0
2016-12-21,Italy,IT,Louis Weisz,OMrUmOTPD_AnSivjxptxpA,9,4,2.2,0,0,0,0,0
2016-12-21,Kenya,KE,Louis Weisz,OMrUmOTPD_AnSivjxptxpA,2,1,2.0,0,0,0,0,0
2016-12-21,Luxembourg,LU,Louis Weisz,OMrUmOTPD_AnSivjxptxpA,0,1,0.2,0,0,0,0,0
2016-12-21,Latvia,LV,Louis Weisz,OMrUmOTPD_AnSivjxptxpA,11,5,2.1,0,0,0,0,0
2016-12-21,Montenegro,ME,Louis Weisz,OMrUmOTPD_AnSivjxptxpA,2,2,0.8,0,0,0,0,0
2016-12-21,Macedonia (FYROM),MK,Louis Weisz,OMrUmOTPD_AnSivjxptxpA,4,2,2.1,0,0,0,0,0
2016-12-21,Maldives,MV,Louis Weisz,OMrUmOTPD_AnSivjxptxpA,3,1,2.5,0,0,0,0,0
2016-12-21,Mexico,MX,Louis Weisz,OMrUmOTPD_AnSivjxptxpA,9,6,1.5,0,1,0,0,0
2016-12-21,Malaysia,MY,Louis Weisz,OMrUmOTPD_AnSivjxptxpA,6,2,3.0,0,0,0,0,0
2016-12-21,Netherlands,NL,Louis Weisz,OMrUmOTPD_AnSivjxptxpA,22,11,2.0,0,0,0,0,0
2016-12-21,Norway,NO,Louis Weisz,OMrUmOTPD_AnSivjxptxpA,11,5,2.1,0,0,0,0,0
2016-12-21,New Zealand,NZ,Louis Weisz,OMrUmOTPD_AnSivjxptxpA,21,8,2.6,0,0,0,0,0
2016-12-21,Philippines,PH,Louis Weisz,OMrUmOTPD_AnSivjxptxpA,6,1,6.2,0,0,0,0,0
2016-12-21,Poland,PL,Louis Weisz,OMrUmOTPD_AnSivjxptxpA,11,5,2.1,0,1,0,0,0
2016-12-21,Puerto Rico,PR,Louis Weisz,OMrUmOTPD_AnSivjxptxpA,3,1,2.8,0,0,0,0,0
2016-12-21,Portugal,PT,Louis Weisz,OMrUmOTPD_AnSivjxptxpA,28,8,3.5,0,0,0,0,0
2016-12-21,Romania,RO,Louis Weisz,OMrUmOTPD_AnSivjxptxpA,4,1,3.9,0,0,0,0,0
2016-12-21,Russia,RU,Louis Weisz,OMrUmOTPD_AnSivjxptxpA,3,3,1.1,0,0,0,0,0
2016-12-21,Saudi Arabia,SA,Louis Weisz,OMrUmOTPD_AnSivjxptxpA,1,1,0.8,0,0,0,0,0
2016-12-21,Sweden,SE,Louis Weisz,OMrUmOTPD_AnSivjxptxpA,4,5,0.8,0,0,0,0,0
2016-12-21,Singapore,SG,Louis Weisz,OMrUmOTPD_AnSivjxptxpA,3,4,0.8,0,0,0,0,0
2016-12-21,Turkey,TR,Louis Weisz,OMrUmOTPD_AnSivjxptxpA,11,3,3.6,0,0,0,0,0
2016-12-21,Trinidad & Tobago,TT,Louis Weisz,OMrUmOTPD_AnSivjxptxpA,3,1,2.7,0,0,0,0,0
2016-12-21,United States,US,Louis Weisz,OMrUmOTPD_AnSivjxptxpA,697,247,2.8,0,4,4,11,1
2016-12-21,Uruguay,UY,Louis Weisz,OMrUmOTPD_AnSivjxptxpA,18,5,3.6,0,0,0,0,0
2016-12-21,Venezuela,VE,Louis Weisz,OMrUmOTPD_AnSivjxptxpA,0,1,0.0,0,0,0,0,0
2016-12-21,Unknown Region,ZZ,Louis Weisz,OMrUmOTPD_AnSivjxptxpA,0,0,0.0,1,0,0,0,0
2016-12-22,Argentina,AR,Louis Weisz,OMrUmOTPD_AnSivjxptxpA,3,1,3.3,0,0,0,0,0
2016-12-22,Austria,AT,Louis Weisz,OMrUmOTPD_AnSivjxptxpA,4,1,4.3,0,0,0,0,0
2016-12-22,Australia,AU,Louis Weisz,OMrUmOTPD_AnSivjxptxpA,40,15,2.7,0,0,0,0,0
2016-12-22,Brazil,BR,Louis Weisz,OMrUmOTPD_AnSivjxptxpA,4,2,2.2,0,0,0,0,0
2016-12-22,Canada,CA,Louis Weisz,OMrUmOTPD_AnSivjxptxpA,81,23,3.5,0,0,0,0,0
2016-12-22,Switzerland,CH,Louis Weisz,OMrUmOTPD_AnSivjxptxpA,14,5,2.9,0,0,0,0,0
2016-12-22,Czechia,CZ,Louis Weisz,OMrUmOTPD_AnSivjxptxpA,5,2,2.3,0,0,0,0,0
2016-12-22,Germany,DE,Louis Weisz,OMrUmOTPD_AnSivjxptxpA,47,27,1.7,0,0,0,0,0
2016-12-22,Denmark,DK,Louis Weisz,OMrUmOTPD_AnSivjxptxpA,6,2,2.8,0,0,0,0,0
2016-12-22,Spain,ES,Louis Weisz,OMrUmOTPD_AnSivjxptxpA,6,3,2.1,0,0,0,0,0
2016-12-22,Finland,FI,Louis Weisz,OMrUmOTPD_AnSivjxptxpA,13,5,2.7,0,0,0,0,0
2016-12-22,France,FR,Louis Weisz,OMrUmOTPD_AnSivjxptxpA,5,2,2.5,0,0,0,0,0
2016-12-22,United Kingdom,GB,Louis Weisz,OMrUmOTPD_AnSivjxptxpA,86,27,3.2,0,0,0,0,0
2016-12-22,Hungary,HU,Louis Weisz,OMrUmOTPD_AnSivjxptxpA,4,3,1.2,0,0,0,0,0
2016-12-22,India,IN,Louis Weisz,OMrUmOTPD_AnSivjxptxpA,0,2,0.2,0,0,0,0,0
2016-12-22,Lithuania,LT,Louis Weisz,OMrUmOTPD_AnSivjxptxpA,14,7,2.0,0,0,0,0,0
2016-12-22,Netherlands,NL,Louis Weisz,OMrUmOTPD_AnSivjxptxpA,2,2,1.2,0,0,0,0,0
2016-12-22,Norway,NO,Louis Weisz,OMrUmOTPD_AnSivjxptxpA,21,10,2.1,0,0,0,0,0
2016-12-22,New Zealand,NZ,Louis Weisz,OMrUmOTPD_AnSivjxptxpA,2,1,1.5,0,0,0,0,0
2016-12-22,Philippines,PH,Louis Weisz,OMrUmOTPD_AnSivjxptxpA,16,4,4.0,0,0,0,1,0
2016-12-22,Poland,PL,Louis Weisz,OMrUmOTPD_AnSivjxptxpA,3,3,1.0,0,0,0,0,0
2016-12-22,Russia,RU,Louis Weisz,OMrUmOTPD_AnSivjxptxpA,4,1,3.6,0,0,0,0,0
2016-12-22,Saudi Arabia,SA,Louis Weisz,OMrUmOTPD_AnSivjxptxpA,3,3,1.0,0,0,0,0,0
2016-12-22,Sweden,SE,Louis Weisz,OMrUmOTPD_AnSivjxptxpA,3,2,1.5,0,0,0,0,0
2016-12-22,Singapore,SG,Louis Weisz,OMrUmOTPD_AnSivjxptxpA,6,1,6.2,0,0,0,0,0
2016-12-22,Slovenia,SI,Louis Weisz,OMrUmOTPD_AnSivjxptxpA,3,2,1.7,0,0,0,0,0
2016-12-22,Slovakia,SK,Louis Weisz,OMrUmOTPD_AnSivjxptxpA,2,1,2.5,0,0,0,0,0
2016-12-22,United States,US,Louis Weisz,OMrUmOTPD_AnSivjxptxpA,457,173,2.6,1,6,0,7,0
2016-12-22,South Africa,ZA,Louis Weisz,OMrUmOTPD_AnSivjxptxpA,0,1,0.3,0,0,0,0,0
2016-12-23,United Arab Emirates,AE,Louis Weisz,OMrUmOTPD_AnSivjxptxpA,3,1,2.7,0,0,0,0,0
2016-12-23,Austria,AT,Louis Weisz,OMrUmOTPD_AnSivjxptxpA,3,1,3.2,0,1,0,0,0
2016-12-23,Australia,AU,Louis Weisz,OMrUmOTPD_AnSivjxptxpA,75,24,3.1,0,0,0,1,0
2016-12-23,Belgium,BE,Louis Weisz,OMrUmOTPD_AnSivjxptxpA,9,3,2.9,0,0,0,0,0
2016-12-23,Bulgaria,BG,Louis Weisz,OMrUmOTPD_AnSivjxptxpA,3,2,1.3,0,0,0,0,0
2016-12-23,Brazil,BR,Louis Weisz,OMrUmOTPD_AnSivjxptxpA,8,2,4.0,0,0,0,0,0
2016-12-23,Canada,CA,Louis Weisz,OMrUmOTPD_AnSivjxptxpA,53,25,2.1,0,0,0,0,0
2016-12-23,Czechia,CZ,Louis Weisz,OMrUmOTPD_AnSivjxptxpA,0,1,0.2,0,0,0,0,0
2016-12-23,Germany,DE,Louis Weisz,OMrUmOTPD_AnSivjxptxpA,30,17,1.8,0,0,0,0,0
2016-12-23,Denmark,DK,Louis Weisz,OMrUmOTPD_AnSivjxptxpA,5,3,1.6,0,0,0,0,0
2016-12-23,Estonia,EE,Louis Weisz,OMrUmOTPD_AnSivjxptxpA,4,2,2.0,0,0,0,0,0
2016-12-23,Finland,FI,Louis Weisz,OMrUmOTPD_AnSivjxptxpA,6,1,6.3,0,0,0,0,0
2016-12-23,United Kingdom,GB,Louis Weisz,OMrUmOTPD_AnSivjxptxpA,124,41,3.0,0,0,0,1,0
2016-12-23,Greece,GR,Louis Weisz,OMrUmOTPD_AnSivjxptxpA,6,3,1.9,0,0,0,0,0
2016-12-23,Hungary,HU,Louis Weisz,OMrUmOTPD_AnSivjxptxpA,12,3,3.9,0,0,0,0,0
2016-12-23,Indonesia,ID,Louis Weisz,OMrUmOTPD_AnSivjxptxpA,2,1,2.5,0,0,0,0,0
2016-12-23,Iceland,IS,Louis Weisz,OMrUmOTPD_AnSivjxptxpA,0,1,0.2,0,0,0,0,0
2016-12-23,Italy,IT,Louis Weisz,OMrUmOTPD_AnSivjxptxpA,3,4,0.8,0,0,0,0,0
2016-12-23,Lithuania,LT,Louis Weisz,OMrUmOTPD_AnSivjxptxpA,8,2,3.9,0,0,0,0,0
2016-12-23,Latvia,LV,Louis Weisz,OMrUmOTPD_AnSivjxptxpA,17,4,4.3,0,0,0,0,0
2016-12-23,Moldova,MD,Louis Weisz,OMrUmOTPD_AnSivjxptxpA,6,5,1.1,0,0,0,0,0
2016-12-23,Mexico,MX,Louis Weisz,OMrUmOTPD_AnSivjxptxpA,0,1,0.0,0,0,0,0,0
2016-12-23,Netherlands,NL,Louis Weisz,OMrUmOTPD_AnSivjxptxpA,10,5,2.1,0,0,0,0,0
2016-12-23,New Zealand,NZ,Louis Weisz,OMrUmOTPD_AnSivjxptxpA,2,3,0.7,0,0,0,0,0
2016-12-23,Philippines,PH,Louis Weisz,OMrUmOTPD_AnSivjxptxpA,16,5,3.3,0,1,0,1,0
2016-12-23,Puerto Rico,PR,Louis Weisz,OMrUmOTPD_AnSivjxptxpA,3,1,2.8,0,0,0,0,0
2016-12-23,Russia,RU,Louis Weisz,OMrUmOTPD_AnSivjxptxpA,1,2,0.5,0,0,0,0,0
2016-12-23,Sweden,SE,Louis Weisz,OMrUmOTPD_AnSivjxptxpA,21,6,3.5,1,0,0,0,0
2016-12-23,Singapore,SG,Louis Weisz,OMrUmOTPD_AnSivjxptxpA,4,1,3.8,0,0,0,0,0
2016-12-23,Slovenia,SI,Louis Weisz,OMrUmOTPD_AnSivjxptxpA,6,4,1.4,0,0,0,0,0
2016-12-23,Thailand,TH,Louis Weisz,OMrUmOTPD_AnSivjxptxpA,0,1,0.2,0,0,0,0,0
2016-12-23,Taiwan,TW,Louis Weisz,OMrUmOTPD_AnSivjxptxpA,0,1,0.0,0,0,0,0,0
2016-12-23,Ukraine,UA,Louis Weisz,OMrUmOTPD_AnSivjxptxpA,1,1,1.4,0,0,0,0,0
2016-12-23,United States,US,Louis Weisz,OMrUmOTPD_AnSivjxptxpA,673,244,2.8,0,3,0,4,2
2016-12-23,South Africa,ZA,Louis Weisz,OMrUmOTPD_AnSivjxptxpA,5,3,1.6,0,0,0,0,0
2016-12-24,Austria,AT,Louis Weisz,OMrUmOTPD_AnSivjxptxpA,3,2,1.5,0,0,0,0,0
2016-12-24,Australia,AU,Louis Weisz,OMrUmOTPD_AnSivjxptxpA,58,22,2.6,0,2,0,1,0
2016-12-24,Bosnia & Herzegovina,BA,Louis Weisz,OMrUmOTPD_AnSivjxptxpA,2,3,0.5,0,0,0,0,0
2016-12-24,Belgium,BE,Louis Weisz,OMrUmOTPD_AnSivjxptxpA,9,3,3.0,0,0,0,0,0
2016-12-24,Brazil,BR,Louis Weisz,OMrUmOTPD_AnSivjxptxpA,0,1,0.2,0,0,0,0,0
2016-12-24,Canada,CA,Louis Weisz,OMrUmOTPD_AnSivjxptxpA,36,13,2.8,0,1,0,0,0
2016-12-24,Switzerland,CH,Louis Weisz,OMrUmOTPD_AnSivjxptxpA,4,3,1.5,0,0,0,0,0
2016-12-24,Czechia,CZ,Louis Weisz,OMrUmOTPD_AnSivjxptxpA,11,2,5.6,0,0,0,0,0
2016-12-24,Germany,DE,Louis Weisz,OMrUmOTPD_AnSivjxptxpA,7,3,2.4,0,0,0,0,0
2016-12-24,Denmark,DK,Louis Weisz,OMrUmOTPD_AnSivjxptxpA,3,1,2.6,0,0,0,0,0
2016-12-24,Spain,ES,Louis Weisz,OMrUmOTPD_AnSivjxptxpA,4,1,4.4,0,0,0,0,0
2016-12-24,Finland,FI,Louis Weisz,OMrUmOTPD_AnSivjxptxpA,0,1,0.1,0,0,0,0,0
2016-12-24,United Kingdom,GB,Louis Weisz,OMrUmOTPD_AnSivjxptxpA,39,13,3.0,0,0,0,1,0
2016-12-24,Greece,GR,Louis Weisz,OMrUmOTPD_AnSivjxptxpA,5,2,2.4,0,0,0,0,0
2016-12-24,Croatia,HR,Louis Weisz,OMrUmOTPD_AnSivjxptxpA,2,3,0.8,0,0,0,0,0
2016-12-24,Hungary,HU,Louis Weisz,OMrUmOTPD_AnSivjxptxpA,12,2,6.1,0,0,0,0,0
2016-12-24,Indonesia,ID,Louis Weisz,OMrUmOTPD_AnSivjxptxpA,9,2,4.5,0,1,0,0,0
2016-12-24,Israel,IL,Louis Weisz,OMrUmOTPD_AnSivjxptxpA,7,2,3.7,0,0,0,0,0
2016-12-24,India,IN,Louis Weisz,OMrUmOTPD_AnSivjxptxpA,4,4,1.1,0,0,0,0,0
2016-12-24,Italy,IT,Louis Weisz,OMrUmOTPD_AnSivjxptxpA,4,1,3.6,0,0,0,0,0
2016-12-24,Japan,JP,Louis Weisz,OMrUmOTPD_AnSivjxptxpA,3,1,2.8,0,0,0,0,0
2016-12-24,Malaysia,MY,Louis Weisz,OMrUmOTPD_AnSivjxptxpA,7,2,3.5,0,0,0,0,0
2016-12-24,Netherlands,NL,Louis Weisz,OMrUmOTPD_AnSivjxptxpA,13,7,1.9,0,0,0,0,0
2016-12-24,Norway,NO,Louis Weisz,OMrUmOTPD_AnSivjxptxpA,0,1,0.5,0,0,0,0,0
2016-12-24,Philippines,PH,Louis Weisz,OMrUmOTPD_AnSivjxptxpA,7,4,1.8,0,0,0,0,0
2016-12-24,Portugal,PT,Louis Weisz,OMrUmOTPD_AnSivjxptxpA,1,1,0.7,0,0,0,0,0
2016-12-24,Qatar,QA,Louis Weisz,OMrUmOTPD_AnSivjxptxpA,1,2,0.3,0,0,0,0,0
2016-12-24,Romania,RO,Louis Weisz,OMrUmOTPD_AnSivjxptxpA,19,5,3.8,0,0,0,0,0
2016-12-24,Russia,RU,Louis Weisz,OMrUmOTPD_AnSivjxptxpA,0,1,0.1,0,0,0,0,0
2016-12-24,Singapore,SG,Louis Weisz,OMrUmOTPD_AnSivjxptxpA,10,4,2.5,0,0,0,0,0
2016-12-24,Slovakia,SK,Louis Weisz,OMrUmOTPD_AnSivjxptxpA,6,3,1.9,0,0,0,0,0
2016-12-24,United States,US,Louis Weisz,OMrUmOTPD_AnSivjxptxpA,372,139,2.7,0,1,0,2,1
2016-12-24,South Africa,ZA,Louis Weisz,OMrUmOTPD_AnSivjxptxpA,10,2,4.8,0,0,0,0,0
2016-12-24,Unknown Region,ZZ,Louis Weisz,OMrUmOTPD_AnSivjxptxpA,2,1,1.8,0,0,0,0,0
2016-12-25,United Arab Emirates,AE,Louis Weisz,OMrUmOTPD_AnSivjxptxpA,10,4,2.5,0,0,0,0,0
2016-12-25,Australia,AU,Louis Weisz,OMrUmOTPD_AnSivjxptxpA,7,5,1.4,0,0,0,0,0
2016-12-25,Belgium,BE,Louis Weisz,OMrUmOTPD_AnSivjxptxpA,18,6,3.0,0,0,0,0,0
2016-12-25,Brazil,BR,Louis Weisz,OMrUmOTPD_AnSivjxptxpA,109,50,2.2,0,0,0,0,0
2016-12-25,Canada,CA,Louis Weisz,OMrUmOTPD_AnSivjxptxpA,28,12,2.4,0,0,0,0,0
2016-12-25,Switzerland,CH,Louis Weisz,OMrUmOTPD_AnSivjxptxpA,7,9,0.7,0,0,0,0,0
2016-12-25,Chile,CL,Louis Weisz,OMrUmOTPD_AnSivjxptxpA,6,1,5.7,0,0,0,0,0
2016-12-25,Czechia,CZ,Louis Weisz,OMrUmOTPD_AnSivjxptxpA,3,1,2.8,0,0,0,0,0
2016-12-25,Germany,DE,Louis Weisz,OMrUmOTPD_AnSivjxptxpA,30,8,3.7,0,0,0,0,0
2016-12-25,Denmark,DK,Louis Weisz,OMrUmOTPD_AnSivjxptxpA,4,1,4.0,0,0,0,0,0
2016-12-25,Spain,ES,Louis Weisz,OMrUmOTPD_AnSivjxptxpA,2,2,0.8,0,0,0,0,0
2016-12-25,Finland,FI,Louis Weisz,OMrUmOTPD_AnSivjxptxpA,12,4,3.0,0,0,0,1,0
2016-12-25,France,FR,Louis Weisz,OMrUmOTPD_AnSivjxptxpA,25,6,4.2,0,0,0,0,0
2016-12-25,United Kingdom,GB,Louis Weisz,OMrUmOTPD_AnSivjxptxpA,33,15,2.2,0,0,0,0,0
2016-12-25,Hong Kong,HK,Louis Weisz,OMrUmOTPD_AnSivjxptxpA,0,1,0.1,0,0,0,0,0
2016-12-25,Indonesia,ID,Louis Weisz,OMrUmOTPD_AnSivjxptxpA,5,2,2.4,0,0,0,0,0
2016-12-25,Ireland,IE,Louis Weisz,OMrUmOTPD_AnSivjxptxpA,3,1,3.2,0,0,0,0,0
2016-12-25,Israel,IL,Louis Weisz,OMrUmOTPD_AnSivjxptxpA,21,5,4.1,0,0,0,0,0
2016-12-25,India,IN,Louis Weisz,OMrUmOTPD_AnSivjxptxpA,0,1,0.2,0,0,0,0,0
2016-12-25,Italy,IT,Louis Weisz,OMrUmOTPD_AnSivjxptxpA,7,2,3.3,0,0,0,0,0
2016-12-25,Japan,JP,Louis Weisz,OMrUmOTPD_AnSivjxptxpA,6,1,5.8,0,0,0,0,0
2016-12-25,Lithuania,LT,Louis Weisz,OMrUmOTPD_AnSivjxptxpA,2,4,0.6,0,0,0,0,0
2016-12-25,Malaysia,MY,Louis Weisz,OMrUmOTPD_AnSivjxptxpA,4,4,1.0,0,0,0,0,0
2016-12-25,Netherlands,NL,Louis Weisz,OMrUmOTPD_AnSivjxptxpA,11,5,2.3,0,0,0,0,0
2016-12-25,Norway,NO,Louis Weisz,OMrUmOTPD_AnSivjxptxpA,1,1,0.8,0,0,0,0,0
2016-12-25,New Zealand,NZ,Louis Weisz,OMrUmOTPD_AnSivjxptxpA,4,3,1.4,0,0,0,0,0
2016-12-25,Philippines,PH,Louis Weisz,OMrUmOTPD_AnSivjxptxpA,13,4,3.1,0,0,0,0,0
2016-12-25,Puerto Rico,PR,Louis Weisz,OMrUmOTPD_AnSivjxptxpA,22,6,3.7,0,0,0,0,0
2016-12-25,Romania,RO,Louis Weisz,OMrUmOTPD_AnSivjxptxpA,10,5,1.9,0,0,0,0,0
2016-12-25,Slovenia,SI,Louis Weisz,OMrUmOTPD_AnSivjxptxpA,0,1,0.1,0,0,0,0,0
2016-12-25,Turkey,TR,Louis Weisz,OMrUmOTPD_AnSivjxptxpA,1,2,0.6,0,0,0,0,0
2016-12-25,Taiwan,TW,Louis Weisz,OMrUmOTPD_AnSivjxptxpA,0,1,0.3,0,0,0,0,0
2016-12-25,United States,US,Louis Weisz,OMrUmOTPD_AnSivjxptxpA,307,114,2.7,0,3,0,2,1
2016-12-25,South Africa,ZA,Louis Weisz,OMrUmOTPD_AnSivjxptxpA,0,1,0.4,0,0,0,0,0
2016-12-26,Austria,AT,Louis Weisz,OMrUmOTPD_AnSivjxptxpA,8,4,2.0,0,0,0,0,0
2016-12-26,Australia,AU,Louis Weisz,OMrUmOTPD_AnSivjxptxpA,29,10,2.9,0,2,0,1,0
2016-12-26,Belgium,BE,Louis Weisz,OMrUmOTPD_AnSivjxptxpA,6,1,5.9,0,0,0,0,0
2016-12-26,Brazil,BR,Louis Weisz,OMrUmOTPD_AnSivjxptxpA,113,56,2.0,0,0,0,0,0
2016-12-26,Canada,CA,Louis Weisz,OMrUmOTPD_AnSivjxptxpA,39,19,2.0,0,1,0,1,0
2016-12-26,Switzerland,CH,Louis Weisz,OMrUmOTPD_AnSivjxptxpA,11,4,2.7,0,0,0,0,0
2016-12-26,Chile,CL,Louis Weisz,OMrUmOTPD_AnSivjxptxpA,3,2,1.3,0,0,0,0,0
2016-12-26,Colombia,CO,Louis Weisz,OMrUmOTPD_AnSivjxptxpA,6,1,6.0,0,0,0,0,0
2016-12-26,Germany,DE,Louis Weisz,OMrUmOTPD_AnSivjxptxpA,11,3,3.5,0,0,0,0,0
2016-12-26,Denmark,DK,Louis Weisz,OMrUmOTPD_AnSivjxptxpA,3,1,2.8,0,0,0,0,0
2016-12-26,Finland,FI,Louis Weisz,OMrUmOTPD_AnSivjxptxpA,12,4,2.9,0,0,0,0,0
2016-12-26,France,FR,Louis Weisz,OMrUmOTPD_AnSivjxptxpA,1,1,0.8,0,0,0,0,0
2016-12-26,United Kingdom,GB,Louis Weisz,OMrUmOTPD_AnSivjxptxpA,19,14,1.4,0,0,0,0,0
2016-12-26,Greece,GR,Louis Weisz,OMrUmOTPD_AnSivjxptxpA,1,1,1.4,0,0,0,0,0
2016-12-26,Hong Kong,HK,Louis Weisz,OMrUmOTPD_AnSivjxptxpA,1,1,0.7,0,0,0,0,0
2016-12-26,Croatia,HR,Louis Weisz,OMrUmOTPD_AnSivjxptxpA,7,2,3.3,0,0,0,0,0
2016-12-26,Israel,IL,Louis Weisz,OMrUmOTPD_AnSivjxptxpA,6,2,3.1,0,0,0,0,0
2016-12-26,St. Kitts & Nevis,KN,Louis Weisz,OMrUmOTPD_AnSivjxptxpA,7,6,1.2,0,0,0,0,0
2016-12-26,South Korea,KR,Louis Weisz,OMrUmOTPD_AnSivjxptxpA,14,4,3.6,0,0,0,0,0
2016-12-26,Lithuania,LT,Louis Weisz,OMrUmOTPD_AnSivjxptxpA,3,1,2.8,0,0,0,0,0
2016-12-26,Mexico,MX,Louis Weisz,OMrUmOTPD_AnSivjxptxpA,4,1,4.2,0,0,0,0,0
2016-12-26,Malaysia,MY,Louis Weisz,OMrUmOTPD_AnSivjxptxpA,1,1,1.4,0,0,0,0,0
2016-12-26,Netherlands,NL,Louis Weisz,OMrUmOTPD_AnSivjxptxpA,11,5,2.3,0,0,0,0,0
2016-12-26,Norway,NO,Louis Weisz,OMrUmOTPD_AnSivjxptxpA,3,1,2.6,0,0,0,1,0
2016-12-26,New Zealand,NZ,Louis Weisz,OMrUmOTPD_AnSivjxptxpA,10,5,2.0,0,0,0,0,0
2016-12-26,Philippines,PH,Louis Weisz,OMrUmOTPD_AnSivjxptxpA,7,5,1.3,0,0,0,0,0
2016-12-26,Poland,PL,Louis Weisz,OMrUmOTPD_AnSivjxptxpA,6,3,2.1,0,0,0,0,0
2016-12-26,Portugal,PT,Louis Weisz,OMrUmOTPD_AnSivjxptxpA,7,2,3.4,0,0,0,0,0
2016-12-26,Romania,RO,Louis Weisz,OMrUmOTPD_AnSivjxptxpA,3,1,3.0,0,0,0,0,0
2016-12-26,Russia,RU,Louis Weisz,OMrUmOTPD_AnSivjxptxpA,0,2,0.2,0,0,0,0,0
2016-12-26,Sweden,SE,Louis Weisz,OMrUmOTPD_AnSivjxptxpA,17,10,1.7,0,1,0,0,0
2016-12-26,Singapore,SG,Louis Weisz,OMrUmOTPD_AnSivjxptxpA,10,3,3.2,0,0,0,0,0
2016-12-26,Thailand,TH,Louis Weisz,OMrUmOTPD_AnSivjxptxpA,9,2,4.5,0,0,0,0,0
2016-12-26,Taiwan,TW,Louis Weisz,OMrUmOTPD_AnSivjxptxpA,9,3,2.9,0,0,0,0,0
2016-12-26,Tanzania,TZ,Louis Weisz,OMrUmOTPD_AnSivjxptxpA,5,1,5.4,0,0,0,0,0
2016-12-26,Ukraine,UA,Louis Weisz,OMrUmOTPD_AnSivjxptxpA,4,1,4.4,0,0,0,0,0
2016-12-26,United States,US,Louis Weisz,OMrUmOTPD_AnSivjxptxpA,522,198,2.6,0,5,0,0,0
2016-12-27,United Arab Emirates,AE,Louis Weisz,OMrUmOTPD_AnSivjxptxpA,0,0,0.0,0,0,0,1,0
2016-12-27,Austria,AT,Louis Weisz,OMrUmOTPD_AnSivjxptxpA,22,8,2.8,0,0,0,0,0
2016-12-27,Australia,AU,Louis Weisz,OMrUmOTPD_AnSivjxptxpA,26,6,4.3,0,1,0,0,0
2016-12-27,Brazil,BR,Louis Weisz,OMrUmOTPD_AnSivjxptxpA,10,6,1.7,0,0,0,0,0
2016-12-27,Canada,CA,Louis Weisz,OMrUmOTPD_AnSivjxptxpA,19,4,4.8,0,0,0,0,0
2016-12-27,Chile,CL,Louis Weisz,OMrUmOTPD_AnSivjxptxpA,2,2,0.9,0,0,0,0,0
2016-12-27,Czechia,CZ,Louis Weisz,OMrUmOTPD_AnSivjxptxpA,1,1,1.0,0,0,0,0,0
2016-12-27,Germany,DE,Louis Weisz,OMrUmOTPD_AnSivjxptxpA,8,2,3.8,0,0,0,0,0
2016-12-27,France,FR,Louis Weisz,OMrUmOTPD_AnSivjxptxpA,0,1,0.3,0,0,0,0,0
2016-12-27,United Kingdom,GB,Louis Weisz,OMrUmOTPD_AnSivjxptxpA,32,12,2.6,0,0,0,0,0
2016-12-27,Guadeloupe,GP,Louis Weisz,OMrUmOTPD_AnSivjxptxpA,6,1,5.8,0,1,0,0,0
2016-12-27,Greece,GR,Louis Weisz,OMrUmOTPD_AnSivjxptxpA,0,0,0.0,0,0,0,1,0
2016-12-27,Croatia,HR,Louis Weisz,OMrUmOTPD_AnSivjxptxpA,7,3,2.3,0,0,0,0,0
2016-12-27,Indonesia,ID,Louis Weisz,OMrUmOTPD_AnSivjxptxpA,3,1,2.8,0,0,0,0,0
2016-12-27,Ireland,IE,Louis Weisz,OMrUmOTPD_AnSivjxptxpA,13,4,3.1,0,0,0,0,0
2016-12-27,Israel,IL,Louis Weisz,OMrUmOTPD_AnSivjxptxpA,5,2,2.3,0,0,0,0,0
2016-12-27,India,IN,Louis Weisz,OMrUmOTPD_AnSivjxptxpA,0,1,0.0,0,0,0,0,0
2016-12-27,Italy,IT,Louis Weisz,OMrUmOTPD_AnSivjxptxpA,0,1,0.1,0,0,0,0,0
2016-12-27,Lithuania,LT,Louis Weisz,OMrUmOTPD_AnSivjxptxpA,8,4,2.0,0,0,0,0,0
2016-12-27,Latvia,LV,Louis Weisz,OMrUmOTPD_AnSivjxptxpA,7,1,7.0,0,0,0,0,0
2016-12-27,Mexico,MX,Louis Weisz,OMrUmOTPD_AnSivjxptxpA,8,3,2.7,0,0,0,0,0
2016-12-27,Malaysia,MY,Louis Weisz,OMrUmOTPD_AnSivjxptxpA,1,1,1.4,0,0,0,0,0
2016-12-27,Netherlands,NL,Louis Weisz,OMrUmOTPD_AnSivjxptxpA,0,1,0.3,0,0,0,0,0
2016-12-27,Norway,NO,Louis Weisz,OMrUmOTPD_AnSivjxptxpA,12,4,3.0,0,0,0,0,0
2016-12-27,New Zealand,NZ,Louis Weisz,OMrUmOTPD_AnSivjxptxpA,6,1,6.0,0,0,0,0,0
2016-12-27,Romania,RO,Louis Weisz,OMrUmOTPD_AnSivjxptxpA,4,2,2.1,0,0,0,0,0
2016-12-27,Russia,RU,Louis Weisz,OMrUmOTPD_AnSivjxptxpA,0,1,0.1,0,0,0,0,0
2016-12-27,Sweden,SE,Louis Weisz,OMrUmOTPD_AnSivjxptxpA,3,4,0.8,0,0,0,0,0
2016-12-27,Singapore,SG,Louis Weisz,OMrUmOTPD_AnSivjxptxpA,4,2,2.0,0,0,0,0,0
2016-12-27,United States,US,Louis Weisz,OMrUmOTPD_AnSivjxptxpA,378,140,2.7,0,3,0,3,0
2016-12-27,Uruguay,UY,Louis Weisz,OMrUmOTPD_AnSivjxptxpA,3,1,2.8,0,0,0,0,0
2016-12-28,United Arab Emirates,AE,Louis Weisz,OMrUmOTPD_AnSivjxptxpA,3,1,2.8,0,0,0,0,0
2016-12-28,Argentina,AR,Louis Weisz,OMrUmOTPD_AnSivjxptxpA,0,2,0.1,0,0,0,0,0
2016-12-28,Austria,AT,Louis Weisz,OMrUmOTPD_AnSivjxptxpA,1,1,1.1,0,0,0,0,0
2016-12-28,Australia,AU,Louis Weisz,OMrUmOTPD_AnSivjxptxpA,42,16,2.6,0,0,0,0,0
2016-12-28,Canada,CA,Louis Weisz,OMrUmOTPD_AnSivjxptxpA,48,19,2.5,1,0,0,1,0
2016-12-28,Czechia,CZ,Louis Weisz,OMrUmOTPD_AnSivjxptxpA,1,1,1.4,0,0,0,0,0
2016-12-28,Germany,DE,Louis Weisz,OMrUmOTPD_AnSivjxptxpA,25,13,2.0,0,1,0,0,0
2016-12-28,Denmark,DK,Louis Weisz,OMrUmOTPD_AnSivjxptxpA,1,1,1.2,0,0,0,0,0
2016-12-28,Estonia,EE,Louis Weisz,OMrUmOTPD_AnSivjxptxpA,1,1,0.7,0,0,0,0,0
2016-12-28,Spain,ES,Louis Weisz,OMrUmOTPD_AnSivjxptxpA,7,2,3.7,0,0,0,0,0
2016-12-28,Finland,FI,Louis Weisz,OMrUmOTPD_AnSivjxptxpA,8,5,1.6,0,0,0,0,0
2016-12-28,France,FR,Louis Weisz,OMrUmOTPD_AnSivjxptxpA,8,3,2.6,0,0,0,0,0
2016-12-28,United Kingdom,GB,Louis Weisz,OMrUmOTPD_AnSivjxptxpA,108,36,3.0,0,0,0,1,0
2016-12-28,Hong Kong,HK,Louis Weisz,OMrUmOTPD_AnSivjxptxpA,6,1,6.0,0,0,0,0,0
2016-12-28,Indonesia,ID,Louis Weisz,OMrUmOTPD_AnSivjxptxpA,1,1,0.8,0,0,0,0,0
2016-12-28,Israel,IL,Louis Weisz,OMrUmOTPD_AnSivjxptxpA,6,4,1.5,0,0,0,0,0
2016-12-28,Iceland,IS,Louis Weisz,OMrUmOTPD_AnSivjxptxpA,1,3,0.2,0,0,0,0,0
2016-12-28,Italy,IT,Louis Weisz,OMrUmOTPD_AnSivjxptxpA,14,5,2.8,0,0,0,0,0
2016-12-28,Lithuania,LT,Louis Weisz,OMrUmOTPD_AnSivjxptxpA,0,1,0.2,0,0,0,0,0
2016-12-28,Montenegro,ME,Louis Weisz,OMrUmOTPD_AnSivjxptxpA,1,1,1.3,0,0,0,0,0
2016-12-28,Mexico,MX,Louis Weisz,OMrUmOTPD_AnSivjxptxpA,4,3,1.3,0,0,0,0,0
2016-12-28,Netherlands,NL,Louis Weisz,OMrUmOTPD_AnSivjxptxpA,8,14,0.6,0,0,0,1,0
2016-12-28,Norway,NO,Louis Weisz,OMrUmOTPD_AnSivjxptxpA,8,3,2.6,0,0,0,0,0
2016-12-28,New Zealand,NZ,Louis Weisz,OMrUmOTPD_AnSivjxptxpA,0,1,0.2,0,0,0,0,0
2016-12-28,Philippines,PH,Louis Weisz,OMrUmOTPD_AnSivjxptxpA,15,5,3.0,0,0,0,0,0
2016-12-28,Russia,RU,Louis Weisz,OMrUmOTPD_AnSivjxptxpA,6,1,5.8,0,0,0,0,0
2016-12-28,Saudi Arabia,SA,Louis Weisz,OMrUmOTPD_AnSivjxptxpA,18,4,4.4,0,0,0,0,0
2016-12-28,Sweden,SE,Louis Weisz,OMrUmOTPD_AnSivjxptxpA,18,7,2.5,0,1,0,0,0
2016-12-28,Singapore,SG,Louis Weisz,OMrUmOTPD_AnSivjxptxpA,10,5,2.1,0,0,0,0,0
2016-12-28,Turkey,TR,Louis Weisz,OMrUmOTPD_AnSivjxptxpA,0,1,0.2,0,0,0,0,0
2016-12-28,Trinidad & Tobago,TT,Louis Weisz,OMrUmOTPD_AnSivjxptxpA,0,1,0.4,0,0,0,0,0
2016-12-28,Taiwan,TW,Louis Weisz,OMrUmOTPD_AnSivjxptxpA,7,1,6.7,0,0,0,0,0
2016-12-28,United States,US,Louis Weisz,OMrUmOTPD_AnSivjxptxpA,532,214,2.5,1,19,2,10,8
2016-12-28,Uruguay,UY,Louis Weisz,OMrUmOTPD_AnSivjxptxpA,0,1,0.4,0,0,0,0,0
2016-12-28,South Africa,ZA,Louis Weisz,OMrUmOTPD_AnSivjxptxpA,4,2,1.9,0,0,0,0,0
2016-12-28,Unknown Region,ZZ,Louis Weisz,OMrUmOTPD_AnSivjxptxpA,0,0,0.0,1,0,0,0,0
2016-12-29,Austria,AT,Louis Weisz,OMrUmOTPD_AnSivjxptxpA,6,3,1.9,0,0,0,0,0
2016-12-29,Australia,AU,Louis Weisz,OMrUmOTPD_AnSivjxptxpA,15,4,3.8,0,0,0,0,0
2016-12-29,Belgium,BE,Louis Weisz,OMrUmOTPD_AnSivjxptxpA,5,5,0.9,0,0,0,0,0
2016-12-29,Bulgaria,BG,Louis Weisz,OMrUmOTPD_AnSivjxptxpA,0,1,0.1,0,0,0,0,0
2016-12-29,Brazil,BR,Louis Weisz,OMrUmOTPD_AnSivjxptxpA,1,1,0.5,0,0,0,0,0
2016-12-29,Canada,CA,Louis Weisz,OMrUmOTPD_AnSivjxptxpA,9,6,1.6,1,0,0,0,1
2016-12-29,Switzerland,CH,Louis Weisz,OMrUmOTPD_AnSivjxptxpA,3,2,1.3,0,0,0,0,0
2016-12-29,Czechia,CZ,Louis Weisz,OMrUmOTPD_AnSivjxptxpA,3,1,2.8,0,0,0,0,0
2016-12-29,Germany,DE,Louis Weisz,OMrUmOTPD_AnSivjxptxpA,32,13,2.5,0,0,0,0,0
2016-12-29,Denmark,DK,Louis Weisz,OMrUmOTPD_AnSivjxptxpA,11,8,1.4,0,0,0,0,0
2016-12-29,Egypt,EG,Louis Weisz,OMrUmOTPD_AnSivjxptxpA,6,1,6.1,0,1,0,0,0
2016-12-29,Spain,ES,Louis Weisz,OMrUmOTPD_AnSivjxptxpA,11,8,1.4,0,0,0,0,0
2016-12-29,Finland,FI,Louis Weisz,OMrUmOTPD_AnSivjxptxpA,34,12,2.8,0,0,0,0,0
2016-12-29,France,FR,Louis Weisz,OMrUmOTPD_AnSivjxptxpA,22,7,3.1,0,0,0,0,0
2016-12-29,United Kingdom,GB,Louis Weisz,OMrUmOTPD_AnSivjxptxpA,39,15,2.6,0,1,1,0,1
2016-12-29,Indonesia,ID,Louis Weisz,OMrUmOTPD_AnSivjxptxpA,5,1,4.5,0,0,0,0,0
2016-12-29,Israel,IL,Louis Weisz,OMrUmOTPD_AnSivjxptxpA,3,3,0.9,0,0,0,0,0
2016-12-29,India,IN,Louis Weisz,OMrUmOTPD_AnSivjxptxpA,3,2,1.5,0,0,0,0,0
2016-12-29,Japan,JP,Louis Weisz,OMrUmOTPD_AnSivjxptxpA,0,1,0.2,0,0,0,0,0
2016-12-29,Lithuania,LT,Louis Weisz,OMrUmOTPD_AnSivjxptxpA,2,2,1.0,0,0,0,0,0
2016-12-29,Latvia,LV,Louis Weisz,OMrUmOTPD_AnSivjxptxpA,4,2,1.9,0,0,0,0,0
2016-12-29,Mexico,MX,Louis Weisz,OMrUmOTPD_AnSivjxptxpA,4,2,2.1,0,0,0,0,0
2016-12-29,Netherlands,NL,Louis Weisz,OMrUmOTPD_AnSivjxptxpA,19,4,4.7,0,0,0,0,0
2016-12-29,Philippines,PH,Louis Weisz,OMrUmOTPD_AnSivjxptxpA,0,1,0.2,0,0,0,0,0
2016-12-29,Poland,PL,Louis Weisz,OMrUmOTPD_AnSivjxptxpA,2,1,2.2,0,0,0,0,0
2016-12-29,Romania,RO,Louis Weisz,OMrUmOTPD_AnSivjxptxpA,6,1,6.0,0,0,0,0,0
2016-12-29,Russia,RU,Louis Weisz,OMrUmOTPD_AnSivjxptxpA,0,1,0.0,0,0,0,0,0
2016-12-29,Sweden,SE,Louis Weisz,OMrUmOTPD_AnSivjxptxpA,4,1,3.8,0,0,0,0,0
2016-12-29,Singapore,SG,Louis Weisz,OMrUmOTPD_AnSivjxptxpA,3,1,2.6,0,0,0,0,0
2016-12-29,Slovenia,SI,Louis Weisz,OMrUmOTPD_AnSivjxptxpA,7,2,3.7,0,0,0,0,0
2016-12-29,Slovakia,SK,Louis Weisz,OMrUmOTPD_AnSivjxptxpA,3,1,2.8,0,0,0,0,0
2016-12-29,Turkey,TR,Louis Weisz,OMrUmOTPD_AnSivjxptxpA,0,1,0.1,0,0,0,0,0
2016-12-29,United States,US,Louis Weisz,OMrUmOTPD_AnSivjxptxpA,272,106,2.6,0,4,1,6,1
2016-12-29,Unknown Region,ZZ,Louis Weisz,OMrUmOTPD_AnSivjxptxpA,0,0,0.0,2,0,0,0,0
2016-12-30,United Arab Emirates,AE,Louis Weisz,OMrUmOTPD_AnSivjxptxpA,1,1,1.3,0,0,0,0,0
2016-12-30,Austria,AT,Louis Weisz,OMrUmOTPD_AnSivjxptxpA,6,1,6.3,0,0,0,0,0
2016-12-30,Australia,AU,Louis Weisz,OMrUmOTPD_AnSivjxptxpA,47,15,3.1,0,0,0,0,0
2016-12-30,Belgium,BE,Louis Weisz,OMrUmOTPD_AnSivjxptxpA,4,4,0.9,0,0,0,0,0
2016-12-30,Bulgaria,BG,Louis Weisz,OMrUmOTPD_AnSivjxptxpA,0,3,0.1,0,0,0,0,0
2016-12-30,Brazil,BR,Louis Weisz,OMrUmOTPD_AnSivjxptxpA,8,3,2.7,0,0,0,1,0
2016-12-30,Canada,CA,Louis Weisz,OMrUmOTPD_AnSivjxptxpA,5,2,2.3,0,1,0,0,0
2016-12-30,Switzerland,CH,Louis Weisz,OMrUmOTPD_AnSivjxptxpA,7,5,1.4,0,0,0,0,0
2016-12-30,Germany,DE,Louis Weisz,OMrUmOTPD_AnSivjxptxpA,11,4,2.8,0,0,0,0,0
2016-12-30,Denmark,DK,Louis Weisz,OMrUmOTPD_AnSivjxptxpA,6,1,6.1,0,0,0,0,0
2016-12-30,Dominican Republic,DO,Louis Weisz,OMrUmOTPD_AnSivjxptxpA,0,1,0.3,0,0,0,0,0
2016-12-30,Spain,ES,Louis Weisz,OMrUmOTPD_AnSivjxptxpA,10,3,3.3,0,0,0,0,0
2016-12-30,Finland,FI,Louis Weisz,OMrUmOTPD_AnSivjxptxpA,20,5,4.1,0,0,0,0,0
2016-12-30,France,FR,Louis Weisz,OMrUmOTPD_AnSivjxptxpA,15,6,2.5,0,0,0,1,0
2016-12-30,United Kingdom,GB,Louis Weisz,OMrUmOTPD_AnSivjxptxpA,56,20,2.8,0,0,0,0,0
2016-12-30,Croatia,HR,Louis Weisz,OMrUmOTPD_AnSivjxptxpA,5,2,2.6,0,0,0,0,0
2016-12-30,Hungary,HU,Louis Weisz,OMrUmOTPD_AnSivjxptxpA,4,1,4.2,0,0,0,0,0
2016-12-30,India,IN,Louis Weisz,OMrUmOTPD_AnSivjxptxpA,0,1,0.0,0,0,0,0,0
2016-12-30,Iceland,IS,Louis Weisz,OMrUmOTPD_AnSivjxptxpA,2,1,2.5,0,0,0,0,0
2016-12-30,Italy,IT,Louis Weisz,OMrUmOTPD_AnSivjxptxpA,5,1,4.8,0,0,0,0,0
2016-12-30,South Korea,KR,Louis Weisz,OMrUmOTPD_AnSivjxptxpA,1,1,1.0,0,0,0,1,0
2016-12-30,Lithuania,LT,Louis Weisz,OMrUmOTPD_AnSivjxptxpA,10,3,3.4,0,0,0,0,0
2016-12-30,Mexico,MX,Louis Weisz,OMrUmOTPD_AnSivjxptxpA,12,5,2.5,0,0,0,0,0
2016-12-30,Malaysia,MY,Louis Weisz,OMrUmOTPD_AnSivjxptxpA,3,1,3.5,0,0,0,1,0
2016-12-30,Netherlands,NL,Louis Weisz,OMrUmOTPD_AnSivjxptxpA,24,7,3.5,0,0,0,1,0
2016-12-30,Norway,NO,Louis Weisz,OMrUmOTPD_AnSivjxptxpA,5,2,2.3,0,0,0,0,0
2016-12-30,New Zealand,NZ,Louis Weisz,OMrUmOTPD_AnSivjxptxpA,3,1,2.8,0,0,0,0,0
2016-12-30,Philippines,PH,Louis Weisz,OMrUmOTPD_AnSivjxptxpA,7,6,1.2,0,0,0,0,0
2016-12-30,Poland,PL,Louis Weisz,OMrUmOTPD_AnSivjxptxpA,14,3,4.6,0,0,0,0,0
2016-12-30,Portugal,PT,Louis Weisz,OMrUmOTPD_AnSivjxptxpA,0,1,0.4,0,0,0,0,0
2016-12-30,Serbia,RS,Louis Weisz,OMrUmOTPD_AnSivjxptxpA,1,1,1.0,0,0,0,0,0
2016-12-30,Sweden,SE,Louis Weisz,OMrUmOTPD_AnSivjxptxpA,6,2,3.1,0,0,0,0,0
2016-12-30,Singapore,SG,Louis Weisz,OMrUmOTPD_AnSivjxptxpA,8,2,4.1,0,0,0,0,0
2016-12-30,United States,US,Louis Weisz,OMrUmOTPD_AnSivjxptxpA,378,175,2.2,0,0,4,5,0
2016-12-30,South Africa,ZA,Louis Weisz,OMrUmOTPD_AnSivjxptxpA,8,2,3.9,0,0,0,0,0
2016-12-30,Unknown Region,ZZ,Louis Weisz,OMrUmOTPD_AnSivjxptxpA,0,0,0.0,1,0,0,0,0
2016-12-31,United Arab Emirates,AE,Louis Weisz,OMrUmOTPD_AnSivjxptxpA,1,1,1.4,0,0,0,0,0
2016-12-31,Austria,AT,Louis Weisz,OMrUmOTPD_AnSivjxptxpA,9,2,4.4,0,0,0,0,0
2016-12-31,Australia,AU,Louis Weisz,OMrUmOTPD_AnSivjxptxpA,35,7,5.0,0,0,0,0,0
2016-12-31,Brazil,BR,Louis Weisz,OMrUmOTPD_AnSivjxptxpA,3,5,0.6,0,0,0,0,0
2016-12-31,Canada,CA,Louis Weisz,OMrUmOTPD_AnSivjxptxpA,35,12,2.9,0,0,0,0,0
2016-12-31,Germany,DE,Louis Weisz,OMrUmOTPD_AnSivjxptxpA,11,3,3.6,0,0,0,0,0
2016-12-31,Denmark,DK,Louis Weisz,OMrUmOTPD_AnSivjxptxpA,6,1,5.9,0,0,0,0,0
2016-12-31,Finland,FI,Louis Weisz,OMrUmOTPD_AnSivjxptxpA,1,1,0.6,0,0,0,0,0
2016-12-31,United Kingdom,GB,Louis Weisz,OMrUmOTPD_AnSivjxptxpA,18,4,4.5,0,0,0,0,0
2016-12-31,India,IN,Louis Weisz,OMrUmOTPD_AnSivjxptxpA,4,1,4.3,0,0,0,0,0
2016-12-31,Italy,IT,Louis Weisz,OMrUmOTPD_AnSivjxptxpA,17,6,2.8,0,0,0,0,0
2016-12-31,Mexico,MX,Louis Weisz,OMrUmOTPD_AnSivjxptxpA,0,1,0.2,0,0,0,0,0
2016-12-31,Malaysia,MY,Louis Weisz,OMrUmOTPD_AnSivjxptxpA,2,2,1.2,0,0,0,0,0
2016-12-31,Norway,NO,Louis Weisz,OMrUmOTPD_AnSivjxptxpA,1,2,0.4,0,0,0,0,0
2016-12-31,New Zealand,NZ,Louis Weisz,OMrUmOTPD_AnSivjxptxpA,8,2,4.2,0,0,0,0,0
2016-12-31,Romania,RO,Louis Weisz,OMrUmOTPD_AnSivjxptxpA,4,1,4.1,0,0,0,0,0
2016-12-31,Serbia,RS,Louis Weisz,OMrUmOTPD_AnSivjxptxpA,4,2,2.2,0,0,0,0,0
2016-12-31,Slovakia,SK,Louis Weisz,OMrUmOTPD_AnSivjxptxpA,0,1,0.3,0,0,0,0,0
2016-12-31,Turkey,TR,Louis Weisz,OMrUmOTPD_AnSivjxptxpA,5,1,5.0,0,0,0,0,0
2016-12-31,Trinidad & Tobago,TT,Louis Weisz,OMrUmOTPD_AnSivjxptxpA,0,1,0.3,0,0,0,0,0
2016-12-31,United States,US,Louis Weisz,OMrUmOTPD_AnSivjxptxpA,236,102,2.3,0,0,0,1,0
2016-12-31,Unknown Region,ZZ,Louis Weisz,OMrUmOTPD_AnSivjxptxpA,0,0,0.0,1,0,0,0,0
2017-01-01,Australia,AU,Louis Weisz,OMrUmOTPD_AnSivjxptxpA,9,3,2.9,0,0,0,0,0
2017-01-01,Belgium,BE,Louis Weisz,OMrUmOTPD_AnSivjxptxpA,12,2,6.0,0,0,0,0,0
2017-01-01,Brazil,BR,Louis Weisz,OMrUmOTPD_AnSivjxptxpA,6,3,1.9,0,1,0,0,0
2017-01-01,Canada,CA,Louis Weisz,OMrUmOTPD_AnSivjxptxpA,20,4,4.9,0,0,0,0,0
2017-01-01,Switzerland,CH,Louis Weisz,OMrUmOTPD_AnSivjxptxpA,4,1,3.6,0,0,0,0,0
2017-01-01,Germany,DE,Louis Weisz,OMrUmOTPD_AnSivjxptxpA,44,15,2.9,0,5,1,1,0
2017-01-01,Denmark,DK,Louis Weisz,OMrUmOTPD_AnSivjxptxpA,34,8,4.3,0,0,0,1,0
2017-01-01,Spain,ES,Louis Weisz,OMrUmOTPD_AnSivjxptxpA,1,2,0.6,0,0,0,0,0
2017-01-01,Finland,FI,Louis Weisz,OMrUmOTPD_AnSivjxptxpA,0,1,0.1,0,0,0,0,0
2017-01-01,France,FR,Louis Weisz,OMrUmOTPD_AnSivjxptxpA,1,1,0.8,0,0,0,0,0
2017-01-01,United Kingdom,GB,Louis Weisz,OMrUmOTPD_AnSivjxptxpA,44,10,4.4,0,0,0,0,0
2017-01-01,Hong Kong,HK,Louis Weisz,OMrUmOTPD_AnSivjxptxpA,3,1,3.5,0,0,0,0,0
2017-01-01,Croatia,HR,Louis Weisz,OMrUmOTPD_AnSivjxptxpA,12,9,1.3,0,0,0,0,0
2017-01-01,India,IN,Louis Weisz,OMrUmOTPD_AnSivjxptxpA,0,1,0.4,0,0,0,0,0
2017-01-01,Kuwait,KW,Louis Weisz,OMrUmOTPD_AnSivjxptxpA,6,1,6.2,0,0,0,0,0
2017-01-01,Lithuania,LT,Louis Weisz,OMrUmOTPD_AnSivjxptxpA,2,1,1.6,0,0,0,0,0
2017-01-01,Latvia,LV,Louis Weisz,OMrUmOTPD_AnSivjxptxpA,7,2,3.3,0,0,0,0,0
2017-01-01,Mexico,MX,Louis Weisz,OMrUmOTPD_AnSivjxptxpA,12,4,3.1,0,0,0,0,0
2017-01-01,Malaysia,MY,Louis Weisz,OMrUmOTPD_AnSivjxptxpA,9,2,4.7,0,0,0,0,0
2017-01-01,Netherlands,NL,Louis Weisz,OMrUmOTPD_AnSivjxptxpA,10,3,3.3,0,0,0,0,0
2017-01-01,Norway,NO,Louis Weisz,OMrUmOTPD_AnSivjxptxpA,10,5,2.0,0,0,0,0,0
2017-01-01,Nepal,NP,Louis Weisz,OMrUmOTPD_AnSivjxptxpA,0,1,0.4,0,0,0,0,0
2017-01-01,New Zealand,NZ,Louis Weisz,OMrUmOTPD_AnSivjxptxpA,6,2,3.2,0,0,0,0,0
2017-01-01,Philippines,PH,Louis Weisz,OMrUmOTPD_AnSivjxptxpA,4,4,0.9,0,0,0,0,0
2017-01-01,Poland,PL,Louis Weisz,OMrUmOTPD_AnSivjxptxpA,7,3,2.2,0,0,0,0,0
2017-01-01,Puerto Rico,PR,Louis Weisz,OMrUmOTPD_AnSivjxptxpA,10,5,2.0,0,0,0,0,0
2017-01-01,Russia,RU,Louis Weisz,OMrUmOTPD_AnSivjxptxpA,0,1,0.2,0,0,0,0,0
2017-01-01,Sweden,SE,Louis Weisz,OMrUmOTPD_AnSivjxptxpA,28,8,3.5,0,0,0,0,0
2017-01-01,Slovenia,SI,Louis Weisz,OMrUmOTPD_AnSivjxptxpA,24,6,4.0,0,0,0,1,0
2017-01-01,Turkey,TR,Louis Weisz,OMrUmOTPD_AnSivjxptxpA,0,1,0.0,0,0,0,0,0
2017-01-01,United States,US,Louis Weisz,OMrUmOTPD_AnSivjxptxpA,228,67,3.4,0,1,0,0,1
2017-01-01,Unknown Region,ZZ,Louis Weisz,OMrUmOTPD_AnSivjxptxpA,0,0,0.0,1,0,0,0,0
2017-01-02,Australia,AU,Louis Weisz,OMrUmOTPD_AnSivjxptxpA,37,13,2.8,0,1,0,0,0
2017-01-02,Belgium,BE,Louis Weisz,OMrUmOTPD_AnSivjxptxpA,9,2,4.4,0,0,0,0,0
2017-01-02,Brazil,BR,Louis Weisz,OMrUmOTPD_AnSivjxptxpA,9,8,1.1,0,0,0,0,0
2017-01-02,Canada,CA,Louis Weisz,OMrUmOTPD_AnSivjxptxpA,29,16,1.8,0,0,0,0,0
2017-01-02,Chile,CL,Louis Weisz,OMrUmOTPD_AnSivjxptxpA,0,2,0.2,0,0,0,0,0
2017-01-02,Germany,DE,Louis Weisz,OMrUmOTPD_AnSivjxptxpA,30,15,2.0,0,0,0,1,0
2017-01-02,Denmark,DK,Louis Weisz,OMrUmOTPD_AnSivjxptxpA,1,1,0.9,0,0,0,0,0
2017-01-02,Estonia,EE,Louis Weisz,OMrUmOTPD_AnSivjxptxpA,1,1,1.3,0,0,0,0,0
2017-01-02,Spain,ES,Louis Weisz,OMrUmOTPD_AnSivjxptxpA,19,6,3.2,0,0,0,0,0
2017-01-02,Finland,FI,Louis Weisz,OMrUmOTPD_AnSivjxptxpA,22,5,4.4,0,0,0,0,0
2017-01-02,France,FR,Louis Weisz,OMrUmOTPD_AnSivjxptxpA,8,2,4.0,0,0,0,1,0
2017-01-02,United Kingdom,GB,Louis Weisz,OMrUmOTPD_AnSivjxptxpA,33,14,2.4,0,0,0,0,0
2017-01-02,Greece,GR,Louis Weisz,OMrUmOTPD_AnSivjxptxpA,7,2,3.7,0,0,0,0,0
2017-01-02,Hong Kong,HK,Louis Weisz,OMrUmOTPD_AnSivjxptxpA,2,1,2.0,0,0,0,0,0
2017-01-02,Croatia,HR,Louis Weisz,OMrUmOTPD_AnSivjxptxpA,3,2,1.4,0,0,0,0,0
2017-01-02,Hungary,HU,Louis Weisz,OMrUmOTPD_AnSivjxptxpA,3,1,3.3,0,0,0,0,0
2017-01-02,Indonesia,ID,Louis Weisz,OMrUmOTPD_AnSivjxptxpA,4,1,4.2,0,0,0,0,0
2017-01-02,Ireland,IE,Louis Weisz,OMrUmOTPD_AnSivjxptxpA,6,1,6.2,0,0,0,1,0
2017-01-02,Japan,JP,Louis Weisz,OMrUmOTPD_AnSivjxptxpA,6,2,2.8,0,0,0,0,0
2017-01-02,South Korea,KR,Louis Weisz,OMrUmOTPD_AnSivjxptxpA,0,1,0.2,0,0,0,0,0
2017-01-02,Lithuania,LT,Louis Weisz,OMrUmOTPD_AnSivjxptxpA,4,3,1.5,0,0,0,0,0
2017-01-02,Latvia,LV,Louis Weisz,OMrUmOTPD_AnSivjxptxpA,4,2,2.2,0,0,0,0,0
2017-01-02,Mexico,MX,Louis Weisz,OMrUmOTPD_AnSivjxptxpA,3,3,0.8,0,0,0,0,0
2017-01-02,Malaysia,MY,Louis Weisz,OMrUmOTPD_AnSivjxptxpA,4,2,2.0,0,0,0,0,0
2017-01-02,Netherlands,NL,Louis Weisz,OMrUmOTPD_AnSivjxptxpA,1,2,0.3,0,0,0,0,0
2017-01-02,Norway,NO,Louis Weisz,OMrUmOTPD_AnSivjxptxpA,1,1,0.5,0,0,0,0,0
2017-01-02,New Zealand,NZ,Louis Weisz,OMrUmOTPD_AnSivjxptxpA,4,2,1.8,0,0,0,0,0
2017-01-02,Philippines,PH,Louis Weisz,OMrUmOTPD_AnSivjxptxpA,2,4,0.4,0,0,0,1,0
2017-01-02,Poland,PL,Louis Weisz,OMrUmOTPD_AnSivjxptxpA,6,1,5.9,0,0,0,0,0
2017-01-02,Puerto Rico,PR,Louis Weisz,OMrUmOTPD_AnSivjxptxpA,9,2,4.4,0,0,0,0,0
2017-01-02,Portugal,PT,Louis Weisz,OMrUmOTPD_AnSivjxptxpA,1,1,0.7,0,0,0,0,0
2017-01-02,Serbia,RS,Louis Weisz,OMrUmOTPD_AnSivjxptxpA,2,1,2.3,0,0,0,0,0
2017-01-02,Russia,RU,Louis Weisz,OMrUmOTPD_AnSivjxptxpA,6,2,2.9,0,0,0,0,0
2017-01-02,Sweden,SE,Louis Weisz,OMrUmOTPD_AnSivjxptxpA,4,2,1.8,0,0,0,0,0
2017-01-02,Slovenia,SI,Louis Weisz,OMrUmOTPD_AnSivjxptxpA,1,1,1.0,0,0,0,0,0
2017-01-02,United States,US,Louis Weisz,OMrUmOTPD_AnSivjxptxpA,291,95,3.1,0,4,0,0,0
2017-01-02,Unknown Region,ZZ,Louis Weisz,OMrUmOTPD_AnSivjxptxpA,0,0,0.0,1,0,0,0,0
2017-01-03,Australia,AU,Louis Weisz,OMrUmOTPD_AnSivjxptxpA,37,8,4.6,0,0,0,0,0
2017-01-03,Belgium,BE,Louis Weisz,OMrUmOTPD_AnSivjxptxpA,18,7,2.6,0,0,0,0,0
2017-01-03,Bulgaria,BG,Louis Weisz,OMrUmOTPD_AnSivjxptxpA,0,1,0.1,0,0,0,0,0
2017-01-03,Brazil,BR,Louis Weisz,OMrUmOTPD_AnSivjxptxpA,1,1,0.5,0,0,0,0,0
2017-01-03,Canada,CA,Louis Weisz,OMrUmOTPD_AnSivjxptxpA,42,11,3.8,0,1,0,1,0
2017-01-03,Switzerland,CH,Louis Weisz,OMrUmOTPD_AnSivjxptxpA,12,2,5.9,0,0,0,0,0
2017-01-03,Chile,CL,Louis Weisz,OMrUmOTPD_AnSivjxptxpA,5,1,4.9,0,0,0,0,0
2017-01-03,Curaçao,CW,Louis Weisz,OMrUmOTPD_AnSivjxptxpA,2,1,2.4,0,0,0,0,0
2017-01-03,Czechia,CZ,Louis Weisz,OMrUmOTPD_AnSivjxptxpA,14,3,4.7,0,0,0,0,0
2017-01-03,Germany,DE,Louis Weisz,OMrUmOTPD_AnSivjxptxpA,27,12,2.2,0,0,0,0,0
2017-01-03,Denmark,DK,Louis Weisz,OMrUmOTPD_AnSivjxptxpA,21,5,4.1,0,0,0,0,0
2017-01-03,Algeria,DZ,Louis Weisz,OMrUmOTPD_AnSivjxptxpA,2,1,2.3,0,0,0,0,0
2017-01-03,Spain,ES,Louis Weisz,OMrUmOTPD_AnSivjxptxpA,8,3,2.7,0,0,0,0,0
2017-01-03,Finland,FI,Louis Weisz,OMrUmOTPD_AnSivjxptxpA,4,2,1.9,0,0,0,0,0
2017-01-03,United Kingdom,GB,Louis Weisz,OMrUmOTPD_AnSivjxptxpA,66,23,2.9,0,0,0,1,0
2017-01-03,Greece,GR,Louis Weisz,OMrUmOTPD_AnSivjxptxpA,8,4,2.1,0,0,0,0,0
2017-01-03,Hong Kong,HK,Louis Weisz,OMrUmOTPD_AnSivjxptxpA,4,2,1.8,0,0,0,0,0
2017-01-03,Honduras,HN,Louis Weisz,OMrUmOTPD_AnSivjxptxpA,18,4,4.4,0,0,0,0,0
2017-01-03,Croatia,HR,Louis Weisz,OMrUmOTPD_AnSivjxptxpA,2,1,1.5,0,0,0,0,0
2017-01-03,Hungary,HU,Louis Weisz,OMrUmOTPD_AnSivjxptxpA,2,2,0.8,0,0,0,0,0
2017-01-03,Indonesia,ID,Louis Weisz,OMrUmOTPD_AnSivjxptxpA,9,3,3.0,0,0,0,0,0
2017-01-03,Kuwait,KW,Louis Weisz,OMrUmOTPD_AnSivjxptxpA,6,1,5.9,0,0,0,0,0
2017-01-03,Lithuania,LT,Louis Weisz,OMrUmOTPD_AnSivjxptxpA,0,1,0.3,0,0,0,0,0
2017-01-03,Latvia,LV,Louis Weisz,OMrUmOTPD_AnSivjxptxpA,21,5,4.2,0,0,0,0,0
2017-01-03,Montenegro,ME,Louis Weisz,OMrUmOTPD_AnSivjxptxpA,6,1,5.9,0,0,0,0,0
2017-01-03,Maldives,MV,Louis Weisz,OMrUmOTPD_AnSivjxptxpA,0,1,0.1,0,0,0,0,0
2017-01-03,Malaysia,MY,Louis Weisz,OMrUmOTPD_AnSivjxptxpA,5,1,4.6,0,0,0,0,0
2017-01-03,Nicaragua,NI,Louis Weisz,OMrUmOTPD_AnSivjxptxpA,3,1,2.8,0,0,0,0,0
2017-01-03,Netherlands,NL,Louis Weisz,OMrUmOTPD_AnSivjxptxpA,14,4,3.4,0,0,0,0,0
2017-01-03,Norway,NO,Louis Weisz,OMrUmOTPD_AnSivjxptxpA,15,7,2.2,0,0,0,0,0
2017-01-03,New Zealand,NZ,Louis Weisz,OMrUmOTPD_AnSivjxptxpA,1,1,1.5,0,0,0,0,0
2017-01-03,Peru,PE,Louis Weisz,OMrUmOTPD_AnSivjxptxpA,4,1,3.5,0,0,0,0,0
2017-01-03,Philippines,PH,Louis Weisz,OMrUmOTPD_AnSivjxptxpA,7,3,2.3,0,0,0,0,0
2017-01-03,Poland,PL,Louis Weisz,OMrUmOTPD_AnSivjxptxpA,0,1,0.5,0,0,0,0,0
2017-01-03,Romania,RO,Louis Weisz,OMrUmOTPD_AnSivjxptxpA,10,2,4.8,0,0,0,0,0
2017-01-03,Russia,RU,Louis Weisz,OMrUmOTPD_AnSivjxptxpA,13,3,4.2,0,0,0,0,0
2017-01-03,Sweden,SE,Louis Weisz,OMrUmOTPD_AnSivjxptxpA,5,2,2.5,0,0,0,0,0
2017-01-03,Singapore,SG,Louis Weisz,OMrUmOTPD_AnSivjxptxpA,0,1,0.2,0,0,0,0,0
2017-01-03,Taiwan,TW,Louis Weisz,OMrUmOTPD_AnSivjxptxpA,4,1,4.1,0,0,0,0,0
2017-01-03,Ukraine,UA,Louis Weisz,OMrUmOTPD_AnSivjxptxpA,1,1,0.5,0,0,0,0,0
2017-01-03,United States,US,Louis Weisz,OMrUmOTPD_AnSivjxptxpA,388,125,3.1,0,2,0,1,0
2017-01-04,Austria,AT,Louis Weisz,OMrUmOTPD_AnSivjxptxpA,3,1,3.0,0,0,0,0,0
2017-01-04,Australia,AU,Louis Weisz,OMrUmOTPD_AnSivjxptxpA,21,5,4.2,0,0,0,1,3
2017-01-04,Bulgaria,BG,Louis Weisz,OMrUmOTPD_AnSivjxptxpA,1,1,1.5,0,0,0,0,0
2017-01-04,Brazil,BR,Louis Weisz,OMrUmOTPD_AnSivjxptxpA,8,2,3.8,0,0,0,0,0
2017-01-04,Canada,CA,Louis Weisz,OMrUmOTPD_AnSivjxptxpA,47,14,3.4,0,0,0,2,0
2017-01-04,Switzerland,CH,Louis Weisz,OMrUmOTPD_AnSivjxptxpA,0,1,0.2,0,0,0,0,0
2017-01-04,Chile,CL,Louis Weisz,OMrUmOTPD_AnSivjxptxpA,3,2,1.7,0,0,0,0,0
2017-01-04,Germany,DE,Louis Weisz,OMrUmOTPD_AnSivjxptxpA,10,5,2.0,0,0,0,0,0
2017-01-04,Denmark,DK,Louis Weisz,OMrUmOTPD_AnSivjxptxpA,7,1,6.6,0,0,0,0,0
2017-01-04,Estonia,EE,Louis Weisz,OMrUmOTPD_AnSivjxptxpA,3,1,3.1,0,0,0,0,0
2017-01-04,Spain,ES,Louis Weisz,OMrUmOTPD_AnSivjxptxpA,2,1,1.7,0,0,0,1,0
2017-01-04,Finland,FI,Louis Weisz,OMrUmOTPD_AnSivjxptxpA,15,7,2.1,0,0,0,0,0
2017-01-04,United Kingdom,GB,Louis Weisz,OMrUmOTPD_AnSivjxptxpA,57,26,2.2,0,0,1,0,0
2017-01-04,Hungary,HU,Louis Weisz,OMrUmOTPD_AnSivjxptxpA,1,1,0.8,0,0,0,0,0
2017-01-04,Ireland,IE,Louis Weisz,OMrUmOTPD_AnSivjxptxpA,1,1,0.5,0,0,0,0,0
2017-01-04,Israel,IL,Louis Weisz,OMrUmOTPD_AnSivjxptxpA,5,1,4.6,0,1,0,0,0
2017-01-04,Italy,IT,Louis Weisz,OMrUmOTPD_AnSivjxptxpA,0,1,0.0,0,0,0,0,0
2017-01-04,Jamaica,JM,Louis Weisz,OMrUmOTPD_AnSivjxptxpA,0,1,0.3,0,0,0,0,0
2017-01-04,Luxembourg,LU,Louis Weisz,OMrUmOTPD_AnSivjxptxpA,13,4,3.3,0,0,0,0,0
2017-01-04,Latvia,LV,Louis Weisz,OMrUmOTPD_AnSivjxptxpA,3,1,3.2,0,0,0,0,0
2017-01-04,Mexico,MX,Louis Weisz,OMrUmOTPD_AnSivjxptxpA,6,1,6.2,0,0,0,0,0
2017-01-04,Malaysia,MY,Louis Weisz,OMrUmOTPD_AnSivjxptxpA,6,2,2.8,0,0,0,0,0
2017-01-04,Netherlands,NL,Louis Weisz,OMrUmOTPD_AnSivjxptxpA,8,2,4.0,0,0,0,0,0
2017-01-04,Norway,NO,Louis Weisz,OMrUmOTPD_AnSivjxptxpA,0,1,0.4,0,0,0,0,0
2017-01-04,New Zealand,NZ,Louis Weisz,OMrUmOTPD_AnSivjxptxpA,1,1,1.2,0,0,0,0,0
2017-01-04,Peru,PE,Louis Weisz,OMrUmOTPD_AnSivjxptxpA,0,1,0.1,0,0,0,0,0
2017-01-04,Puerto Rico,PR,Louis Weisz,OMrUmOTPD_AnSivjxptxpA,4,2,1.9,0,0,0,0,0
2017-01-04,Portugal,PT,Louis Weisz,OMrUmOTPD_AnSivjxptxpA,10,7,1.4,0,0,0,0,0
2017-01-04,Russia,RU,Louis Weisz,OMrUmOTPD_AnSivjxptxpA,5,2,2.5,0,1,0,0,0
2017-01-04,Sweden,SE,Louis Weisz,OMrUmOTPD_AnSivjxptxpA,19,11,1.8,0,0,0,0,0
2017-01-04,Singapore,SG,Louis Weisz,OMrUmOTPD_AnSivjxptxpA,2,2,0.9,0,0,0,0,0
2017-01-04,Slovakia,SK,Louis Weisz,OMrUmOTPD_AnSivjxptxpA,15,5,3.1,0,0,0,0,0
2017-01-04,Turkey,TR,Louis Weisz,OMrUmOTPD_AnSivjxptxpA,0,1,0.2,0,0,0,0,0
2017-01-04,United States,US,Louis Weisz,OMrUmOTPD_AnSivjxptxpA,310,96,3.2,1,2,0,5,0
2017-01-04,Unknown Region,ZZ,Louis Weisz,OMrUmOTPD_AnSivjxptxpA,6,1,6.3,0,0,0,0,0
2017-01-05,Argentina,AR,Louis Weisz,OMrUmOTPD_AnSivjxptxpA,1,1,0.8,0,0,0,0,0
2017-01-05,Austria,AT,Louis Weisz,OMrUmOTPD_AnSivjxptxpA,11,8,1.4,0,0,0,0,0
2017-01-05,Australia,AU,Louis Weisz,OMrUmOTPD_AnSivjxptxpA,13,4,3.2,0,0,0,0,0
2017-01-05,Belgium,BE,Louis Weisz,OMrUmOTPD_AnSivjxptxpA,5,2,2.3,0,0,0,0,0
2017-01-05,Brazil,BR,Louis Weisz,OMrUmOTPD_AnSivjxptxpA,12,4,2.9,0,0,0,0,0
2017-01-05,Canada,CA,Louis Weisz,OMrUmOTPD_AnSivjxptxpA,40,12,3.3,0,0,0,0,0
2017-01-05,Switzerland,CH,Louis Weisz,OMrUmOTPD_AnSivjxptxpA,3,3,0.9,0,0,0,0,0
2017-01-05,Chile,CL,Louis Weisz,OMrUmOTPD_AnSivjxptxpA,7,7,1.1,0,0,0,0,0
2017-01-05,Colombia,CO,Louis Weisz,OMrUmOTPD_AnSivjxptxpA,2,2,1.1,0,0,0,0,0
2017-01-05,Cyprus,CY,Louis Weisz,OMrUmOTPD_AnSivjxptxpA,1,2,0.4,0,0,0,0,0
2017-01-05,Czechia,CZ,Louis Weisz,OMrUmOTPD_AnSivjxptxpA,1,1,1.0,0,0,0,0,0
2017-01-05,Germany,DE,Louis Weisz,OMrUmOTPD_AnSivjxptxpA,19,12,1.6,0,5,0,0,0
2017-01-05,Finland,FI,Louis Weisz,OMrUmOTPD_AnSivjxptxpA,0,1,0.2,0,0,0,0,0
2017-01-05,France,FR,Louis Weisz,OMrUmOTPD_AnSivjxptxpA,4,1,4.5,0,0,0,0,0
2017-01-05,United Kingdom,GB,Louis Weisz,OMrUmOTPD_AnSivjxptxpA,20,10,2.0,0,0,0,0,0
2017-01-05,Greece,GR,Louis Weisz,OMrUmOTPD_AnSivjxptxpA,4,1,4.3,0,0,0,0,0
2017-01-05,Indonesia,ID,Louis Weisz,OMrUmOTPD_AnSivjxptxpA,0,1,0.2,0,0,0,0,0
2017-01-05,Ireland,IE,Louis Weisz,OMrUmOTPD_AnSivjxptxpA,7,1,7.3,0,0,0,0,0
2017-01-05,India,IN,Louis Weisz,OMrUmOTPD_AnSivjxptxpA,2,3,0.8,0,0,0,0,0
2017-01-05,Malaysia,MY,Louis Weisz,OMrUmOTPD_AnSivjxptxpA,0,2,0.0,0,0,0,0,0
2017-01-05,Netherlands,NL,Louis Weisz,OMrUmOTPD_AnSivjxptxpA,29,10,2.9,0,1,0,0,0
2017-01-05,Norway,NO,Louis Weisz,OMrUmOTPD_AnSivjxptxpA,7,3,2.3,0,0,0,0,0
2017-01-05,Philippines,PH,Louis Weisz,OMrUmOTPD_AnSivjxptxpA,1,1,1.1,0,0,0,0,0
2017-01-05,Portugal,PT,Louis Weisz,OMrUmOTPD_AnSivjxptxpA,4,1,3.8,0,0,0,0,0
2017-01-05,Romania,RO,Louis Weisz,OMrUmOTPD_AnSivjxptxpA,8,2,3.8,0,0,0,0,0
2017-01-05,Sweden,SE,Louis Weisz,OMrUmOTPD_AnSivjxptxpA,13,5,2.6,0,0,0,0,0
2017-01-05,Singapore,SG,Louis Weisz,OMrUmOTPD_AnSivjxptxpA,0,1,0.3,0,0,0,0,0
2017-01-05,United States,US,Louis Weisz,OMrUmOTPD_AnSivjxptxpA,294,106,2.8,0,1,1,2,0
2017-01-05,U.S. Virgin Islands,VI,Louis Weisz,OMrUmOTPD_AnSivjxptxpA,6,1,5.9,0,0,0,0,0
2017-01-05,South Africa,ZA,Louis Weisz,OMrUmOTPD_AnSivjxptxpA,3,1,2.7,0,0,0,0,0
2017-01-05,Unknown Region,ZZ,Louis Weisz,OMrUmOTPD_AnSivjxptxpA,0,0,0.0,1,0,0,0,0
2017-01-06,United Arab Emirates,AE,Louis Weisz,OMrUmOTPD_AnSivjxptxpA,6,1,6.2,0,0,0,0,0
2017-01-06,Austria,AT,Louis Weisz,OMrUmOTPD_AnSivjxptxpA,10,2,4.8,0,0,0,0,0
2017-01-06,Australia,AU,Louis Weisz,OMrUmOTPD_AnSivjxptxpA,18,8,2.2,0,0,0,0,0
2017-01-06,Bangladesh,BD,Louis Weisz,OMrUmOTPD_AnSivjxptxpA,6,1,5.6,0,0,0,0,0
2017-01-06,Bulgaria,BG,Louis Weisz,OMrUmOTPD_AnSivjxptxpA,1,1,0.6,0,0,0,0,0
2017-01-06,Botswana,BW,Louis Weisz,OMrUmOTPD_AnSivjxptxpA,6,1,6.0,0,0,0,0,0
2017-01-06,Canada,CA,Louis Weisz,OMrUmOTPD_AnSivjxptxpA,15,4,3.8,0,0,0,0,0
2017-01-06,Switzerland,CH,Louis Weisz,OMrUmOTPD_AnSivjxptxpA,13,5,2.6,0,1,0,0,0
2017-01-06,Cyprus,CY,Louis Weisz,OMrUmOTPD_AnSivjxptxpA,6,1,5.9,0,0,0,0,0
2017-01-06,Czechia,CZ,Louis Weisz,OMrUmOTPD_AnSivjxptxpA,2,1,1.8,0,0,0,1,0
2017-01-06,Germany,DE,Louis Weisz,OMrUmOTPD_AnSivjxptxpA,12,11,1.0,0,0,0,0,0
2017-01-06,Denmark,DK,Louis Weisz,OMrUmOTPD_AnSivjxptxpA,7,2,3.7,0,0,0,0,0
2017-01-06,Estonia,EE,Louis Weisz,OMrUmOTPD_AnSivjxptxpA,4,1,3.9,0,0,0,0,0
2017-01-06,Spain,ES,Louis Weisz,OMrUmOTPD_AnSivjxptxpA,12,2,5.8,0,0,0,0,0
2017-01-06,Finland,FI,Louis Weisz,OMrUmOTPD_AnSivjxptxpA,2,1,2.2,0,0,0,0,0
2017-01-06,France,FR,Louis Weisz,OMrUmOTPD_AnSivjxptxpA,11,3,3.7,0,0,0,0,0
2017-01-06,United Kingdom,GB,Louis Weisz,OMrUmOTPD_AnSivjxptxpA,29,10,2.9,0,1,0,0,0
2017-01-06,Greece,GR,Louis Weisz,OMrUmOTPD_AnSivjxptxpA,23,5,4.7,0,0,0,0,0
2017-01-06,Israel,IL,Louis Weisz,OMrUmOTPD_AnSivjxptxpA,7,2,3.7,0,0,0,0,0
2017-01-06,Iceland,IS,Louis Weisz,OMrUmOTPD_AnSivjxptxpA,7,3,2.3,0,0,0,0,0
2017-01-06,Italy,IT,Louis Weisz,OMrUmOTPD_AnSivjxptxpA,6,1,6.0,0,0,0,0,0
2017-01-06,Lithuania,LT,Louis Weisz,OMrUmOTPD_AnSivjxptxpA,1,1,1.1,0,0,0,0,0
2017-01-06,Latvia,LV,Louis Weisz,OMrUmOTPD_AnSivjxptxpA,6,2,2.8,0,0,0,0,0
2017-01-06,Malaysia,MY,Louis Weisz,OMrUmOTPD_AnSivjxptxpA,5,4,1.3,0,0,0,0,0
2017-01-06,Netherlands,NL,Louis Weisz,OMrUmOTPD_AnSivjxptxpA,18,6,3.0,0,0,0,0,0
2017-01-06,Norway,NO,Louis Weisz,OMrUmOTPD_AnSivjxptxpA,7,3,2.2,0,0,0,0,0
2017-01-06,New Zealand,NZ,Louis Weisz,OMrUmOTPD_AnSivjxptxpA,9,5,1.9,0,0,0,0,0
2017-01-06,Philippines,PH,Louis Weisz,OMrUmOTPD_AnSivjxptxpA,12,2,5.8,0,0,0,0,0
2017-01-06,Poland,PL,Louis Weisz,OMrUmOTPD_AnSivjxptxpA,6,2,3.2,0,0,0,0,0
2017-01-06,Puerto Rico,PR,Louis Weisz,OMrUmOTPD_AnSivjxptxpA,6,1,6.2,0,0,0,0,0
2017-01-06,Portugal,PT,Louis Weisz,OMrUmOTPD_AnSivjxptxpA,1,1,0.5,0,0,0,0,0
2017-01-06,Romania,RO,Louis Weisz,OMrUmOTPD_AnSivjxptxpA,0,1,0.3,0,0,0,0,0
2017-01-06,Serbia,RS,Louis Weisz,OMrUmOTPD_AnSivjxptxpA,4,1,4.3,0,0,0,0,0
2017-01-06,Sweden,SE,Louis Weisz,OMrUmOTPD_AnSivjxptxpA,12,4,2.9,0,0,0,1,0
2017-01-06,Slovenia,SI,Louis Weisz,OMrUmOTPD_AnSivjxptxpA,1,1,1.5,0,0,0,0,0
2017-01-06,El Salvador,SV,Louis Weisz,OMrUmOTPD_AnSivjxptxpA,2,2,1.0,0,0,0,0,0
2017-01-06,Thailand,TH,Louis Weisz,OMrUmOTPD_AnSivjxptxpA,5,3,1.6,0,0,0,0,0
2017-01-06,Trinidad & Tobago,TT,Louis Weisz,OMrUmOTPD_AnSivjxptxpA,6,1,6.3,0,0,0,0,0
2017-01-06,Ukraine,UA,Louis Weisz,OMrUmOTPD_AnSivjxptxpA,6,1,6.3,0,0,0,0,0
2017-01-06,United States,US,Louis Weisz,OMrUmOTPD_AnSivjxptxpA,292,92,3.2,0,3,0,3,0
2017-01-07,Austria,AT,Louis Weisz,OMrUmOTPD_AnSivjxptxpA,2,2,0.8,0,0,0,0,0
2017-01-07,Australia,AU,Louis Weisz,OMrUmOTPD_AnSivjxptxpA,29,8,3.6,0,0,0,1,0
2017-01-07,Belgium,BE,Louis Weisz,OMrUmOTPD_AnSivjxptxpA,6,1,6.0,0,0,0,0,0
2017-01-07,Brazil,BR,Louis Weisz,OMrUmOTPD_AnSivjxptxpA,8,2,4.0,0,0,0,0,0
2017-01-07,Canada,CA,Louis Weisz,OMrUmOTPD_AnSivjxptxpA,22,6,3.7,0,0,0,1,0
2017-01-07,Curaçao,CW,Louis Weisz,OMrUmOTPD_AnSivjxptxpA,3,1,2.6,0,0,0,0,0
2017-01-07,Germany,DE,Louis Weisz,OMrUmOTPD_AnSivjxptxpA,21,7,3.1,0,0,0,0,0
2017-01-07,Denmark,DK,Louis Weisz,OMrUmOTPD_AnSivjxptxpA,4,1,3.7,0,0,0,0,0
2017-01-07,Algeria,DZ,Louis Weisz,OMrUmOTPD_AnSivjxptxpA,8,5,1.5,0,1,0,0,0
2017-01-07,Estonia,EE,Louis Weisz,OMrUmOTPD_AnSivjxptxpA,5,1,4.7,0,0,0,0,0
2017-01-07,Spain,ES,Louis Weisz,OMrUmOTPD_AnSivjxptxpA,20,5,4.1,0,0,0,0,0
2017-01-07,Finland,FI,Louis Weisz,OMrUmOTPD_AnSivjxptxpA,6,1,6.1,0,0,0,0,0
2017-01-07,France,FR,Louis Weisz,OMrUmOTPD_AnSivjxptxpA,3,2,1.7,0,1,0,0,0
2017-01-07,United Kingdom,GB,Louis Weisz,OMrUmOTPD_AnSivjxptxpA,19,7,2.6,0,0,0,0,0
2017-01-07,Greece,GR,Louis Weisz,OMrUmOTPD_AnSivjxptxpA,11,5,2.2,0,0,0,0,0
2017-01-07,Croatia,HR,Louis Weisz,OMrUmOTPD_AnSivjxptxpA,1,1,1.5,0,0,0,0,0
2017-01-07,Indonesia,ID,Louis Weisz,OMrUmOTPD_AnSivjxptxpA,6,1,6.2,0,0,0,0,0
2017-01-07,Ireland,IE,Louis Weisz,OMrUmOTPD_AnSivjxptxpA,0,1,0.0,0,0,0,0,0
2017-01-07,Italy,IT,Louis Weisz,OMrUmOTPD_AnSivjxptxpA,0,1,0.2,0,0,0,0,0
2017-01-07,Kenya,KE,Louis Weisz,OMrUmOTPD_AnSivjxptxpA,1,1,0.9,0,0,0,0,0
2017-01-07,Malta,MT,Louis Weisz,OMrUmOTPD_AnSivjxptxpA,0,1,0.2,0,0,0,0,0
2017-01-07,Mexico,MX,Louis Weisz,OMrUmOTPD_AnSivjxptxpA,0,0,0.0,0,0,0,1,0
2017-01-07,Netherlands,NL,Louis Weisz,OMrUmOTPD_AnSivjxptxpA,6,1,5.8,0,0,0,0,0
2017-01-07,Norway,NO,Louis Weisz,OMrUmOTPD_AnSivjxptxpA,23,8,2.8,0,0,0,0,0
2017-01-07,New Zealand,NZ,Louis Weisz,OMrUmOTPD_AnSivjxptxpA,0,1,0.3,0,0,0,0,0
2017-01-07,Philippines,PH,Louis Weisz,OMrUmOTPD_AnSivjxptxpA,6,1,6.0,0,0,0,0,0
2017-01-07,Poland,PL,Louis Weisz,OMrUmOTPD_AnSivjxptxpA,17,5,3.4,0,0,0,0,0
2017-01-07,Romania,RO,Louis Weisz,OMrUmOTPD_AnSivjxptxpA,2,1,1.6,0,0,0,0,0
2017-01-07,Serbia,RS,Louis Weisz,OMrUmOTPD_AnSivjxptxpA,5,2,2.7,0,0,0,0,0
2017-01-07,Russia,RU,Louis Weisz,OMrUmOTPD_AnSivjxptxpA,9,2,4.7,0,0,0,0,0
2017-01-07,Sweden,SE,Louis Weisz,OMrUmOTPD_AnSivjxptxpA,24,9,2.7,0,0,0,0,0
2017-01-07,Singapore,SG,Louis Weisz,OMrUmOTPD_AnSivjxptxpA,4,1,4.4,0,0,0,0,0
2017-01-07,United States,US,Louis Weisz,OMrUmOTPD_AnSivjxptxpA,322,105,3.1,0,4,0,3,0
2017-01-07,Vietnam,VN,Louis Weisz,OMrUmOTPD_AnSivjxptxpA,2,1,2.0,0,0,0,0,0
2017-01-08,United Arab Emirates,AE,Louis Weisz,OMrUmOTPD_AnSivjxptxpA,1,1,1.5,0,0,0,0,0
2017-01-08,Armenia,AM,Louis Weisz,OMrUmOTPD_AnSivjxptxpA,5,1,5.5,0,0,0,0,0
2017-01-08,Australia,AU,Louis Weisz,OMrUmOTPD_AnSivjxptxpA,16,5,3.2,0,0,0,0,0
2017-01-08,Bosnia & Herzegovina,BA,Louis Weisz,OMrUmOTPD_AnSivjxptxpA,11,4,2.8,0,0,0,0,0
2017-01-08,Brazil,BR,Louis Weisz,OMrUmOTPD_AnSivjxptxpA,3,1,3.3,0,0,0,0,0
2017-01-08,Canada,CA,Louis Weisz,OMrUmOTPD_AnSivjxptxpA,17,9,1.9,0,0,0,2,0
2017-01-08,Germany,DE,Louis Weisz,OMrUmOTPD_AnSivjxptxpA,15,7,2.1,0,1,0,0,0
2017-01-08,Algeria,DZ,Louis Weisz,OMrUmOTPD_AnSivjxptxpA,0,1,0.1,0,0,0,0,0
2017-01-08,Finland,FI,Louis Weisz,OMrUmOTPD_AnSivjxptxpA,3,3,0.9,0,0,0,0,0
2017-01-08,France,FR,Louis Weisz,OMrUmOTPD_AnSivjxptxpA,12,6,2.0,0,0,0,0,0
2017-01-08,United Kingdom,GB,Louis Weisz,OMrUmOTPD_AnSivjxptxpA,54,20,2.7,0,0,0,0,0
2017-01-08,Greece,GR,Louis Weisz,OMrUmOTPD_AnSivjxptxpA,1,1,0.5,0,0,0,0,0
2017-01-08,Ireland,IE,Louis Weisz,OMrUmOTPD_AnSivjxptxpA,1,1,0.5,0,0,0,0,0
2017-01-08,Israel,IL,Louis Weisz,OMrUmOTPD_AnSivjxptxpA,0,1,0.4,0,0,0,0,0
2017-01-08,Italy,IT,Louis Weisz,OMrUmOTPD_AnSivjxptxpA,3,1,2.6,0,0,0,0,0
2017-01-08,South Korea,KR,Louis Weisz,OMrUmOTPD_AnSivjxptxpA,4,1,3.9,0,0,0,0,0
2017-01-08,Lebanon,LB,Louis Weisz,OMrUmOTPD_AnSivjxptxpA,6,1,6.3,0,0,0,0,0
2017-01-08,Latvia,LV,Louis Weisz,OMrUmOTPD_AnSivjxptxpA,0,1,0.4,0,0,0,0,0
2017-01-08,Mexico,MX,Louis Weisz,OMrUmOTPD_AnSivjxptxpA,2,1,1.9,0,0,0,0,0
2017-01-08,Netherlands,NL,Louis Weisz,OMrUmOTPD_AnSivjxptxpA,5,3,1.7,0,0,0,0,0
2017-01-08,Norway,NO,Louis Weisz,OMrUmOTPD_AnSivjxptxpA,8,2,3.8,0,0,0,0,0
2017-01-08,New Zealand,NZ,Louis Weisz,OMrUmOTPD_AnSivjxptxpA,3,1,3.3,0,0,0,0,0
2017-01-08,Panama,PA,Louis Weisz,OMrUmOTPD_AnSivjxptxpA,5,1,5.3,0,0,0,0,0
2017-01-08,Poland,PL,Louis Weisz,OMrUmOTPD_AnSivjxptxpA,5,3,1.7,0,0,0,0,0
2017-01-08,Portugal,PT,Louis Weisz,OMrUmOTPD_AnSivjxptxpA,11,2,5.7,0,0,0,0,0
2017-01-08,Serbia,RS,Louis Weisz,OMrUmOTPD_AnSivjxptxpA,0,1,0.1,0,0,0,0,0
2017-01-08,Russia,RU,Louis Weisz,OMrUmOTPD_AnSivjxptxpA,4,1,4.4,0,0,0,0,0
2017-01-08,Sweden,SE,Louis Weisz,OMrUmOTPD_AnSivjxptxpA,14,8,1.8,0,0,0,0,0
2017-01-08,Singapore,SG,Louis Weisz,OMrUmOTPD_AnSivjxptxpA,6,1,6.1,0,0,0,0,0
2017-01-08,Slovakia,SK,Louis Weisz,OMrUmOTPD_AnSivjxptxpA,0,2,0.1,0,0,0,0,0
2017-01-08,Turkey,TR,Louis Weisz,OMrUmOTPD_AnSivjxptxpA,1,1,1.0,0,0,0,0,0
2017-01-08,United States,US,Louis Weisz,OMrUmOTPD_AnSivjxptxpA,242,84,2.9,0,1,0,2,0
2017-01-09,Austria,AT,Louis Weisz,OMrUmOTPD_AnSivjxptxpA,9,2,4.4,0,0,0,0,0
2017-01-09,Australia,AU,Louis Weisz,OMrUmOTPD_AnSivjxptxpA,39,12,3.2,0,0,0,0,0
2017-01-09,Belgium,BE,Louis Weisz,OMrUmOTPD_AnSivjxptxpA,0,1,0.0,0,0,0,0,0
2017-01-09,Caribbean Netherlands,BQ,Louis Weisz,OMrUmOTPD_AnSivjxptxpA,4,1,3.7,0,0,0,0,0
2017-01-09,Brazil,BR,Louis Weisz,OMrUmOTPD_AnSivjxptxpA,2,1,2.1,0,0,0,0,0
2017-01-09,Canada,CA,Louis Weisz,OMrUmOTPD_AnSivjxptxpA,0,2,0.2,0,0,0,0,0
2017-01-09,Germany,DE,Louis Weisz,OMrUmOTPD_AnSivjxptxpA,15,4,3.7,0,0,0,0,0
2017-01-09,Denmark,DK,Louis Weisz,OMrUmOTPD_AnSivjxptxpA,1,1,0.7,0,0,0,0,0
2017-01-09,Spain,ES,Louis Weisz,OMrUmOTPD_AnSivjxptxpA,7,4,1.6,0,0,0,0,0
2017-01-09,France,FR,Louis Weisz,OMrUmOTPD_AnSivjxptxpA,10,3,3.4,0,0,0,0,0
2017-01-09,United Kingdom,GB,Louis Weisz,OMrUmOTPD_AnSivjxptxpA,15,15,1.0,0,0,0,0,0
2017-01-09,Hong Kong,HK,Louis Weisz,OMrUmOTPD_AnSivjxptxpA,0,1,0.1,0,0,0,0,0
2017-01-09,Ireland,IE,Louis Weisz,OMrUmOTPD_AnSivjxptxpA,1,1,0.9,0,0,0,0,0
2017-01-09,Italy,IT,Louis Weisz,OMrUmOTPD_AnSivjxptxpA,0,1,0.2,0,0,0,0,0
2017-01-09,Mexico,MX,Louis Weisz,OMrUmOTPD_AnSivjxptxpA,4,6,0.7,0,0,0,0,0
2017-01-09,Netherlands,NL,Louis Weisz,OMrUmOTPD_AnSivjxptxpA,9,3,2.9,0,0,0,0,0
2017-01-09,Norway,NO,Louis Weisz,OMrUmOTPD_AnSivjxptxpA,6,1,6.2,0,0,0,0,0
2017-01-09,New Zealand,NZ,Louis Weisz,OMrUmOTPD_AnSivjxptxpA,6,1,5.9,0,0,0,0,0
2017-01-09,Portugal,PT,Louis Weisz,OMrUmOTPD_AnSivjxptxpA,7,3,2.2,0,0,0,0,0
2017-01-09,Sweden,SE,Louis Weisz,OMrUmOTPD_AnSivjxptxpA,6,3,2.1,0,0,0,0,0
2017-01-09,Tunisia,TN,Louis Weisz,OMrUmOTPD_AnSivjxptxpA,7,6,1.1,0,0,0,0,0
2017-01-09,Taiwan,TW,Louis Weisz,OMrUmOTPD_AnSivjxptxpA,3,1,3.4,0,0,0,0,0
2017-01-09,United States,US,Louis Weisz,OMrUmOTPD_AnSivjxptxpA,202,65,3.1,0,1,0,1,1
2017-01-09,South Africa,ZA,Louis Weisz,OMrUmOTPD_AnSivjxptxpA,4,1,3.9,0,0,0,0,0
2017-01-10,United Arab Emirates,AE,Louis Weisz,OMrUmOTPD_AnSivjxptxpA,5,1,5.1,0,0,0,0,0
2017-01-10,Australia,AU,Louis Weisz,OMrUmOTPD_AnSivjxptxpA,21,7,3.0,0,0,0,0,0
2017-01-10,Canada,CA,Louis Weisz,OMrUmOTPD_AnSivjxptxpA,18,6,2.9,0,0,0,0,0
2017-01-10,Colombia,CO,Louis Weisz,OMrUmOTPD_AnSivjxptxpA,1,1,0.6,0,0,0,0,0
2017-01-10,Germany,DE,Louis Weisz,OMrUmOTPD_AnSivjxptxpA,10,5,2.0,0,0,0,0,0
2017-01-10,Finland,FI,Louis Weisz,OMrUmOTPD_AnSivjxptxpA,3,1,2.7,0,0,0,0,0
2017-01-10,France,FR,Louis Weisz,OMrUmOTPD_AnSivjxptxpA,6,2,3.1,0,0,0,0,0
2017-01-10,United Kingdom,GB,Louis Weisz,OMrUmOTPD_AnSivjxptxpA,15,5,3.0,0,0,0,0,0
2017-01-10,Indonesia,ID,Louis Weisz,OMrUmOTPD_AnSivjxptxpA,1,1,0.7,0,0,0,0,0
2017-01-10,Japan,JP,Louis Weisz,OMrUmOTPD_AnSivjxptxpA,0,1,0.2,0,0,0,0,0
2017-01-10,Netherlands,NL,Louis Weisz,OMrUmOTPD_AnSivjxptxpA,1,1,0.7,0,0,0,0,0
2017-01-10,Philippines,PH,Louis Weisz,OMrUmOTPD_AnSivjxptxpA,6,1,5.6,0,0,0,0,0
2017-01-10,Poland,PL,Louis Weisz,OMrUmOTPD_AnSivjxptxpA,6,4,1.6,0,0,0,0,0
2017-01-10,Sweden,SE,Louis Weisz,OMrUmOTPD_AnSivjxptxpA,0,1,0.4,0,0,0,0,0
2017-01-10,Singapore,SG,Louis Weisz,OMrUmOTPD_AnSivjxptxpA,3,1,2.8,0,0,0,0,0
2017-01-10,Slovakia,SK,Louis Weisz,OMrUmOTPD_AnSivjxptxpA,7,1,7.1,0,0,0,0,0
2017-01-10,El Salvador,SV,Louis Weisz,OMrUmOTPD_AnSivjxptxpA,0,1,0.2,0,0,0,0,0
2017-01-10,United States,US,Louis Weisz,OMrUmOTPD_AnSivjxptxpA,117,51,2.3,0,0,1,0,0
2017-01-11,United Arab Emirates,AE,Louis Weisz,OMrUmOTPD_AnSivjxptxpA,1,2,0.5,0,0,0,0,0
2017-01-11,Australia,AU,Louis Weisz,OMrUmOTPD_AnSivjxptxpA,0,3,0.2,0,0,0,0,0
2017-01-11,Belgium,BE,Louis Weisz,OMrUmOTPD_AnSivjxptxpA,0,1,0.3,0,0,0,0,0
2017-01-11,Brazil,BR,Louis Weisz,OMrUmOTPD_AnSivjxptxpA,0,1,0.0,0,0,0,0,0
2017-01-11,Canada,CA,Louis Weisz,OMrUmOTPD_AnSivjxptxpA,0,1,0.2,0,0,0,0,0
2017-01-11,Costa Rica,CR,Louis Weisz,OMrUmOTPD_AnSivjxptxpA,8,2,4.2,0,0,0,0,0
2017-01-11,Germany,DE,Louis Weisz,OMrUmOTPD_AnSivjxptxpA,19,8,2.4,0,1,0,0,0
2017-01-11,Denmark,DK,Louis Weisz,OMrUmOTPD_AnSivjxptxpA,2,2,0.9,0,0,0,0,0
2017-01-11,Spain,ES,Louis Weisz,OMrUmOTPD_AnSivjxptxpA,0,1,0.0,0,0,0,0,0
2017-01-11,United Kingdom,GB,Louis Weisz,OMrUmOTPD_AnSivjxptxpA,9,3,2.9,0,0,0,0,0
2017-01-11,Indonesia,ID,Louis Weisz,OMrUmOTPD_AnSivjxptxpA,3,2,1.3,0,0,0,0,0
2017-01-11,Italy,IT,Louis Weisz,OMrUmOTPD_AnSivjxptxpA,4,1,3.6,0,0,0,0,0
2017-01-11,Japan,JP,Louis Weisz,OMrUmOTPD_AnSivjxptxpA,20,6,3.4,0,0,0,0,0
2017-01-11,Latvia,LV,Louis Weisz,OMrUmOTPD_AnSivjxptxpA,4,2,1.9,0,0,0,0,0
2017-01-11,Malaysia,MY,Louis Weisz,OMrUmOTPD_AnSivjxptxpA,7,2,3.3,0,0,0,0,0
2017-01-11,Philippines,PH,Louis Weisz,OMrUmOTPD_AnSivjxptxpA,2,1,1.8,0,0,0,0,0
2017-01-11,Poland,PL,Louis Weisz,OMrUmOTPD_AnSivjxptxpA,6,1,6.3,0,0,0,0,0
2017-01-11,Romania,RO,Louis Weisz,OMrUmOTPD_AnSivjxptxpA,4,2,1.9,0,0,0,0,0
2017-01-11,Singapore,SG,Louis Weisz,OMrUmOTPD_AnSivjxptxpA,3,1,2.8,0,0,0,0,0
2017-01-11,United States,US,Louis Weisz,OMrUmOTPD_AnSivjxptxpA,126,60,2.1,0,0,1,1,1
2017-01-11,Unknown Region,ZZ,Louis Weisz,OMrUmOTPD_AnSivjxptxpA,0,0,0.0,2,0,0,0,0
2017-01-12,Austria,AT,Louis Weisz,OMrUmOTPD_AnSivjxptxpA,2,1,2.2,0,0,0,0,0
2017-01-12,Canada,CA,Louis Weisz,OMrUmOTPD_AnSivjxptxpA,19,6,3.2,0,0,0,0,0
2017-01-12,Chile,CL,Louis Weisz,OMrUmOTPD_AnSivjxptxpA,18,4,4.6,0,0,0,2,2
2017-01-12,Czechia,CZ,Louis Weisz,OMrUmOTPD_AnSivjxptxpA,1,1,0.7,0,0,0,0,0
2017-01-12,Germany,DE,Louis Weisz,OMrUmOTPD_AnSivjxptxpA,4,1,4.4,0,0,0,0,0
2017-01-12,Finland,FI,Louis Weisz,OMrUmOTPD_AnSivjxptxpA,1,1,0.7,0,0,0,0,0
2017-01-12,United Kingdom,GB,Louis Weisz,OMrUmOTPD_AnSivjxptxpA,2,1,2.2,0,0,0,0,1
2017-01-12,Greece,GR,Louis Weisz,OMrUmOTPD_AnSivjxptxpA,3,1,3.2,0,0,0,0,0
2017-01-12,Japan,JP,Louis Weisz,OMrUmOTPD_AnSivjxptxpA,0,1,0.0,0,0,0,0,0
2017-01-12,Latvia,LV,Louis Weisz,OMrUmOTPD_AnSivjxptxpA,1,1,1.4,0,0,0,0,0
2017-01-12,Mexico,MX,Louis Weisz,OMrUmOTPD_AnSivjxptxpA,4,3,1.2,0,0,0,0,0
2017-01-12,Netherlands,NL,Louis Weisz,OMrUmOTPD_AnSivjxptxpA,6,1,6.2,0,0,0,1,0
2017-01-12,Philippines,PH,Louis Weisz,OMrUmOTPD_AnSivjxptxpA,11,2,5.7,0,0,0,0,0
2017-01-12,Poland,PL,Louis Weisz,OMrUmOTPD_AnSivjxptxpA,0,1,0.3,0,0,0,0,0
2017-01-12,Portugal,PT,Louis Weisz,OMrUmOTPD_AnSivjxptxpA,1,1,0.7,0,0,0,0,0
2017-01-12,Romania,RO,Louis Weisz,OMrUmOTPD_AnSivjxptxpA,0,2,0.2,0,0,0,0,0
2017-01-12,Serbia,RS,Louis Weisz,OMrUmOTPD_AnSivjxptxpA,2,2,1.2,0,0,0,0,0
2017-01-12,Saudi Arabia,SA,Louis Weisz,OMrUmOTPD_AnSivjxptxpA,6,1,6.0,0,0,0,0,0
2017-01-12,Sweden,SE,Louis Weisz,OMrUmOTPD_AnSivjxptxpA,9,3,3.1,0,0,0,0,0
2017-01-12,Turkey,TR,Louis Weisz,OMrUmOTPD_AnSivjxptxpA,0,1,0.3,0,0,0,0,0
2017-01-12,United States,US,Louis Weisz,OMrUmOTPD_AnSivjxptxpA,110,58,1.9,0,0,0,0,0
2017-01-12,Vietnam,VN,Louis Weisz,OMrUmOTPD_AnSivjxptxpA,0,1,0.3,0,0,0,0,0
