date,country_name,country_id,traffic_source,channel_display_name,channel_id,watch_time_minutes,views,average_view_duration
2017-08-12,Australia,AU,Channel pages,Louis Weisz,OMrUmOTPD_AnSivjxptxpA,1,1,1.3
2017-08-12,Australia,AU,External,Louis Weisz,OMrUmOTPD_AnSivjxptxpA,7,2,3.5
2017-08-12,Belgium,BE,YouTube search,Louis Weisz,OMrUmOTPD_AnSivjxptxpA,6,1,5.6
2017-08-12,Canada,CA,Channel pages,Louis Weisz,OMrUmOTPD_AnSivjxptxpA,7,4,1.8
2017-08-12,Switzerland,CH,YouTube search,Louis Weisz,OMrUmOTPD_AnSivjxptxpA,1,1,0.6
2017-08-12,Colombia,CO,Channel pages,Louis Weisz,OMrUmOTPD_AnSivjxptxpA,3,2,1.7
2017-08-12,Colombia,CO,Video cards and annotations,Louis Weisz,OMrUmOTPD_AnSivjxptxpA,6,1,6.0
2017-08-12,Germany,DE,YouTube search,Louis Weisz,OMrUmOTPD_AnSivjxptxpA,3,2,1.6
2017-08-12,Germany,DE,External,Louis Weisz,OMrUmOTPD_AnSivjxptxpA,2,2,0.9
2017-08-12,France,FR,Channel pages,Louis Weisz,OMrUmOTPD_AnSivjxptxpA,3,2,1.6
2017-08-12,France,FR,Suggested videos,Louis Weisz,OMrUmOTPD_AnSivjxptxpA,14,3,4.7
2017-08-12,United Kingdom,GB,Channel pages,Louis Weisz,OMrUmOTPD_AnSivjxptxpA,3,2,1.5
2017-08-12,United Kingdom,GB,YouTube search,Louis Weisz,OMrUmOTPD_AnSivjxptxpA,0,1,0.2
2017-08-12,United Kingdom,GB,External,Louis Weisz,OMrUmOTPD_AnSivjxptxpA,1,2,0.5
2017-08-12,Hungary,HU,Channel pages,Louis Weisz,OMrUmOTPD_AnSivjxptxpA,1,1,1.4
2017-08-12,Hungary,HU,Suggested videos,Louis Weisz,OMrUmOTPD_AnSivjxptxpA,4,2,2.1
2017-08-12,Hungary,HU,Video cards and annotations,Louis Weisz,OMrUmOTPD_AnSivjxptxpA,3,1,3.4
2017-08-12,India,IN,Channel pages,Louis Weisz,OMrUmOTPD_AnSivjxptxpA,7,2,3.3
2017-08-12,India,IN,YouTube search,Louis Weisz,OMrUmOTPD_AnSivjxptxpA,3,2,1.7
2017-08-12,India,IN,Suggested videos,Louis Weisz,OMrUmOTPD_AnSivjxptxpA,0,1,0.2
2017-08-12,India,IN,External,Louis Weisz,OMrUmOTPD_AnSivjxptxpA,4,2,2.0
2017-08-12,Iraq,IQ,Suggested videos,Louis Weisz,OMrUmOTPD_AnSivjxptxpA,0,1,0.1
2017-08-12,Japan,JP,Suggested videos,Louis Weisz,OMrUmOTPD_AnSivjxptxpA,3,3,1.0
2017-08-12,Japan,JP,External,Louis Weisz,OMrUmOTPD_AnSivjxptxpA,2,1,2.4
2017-08-12,Japan,JP,Playlist page,Louis Weisz,OMrUmOTPD_AnSivjxptxpA,1,2,0.5
2017-08-12,Mexico,MX,Channel pages,Louis Weisz,OMrUmOTPD_AnSivjxptxpA,3,1,3.4
2017-08-12,Netherlands,NL,External,Louis Weisz,OMrUmOTPD_AnSivjxptxpA,0,1,0.4
2017-08-12,Norway,NO,Channel pages,Louis Weisz,OMrUmOTPD_AnSivjxptxpA,1,1,1.4
2017-08-12,New Zealand,NZ,Channel pages,Louis Weisz,OMrUmOTPD_AnSivjxptxpA,1,2,0.4
2017-08-12,New Zealand,NZ,External,Louis Weisz,OMrUmOTPD_AnSivjxptxpA,3,1,3.5
2017-08-12,Pakistan,PK,Direct or unknown,Louis Weisz,OMrUmOTPD_AnSivjxptxpA,0,1,0.3
2017-08-12,Paraguay,PY,Channel pages,Louis Weisz,OMrUmOTPD_AnSivjxptxpA,6,1,5.8
2017-08-12,Sweden,SE,Direct or unknown,Louis Weisz,OMrUmOTPD_AnSivjxptxpA,0,1,0.1
2017-08-12,United States,US,Channel pages,Louis Weisz,OMrUmOTPD_AnSivjxptxpA,33,12,2.8
2017-08-12,United States,US,YouTube search,Louis Weisz,OMrUmOTPD_AnSivjxptxpA,11,6,1.9
2017-08-12,United States,US,Suggested videos,Louis Weisz,OMrUmOTPD_AnSivjxptxpA,18,5,3.6
2017-08-12,United States,US,Other YouTube features,Louis Weisz,OMrUmOTPD_AnSivjxptxpA,6,1,6.3
2017-08-12,United States,US,External,Louis Weisz,OMrUmOTPD_AnSivjxptxpA,2,2,0.8
2017-08-13,Austria,AT,YouTube search,Louis Weisz,OMrUmOTPD_AnSivjxptxpA,7,1,6.8
2017-08-13,Australia,AU,Channel pages,Louis Weisz,OMrUmOTPD_AnSivjxptxpA,4,1,3.6
2017-08-13,Australia,AU,External,Louis Weisz,OMrUmOTPD_AnSivjxptxpA,4,3,1.4
2017-08-13,Canada,CA,Channel pages,Louis Weisz,OMrUmOTPD_AnSivjxptxpA,9,3,3.1
2017-08-13,Canada,CA,YouTube search,Louis Weisz,OMrUmOTPD_AnSivjxptxpA,0,2,0.1
2017-08-13,Canada,CA,Suggested videos,Louis Weisz,OMrUmOTPD_AnSivjxptxpA,22,6,3.7
2017-08-13,Canada,CA,Playlist page,Louis Weisz,OMrUmOTPD_AnSivjxptxpA,0,1,0.1
2017-08-13,Colombia,CO,Channel pages,Louis Weisz,OMrUmOTPD_AnSivjxptxpA,4,1,3.6
2017-08-13,Colombia,CO,End screens,Louis Weisz,OMrUmOTPD_AnSivjxptxpA,1,1,0.5
2017-08-13,Germany,DE,Channel pages,Louis Weisz,OMrUmOTPD_AnSivjxptxpA,1,2,0.4
2017-08-13,Germany,DE,YouTube search,Louis Weisz,OMrUmOTPD_AnSivjxptxpA,2,1,1.6
2017-08-13,Germany,DE,External,Louis Weisz,OMrUmOTPD_AnSivjxptxpA,1,1,0.5
2017-08-13,Finland,FI,Channel pages,Louis Weisz,OMrUmOTPD_AnSivjxptxpA,6,1,6.3
2017-08-13,Croatia,HR,YouTube search,Louis Weisz,OMrUmOTPD_AnSivjxptxpA,1,3,0.4
2017-08-13,India,IN,YouTube search,Louis Weisz,OMrUmOTPD_AnSivjxptxpA,3,1,2.5
2017-08-13,India,IN,External,Louis Weisz,OMrUmOTPD_AnSivjxptxpA,0,1,0.2
2017-08-13,Japan,JP,External,Louis Weisz,OMrUmOTPD_AnSivjxptxpA,3,2,1.3
2017-08-13,Cambodia,KH,YouTube search,Louis Weisz,OMrUmOTPD_AnSivjxptxpA,1,1,0.9
2017-08-13,Mexico,MX,Channel pages,Louis Weisz,OMrUmOTPD_AnSivjxptxpA,6,1,5.8
2017-08-13,Nepal,NP,External,Louis Weisz,OMrUmOTPD_AnSivjxptxpA,3,1,3.1
2017-08-13,Serbia,RS,Channel pages,Louis Weisz,OMrUmOTPD_AnSivjxptxpA,2,2,1.0
2017-08-13,Russia,RU,External,Louis Weisz,OMrUmOTPD_AnSivjxptxpA,0,1,0.4
2017-08-13,United States,US,Channel pages,Louis Weisz,OMrUmOTPD_AnSivjxptxpA,44,13,3.4
2017-08-13,United States,US,YouTube search,Louis Weisz,OMrUmOTPD_AnSivjxptxpA,27,18,1.5
2017-08-13,United States,US,Suggested videos,Louis Weisz,OMrUmOTPD_AnSivjxptxpA,9,6,1.6
2017-08-13,United States,US,External,Louis Weisz,OMrUmOTPD_AnSivjxptxpA,11,3,3.6
2017-08-14,Australia,AU,External,Louis Weisz,OMrUmOTPD_AnSivjxptxpA,0,1,0.0
2017-08-14,Canada,CA,Channel pages,Louis Weisz,OMrUmOTPD_AnSivjxptxpA,3,2,1.6
2017-08-14,Canada,CA,YouTube search,Louis Weisz,OMrUmOTPD_AnSivjxptxpA,0,1,0.3
2017-08-14,Germany,DE,Playlist page,Louis Weisz,OMrUmOTPD_AnSivjxptxpA,0,1,0.4
2017-08-14,Spain,ES,External,Louis Weisz,OMrUmOTPD_AnSivjxptxpA,1,2,0.4
2017-08-14,Finland,FI,Channel pages,Louis Weisz,OMrUmOTPD_AnSivjxptxpA,7,2,3.6
2017-08-14,United Kingdom,GB,Channel pages,Louis Weisz,OMrUmOTPD_AnSivjxptxpA,1,1,1.0
2017-08-14,Ireland,IE,Channel pages,Louis Weisz,OMrUmOTPD_AnSivjxptxpA,3,1,3.1
2017-08-14,Ireland,IE,YouTube search,Louis Weisz,OMrUmOTPD_AnSivjxptxpA,2,1,2.4
2017-08-14,Ireland,IE,Suggested videos,Louis Weisz,OMrUmOTPD_AnSivjxptxpA,14,3,4.6
2017-08-14,India,IN,Channel pages,Louis Weisz,OMrUmOTPD_AnSivjxptxpA,1,1,0.6
2017-08-14,India,IN,External,Louis Weisz,OMrUmOTPD_AnSivjxptxpA,5,2,2.3
2017-08-14,Japan,JP,Direct or unknown,Louis Weisz,OMrUmOTPD_AnSivjxptxpA,2,1,2.0
2017-08-14,Japan,JP,YouTube search,Louis Weisz,OMrUmOTPD_AnSivjxptxpA,1,1,1.0
2017-08-14,Japan,JP,External,Louis Weisz,OMrUmOTPD_AnSivjxptxpA,2,1,1.7
2017-08-14,Malaysia,MY,YouTube search,Louis Weisz,OMrUmOTPD_AnSivjxptxpA,3,1,2.7
2017-08-14,New Zealand,NZ,Channel pages,Louis Weisz,OMrUmOTPD_AnSivjxptxpA,0,1,0.4
2017-08-14,Russia,RU,External,Louis Weisz,OMrUmOTPD_AnSivjxptxpA,5,1,5.0
2017-08-14,Sweden,SE,Channel pages,Louis Weisz,OMrUmOTPD_AnSivjxptxpA,0,1,0.0
2017-08-14,United States,US,Browse features,Louis Weisz,OMrUmOTPD_AnSivjxptxpA,0,1,0.5
2017-08-14,United States,US,Channel pages,Louis Weisz,OMrUmOTPD_AnSivjxptxpA,43,23,1.9
2017-08-14,United States,US,YouTube search,Louis Weisz,OMrUmOTPD_AnSivjxptxpA,3,3,1.1
2017-08-14,United States,US,Suggested videos,Louis Weisz,OMrUmOTPD_AnSivjxptxpA,44,15,2.9
2017-08-14,United States,US,External,Louis Weisz,OMrUmOTPD_AnSivjxptxpA,13,10,1.3
2017-08-14,United States,US,End screens,Louis Weisz,OMrUmOTPD_AnSivjxptxpA,7,2,3.5
2017-08-15,Austria,AT,Browse features,Louis Weisz,OMrUmOTPD_AnSivjxptxpA,0,1,0.4
2017-08-15,Australia,AU,Channel pages,Louis Weisz,OMrUmOTPD_AnSivjxptxpA,0,2,0.2
2017-08-15,Australia,AU,YouTube search,Louis Weisz,OMrUmOTPD_AnSivjxptxpA,2,1,1.5
2017-08-15,Australia,AU,Suggested videos,Louis Weisz,OMrUmOTPD_AnSivjxptxpA,1,1,1.1
2017-08-15,Australia,AU,External,Louis Weisz,OMrUmOTPD_AnSivjxptxpA,8,3,2.7
2017-08-15,Brazil,BR,YouTube search,Louis Weisz,OMrUmOTPD_AnSivjxptxpA,0,1,0.0
2017-08-15,Canada,CA,Other YouTube features,Louis Weisz,OMrUmOTPD_AnSivjxptxpA,4,2,2.1
2017-08-15,Canada,CA,Notifications,Louis Weisz,OMrUmOTPD_AnSivjxptxpA,1,1,0.6
2017-08-15,Switzerland,CH,Notifications,Louis Weisz,OMrUmOTPD_AnSivjxptxpA,4,1,3.5
2017-08-15,Colombia,CO,Suggested videos,Louis Weisz,OMrUmOTPD_AnSivjxptxpA,0,1,0.4
2017-08-15,Germany,DE,Browse features,Louis Weisz,OMrUmOTPD_AnSivjxptxpA,8,2,4.1
2017-08-15,Germany,DE,Channel pages,Louis Weisz,OMrUmOTPD_AnSivjxptxpA,5,1,5.1
2017-08-15,Germany,DE,Suggested videos,Louis Weisz,OMrUmOTPD_AnSivjxptxpA,0,1,0.5
2017-08-15,Denmark,DK,Channel pages,Louis Weisz,OMrUmOTPD_AnSivjxptxpA,1,1,0.5
2017-08-15,France,FR,Suggested videos,Louis Weisz,OMrUmOTPD_AnSivjxptxpA,6,2,3.0
2017-08-15,United Kingdom,GB,Browse features,Louis Weisz,OMrUmOTPD_AnSivjxptxpA,8,2,4.2
2017-08-15,United Kingdom,GB,YouTube search,Louis Weisz,OMrUmOTPD_AnSivjxptxpA,1,1,0.9
2017-08-15,United Kingdom,GB,External,Louis Weisz,OMrUmOTPD_AnSivjxptxpA,4,2,2.1
2017-08-15,United Kingdom,GB,Notifications,Louis Weisz,OMrUmOTPD_AnSivjxptxpA,4,1,4.1
2017-08-15,United Kingdom,GB,End screens,Louis Weisz,OMrUmOTPD_AnSivjxptxpA,4,2,1.9
2017-08-15,Greece,GR,External,Louis Weisz,OMrUmOTPD_AnSivjxptxpA,6,3,1.9
2017-08-15,India,IN,YouTube search,Louis Weisz,OMrUmOTPD_AnSivjxptxpA,0,1,0.3
2017-08-15,India,IN,External,Louis Weisz,OMrUmOTPD_AnSivjxptxpA,3,1,2.9
2017-08-15,Japan,JP,External,Louis Weisz,OMrUmOTPD_AnSivjxptxpA,2,1,2.4
2017-08-15,Norway,NO,External,Louis Weisz,OMrUmOTPD_AnSivjxptxpA,4,1,4.0
2017-08-15,New Zealand,NZ,External,Louis Weisz,OMrUmOTPD_AnSivjxptxpA,3,2,1.5
2017-08-15,Poland,PL,YouTube search,Louis Weisz,OMrUmOTPD_AnSivjxptxpA,3,1,2.8
2017-08-15,Portugal,PT,External,Louis Weisz,OMrUmOTPD_AnSivjxptxpA,2,1,2.4
2017-08-15,Russia,RU,Other YouTube features,Louis Weisz,OMrUmOTPD_AnSivjxptxpA,2,1,1.6
2017-08-15,Sweden,SE,External,Louis Weisz,OMrUmOTPD_AnSivjxptxpA,3,1,2.6
2017-08-15,Thailand,TH,YouTube search,Louis Weisz,OMrUmOTPD_AnSivjxptxpA,4,1,3.6
2017-08-15,Turkey,TR,YouTube search,Louis Weisz,OMrUmOTPD_AnSivjxptxpA,0,1,0.1
2017-08-15,United States,US,Direct or unknown,Louis Weisz,OMrUmOTPD_AnSivjxptxpA,7,2,3.3
2017-08-15,United States,US,Browse features,Louis Weisz,OMrUmOTPD_AnSivjxptxpA,45,17,2.6
2017-08-15,United States,US,Channel pages,Louis Weisz,OMrUmOTPD_AnSivjxptxpA,87,29,3.0
2017-08-15,United States,US,YouTube search,Louis Weisz,OMrUmOTPD_AnSivjxptxpA,19,7,2.8
2017-08-15,United States,US,Suggested videos,Louis Weisz,OMrUmOTPD_AnSivjxptxpA,25,16,1.6
2017-08-15,United States,US,Other YouTube features,Louis Weisz,OMrUmOTPD_AnSivjxptxpA,92,30,3.1
2017-08-15,United States,US,External,Louis Weisz,OMrUmOTPD_AnSivjxptxpA,89,35,2.5
2017-08-15,United States,US,Notifications,Louis Weisz,OMrUmOTPD_AnSivjxptxpA,5,5,0.9
2017-08-15,United States,US,End screens,Louis Weisz,OMrUmOTPD_AnSivjxptxpA,14,5,2.9
2017-08-16,Argentina,AR,Suggested videos,Louis Weisz,OMrUmOTPD_AnSivjxptxpA,3,1,3.5
2017-08-16,Australia,AU,Channel pages,Louis Weisz,OMrUmOTPD_AnSivjxptxpA,3,1,3.3
2017-08-16,Australia,AU,Other YouTube features,Louis Weisz,OMrUmOTPD_AnSivjxptxpA,6,2,2.8
2017-08-16,Australia,AU,External,Louis Weisz,OMrUmOTPD_AnSivjxptxpA,12,6,1.9
2017-08-16,Bosnia & Herzegovina,BA,Channel pages,Louis Weisz,OMrUmOTPD_AnSivjxptxpA,3,2,1.7
2017-08-16,Bosnia & Herzegovina,BA,External,Louis Weisz,OMrUmOTPD_AnSivjxptxpA,1,1,0.6
2017-08-16,Belgium,BE,Other YouTube features,Louis Weisz,OMrUmOTPD_AnSivjxptxpA,5,2,2.5
2017-08-16,Belgium,BE,External,Louis Weisz,OMrUmOTPD_AnSivjxptxpA,3,1,3.2
2017-08-16,Brazil,BR,YouTube search,Louis Weisz,OMrUmOTPD_AnSivjxptxpA,0,1,0.2
2017-08-16,Brazil,BR,Suggested videos,Louis Weisz,OMrUmOTPD_AnSivjxptxpA,5,2,2.7
2017-08-16,Canada,CA,Direct or unknown,Louis Weisz,OMrUmOTPD_AnSivjxptxpA,4,1,4.3
2017-08-16,Canada,CA,Browse features,Louis Weisz,OMrUmOTPD_AnSivjxptxpA,4,1,4.2
2017-08-16,Canada,CA,Channel pages,Louis Weisz,OMrUmOTPD_AnSivjxptxpA,11,7,1.6
2017-08-16,Canada,CA,YouTube search,Louis Weisz,OMrUmOTPD_AnSivjxptxpA,0,1,0.0
2017-08-16,Canada,CA,Suggested videos,Louis Weisz,OMrUmOTPD_AnSivjxptxpA,4,2,1.9
2017-08-16,Canada,CA,Other YouTube features,Louis Weisz,OMrUmOTPD_AnSivjxptxpA,9,5,1.8
2017-08-16,Canada,CA,External,Louis Weisz,OMrUmOTPD_AnSivjxptxpA,58,24,2.4
2017-08-16,Chile,CL,YouTube search,Louis Weisz,OMrUmOTPD_AnSivjxptxpA,0,1,0.0
2017-08-16,Colombia,CO,External,Louis Weisz,OMrUmOTPD_AnSivjxptxpA,4,1,3.7
2017-08-16,Germany,DE,Channel pages,Louis Weisz,OMrUmOTPD_AnSivjxptxpA,10,2,5.0
2017-08-16,Germany,DE,Suggested videos,Louis Weisz,OMrUmOTPD_AnSivjxptxpA,5,3,1.6
2017-08-16,Germany,DE,Other YouTube features,Louis Weisz,OMrUmOTPD_AnSivjxptxpA,4,2,2.2
2017-08-16,Germany,DE,External,Louis Weisz,OMrUmOTPD_AnSivjxptxpA,12,5,2.4
2017-08-16,Spain,ES,Browse features,Louis Weisz,OMrUmOTPD_AnSivjxptxpA,3,1,2.6
2017-08-16,Spain,ES,Suggested videos,Louis Weisz,OMrUmOTPD_AnSivjxptxpA,10,4,2.5
2017-08-16,Spain,ES,Other YouTube features,Louis Weisz,OMrUmOTPD_AnSivjxptxpA,1,1,0.8
2017-08-16,Spain,ES,External,Louis Weisz,OMrUmOTPD_AnSivjxptxpA,1,1,1.1
2017-08-16,Finland,FI,Channel pages,Louis Weisz,OMrUmOTPD_AnSivjxptxpA,1,1,0.7
2017-08-16,Finland,FI,External,Louis Weisz,OMrUmOTPD_AnSivjxptxpA,4,1,4.3
2017-08-16,France,FR,Channel pages,Louis Weisz,OMrUmOTPD_AnSivjxptxpA,3,1,2.7
2017-08-16,France,FR,YouTube search,Louis Weisz,OMrUmOTPD_AnSivjxptxpA,4,1,4.3
2017-08-16,France,FR,Suggested videos,Louis Weisz,OMrUmOTPD_AnSivjxptxpA,4,1,4.3
2017-08-16,France,FR,External,Louis Weisz,OMrUmOTPD_AnSivjxptxpA,5,2,2.7
2017-08-16,United Kingdom,GB,Direct or unknown,Louis Weisz,OMrUmOTPD_AnSivjxptxpA,0,2,0.2
2017-08-16,United Kingdom,GB,Browse features,Louis Weisz,OMrUmOTPD_AnSivjxptxpA,4,2,2.0
2017-08-16,United Kingdom,GB,Channel pages,Louis Weisz,OMrUmOTPD_AnSivjxptxpA,2,1,2.0
2017-08-16,United Kingdom,GB,YouTube search,Louis Weisz,OMrUmOTPD_AnSivjxptxpA,4,1,4.4
2017-08-16,United Kingdom,GB,Suggested videos,Louis Weisz,OMrUmOTPD_AnSivjxptxpA,7,4,1.8
2017-08-16,United Kingdom,GB,Other YouTube features,Louis Weisz,OMrUmOTPD_AnSivjxptxpA,7,2,3.7
2017-08-16,United Kingdom,GB,External,Louis Weisz,OMrUmOTPD_AnSivjxptxpA,28,12,2.3
2017-08-16,Croatia,HR,External,Louis Weisz,OMrUmOTPD_AnSivjxptxpA,4,1,4.3
2017-08-16,Ireland,IE,Suggested videos,Louis Weisz,OMrUmOTPD_AnSivjxptxpA,2,1,2.0
2017-08-16,Ireland,IE,External,Louis Weisz,OMrUmOTPD_AnSivjxptxpA,6,2,2.9
2017-08-16,Israel,IL,YouTube search,Louis Weisz,OMrUmOTPD_AnSivjxptxpA,0,1,0.4
2017-08-16,Israel,IL,External,Louis Weisz,OMrUmOTPD_AnSivjxptxpA,0,1,0.3
2017-08-16,India,IN,YouTube search,Louis Weisz,OMrUmOTPD_AnSivjxptxpA,0,1,0.3
2017-08-16,India,IN,Suggested videos,Louis Weisz,OMrUmOTPD_AnSivjxptxpA,20,12,1.7
2017-08-16,India,IN,End screens,Louis Weisz,OMrUmOTPD_AnSivjxptxpA,0,2,0.1
2017-08-16,Iraq,IQ,Other YouTube features,Louis Weisz,OMrUmOTPD_AnSivjxptxpA,2,1,1.7
2017-08-16,Italy,IT,Suggested videos,Louis Weisz,OMrUmOTPD_AnSivjxptxpA,4,1,4.1
2017-08-16,Italy,IT,External,Louis Weisz,OMrUmOTPD_AnSivjxptxpA,4,2,2.0
2017-08-16,Japan,JP,Suggested videos,Louis Weisz,OMrUmOTPD_AnSivjxptxpA,7,2,3.7
2017-08-16,Japan,JP,External,Louis Weisz,OMrUmOTPD_AnSivjxptxpA,10,3,3.4
2017-08-16,South Korea,KR,Suggested videos,Louis Weisz,OMrUmOTPD_AnSivjxptxpA,8,4,1.9
2017-08-16,South Korea,KR,Other YouTube features,Louis Weisz,OMrUmOTPD_AnSivjxptxpA,4,1,4.0
2017-08-16,Malaysia,MY,Channel pages,Louis Weisz,OMrUmOTPD_AnSivjxptxpA,2,1,2.2
2017-08-16,Malaysia,MY,YouTube search,Louis Weisz,OMrUmOTPD_AnSivjxptxpA,3,1,3.0
2017-08-16,Malaysia,MY,Other YouTube features,Louis Weisz,OMrUmOTPD_AnSivjxptxpA,4,2,2.0
2017-08-16,Malaysia,MY,External,Louis Weisz,OMrUmOTPD_AnSivjxptxpA,0,1,0.0
2017-08-16,Netherlands,NL,Other YouTube features,Louis Weisz,OMrUmOTPD_AnSivjxptxpA,3,2,1.7
2017-08-16,Netherlands,NL,External,Louis Weisz,OMrUmOTPD_AnSivjxptxpA,8,3,2.6
2017-08-16,Norway,NO,External,Louis Weisz,OMrUmOTPD_AnSivjxptxpA,8,2,4.0
2017-08-16,New Zealand,NZ,Channel pages,Louis Weisz,OMrUmOTPD_AnSivjxptxpA,3,2,1.4
2017-08-16,New Zealand,NZ,Suggested videos,Louis Weisz,OMrUmOTPD_AnSivjxptxpA,8,3,2.7
2017-08-16,New Zealand,NZ,External,Louis Weisz,OMrUmOTPD_AnSivjxptxpA,4,1,4.1
2017-08-16,Philippines,PH,Suggested videos,Louis Weisz,OMrUmOTPD_AnSivjxptxpA,8,3,2.5
2017-08-16,Pakistan,PK,Suggested videos,Louis Weisz,OMrUmOTPD_AnSivjxptxpA,1,1,0.7
2017-08-16,Poland,PL,Suggested videos,Louis Weisz,OMrUmOTPD_AnSivjxptxpA,10,2,4.9
2017-08-16,Poland,PL,External,Louis Weisz,OMrUmOTPD_AnSivjxptxpA,8,3,2.7
2017-08-16,Qatar,QA,External,Louis Weisz,OMrUmOTPD_AnSivjxptxpA,4,1,4.2
2017-08-16,Romania,RO,External,Louis Weisz,OMrUmOTPD_AnSivjxptxpA,4,1,4.0
2017-08-16,Russia,RU,YouTube search,Louis Weisz,OMrUmOTPD_AnSivjxptxpA,1,1,0.9
2017-08-16,Russia,RU,Suggested videos,Louis Weisz,OMrUmOTPD_AnSivjxptxpA,1,1,0.6
2017-08-16,Russia,RU,External,Louis Weisz,OMrUmOTPD_AnSivjxptxpA,4,1,3.7
2017-08-16,Sweden,SE,Browse features,Louis Weisz,OMrUmOTPD_AnSivjxptxpA,3,1,3.1
2017-08-16,Sweden,SE,Suggested videos,Louis Weisz,OMrUmOTPD_AnSivjxptxpA,0,1,0.1
2017-08-16,Sweden,SE,External,Louis Weisz,OMrUmOTPD_AnSivjxptxpA,5,4,1.1
2017-08-16,Singapore,SG,Suggested videos,Louis Weisz,OMrUmOTPD_AnSivjxptxpA,1,5,0.2
2017-08-16,Thailand,TH,Suggested videos,Louis Weisz,OMrUmOTPD_AnSivjxptxpA,8,3,2.8
2017-08-16,Taiwan,TW,External,Louis Weisz,OMrUmOTPD_AnSivjxptxpA,0,1,0.3
2017-08-16,United States,US,Direct or unknown,Louis Weisz,OMrUmOTPD_AnSivjxptxpA,25,11,2.3
2017-08-16,United States,US,Browse features,Louis Weisz,OMrUmOTPD_AnSivjxptxpA,27,7,3.9
2017-08-16,United States,US,Channel pages,Louis Weisz,OMrUmOTPD_AnSivjxptxpA,36,16,2.3
2017-08-16,United States,US,YouTube search,Louis Weisz,OMrUmOTPD_AnSivjxptxpA,31,11,2.8
2017-08-16,United States,US,Suggested videos,Louis Weisz,OMrUmOTPD_AnSivjxptxpA,77,26,3.0
2017-08-16,United States,US,Other YouTube features,Louis Weisz,OMrUmOTPD_AnSivjxptxpA,464,145,3.2
2017-08-16,United States,US,External,Louis Weisz,OMrUmOTPD_AnSivjxptxpA,606,234,2.6
2017-08-16,United States,US,End screens,Louis Weisz,OMrUmOTPD_AnSivjxptxpA,1,2,0.5
2017-08-16,Vietnam,VN,Suggested videos,Louis Weisz,OMrUmOTPD_AnSivjxptxpA,0,1,0.3
2017-08-16,South Africa,ZA,Suggested videos,Louis Weisz,OMrUmOTPD_AnSivjxptxpA,1,1,0.8
2017-08-16,South Africa,ZA,Other YouTube features,Louis Weisz,OMrUmOTPD_AnSivjxptxpA,4,1,3.6
2017-08-17,Argentina,AR,YouTube search,Louis Weisz,OMrUmOTPD_AnSivjxptxpA,1,1,0.5
2017-08-17,Australia,AU,External,Louis Weisz,OMrUmOTPD_AnSivjxptxpA,6,5,1.2
2017-08-17,Brazil,BR,YouTube search,Louis Weisz,OMrUmOTPD_AnSivjxptxpA,6,4,1.5
2017-08-17,Brazil,BR,Suggested videos,Louis Weisz,OMrUmOTPD_AnSivjxptxpA,4,1,3.9
2017-08-17,Canada,CA,Channel pages,Louis Weisz,OMrUmOTPD_AnSivjxptxpA,0,1,0.3
2017-08-17,Canada,CA,Suggested videos,Louis Weisz,OMrUmOTPD_AnSivjxptxpA,1,1,0.8
2017-08-17,Canada,CA,External,Louis Weisz,OMrUmOTPD_AnSivjxptxpA,4,3,1.4
2017-08-17,Czechia,CZ,Direct or unknown,Louis Weisz,OMrUmOTPD_AnSivjxptxpA,1,1,1.1
2017-08-17,Czechia,CZ,Channel pages,Louis Weisz,OMrUmOTPD_AnSivjxptxpA,0,1,0.2
2017-08-17,Germany,DE,Suggested videos,Louis Weisz,OMrUmOTPD_AnSivjxptxpA,9,5,1.7
2017-08-17,Algeria,DZ,YouTube search,Louis Weisz,OMrUmOTPD_AnSivjxptxpA,6,1,6.0
2017-08-17,Finland,FI,YouTube search,Louis Weisz,OMrUmOTPD_AnSivjxptxpA,2,1,1.8
2017-08-17,France,FR,Channel pages,Louis Weisz,OMrUmOTPD_AnSivjxptxpA,6,1,6.3
2017-08-17,United Kingdom,GB,Channel pages,Louis Weisz,OMrUmOTPD_AnSivjxptxpA,12,5,2.3
2017-08-17,United Kingdom,GB,YouTube search,Louis Weisz,OMrUmOTPD_AnSivjxptxpA,1,1,0.6
2017-08-17,United Kingdom,GB,Suggested videos,Louis Weisz,OMrUmOTPD_AnSivjxptxpA,4,4,0.9
2017-08-17,United Kingdom,GB,External,Louis Weisz,OMrUmOTPD_AnSivjxptxpA,3,2,1.4
2017-08-17,Greece,GR,Suggested videos,Louis Weisz,OMrUmOTPD_AnSivjxptxpA,0,2,0.2
2017-08-17,India,IN,Suggested videos,Louis Weisz,OMrUmOTPD_AnSivjxptxpA,11,6,1.8
2017-08-17,India,IN,External,Louis Weisz,OMrUmOTPD_AnSivjxptxpA,2,3,0.7
2017-08-17,Italy,IT,YouTube search,Louis Weisz,OMrUmOTPD_AnSivjxptxpA,1,1,0.8
2017-08-17,Japan,JP,Browse features,Louis Weisz,OMrUmOTPD_AnSivjxptxpA,4,1,4.2
2017-08-17,Japan,JP,Suggested videos,Louis Weisz,OMrUmOTPD_AnSivjxptxpA,0,1,0.1
2017-08-17,Mexico,MX,Suggested videos,Louis Weisz,OMrUmOTPD_AnSivjxptxpA,6,2,2.8
2017-08-17,Malaysia,MY,Suggested videos,Louis Weisz,OMrUmOTPD_AnSivjxptxpA,0,1,0.1
2017-08-17,Netherlands,NL,YouTube search,Louis Weisz,OMrUmOTPD_AnSivjxptxpA,0,1,0.2
2017-08-17,Peru,PE,Suggested videos,Louis Weisz,OMrUmOTPD_AnSivjxptxpA,1,1,1.2
2017-08-17,Poland,PL,YouTube search,Louis Weisz,OMrUmOTPD_AnSivjxptxpA,2,1,2.0
2017-08-17,Thailand,TH,Suggested videos,Louis Weisz,OMrUmOTPD_AnSivjxptxpA,0,1,0.0
2017-08-17,Tunisia,TN,Suggested videos,Louis Weisz,OMrUmOTPD_AnSivjxptxpA,0,1,0.0
2017-08-17,Taiwan,TW,YouTube search,Louis Weisz,OMrUmOTPD_AnSivjxptxpA,0,1,0.4
2017-08-17,United States,US,Direct or unknown,Louis Weisz,OMrUmOTPD_AnSivjxptxpA,1,1,1.4
2017-08-17,United States,US,Browse features,Louis Weisz,OMrUmOTPD_AnSivjxptxpA,4,2,2.0
2017-08-17,United States,US,Channel pages,Louis Weisz,OMrUmOTPD_AnSivjxptxpA,58,25,2.3
2017-08-17,United States,US,YouTube search,Louis Weisz,OMrUmOTPD_AnSivjxptxpA,10,2,5.0
2017-08-17,United States,US,Suggested videos,Louis Weisz,OMrUmOTPD_AnSivjxptxpA,24,13,1.8
2017-08-17,United States,US,Other YouTube features,Louis Weisz,OMrUmOTPD_AnSivjxptxpA,9,3,3.1
2017-08-17,United States,US,External,Louis Weisz,OMrUmOTPD_AnSivjxptxpA,34,13,2.6
2017-08-17,Vietnam,VN,Suggested videos,Louis Weisz,OMrUmOTPD_AnSivjxptxpA,0,1,0.1
2017-08-18,Argentina,AR,Suggested videos,Louis Weisz,OMrUmOTPD_AnSivjxptxpA,5,1,5.4
2017-08-18,Australia,AU,External,Louis Weisz,OMrUmOTPD_AnSivjxptxpA,1,4,0.3
2017-08-18,Bangladesh,BD,YouTube search,Louis Weisz,OMrUmOTPD_AnSivjxptxpA,1,1,0.7
2017-08-18,Canada,CA,Channel pages,Louis Weisz,OMrUmOTPD_AnSivjxptxpA,2,4,0.4
2017-08-18,Canada,CA,YouTube search,Louis Weisz,OMrUmOTPD_AnSivjxptxpA,1,1,1.0
2017-08-18,Canada,CA,Other YouTube features,Louis Weisz,OMrUmOTPD_AnSivjxptxpA,3,1,3.4
2017-08-18,Germany,DE,Channel pages,Louis Weisz,OMrUmOTPD_AnSivjxptxpA,9,2,4.7
2017-08-18,Denmark,DK,External,Louis Weisz,OMrUmOTPD_AnSivjxptxpA,1,1,0.5
2017-08-18,United Kingdom,GB,Channel pages,Louis Weisz,OMrUmOTPD_AnSivjxptxpA,0,1,0.2
2017-08-18,United Kingdom,GB,YouTube search,Louis Weisz,OMrUmOTPD_AnSivjxptxpA,1,1,0.8
2017-08-18,India,IN,YouTube search,Louis Weisz,OMrUmOTPD_AnSivjxptxpA,0,1,0.1
2017-08-18,India,IN,External,Louis Weisz,OMrUmOTPD_AnSivjxptxpA,0,1,0.5
2017-08-18,Italy,IT,Suggested videos,Louis Weisz,OMrUmOTPD_AnSivjxptxpA,4,1,4.0
2017-08-18,Japan,JP,External,Louis Weisz,OMrUmOTPD_AnSivjxptxpA,2,1,2.2
2017-08-18,Norway,NO,External,Louis Weisz,OMrUmOTPD_AnSivjxptxpA,0,1,0.2
2017-08-18,Philippines,PH,Suggested videos,Louis Weisz,OMrUmOTPD_AnSivjxptxpA,1,1,1.2
2017-08-18,Poland,PL,Browse features,Louis Weisz,OMrUmOTPD_AnSivjxptxpA,2,2,0.9
2017-08-18,Poland,PL,Channel pages,Louis Weisz,OMrUmOTPD_AnSivjxptxpA,0,1,0.2
2017-08-18,Poland,PL,Suggested videos,Louis Weisz,OMrUmOTPD_AnSivjxptxpA,3,2,1.4
2017-08-18,Portugal,PT,Other YouTube features,Louis Weisz,OMrUmOTPD_AnSivjxptxpA,4,1,3.9
2017-08-18,Russia,RU,YouTube search,Louis Weisz,OMrUmOTPD_AnSivjxptxpA,0,1,0.4
2017-08-18,Sweden,SE,Channel pages,Louis Weisz,OMrUmOTPD_AnSivjxptxpA,1,1,1.4
2017-08-18,Sweden,SE,YouTube search,Louis Weisz,OMrUmOTPD_AnSivjxptxpA,4,1,3.6
2017-08-18,Turkey,TR,Suggested videos,Louis Weisz,OMrUmOTPD_AnSivjxptxpA,4,1,3.8
2017-08-18,United States,US,Browse features,Louis Weisz,OMrUmOTPD_AnSivjxptxpA,0,1,0.0
2017-08-18,United States,US,Channel pages,Louis Weisz,OMrUmOTPD_AnSivjxptxpA,25,12,2.1
2017-08-18,United States,US,YouTube search,Louis Weisz,OMrUmOTPD_AnSivjxptxpA,14,5,2.8
2017-08-18,United States,US,Suggested videos,Louis Weisz,OMrUmOTPD_AnSivjxptxpA,12,4,3.0
2017-08-18,United States,US,External,Louis Weisz,OMrUmOTPD_AnSivjxptxpA,4,2,2.1
2017-08-18,South Africa,ZA,YouTube search,Louis Weisz,OMrUmOTPD_AnSivjxptxpA,4,1,4.0
2017-08-19,Austria,AT,Channel pages,Louis Weisz,OMrUmOTPD_AnSivjxptxpA,11,4,2.8
2017-08-19,Austria,AT,End screens,Louis Weisz,OMrUmOTPD_AnSivjxptxpA,1,1,1.3
2017-08-19,Australia,AU,External,Louis Weisz,OMrUmOTPD_AnSivjxptxpA,0,2,0.0
2017-08-19,Brazil,BR,External,Louis Weisz,OMrUmOTPD_AnSivjxptxpA,0,1,0.0
2017-08-19,Canada,CA,Suggested videos,Louis Weisz,OMrUmOTPD_AnSivjxptxpA,4,1,4.3
2017-08-19,Spain,ES,YouTube search,Louis Weisz,OMrUmOTPD_AnSivjxptxpA,3,2,1.4
2017-08-19,Spain,ES,Suggested videos,Louis Weisz,OMrUmOTPD_AnSivjxptxpA,4,1,4.3
2017-08-19,United Kingdom,GB,Channel pages,Louis Weisz,OMrUmOTPD_AnSivjxptxpA,4,2,1.9
2017-08-19,United Kingdom,GB,Suggested videos,Louis Weisz,OMrUmOTPD_AnSivjxptxpA,4,1,4.3
2017-08-19,United Kingdom,GB,External,Louis Weisz,OMrUmOTPD_AnSivjxptxpA,6,4,1.5
2017-08-19,Indonesia,ID,Other YouTube features,Louis Weisz,OMrUmOTPD_AnSivjxptxpA,5,2,2.4
2017-08-19,Israel,IL,Channel pages,Louis Weisz,OMrUmOTPD_AnSivjxptxpA,6,3,1.9
2017-08-19,India,IN,Suggested videos,Louis Weisz,OMrUmOTPD_AnSivjxptxpA,1,2,0.7
2017-08-19,India,IN,External,Louis Weisz,OMrUmOTPD_AnSivjxptxpA,4,3,1.2
2017-08-19,Italy,IT,Suggested videos,Louis Weisz,OMrUmOTPD_AnSivjxptxpA,0,1,0.3
2017-08-19,Japan,JP,External,Louis Weisz,OMrUmOTPD_AnSivjxptxpA,2,1,2.0
2017-08-19,Netherlands,NL,Channel pages,Louis Weisz,OMrUmOTPD_AnSivjxptxpA,3,1,3.2
2017-08-19,Netherlands,NL,YouTube search,Louis Weisz,OMrUmOTPD_AnSivjxptxpA,3,1,2.8
2017-08-19,Netherlands,NL,Suggested videos,Louis Weisz,OMrUmOTPD_AnSivjxptxpA,14,4,3.5
2017-08-19,Norway,NO,YouTube search,Louis Weisz,OMrUmOTPD_AnSivjxptxpA,4,1,4.0
2017-08-19,Pakistan,PK,YouTube search,Louis Weisz,OMrUmOTPD_AnSivjxptxpA,1,1,0.6
2017-08-19,Pakistan,PK,External,Louis Weisz,OMrUmOTPD_AnSivjxptxpA,1,1,1.4
2017-08-19,Slovenia,SI,Channel pages,Louis Weisz,OMrUmOTPD_AnSivjxptxpA,6,1,5.7
2017-08-19,Slovakia,SK,Channel pages,Louis Weisz,OMrUmOTPD_AnSivjxptxpA,6,1,6.2
2017-08-19,Thailand,TH,Browse features,Louis Weisz,OMrUmOTPD_AnSivjxptxpA,0,1,0.0
2017-08-19,United States,US,Direct or unknown,Louis Weisz,OMrUmOTPD_AnSivjxptxpA,0,1,0.1
2017-08-19,United States,US,Browse features,Louis Weisz,OMrUmOTPD_AnSivjxptxpA,6,1,5.5
2017-08-19,United States,US,Channel pages,Louis Weisz,OMrUmOTPD_AnSivjxptxpA,44,16,2.8
2017-08-19,United States,US,YouTube search,Louis Weisz,OMrUmOTPD_AnSivjxptxpA,11,9,1.2
2017-08-19,United States,US,Suggested videos,Louis Weisz,OMrUmOTPD_AnSivjxptxpA,44,13,3.4
2017-08-19,United States,US,Other YouTube features,Louis Weisz,OMrUmOTPD_AnSivjxptxpA,4,1,4.0
2017-08-19,United States,US,External,Louis Weisz,OMrUmOTPD_AnSivjxptxpA,1,2,0.7
2017-08-19,United States,US,Playlists,Louis Weisz,OMrUmOTPD_AnSivjxptxpA,6,3,2.1
2017-08-19,United States,US,Playlist page,Louis Weisz,OMrUmOTPD_AnSivjxptxpA,3,1,3.3
2017-08-19,South Africa,ZA,YouTube search,Louis Weisz,OMrUmOTPD_AnSivjxptxpA,1,1,1.1
2017-08-20,Austria,AT,YouTube search,Louis Weisz,OMrUmOTPD_AnSivjxptxpA,4,5,0.7
2017-08-20,Belgium,BE,Suggested videos,Louis Weisz,OMrUmOTPD_AnSivjxptxpA,2,1,1.7
2017-08-20,Canada,CA,Channel pages,Louis Weisz,OMrUmOTPD_AnSivjxptxpA,3,1,3.1
2017-08-20,Canada,CA,YouTube search,Louis Weisz,OMrUmOTPD_AnSivjxptxpA,7,1,6.6
2017-08-20,Canada,CA,Suggested videos,Louis Weisz,OMrUmOTPD_AnSivjxptxpA,18,7,2.6
2017-08-20,Canada,CA,External,Louis Weisz,OMrUmOTPD_AnSivjxptxpA,1,1,1.1
2017-08-20,Switzerland,CH,Channel pages,Louis Weisz,OMrUmOTPD_AnSivjxptxpA,12,4,3.1
2017-08-20,Costa Rica,CR,External,Louis Weisz,OMrUmOTPD_AnSivjxptxpA,0,1,0.2
2017-08-20,Germany,DE,Channel pages,Louis Weisz,OMrUmOTPD_AnSivjxptxpA,0,1,0.3
2017-08-20,Denmark,DK,Channel pages,Louis Weisz,OMrUmOTPD_AnSivjxptxpA,4,1,3.6
2017-08-20,Spain,ES,YouTube search,Louis Weisz,OMrUmOTPD_AnSivjxptxpA,0,1,0.0
2017-08-20,France,FR,Direct or unknown,Louis Weisz,OMrUmOTPD_AnSivjxptxpA,6,1,6.2
2017-08-20,France,FR,Channel pages,Louis Weisz,OMrUmOTPD_AnSivjxptxpA,4,1,3.6
2017-08-20,United Kingdom,GB,Direct or unknown,Louis Weisz,OMrUmOTPD_AnSivjxptxpA,7,1,7.3
2017-08-20,United Kingdom,GB,YouTube search,Louis Weisz,OMrUmOTPD_AnSivjxptxpA,2,1,1.6
2017-08-20,United Kingdom,GB,Suggested videos,Louis Weisz,OMrUmOTPD_AnSivjxptxpA,8,2,3.8
2017-08-20,United Kingdom,GB,External,Louis Weisz,OMrUmOTPD_AnSivjxptxpA,3,1,2.9
2017-08-20,Guatemala,GT,YouTube search,Louis Weisz,OMrUmOTPD_AnSivjxptxpA,0,1,0.3
2017-08-20,Hong Kong,HK,YouTube search,Louis Weisz,OMrUmOTPD_AnSivjxptxpA,1,1,1.4
2017-08-20,India,IN,YouTube search,Louis Weisz,OMrUmOTPD_AnSivjxptxpA,11,5,2.2
2017-08-20,India,IN,Suggested videos,Louis Weisz,OMrUmOTPD_AnSivjxptxpA,0,1,0.2
2017-08-20,Italy,IT,YouTube search,Louis Weisz,OMrUmOTPD_AnSivjxptxpA,3,1,2.9
2017-08-20,Philippines,PH,YouTube search,Louis Weisz,OMrUmOTPD_AnSivjxptxpA,1,1,1.0
2017-08-20,Puerto Rico,PR,YouTube search,Louis Weisz,OMrUmOTPD_AnSivjxptxpA,6,1,5.9
2017-08-20,Serbia,RS,YouTube search,Louis Weisz,OMrUmOTPD_AnSivjxptxpA,2,1,2.0
2017-08-20,Serbia,RS,Suggested videos,Louis Weisz,OMrUmOTPD_AnSivjxptxpA,0,1,0.4
2017-08-20,Singapore,SG,YouTube search,Louis Weisz,OMrUmOTPD_AnSivjxptxpA,4,1,3.5
2017-08-20,Slovenia,SI,Channel pages,Louis Weisz,OMrUmOTPD_AnSivjxptxpA,0,1,0.1
2017-08-20,Slovenia,SI,Suggested videos,Louis Weisz,OMrUmOTPD_AnSivjxptxpA,1,3,0.4
2017-08-20,Thailand,TH,YouTube search,Louis Weisz,OMrUmOTPD_AnSivjxptxpA,2,1,1.5
2017-08-20,United States,US,Direct or unknown,Louis Weisz,OMrUmOTPD_AnSivjxptxpA,4,1,4.3
2017-08-20,United States,US,Channel pages,Louis Weisz,OMrUmOTPD_AnSivjxptxpA,46,20,2.3
2017-08-20,United States,US,YouTube search,Louis Weisz,OMrUmOTPD_AnSivjxptxpA,12,9,1.3
2017-08-20,United States,US,Suggested videos,Louis Weisz,OMrUmOTPD_AnSivjxptxpA,20,6,3.4
2017-08-20,United States,US,Other YouTube features,Louis Weisz,OMrUmOTPD_AnSivjxptxpA,4,1,4.0
2017-08-20,United States,US,External,Louis Weisz,OMrUmOTPD_AnSivjxptxpA,4,1,4.3
2017-08-20,United States,US,Playlist page,Louis Weisz,OMrUmOTPD_AnSivjxptxpA,2,1,1.7
2017-08-20,United States,US,End screens,Louis Weisz,OMrUmOTPD_AnSivjxptxpA,2,1,2.4
2017-08-20,Uzbekistan,UZ,YouTube search,Louis Weisz,OMrUmOTPD_AnSivjxptxpA,0,1,0.3
2017-08-21,Australia,AU,Direct or unknown,Louis Weisz,OMrUmOTPD_AnSivjxptxpA,0,1,0.4
2017-08-21,Australia,AU,Channel pages,Louis Weisz,OMrUmOTPD_AnSivjxptxpA,6,2,3.1
2017-08-21,Australia,AU,YouTube search,Louis Weisz,OMrUmOTPD_AnSivjxptxpA,2,1,2.4
2017-08-21,Australia,AU,End screens,Louis Weisz,OMrUmOTPD_AnSivjxptxpA,1,1,1.1
2017-08-21,Belgium,BE,YouTube search,Louis Weisz,OMrUmOTPD_AnSivjxptxpA,2,1,2.0
2017-08-21,Canada,CA,YouTube search,Louis Weisz,OMrUmOTPD_AnSivjxptxpA,0,1,0.0
2017-08-21,Canada,CA,Suggested videos,Louis Weisz,OMrUmOTPD_AnSivjxptxpA,2,1,2.2
2017-08-21,Switzerland,CH,Channel pages,Louis Weisz,OMrUmOTPD_AnSivjxptxpA,3,1,3.0
2017-08-21,Switzerland,CH,Suggested videos,Louis Weisz,OMrUmOTPD_AnSivjxptxpA,1,1,1.1
2017-08-21,Colombia,CO,YouTube search,Louis Weisz,OMrUmOTPD_AnSivjxptxpA,0,1,0.1
2017-08-21,France,FR,YouTube search,Louis Weisz,OMrUmOTPD_AnSivjxptxpA,3,2,1.4
2017-08-21,France,FR,End screens,Louis Weisz,OMrUmOTPD_AnSivjxptxpA,2,2,0.9
2017-08-21,United Kingdom,GB,Channel pages,Louis Weisz,OMrUmOTPD_AnSivjxptxpA,3,2,1.6
2017-08-21,United Kingdom,GB,Suggested videos,Louis Weisz,OMrUmOTPD_AnSivjxptxpA,14,3,4.6
2017-08-21,United Kingdom,GB,External,Louis Weisz,OMrUmOTPD_AnSivjxptxpA,0,1,0.1
2017-08-21,Greece,GR,Suggested videos,Louis Weisz,OMrUmOTPD_AnSivjxptxpA,4,1,3.8
2017-08-21,Croatia,HR,YouTube search,Louis Weisz,OMrUmOTPD_AnSivjxptxpA,1,1,0.8
2017-08-21,Hungary,HU,Channel pages,Louis Weisz,OMrUmOTPD_AnSivjxptxpA,0,1,0.2
2017-08-21,India,IN,YouTube search,Louis Weisz,OMrUmOTPD_AnSivjxptxpA,4,2,2.2
2017-08-21,India,IN,External,Louis Weisz,OMrUmOTPD_AnSivjxptxpA,0,1,0.5
2017-08-21,Japan,JP,Suggested videos,Louis Weisz,OMrUmOTPD_AnSivjxptxpA,10,2,4.8
2017-08-21,Japan,JP,External,Louis Weisz,OMrUmOTPD_AnSivjxptxpA,2,1,2.3
2017-08-21,Malta,MT,External,Louis Weisz,OMrUmOTPD_AnSivjxptxpA,2,1,1.9
2017-08-21,Mexico,MX,Suggested videos,Louis Weisz,OMrUmOTPD_AnSivjxptxpA,4,1,3.9
2017-08-21,Netherlands,NL,Channel pages,Louis Weisz,OMrUmOTPD_AnSivjxptxpA,2,1,2.1
2017-08-21,Netherlands,NL,Suggested videos,Louis Weisz,OMrUmOTPD_AnSivjxptxpA,7,3,2.4
2017-08-21,Oman,OM,YouTube search,Louis Weisz,OMrUmOTPD_AnSivjxptxpA,1,1,1.1
2017-08-21,Philippines,PH,Browse features,Louis Weisz,OMrUmOTPD_AnSivjxptxpA,5,1,5.2
2017-08-21,Poland,PL,YouTube search,Louis Weisz,OMrUmOTPD_AnSivjxptxpA,0,1,0.0
2017-08-21,Poland,PL,Suggested videos,Louis Weisz,OMrUmOTPD_AnSivjxptxpA,5,3,1.7
2017-08-21,Russia,RU,YouTube search,Louis Weisz,OMrUmOTPD_AnSivjxptxpA,7,2,3.7
2017-08-21,Saudi Arabia,SA,External,Louis Weisz,OMrUmOTPD_AnSivjxptxpA,1,1,0.9
2017-08-21,Turkey,TR,Channel pages,Louis Weisz,OMrUmOTPD_AnSivjxptxpA,0,1,0.3
2017-08-21,Turkey,TR,Suggested videos,Louis Weisz,OMrUmOTPD_AnSivjxptxpA,0,2,0.2
2017-08-21,Trinidad & Tobago,TT,Channel pages,Louis Weisz,OMrUmOTPD_AnSivjxptxpA,0,2,0.2
2017-08-21,Trinidad & Tobago,TT,Playlists,Louis Weisz,OMrUmOTPD_AnSivjxptxpA,6,3,1.8
2017-08-21,United States,US,Browse features,Louis Weisz,OMrUmOTPD_AnSivjxptxpA,9,3,2.9
2017-08-21,United States,US,Channel pages,Louis Weisz,OMrUmOTPD_AnSivjxptxpA,52,21,2.5
2017-08-21,United States,US,YouTube search,Louis Weisz,OMrUmOTPD_AnSivjxptxpA,8,5,1.7
2017-08-21,United States,US,Suggested videos,Louis Weisz,OMrUmOTPD_AnSivjxptxpA,43,12,3.6
2017-08-21,United States,US,External,Louis Weisz,OMrUmOTPD_AnSivjxptxpA,10,3,3.4
2017-08-22,United Arab Emirates,AE,YouTube search,Louis Weisz,OMrUmOTPD_AnSivjxptxpA,0,1,0.2
2017-08-22,Australia,AU,YouTube search,Louis Weisz,OMrUmOTPD_AnSivjxptxpA,8,2,4.1
2017-08-22,Bangladesh,BD,YouTube search,Louis Weisz,OMrUmOTPD_AnSivjxptxpA,1,1,0.8
2017-08-22,Belgium,BE,Channel pages,Louis Weisz,OMrUmOTPD_AnSivjxptxpA,1,1,1.0
2017-08-22,Canada,CA,Browse features,Louis Weisz,OMrUmOTPD_AnSivjxptxpA,5,1,4.6
2017-08-22,Canada,CA,Channel pages,Louis Weisz,OMrUmOTPD_AnSivjxptxpA,1,1,0.6
2017-08-22,Egypt,EG,Suggested videos,Louis Weisz,OMrUmOTPD_AnSivjxptxpA,6,1,6.0
2017-08-22,Spain,ES,Channel pages,Louis Weisz,OMrUmOTPD_AnSivjxptxpA,0,2,0.2
2017-08-22,United Kingdom,GB,Channel pages,Louis Weisz,OMrUmOTPD_AnSivjxptxpA,5,3,1.5
2017-08-22,United Kingdom,GB,YouTube search,Louis Weisz,OMrUmOTPD_AnSivjxptxpA,1,1,1.3
2017-08-22,United Kingdom,GB,Suggested videos,Louis Weisz,OMrUmOTPD_AnSivjxptxpA,6,2,2.9
2017-08-22,Hong Kong,HK,Suggested videos,Louis Weisz,OMrUmOTPD_AnSivjxptxpA,4,1,4.0
2017-08-22,Hungary,HU,YouTube search,Louis Weisz,OMrUmOTPD_AnSivjxptxpA,4,1,3.8
2017-08-22,Israel,IL,Suggested videos,Louis Weisz,OMrUmOTPD_AnSivjxptxpA,1,1,0.6
2017-08-22,India,IN,External,Louis Weisz,OMrUmOTPD_AnSivjxptxpA,0,1,0.1
2017-08-22,Philippines,PH,YouTube search,Louis Weisz,OMrUmOTPD_AnSivjxptxpA,0,1,0.1
2017-08-22,Poland,PL,Channel pages,Louis Weisz,OMrUmOTPD_AnSivjxptxpA,6,2,3.2
2017-08-22,Poland,PL,Suggested videos,Louis Weisz,OMrUmOTPD_AnSivjxptxpA,5,3,1.8
2017-08-22,Puerto Rico,PR,Suggested videos,Louis Weisz,OMrUmOTPD_AnSivjxptxpA,6,1,5.8
2017-08-22,Russia,RU,External,Louis Weisz,OMrUmOTPD_AnSivjxptxpA,1,1,0.9
2017-08-22,Saudi Arabia,SA,Suggested videos,Louis Weisz,OMrUmOTPD_AnSivjxptxpA,1,1,0.6
2017-08-22,Sweden,SE,YouTube search,Louis Weisz,OMrUmOTPD_AnSivjxptxpA,2,1,2.0
2017-08-22,Thailand,TH,YouTube search,Louis Weisz,OMrUmOTPD_AnSivjxptxpA,1,1,0.8
2017-08-22,Tunisia,TN,YouTube search,Louis Weisz,OMrUmOTPD_AnSivjxptxpA,0,1,0.3
2017-08-22,Taiwan,TW,YouTube search,Louis Weisz,OMrUmOTPD_AnSivjxptxpA,1,1,0.7
2017-08-22,United States,US,Browse features,Louis Weisz,OMrUmOTPD_AnSivjxptxpA,0,1,0.5
2017-08-22,United States,US,Channel pages,Louis Weisz,OMrUmOTPD_AnSivjxptxpA,48,17,2.8
2017-08-22,United States,US,YouTube search,Louis Weisz,OMrUmOTPD_AnSivjxptxpA,9,3,3.0
2017-08-22,United States,US,Suggested videos,Louis Weisz,OMrUmOTPD_AnSivjxptxpA,35,15,2.3
2017-08-22,United States,US,Other YouTube features,Louis Weisz,OMrUmOTPD_AnSivjxptxpA,6,2,3.2
2017-08-22,United States,US,External,Louis Weisz,OMrUmOTPD_AnSivjxptxpA,5,2,2.5
2017-08-22,United States,US,Playlists,Louis Weisz,OMrUmOTPD_AnSivjxptxpA,4,1,4.5
2017-08-22,United States,US,Notifications,Louis Weisz,OMrUmOTPD_AnSivjxptxpA,4,1,4.2
2017-08-22,United States,US,Playlist page,Louis Weisz,OMrUmOTPD_AnSivjxptxpA,3,1,2.9
2017-08-22,United States,US,End screens,Louis Weisz,OMrUmOTPD_AnSivjxptxpA,2,1,2.4
2017-08-23,Australia,AU,Channel pages,Louis Weisz,OMrUmOTPD_AnSivjxptxpA,10,3,3.3
2017-08-23,Australia,AU,Suggested videos,Louis Weisz,OMrUmOTPD_AnSivjxptxpA,2,4,0.5
2017-08-23,Australia,AU,External,Louis Weisz,OMrUmOTPD_AnSivjxptxpA,0,1,0.2
2017-08-23,Belgium,BE,Channel pages,Louis Weisz,OMrUmOTPD_AnSivjxptxpA,5,2,2.5
2017-08-23,Brazil,BR,Suggested videos,Louis Weisz,OMrUmOTPD_AnSivjxptxpA,2,1,2.3
2017-08-23,Canada,CA,Channel pages,Louis Weisz,OMrUmOTPD_AnSivjxptxpA,4,1,3.5
2017-08-23,Canada,CA,YouTube search,Louis Weisz,OMrUmOTPD_AnSivjxptxpA,0,1,0.3
2017-08-23,Canada,CA,Playlist page,Louis Weisz,OMrUmOTPD_AnSivjxptxpA,2,1,1.6
2017-08-23,Colombia,CO,Suggested videos,Louis Weisz,OMrUmOTPD_AnSivjxptxpA,2,1,2.1
2017-08-23,Denmark,DK,YouTube search,Louis Weisz,OMrUmOTPD_AnSivjxptxpA,0,1,0.3
2017-08-23,Spain,ES,Suggested videos,Louis Weisz,OMrUmOTPD_AnSivjxptxpA,2,1,2.2
2017-08-23,France,FR,Channel pages,Louis Weisz,OMrUmOTPD_AnSivjxptxpA,0,1,0.0
2017-08-23,France,FR,YouTube search,Louis Weisz,OMrUmOTPD_AnSivjxptxpA,3,1,3.3
2017-08-23,United Kingdom,GB,Channel pages,Louis Weisz,OMrUmOTPD_AnSivjxptxpA,6,4,1.6
2017-08-23,United Kingdom,GB,YouTube search,Louis Weisz,OMrUmOTPD_AnSivjxptxpA,2,1,2.3
2017-08-23,United Kingdom,GB,Suggested videos,Louis Weisz,OMrUmOTPD_AnSivjxptxpA,30,8,3.7
2017-08-23,United Kingdom,GB,Playlist page,Louis Weisz,OMrUmOTPD_AnSivjxptxpA,3,1,3.3
2017-08-23,Hong Kong,HK,Suggested videos,Louis Weisz,OMrUmOTPD_AnSivjxptxpA,2,1,1.8
2017-08-23,India,IN,YouTube search,Louis Weisz,OMrUmOTPD_AnSivjxptxpA,2,1,1.9
2017-08-23,Morocco,MA,YouTube search,Louis Weisz,OMrUmOTPD_AnSivjxptxpA,0,1,0.3
2017-08-23,Mexico,MX,Channel pages,Louis Weisz,OMrUmOTPD_AnSivjxptxpA,7,3,2.3
2017-08-23,Mexico,MX,Suggested videos,Louis Weisz,OMrUmOTPD_AnSivjxptxpA,4,1,4.0
2017-08-23,Netherlands,NL,Channel pages,Louis Weisz,OMrUmOTPD_AnSivjxptxpA,4,2,2.0
2017-08-23,Netherlands,NL,Suggested videos,Louis Weisz,OMrUmOTPD_AnSivjxptxpA,3,2,1.6
2017-08-23,Norway,NO,YouTube search,Louis Weisz,OMrUmOTPD_AnSivjxptxpA,3,1,2.9
2017-08-23,New Zealand,NZ,Suggested videos,Louis Weisz,OMrUmOTPD_AnSivjxptxpA,4,1,4.0
2017-08-23,Ukraine,UA,YouTube search,Louis Weisz,OMrUmOTPD_AnSivjxptxpA,2,1,2.4
2017-08-23,United States,US,Browse features,Louis Weisz,OMrUmOTPD_AnSivjxptxpA,0,1,0.4
2017-08-23,United States,US,Channel pages,Louis Weisz,OMrUmOTPD_AnSivjxptxpA,21,9,2.4
2017-08-23,United States,US,YouTube search,Louis Weisz,OMrUmOTPD_AnSivjxptxpA,16,6,2.6
2017-08-23,United States,US,Suggested videos,Louis Weisz,OMrUmOTPD_AnSivjxptxpA,21,11,1.9
2017-08-23,United States,US,Other YouTube features,Louis Weisz,OMrUmOTPD_AnSivjxptxpA,0,1,0.1
2017-08-23,United States,US,External,Louis Weisz,OMrUmOTPD_AnSivjxptxpA,8,5,1.5
2017-08-24,Argentina,AR,Other YouTube features,Louis Weisz,OMrUmOTPD_AnSivjxptxpA,0,1,0.3
2017-08-24,Australia,AU,YouTube search,Louis Weisz,OMrUmOTPD_AnSivjxptxpA,3,1,2.7
2017-08-24,Australia,AU,External,Louis Weisz,OMrUmOTPD_AnSivjxptxpA,0,2,0.1
2017-08-24,Brazil,BR,YouTube search,Louis Weisz,OMrUmOTPD_AnSivjxptxpA,0,1,0.1
2017-08-24,Germany,DE,Channel pages,Louis Weisz,OMrUmOTPD_AnSivjxptxpA,9,4,2.3
2017-08-24,Germany,DE,Suggested videos,Louis Weisz,OMrUmOTPD_AnSivjxptxpA,7,3,2.5
2017-08-24,Denmark,DK,Channel pages,Louis Weisz,OMrUmOTPD_AnSivjxptxpA,4,3,1.2
2017-08-24,France,FR,Browse features,Louis Weisz,OMrUmOTPD_AnSivjxptxpA,4,1,4.3
2017-08-24,United Kingdom,GB,Browse features,Louis Weisz,OMrUmOTPD_AnSivjxptxpA,7,2,3.7
2017-08-24,United Kingdom,GB,Channel pages,Louis Weisz,OMrUmOTPD_AnSivjxptxpA,2,2,1.1
2017-08-24,United Kingdom,GB,Suggested videos,Louis Weisz,OMrUmOTPD_AnSivjxptxpA,2,2,0.8
2017-08-24,Israel,IL,Suggested videos,Louis Weisz,OMrUmOTPD_AnSivjxptxpA,2,1,1.9
2017-08-24,India,IN,YouTube search,Louis Weisz,OMrUmOTPD_AnSivjxptxpA,0,2,0.1
2017-08-24,India,IN,Suggested videos,Louis Weisz,OMrUmOTPD_AnSivjxptxpA,0,1,0.3
2017-08-24,India,IN,External,Louis Weisz,OMrUmOTPD_AnSivjxptxpA,0,1,0.3
2017-08-24,Mexico,MX,Browse features,Louis Weisz,OMrUmOTPD_AnSivjxptxpA,4,1,4.2
2017-08-24,Mexico,MX,Suggested videos,Louis Weisz,OMrUmOTPD_AnSivjxptxpA,3,1,3.2
2017-08-24,Malaysia,MY,Channel pages,Louis Weisz,OMrUmOTPD_AnSivjxptxpA,4,1,3.6
2017-08-24,Malaysia,MY,YouTube search,Louis Weisz,OMrUmOTPD_AnSivjxptxpA,3,1,2.7
2017-08-24,Malaysia,MY,External,Louis Weisz,OMrUmOTPD_AnSivjxptxpA,0,1,0.3
2017-08-24,Philippines,PH,Other YouTube features,Louis Weisz,OMrUmOTPD_AnSivjxptxpA,4,1,4.4
2017-08-24,Poland,PL,YouTube search,Louis Weisz,OMrUmOTPD_AnSivjxptxpA,2,2,1.1
2017-08-24,Sweden,SE,Channel pages,Louis Weisz,OMrUmOTPD_AnSivjxptxpA,1,1,0.9
2017-08-24,United States,US,Channel pages,Louis Weisz,OMrUmOTPD_AnSivjxptxpA,46,19,2.4
2017-08-24,United States,US,YouTube search,Louis Weisz,OMrUmOTPD_AnSivjxptxpA,19,8,2.3
2017-08-24,United States,US,Suggested videos,Louis Weisz,OMrUmOTPD_AnSivjxptxpA,73,19,3.8
2017-08-24,United States,US,Other YouTube features,Louis Weisz,OMrUmOTPD_AnSivjxptxpA,3,1,2.7
2017-08-24,United States,US,External,Louis Weisz,OMrUmOTPD_AnSivjxptxpA,7,5,1.4
2017-08-24,United States,US,Playlists,Louis Weisz,OMrUmOTPD_AnSivjxptxpA,6,1,5.8
2017-08-24,United States,US,Playlist page,Louis Weisz,OMrUmOTPD_AnSivjxptxpA,6,2,3.2
2017-08-25,Australia,AU,Channel pages,Louis Weisz,OMrUmOTPD_AnSivjxptxpA,5,2,2.5
2017-08-25,Australia,AU,External,Louis Weisz,OMrUmOTPD_AnSivjxptxpA,0,1,0.1
2017-08-25,Brazil,BR,Suggested videos,Louis Weisz,OMrUmOTPD_AnSivjxptxpA,4,1,4.3
2017-08-25,Bahamas,BS,External,Louis Weisz,OMrUmOTPD_AnSivjxptxpA,0,1,0.3
2017-08-25,Canada,CA,Channel pages,Louis Weisz,OMrUmOTPD_AnSivjxptxpA,0,1,0.2
2017-08-25,Canada,CA,Suggested videos,Louis Weisz,OMrUmOTPD_AnSivjxptxpA,6,2,3.2
2017-08-25,Germany,DE,Channel pages,Louis Weisz,OMrUmOTPD_AnSivjxptxpA,3,2,1.4
2017-08-25,Germany,DE,YouTube search,Louis Weisz,OMrUmOTPD_AnSivjxptxpA,2,1,2.5
2017-08-25,Germany,DE,End screens,Louis Weisz,OMrUmOTPD_AnSivjxptxpA,1,1,0.7
2017-08-25,United Kingdom,GB,Channel pages,Louis Weisz,OMrUmOTPD_AnSivjxptxpA,4,3,1.4
2017-08-25,United Kingdom,GB,YouTube search,Louis Weisz,OMrUmOTPD_AnSivjxptxpA,4,3,1.3
2017-08-25,United Kingdom,GB,Suggested videos,Louis Weisz,OMrUmOTPD_AnSivjxptxpA,4,1,4.2
2017-08-25,India,IN,YouTube search,Louis Weisz,OMrUmOTPD_AnSivjxptxpA,0,1,0.3
2017-08-25,India,IN,External,Louis Weisz,OMrUmOTPD_AnSivjxptxpA,6,3,2.1
2017-08-25,Jordan,JO,YouTube search,Louis Weisz,OMrUmOTPD_AnSivjxptxpA,0,1,0.4
2017-08-25,Japan,JP,External,Louis Weisz,OMrUmOTPD_AnSivjxptxpA,2,1,2.4
2017-08-25,Lithuania,LT,YouTube search,Louis Weisz,OMrUmOTPD_AnSivjxptxpA,1,1,1.5
2017-08-25,Mexico,MX,Suggested videos,Louis Weisz,OMrUmOTPD_AnSivjxptxpA,4,1,4.0
2017-08-25,Norway,NO,Channel pages,Louis Weisz,OMrUmOTPD_AnSivjxptxpA,0,1,0.2
2017-08-25,New Zealand,NZ,YouTube search,Louis Weisz,OMrUmOTPD_AnSivjxptxpA,0,1,0.4
2017-08-25,Pakistan,PK,External,Louis Weisz,OMrUmOTPD_AnSivjxptxpA,2,1,1.7
2017-08-25,Sweden,SE,Channel pages,Louis Weisz,OMrUmOTPD_AnSivjxptxpA,8,2,3.8
2017-08-25,Slovenia,SI,YouTube search,Louis Weisz,OMrUmOTPD_AnSivjxptxpA,0,1,0.0
2017-08-25,Thailand,TH,YouTube search,Louis Weisz,OMrUmOTPD_AnSivjxptxpA,2,2,0.8
2017-08-25,United States,US,Direct or unknown,Louis Weisz,OMrUmOTPD_AnSivjxptxpA,1,2,0.6
2017-08-25,United States,US,Browse features,Louis Weisz,OMrUmOTPD_AnSivjxptxpA,1,2,0.7
2017-08-25,United States,US,Channel pages,Louis Weisz,OMrUmOTPD_AnSivjxptxpA,19,10,1.9
2017-08-25,United States,US,YouTube search,Louis Weisz,OMrUmOTPD_AnSivjxptxpA,5,5,1.1
2017-08-25,United States,US,Suggested videos,Louis Weisz,OMrUmOTPD_AnSivjxptxpA,10,7,1.4
2017-08-25,United States,US,Other YouTube features,Louis Weisz,OMrUmOTPD_AnSivjxptxpA,4,1,4.0
2017-08-25,United States,US,External,Louis Weisz,OMrUmOTPD_AnSivjxptxpA,2,2,1.2
2017-08-26,Australia,AU,Channel pages,Louis Weisz,OMrUmOTPD_AnSivjxptxpA,4,2,1.8
2017-08-26,Australia,AU,Suggested videos,Louis Weisz,OMrUmOTPD_AnSivjxptxpA,4,1,4.1
2017-08-26,Australia,AU,External,Louis Weisz,OMrUmOTPD_AnSivjxptxpA,0,1,0.0
2017-08-26,Canada,CA,Channel pages,Louis Weisz,OMrUmOTPD_AnSivjxptxpA,5,1,4.8
2017-08-26,Canada,CA,YouTube search,Louis Weisz,OMrUmOTPD_AnSivjxptxpA,3,2,1.6
2017-08-26,Canada,CA,Suggested videos,Louis Weisz,OMrUmOTPD_AnSivjxptxpA,5,2,2.5
2017-08-26,Canada,CA,Video cards and annotations,Louis Weisz,OMrUmOTPD_AnSivjxptxpA,11,3,3.6
2017-08-26,Germany,DE,YouTube search,Louis Weisz,OMrUmOTPD_AnSivjxptxpA,0,1,0.2
2017-08-26,United Kingdom,GB,Channel pages,Louis Weisz,OMrUmOTPD_AnSivjxptxpA,4,3,1.4
2017-08-26,United Kingdom,GB,YouTube search,Louis Weisz,OMrUmOTPD_AnSivjxptxpA,2,2,1.0
2017-08-26,United Kingdom,GB,Suggested videos,Louis Weisz,OMrUmOTPD_AnSivjxptxpA,1,2,0.7
2017-08-26,Hungary,HU,External,Louis Weisz,OMrUmOTPD_AnSivjxptxpA,4,1,3.8
2017-08-26,India,IN,YouTube search,Louis Weisz,OMrUmOTPD_AnSivjxptxpA,2,1,2.4
2017-08-26,India,IN,Suggested videos,Louis Weisz,OMrUmOTPD_AnSivjxptxpA,4,1,4.1
2017-08-26,India,IN,External,Louis Weisz,OMrUmOTPD_AnSivjxptxpA,0,1,0.5
2017-08-26,Philippines,PH,Channel pages,Louis Weisz,OMrUmOTPD_AnSivjxptxpA,8,2,3.9
2017-08-26,Poland,PL,Browse features,Louis Weisz,OMrUmOTPD_AnSivjxptxpA,4,1,4.4
2017-08-26,Portugal,PT,Channel pages,Louis Weisz,OMrUmOTPD_AnSivjxptxpA,19,5,3.7
2017-08-26,Singapore,SG,External,Louis Weisz,OMrUmOTPD_AnSivjxptxpA,0,1,0.4
2017-08-26,Ukraine,UA,YouTube search,Louis Weisz,OMrUmOTPD_AnSivjxptxpA,4,2,2.0
2017-08-26,Ukraine,UA,Suggested videos,Louis Weisz,OMrUmOTPD_AnSivjxptxpA,0,1,0.0
2017-08-26,United States,US,Browse features,Louis Weisz,OMrUmOTPD_AnSivjxptxpA,3,1,2.8
2017-08-26,United States,US,Channel pages,Louis Weisz,OMrUmOTPD_AnSivjxptxpA,59,18,3.3
2017-08-26,United States,US,YouTube search,Louis Weisz,OMrUmOTPD_AnSivjxptxpA,26,12,2.2
2017-08-26,United States,US,Suggested videos,Louis Weisz,OMrUmOTPD_AnSivjxptxpA,15,5,3.0
2017-08-26,United States,US,Other YouTube features,Louis Weisz,OMrUmOTPD_AnSivjxptxpA,4,2,1.8
2017-08-26,United States,US,External,Louis Weisz,OMrUmOTPD_AnSivjxptxpA,7,3,2.4
2017-08-26,United States,US,Playlists,Louis Weisz,OMrUmOTPD_AnSivjxptxpA,18,5,3.5
2017-08-26,United States,US,Playlist page,Louis Weisz,OMrUmOTPD_AnSivjxptxpA,6,2,2.9
2017-08-26,United States,US,End screens,Louis Weisz,OMrUmOTPD_AnSivjxptxpA,1,2,0.6
2017-08-26,Vietnam,VN,Suggested videos,Louis Weisz,OMrUmOTPD_AnSivjxptxpA,1,1,1.0
2017-08-27,Austria,AT,YouTube search,Louis Weisz,OMrUmOTPD_AnSivjxptxpA,0,1,0.5
2017-08-27,Australia,AU,External,Louis Weisz,OMrUmOTPD_AnSivjxptxpA,0,1,0.0
2017-08-27,Brazil,BR,Channel pages,Louis Weisz,OMrUmOTPD_AnSivjxptxpA,6,1,5.9
2017-08-27,Canada,CA,Channel pages,Louis Weisz,OMrUmOTPD_AnSivjxptxpA,4,2,1.8
2017-08-27,Canada,CA,YouTube search,Louis Weisz,OMrUmOTPD_AnSivjxptxpA,0,1,0.1
2017-08-27,Canada,CA,Suggested videos,Louis Weisz,OMrUmOTPD_AnSivjxptxpA,8,2,4.0
2017-08-27,Germany,DE,External,Louis Weisz,OMrUmOTPD_AnSivjxptxpA,4,1,4.3
2017-08-27,United Kingdom,GB,Channel pages,Louis Weisz,OMrUmOTPD_AnSivjxptxpA,6,5,1.2
2017-08-27,United Kingdom,GB,YouTube search,Louis Weisz,OMrUmOTPD_AnSivjxptxpA,1,2,0.6
2017-08-27,United Kingdom,GB,Suggested videos,Louis Weisz,OMrUmOTPD_AnSivjxptxpA,4,1,3.6
2017-08-27,Hungary,HU,YouTube search,Louis Weisz,OMrUmOTPD_AnSivjxptxpA,0,1,0.2
2017-08-27,Indonesia,ID,YouTube search,Louis Weisz,OMrUmOTPD_AnSivjxptxpA,4,1,4.0
2017-08-27,Indonesia,ID,Suggested videos,Louis Weisz,OMrUmOTPD_AnSivjxptxpA,3,1,3.3
2017-08-27,Israel,IL,YouTube search,Louis Weisz,OMrUmOTPD_AnSivjxptxpA,0,1,0.4
2017-08-27,Japan,JP,YouTube search,Louis Weisz,OMrUmOTPD_AnSivjxptxpA,4,1,3.5
2017-08-27,Mexico,MX,Channel pages,Louis Weisz,OMrUmOTPD_AnSivjxptxpA,10,3,3.3
2017-08-27,Mexico,MX,YouTube search,Louis Weisz,OMrUmOTPD_AnSivjxptxpA,0,1,0.0
2017-08-27,Norway,NO,YouTube search,Louis Weisz,OMrUmOTPD_AnSivjxptxpA,1,1,0.8
2017-08-27,Pakistan,PK,External,Louis Weisz,OMrUmOTPD_AnSivjxptxpA,3,1,3.3
2017-08-27,Qatar,QA,YouTube search,Louis Weisz,OMrUmOTPD_AnSivjxptxpA,1,1,0.8
2017-08-27,United States,US,Channel pages,Louis Weisz,OMrUmOTPD_AnSivjxptxpA,80,34,2.4
2017-08-27,United States,US,YouTube search,Louis Weisz,OMrUmOTPD_AnSivjxptxpA,5,5,1.0
2017-08-27,United States,US,Suggested videos,Louis Weisz,OMrUmOTPD_AnSivjxptxpA,44,19,2.3
2017-08-27,United States,US,Other YouTube features,Louis Weisz,OMrUmOTPD_AnSivjxptxpA,0,1,0.1
2017-08-27,United States,US,External,Louis Weisz,OMrUmOTPD_AnSivjxptxpA,9,4,2.2
2017-08-28,Austria,AT,External,Louis Weisz,OMrUmOTPD_AnSivjxptxpA,4,1,4.1
2017-08-28,Australia,AU,External,Louis Weisz,OMrUmOTPD_AnSivjxptxpA,0,1,0.0
2017-08-28,Belgium,BE,Channel pages,Louis Weisz,OMrUmOTPD_AnSivjxptxpA,2,2,0.9
2017-08-28,Brazil,BR,YouTube search,Louis Weisz,OMrUmOTPD_AnSivjxptxpA,7,1,6.7
2017-08-28,Canada,CA,Channel pages,Louis Weisz,OMrUmOTPD_AnSivjxptxpA,16,7,2.3
2017-08-28,Canada,CA,YouTube search,Louis Weisz,OMrUmOTPD_AnSivjxptxpA,2,1,2.4
2017-08-28,Canada,CA,Suggested videos,Louis Weisz,OMrUmOTPD_AnSivjxptxpA,13,7,1.9
2017-08-28,Canada,CA,External,Louis Weisz,OMrUmOTPD_AnSivjxptxpA,4,1,3.7
2017-08-28,Germany,DE,Direct or unknown,Louis Weisz,OMrUmOTPD_AnSivjxptxpA,3,1,3.4
2017-08-28,Germany,DE,YouTube search,Louis Weisz,OMrUmOTPD_AnSivjxptxpA,1,1,0.9
2017-08-28,Germany,DE,Suggested videos,Louis Weisz,OMrUmOTPD_AnSivjxptxpA,0,1,0.3
2017-08-28,Germany,DE,External,Louis Weisz,OMrUmOTPD_AnSivjxptxpA,0,2,0.2
2017-08-28,Egypt,EG,Channel pages,Louis Weisz,OMrUmOTPD_AnSivjxptxpA,4,1,4.0
2017-08-28,Spain,ES,YouTube search,Louis Weisz,OMrUmOTPD_AnSivjxptxpA,1,1,0.7
2017-08-28,United Kingdom,GB,YouTube search,Louis Weisz,OMrUmOTPD_AnSivjxptxpA,4,2,1.8
2017-08-28,United Kingdom,GB,Suggested videos,Louis Weisz,OMrUmOTPD_AnSivjxptxpA,0,1,0.2
2017-08-28,India,IN,YouTube search,Louis Weisz,OMrUmOTPD_AnSivjxptxpA,1,1,1.4
2017-08-28,India,IN,External,Louis Weisz,OMrUmOTPD_AnSivjxptxpA,3,3,0.9
2017-08-28,Italy,IT,Channel pages,Louis Weisz,OMrUmOTPD_AnSivjxptxpA,4,2,2.0
2017-08-28,Moldova,MD,YouTube search,Louis Weisz,OMrUmOTPD_AnSivjxptxpA,0,1,0.2
2017-08-28,Netherlands,NL,External,Louis Weisz,OMrUmOTPD_AnSivjxptxpA,0,2,0.0
2017-08-28,Sweden,SE,Channel pages,Louis Weisz,OMrUmOTPD_AnSivjxptxpA,1,1,0.6
2017-08-28,United States,US,Channel pages,Louis Weisz,OMrUmOTPD_AnSivjxptxpA,7,8,0.8
2017-08-28,United States,US,YouTube search,Louis Weisz,OMrUmOTPD_AnSivjxptxpA,22,7,3.2
2017-08-28,United States,US,Suggested videos,Louis Weisz,OMrUmOTPD_AnSivjxptxpA,44,12,3.7
2017-08-28,United States,US,Other YouTube features,Louis Weisz,OMrUmOTPD_AnSivjxptxpA,8,2,3.9
2017-08-28,United States,US,External,Louis Weisz,OMrUmOTPD_AnSivjxptxpA,9,3,2.9
2017-08-28,United States,US,Video cards and annotations,Louis Weisz,OMrUmOTPD_AnSivjxptxpA,0,1,0.1
2017-08-28,United States,US,Playlist page,Louis Weisz,OMrUmOTPD_AnSivjxptxpA,3,1,3.2
2017-08-28,Venezuela,VE,Browse features,Louis Weisz,OMrUmOTPD_AnSivjxptxpA,0,1,0.1
2017-08-28,South Africa,ZA,YouTube search,Louis Weisz,OMrUmOTPD_AnSivjxptxpA,1,1,0.7
2017-08-29,Australia,AU,Channel pages,Louis Weisz,OMrUmOTPD_AnSivjxptxpA,4,1,4.0
2017-08-29,Australia,AU,Suggested videos,Louis Weisz,OMrUmOTPD_AnSivjxptxpA,3,1,2.8
2017-08-29,Bolivia,BO,YouTube search,Louis Weisz,OMrUmOTPD_AnSivjxptxpA,3,1,2.8
2017-08-29,Canada,CA,YouTube search,Louis Weisz,OMrUmOTPD_AnSivjxptxpA,5,1,5.3
2017-08-29,Canada,CA,Playlist page,Louis Weisz,OMrUmOTPD_AnSivjxptxpA,6,1,6.2
2017-08-29,Germany,DE,Channel pages,Louis Weisz,OMrUmOTPD_AnSivjxptxpA,1,1,1.3
2017-08-29,Spain,ES,Channel pages,Louis Weisz,OMrUmOTPD_AnSivjxptxpA,6,2,2.9
2017-08-29,France,FR,YouTube search,Louis Weisz,OMrUmOTPD_AnSivjxptxpA,1,1,0.8
2017-08-29,United Kingdom,GB,Browse features,Louis Weisz,OMrUmOTPD_AnSivjxptxpA,2,1,2.2
2017-08-29,United Kingdom,GB,YouTube search,Louis Weisz,OMrUmOTPD_AnSivjxptxpA,1,1,0.5
2017-08-29,United Kingdom,GB,External,Louis Weisz,OMrUmOTPD_AnSivjxptxpA,5,3,1.7
2017-08-29,Guam,GU,YouTube search,Louis Weisz,OMrUmOTPD_AnSivjxptxpA,3,1,3.2
2017-08-29,Hong Kong,HK,Channel pages,Louis Weisz,OMrUmOTPD_AnSivjxptxpA,7,2,3.5
2017-08-29,Indonesia,ID,YouTube search,Louis Weisz,OMrUmOTPD_AnSivjxptxpA,1,1,1.5
2017-08-29,Japan,JP,Suggested videos,Louis Weisz,OMrUmOTPD_AnSivjxptxpA,4,1,4.3
2017-08-29,Kuwait,KW,YouTube search,Louis Weisz,OMrUmOTPD_AnSivjxptxpA,1,1,0.9
2017-08-29,Mexico,MX,Suggested videos,Louis Weisz,OMrUmOTPD_AnSivjxptxpA,4,1,3.8
2017-08-29,Pakistan,PK,External,Louis Weisz,OMrUmOTPD_AnSivjxptxpA,2,1,1.9
2017-08-29,Russia,RU,Suggested videos,Louis Weisz,OMrUmOTPD_AnSivjxptxpA,3,1,3.1
2017-08-29,Turkey,TR,Channel pages,Louis Weisz,OMrUmOTPD_AnSivjxptxpA,4,1,4.2
2017-08-29,United States,US,Direct or unknown,Louis Weisz,OMrUmOTPD_AnSivjxptxpA,0,1,0.5
2017-08-29,United States,US,Browse features,Louis Weisz,OMrUmOTPD_AnSivjxptxpA,11,2,5.3
2017-08-29,United States,US,Channel pages,Louis Weisz,OMrUmOTPD_AnSivjxptxpA,28,18,1.6
2017-08-29,United States,US,YouTube search,Louis Weisz,OMrUmOTPD_AnSivjxptxpA,26,10,2.6
2017-08-29,United States,US,Suggested videos,Louis Weisz,OMrUmOTPD_AnSivjxptxpA,39,13,3.0
2017-08-29,United States,US,Other YouTube features,Louis Weisz,OMrUmOTPD_AnSivjxptxpA,6,2,2.9
2017-08-29,United States,US,External,Louis Weisz,OMrUmOTPD_AnSivjxptxpA,8,2,3.8
2017-08-29,United States,US,End screens,Louis Weisz,OMrUmOTPD_AnSivjxptxpA,1,1,1.1
2017-08-29,Vietnam,VN,YouTube search,Louis Weisz,OMrUmOTPD_AnSivjxptxpA,3,1,3.0
2017-08-30,Australia,AU,Channel pages,Louis Weisz,OMrUmOTPD_AnSivjxptxpA,0,1,0.2
2017-08-30,Australia,AU,External,Louis Weisz,OMrUmOTPD_AnSivjxptxpA,0,1,0.0
2017-08-30,Brazil,BR,Suggested videos,Louis Weisz,OMrUmOTPD_AnSivjxptxpA,3,1,2.7
2017-08-30,Canada,CA,Channel pages,Louis Weisz,OMrUmOTPD_AnSivjxptxpA,0,1,0.2
2017-08-30,Colombia,CO,Playlist page,Louis Weisz,OMrUmOTPD_AnSivjxptxpA,1,1,1.3
2017-08-30,Czechia,CZ,YouTube search,Louis Weisz,OMrUmOTPD_AnSivjxptxpA,0,1,0.2
2017-08-30,Germany,DE,Channel pages,Louis Weisz,OMrUmOTPD_AnSivjxptxpA,1,2,0.3
2017-08-30,Spain,ES,Channel pages,Louis Weisz,OMrUmOTPD_AnSivjxptxpA,0,1,0.2
2017-08-30,Spain,ES,Suggested videos,Louis Weisz,OMrUmOTPD_AnSivjxptxpA,1,1,1.4
2017-08-30,France,FR,Channel pages,Louis Weisz,OMrUmOTPD_AnSivjxptxpA,1,1,0.6
2017-08-30,France,FR,YouTube search,Louis Weisz,OMrUmOTPD_AnSivjxptxpA,2,1,1.9
2017-08-30,United Kingdom,GB,YouTube search,Louis Weisz,OMrUmOTPD_AnSivjxptxpA,1,1,0.7
2017-08-30,Guatemala,GT,Channel pages,Louis Weisz,OMrUmOTPD_AnSivjxptxpA,0,1,0.2
2017-08-30,Hungary,HU,Suggested videos,Louis Weisz,OMrUmOTPD_AnSivjxptxpA,4,1,4.3
2017-08-30,India,IN,YouTube search,Louis Weisz,OMrUmOTPD_AnSivjxptxpA,0,1,0.4
2017-08-30,Japan,JP,External,Louis Weisz,OMrUmOTPD_AnSivjxptxpA,1,1,0.7
2017-08-30,Mexico,MX,YouTube search,Louis Weisz,OMrUmOTPD_AnSivjxptxpA,3,1,2.7
2017-08-30,Mexico,MX,Suggested videos,Louis Weisz,OMrUmOTPD_AnSivjxptxpA,0,1,0.3
2017-08-30,Netherlands,NL,Suggested videos,Louis Weisz,OMrUmOTPD_AnSivjxptxpA,0,2,0.1
2017-08-30,New Zealand,NZ,YouTube search,Louis Weisz,OMrUmOTPD_AnSivjxptxpA,1,1,0.7
2017-08-30,Poland,PL,YouTube search,Louis Weisz,OMrUmOTPD_AnSivjxptxpA,0,2,0.2
2017-08-30,Singapore,SG,Suggested videos,Louis Weisz,OMrUmOTPD_AnSivjxptxpA,3,1,3.2
2017-08-30,United States,US,Direct or unknown,Louis Weisz,OMrUmOTPD_AnSivjxptxpA,4,1,4.3
2017-08-30,United States,US,Channel pages,Louis Weisz,OMrUmOTPD_AnSivjxptxpA,18,9,2.0
2017-08-30,United States,US,YouTube search,Louis Weisz,OMrUmOTPD_AnSivjxptxpA,18,9,2.0
2017-08-30,United States,US,Suggested videos,Louis Weisz,OMrUmOTPD_AnSivjxptxpA,36,11,3.3
2017-08-30,United States,US,Other YouTube features,Louis Weisz,OMrUmOTPD_AnSivjxptxpA,4,1,3.9
2017-08-30,United States,US,External,Louis Weisz,OMrUmOTPD_AnSivjxptxpA,14,5,2.8
2017-08-31,Australia,AU,External,Louis Weisz,OMrUmOTPD_AnSivjxptxpA,0,1,0.0
2017-08-31,Australia,AU,Playlists,Louis Weisz,OMrUmOTPD_AnSivjxptxpA,15,3,4.8
2017-08-31,Australia,AU,Playlist page,Louis Weisz,OMrUmOTPD_AnSivjxptxpA,3,1,3.3
2017-08-31,Bulgaria,BG,External,Louis Weisz,OMrUmOTPD_AnSivjxptxpA,1,1,0.6
2017-08-31,Canada,CA,Channel pages,Louis Weisz,OMrUmOTPD_AnSivjxptxpA,1,1,1.2
2017-08-31,Canada,CA,Suggested videos,Louis Weisz,OMrUmOTPD_AnSivjxptxpA,13,4,3.2
2017-08-31,Switzerland,CH,YouTube search,Louis Weisz,OMrUmOTPD_AnSivjxptxpA,0,1,0.1
2017-08-31,Germany,DE,YouTube search,Louis Weisz,OMrUmOTPD_AnSivjxptxpA,3,1,3.2
2017-08-31,Germany,DE,Suggested videos,Louis Weisz,OMrUmOTPD_AnSivjxptxpA,11,2,5.3
2017-08-31,Germany,DE,External,Louis Weisz,OMrUmOTPD_AnSivjxptxpA,0,1,0.1
2017-08-31,Egypt,EG,YouTube search,Louis Weisz,OMrUmOTPD_AnSivjxptxpA,3,1,3.3
2017-08-31,France,FR,Suggested videos,Louis Weisz,OMrUmOTPD_AnSivjxptxpA,0,1,0.2
2017-08-31,United Kingdom,GB,Browse features,Louis Weisz,OMrUmOTPD_AnSivjxptxpA,2,1,1.6
2017-08-31,United Kingdom,GB,Channel pages,Louis Weisz,OMrUmOTPD_AnSivjxptxpA,0,2,0.1
2017-08-31,United Kingdom,GB,Suggested videos,Louis Weisz,OMrUmOTPD_AnSivjxptxpA,0,1,0.0
2017-08-31,India,IN,YouTube search,Louis Weisz,OMrUmOTPD_AnSivjxptxpA,0,2,0.2
2017-08-31,India,IN,Suggested videos,Louis Weisz,OMrUmOTPD_AnSivjxptxpA,4,1,4.1
2017-08-31,India,IN,External,Louis Weisz,OMrUmOTPD_AnSivjxptxpA,0,1,0.3
2017-08-31,Jordan,JO,YouTube search,Louis Weisz,OMrUmOTPD_AnSivjxptxpA,1,1,0.9
2017-08-31,Japan,JP,External,Louis Weisz,OMrUmOTPD_AnSivjxptxpA,2,1,2.1
2017-08-31,South Korea,KR,YouTube search,Louis Weisz,OMrUmOTPD_AnSivjxptxpA,0,1,0.2
2017-08-31,Luxembourg,LU,Channel pages,Louis Weisz,OMrUmOTPD_AnSivjxptxpA,1,2,0.4
2017-08-31,Malaysia,MY,YouTube search,Louis Weisz,OMrUmOTPD_AnSivjxptxpA,3,1,2.7
2017-08-31,Poland,PL,Channel pages,Louis Weisz,OMrUmOTPD_AnSivjxptxpA,3,1,2.8
2017-08-31,Poland,PL,YouTube search,Louis Weisz,OMrUmOTPD_AnSivjxptxpA,1,1,1.1
2017-08-31,Turkey,TR,YouTube search,Louis Weisz,OMrUmOTPD_AnSivjxptxpA,0,1,0.2
2017-08-31,United States,US,Browse features,Louis Weisz,OMrUmOTPD_AnSivjxptxpA,4,1,3.5
2017-08-31,United States,US,Channel pages,Louis Weisz,OMrUmOTPD_AnSivjxptxpA,42,14,3.0
2017-08-31,United States,US,YouTube search,Louis Weisz,OMrUmOTPD_AnSivjxptxpA,9,5,1.8
2017-08-31,United States,US,Suggested videos,Louis Weisz,OMrUmOTPD_AnSivjxptxpA,40,13,3.1
2017-08-31,United States,US,Other YouTube features,Louis Weisz,OMrUmOTPD_AnSivjxptxpA,8,3,2.8
2017-08-31,United States,US,External,Louis Weisz,OMrUmOTPD_AnSivjxptxpA,9,3,3.1
2017-08-31,United States,US,Video cards and annotations,Louis Weisz,OMrUmOTPD_AnSivjxptxpA,2,1,2.0
2017-08-31,United States,US,End screens,Louis Weisz,OMrUmOTPD_AnSivjxptxpA,0,1,0.1
2017-08-31,Vietnam,VN,External,Louis Weisz,OMrUmOTPD_AnSivjxptxpA,4,1,3.9
2017-09-01,Australia,AU,Browse features,Louis Weisz,OMrUmOTPD_AnSivjxptxpA,3,1,3.2
2017-09-01,Australia,AU,YouTube search,Louis Weisz,OMrUmOTPD_AnSivjxptxpA,1,1,1.0
2017-09-01,Australia,AU,Suggested videos,Louis Weisz,OMrUmOTPD_AnSivjxptxpA,13,3,4.5
2017-09-01,Australia,AU,External,Louis Weisz,OMrUmOTPD_AnSivjxptxpA,0,1,0.0
2017-09-01,Bangladesh,BD,YouTube search,Louis Weisz,OMrUmOTPD_AnSivjxptxpA,0,2,0.2
2017-09-01,Canada,CA,Browse features,Louis Weisz,OMrUmOTPD_AnSivjxptxpA,1,1,1.2
2017-09-01,Canada,CA,Channel pages,Louis Weisz,OMrUmOTPD_AnSivjxptxpA,5,1,4.8
2017-09-01,Canada,CA,External,Louis Weisz,OMrUmOTPD_AnSivjxptxpA,4,2,1.8
2017-09-01,Switzerland,CH,Channel pages,Louis Weisz,OMrUmOTPD_AnSivjxptxpA,0,1,0.4
2017-09-01,Switzerland,CH,YouTube search,Louis Weisz,OMrUmOTPD_AnSivjxptxpA,2,1,2.5
2017-09-01,Germany,DE,Channel pages,Louis Weisz,OMrUmOTPD_AnSivjxptxpA,29,7,4.1
2017-09-01,Germany,DE,Suggested videos,Louis Weisz,OMrUmOTPD_AnSivjxptxpA,2,1,2.0
2017-09-01,Germany,DE,External,Louis Weisz,OMrUmOTPD_AnSivjxptxpA,1,1,0.6
2017-09-01,Denmark,DK,Suggested videos,Louis Weisz,OMrUmOTPD_AnSivjxptxpA,0,1,0.3
2017-09-01,Spain,ES,Channel pages,Louis Weisz,OMrUmOTPD_AnSivjxptxpA,17,4,4.3
2017-09-01,Spain,ES,YouTube search,Louis Weisz,OMrUmOTPD_AnSivjxptxpA,0,1,0.2
2017-09-01,France,FR,Channel pages,Louis Weisz,OMrUmOTPD_AnSivjxptxpA,4,4,1.1
2017-09-01,United Kingdom,GB,Channel pages,Louis Weisz,OMrUmOTPD_AnSivjxptxpA,13,4,3.1
2017-09-01,United Kingdom,GB,Suggested videos,Louis Weisz,OMrUmOTPD_AnSivjxptxpA,11,5,2.1
2017-09-01,Indonesia,ID,YouTube search,Louis Weisz,OMrUmOTPD_AnSivjxptxpA,3,1,2.8
2017-09-01,Japan,JP,External,Louis Weisz,OMrUmOTPD_AnSivjxptxpA,2,1,2.1
2017-09-01,Myanmar (Burma),MM,YouTube search,Louis Weisz,OMrUmOTPD_AnSivjxptxpA,0,1,0.3
2017-09-01,Mexico,MX,Channel pages,Louis Weisz,OMrUmOTPD_AnSivjxptxpA,1,2,0.7
2017-09-01,Norway,NO,Channel pages,Louis Weisz,OMrUmOTPD_AnSivjxptxpA,3,1,3.2
2017-09-01,Norway,NO,Suggested videos,Louis Weisz,OMrUmOTPD_AnSivjxptxpA,14,3,4.5
2017-09-01,Nepal,NP,YouTube search,Louis Weisz,OMrUmOTPD_AnSivjxptxpA,4,1,3.6
2017-09-01,Pakistan,PK,YouTube search,Louis Weisz,OMrUmOTPD_AnSivjxptxpA,0,1,0.1
2017-09-01,Poland,PL,Channel pages,Louis Weisz,OMrUmOTPD_AnSivjxptxpA,1,1,1.4
2017-09-01,Poland,PL,YouTube search,Louis Weisz,OMrUmOTPD_AnSivjxptxpA,0,1,0.1
2017-09-01,Saudi Arabia,SA,YouTube search,Louis Weisz,OMrUmOTPD_AnSivjxptxpA,0,1,0.2
2017-09-01,Singapore,SG,Channel pages,Louis Weisz,OMrUmOTPD_AnSivjxptxpA,0,1,0.1
2017-09-01,United States,US,Channel pages,Louis Weisz,OMrUmOTPD_AnSivjxptxpA,26,17,1.5
2017-09-01,United States,US,YouTube search,Louis Weisz,OMrUmOTPD_AnSivjxptxpA,16,8,2.0
2017-09-01,United States,US,Suggested videos,Louis Weisz,OMrUmOTPD_AnSivjxptxpA,40,13,3.1
2017-09-01,United States,US,Other YouTube features,Louis Weisz,OMrUmOTPD_AnSivjxptxpA,5,2,2.4
2017-09-01,United States,US,External,Louis Weisz,OMrUmOTPD_AnSivjxptxpA,6,2,2.8
2017-09-02,Australia,AU,Channel pages,Louis Weisz,OMrUmOTPD_AnSivjxptxpA,4,3,1.4
2017-09-02,Australia,AU,External,Louis Weisz,OMrUmOTPD_AnSivjxptxpA,4,1,4.1
2017-09-02,Canada,CA,Channel pages,Louis Weisz,OMrUmOTPD_AnSivjxptxpA,6,2,3.2
2017-09-02,Germany,DE,YouTube search,Louis Weisz,OMrUmOTPD_AnSivjxptxpA,0,1,0.4
2017-09-02,Spain,ES,Channel pages,Louis Weisz,OMrUmOTPD_AnSivjxptxpA,1,2,0.5
2017-09-02,Finland,FI,Channel pages,Louis Weisz,OMrUmOTPD_AnSivjxptxpA,9,3,3.0
2017-09-02,France,FR,Channel pages,Louis Weisz,OMrUmOTPD_AnSivjxptxpA,3,1,3.4
2017-09-02,United Kingdom,GB,YouTube search,Louis Weisz,OMrUmOTPD_AnSivjxptxpA,3,1,2.8
2017-09-02,United Kingdom,GB,Suggested videos,Louis Weisz,OMrUmOTPD_AnSivjxptxpA,4,1,4.2
2017-09-02,Indonesia,ID,Other YouTube features,Louis Weisz,OMrUmOTPD_AnSivjxptxpA,2,1,2.5
2017-09-02,India,IN,External,Louis Weisz,OMrUmOTPD_AnSivjxptxpA,2,1,1.7
2017-09-02,Japan,JP,External,Louis Weisz,OMrUmOTPD_AnSivjxptxpA,2,1,2.1
2017-09-02,Lithuania,LT,Channel pages,Louis Weisz,OMrUmOTPD_AnSivjxptxpA,4,2,2.2
2017-09-02,Mexico,MX,Suggested videos,Louis Weisz,OMrUmOTPD_AnSivjxptxpA,2,2,1.2
2017-09-02,Pakistan,PK,External,Louis Weisz,OMrUmOTPD_AnSivjxptxpA,6,4,1.5
2017-09-02,Portugal,PT,YouTube search,Louis Weisz,OMrUmOTPD_AnSivjxptxpA,1,1,1.0
2017-09-02,Taiwan,TW,YouTube search,Louis Weisz,OMrUmOTPD_AnSivjxptxpA,0,1,0.2
2017-09-02,United States,US,Direct or unknown,Louis Weisz,OMrUmOTPD_AnSivjxptxpA,4,1,4.3
2017-09-02,United States,US,Browse features,Louis Weisz,OMrUmOTPD_AnSivjxptxpA,4,1,4.1
2017-09-02,United States,US,Channel pages,Louis Weisz,OMrUmOTPD_AnSivjxptxpA,44,25,1.8
2017-09-02,United States,US,YouTube search,Louis Weisz,OMrUmOTPD_AnSivjxptxpA,15,7,2.2
2017-09-02,United States,US,Suggested videos,Louis Weisz,OMrUmOTPD_AnSivjxptxpA,49,16,3.0
2017-09-02,United States,US,External,Louis Weisz,OMrUmOTPD_AnSivjxptxpA,16,4,4.0
2017-09-02,United States,US,Video cards and annotations,Louis Weisz,OMrUmOTPD_AnSivjxptxpA,1,1,0.7
2017-09-02,United States,US,Playlists,Louis Weisz,OMrUmOTPD_AnSivjxptxpA,4,3,1.4
2017-09-02,Vietnam,VN,YouTube search,Louis Weisz,OMrUmOTPD_AnSivjxptxpA,0,1,0.1
2017-09-03,Australia,AU,Channel pages,Louis Weisz,OMrUmOTPD_AnSivjxptxpA,11,4,2.8
2017-09-03,Australia,AU,External,Louis Weisz,OMrUmOTPD_AnSivjxptxpA,2,2,1.0
2017-09-03,Bangladesh,BD,Channel pages,Louis Weisz,OMrUmOTPD_AnSivjxptxpA,1,1,1.3
2017-09-03,Bangladesh,BD,Suggested videos,Louis Weisz,OMrUmOTPD_AnSivjxptxpA,5,2,2.4
2017-09-03,Belgium,BE,Channel pages,Louis Weisz,OMrUmOTPD_AnSivjxptxpA,1,2,0.3
2017-09-03,Brazil,BR,YouTube search,Louis Weisz,OMrUmOTPD_AnSivjxptxpA,2,1,2.2
2017-09-03,Canada,CA,YouTube search,Louis Weisz,OMrUmOTPD_AnSivjxptxpA,1,1,0.6
2017-09-03,Canada,CA,Suggested videos,Louis Weisz,OMrUmOTPD_AnSivjxptxpA,0,1,0.3
2017-09-03,Germany,DE,Channel pages,Louis Weisz,OMrUmOTPD_AnSivjxptxpA,1,2,0.4
2017-09-03,Germany,DE,Suggested videos,Louis Weisz,OMrUmOTPD_AnSivjxptxpA,2,1,2.1
2017-09-03,Germany,DE,External,Louis Weisz,OMrUmOTPD_AnSivjxptxpA,3,1,3.3
2017-09-03,Spain,ES,External,Louis Weisz,OMrUmOTPD_AnSivjxptxpA,5,1,5.3
2017-09-03,France,FR,Browse features,Louis Weisz,OMrUmOTPD_AnSivjxptxpA,3,1,3.2
2017-09-03,France,FR,Channel pages,Louis Weisz,OMrUmOTPD_AnSivjxptxpA,6,2,3.1
2017-09-03,France,FR,Suggested videos,Louis Weisz,OMrUmOTPD_AnSivjxptxpA,15,3,5.1
2017-09-03,France,FR,Video cards and annotations,Louis Weisz,OMrUmOTPD_AnSivjxptxpA,1,1,0.8
2017-09-03,United Kingdom,GB,YouTube search,Louis Weisz,OMrUmOTPD_AnSivjxptxpA,0,1,0.2
2017-09-03,United Kingdom,GB,Suggested videos,Louis Weisz,OMrUmOTPD_AnSivjxptxpA,6,3,2.0
2017-09-03,United Kingdom,GB,Playlist page,Louis Weisz,OMrUmOTPD_AnSivjxptxpA,1,1,1.4
2017-09-03,Georgia,GE,Browse features,Louis Weisz,OMrUmOTPD_AnSivjxptxpA,3,1,2.9
2017-09-03,Hungary,HU,Suggested videos,Louis Weisz,OMrUmOTPD_AnSivjxptxpA,4,1,4.3
2017-09-03,India,IN,YouTube search,Louis Weisz,OMrUmOTPD_AnSivjxptxpA,3,2,1.6
2017-09-03,Italy,IT,External,Louis Weisz,OMrUmOTPD_AnSivjxptxpA,0,1,0.2
2017-09-03,Norway,NO,YouTube search,Louis Weisz,OMrUmOTPD_AnSivjxptxpA,0,1,0.5
2017-09-03,Philippines,PH,YouTube search,Louis Weisz,OMrUmOTPD_AnSivjxptxpA,3,1,2.6
2017-09-03,Philippines,PH,Suggested videos,Louis Weisz,OMrUmOTPD_AnSivjxptxpA,3,2,1.5
2017-09-03,Puerto Rico,PR,Suggested videos,Louis Weisz,OMrUmOTPD_AnSivjxptxpA,0,1,0.0
2017-09-03,Romania,RO,YouTube search,Louis Weisz,OMrUmOTPD_AnSivjxptxpA,6,1,6.0
2017-09-03,Sweden,SE,Suggested videos,Louis Weisz,OMrUmOTPD_AnSivjxptxpA,4,1,4.3
2017-09-03,Thailand,TH,YouTube search,Louis Weisz,OMrUmOTPD_AnSivjxptxpA,0,1,0.3
2017-09-03,United States,US,Browse features,Louis Weisz,OMrUmOTPD_AnSivjxptxpA,13,3,4.3
2017-09-03,United States,US,Channel pages,Louis Weisz,OMrUmOTPD_AnSivjxptxpA,52,21,2.5
2017-09-03,United States,US,YouTube search,Louis Weisz,OMrUmOTPD_AnSivjxptxpA,31,8,3.8
2017-09-03,United States,US,Suggested videos,Louis Weisz,OMrUmOTPD_AnSivjxptxpA,34,14,2.4
2017-09-03,United States,US,Other YouTube features,Louis Weisz,OMrUmOTPD_AnSivjxptxpA,0,1,0.0
2017-09-03,United States,US,External,Louis Weisz,OMrUmOTPD_AnSivjxptxpA,14,4,3.5
2017-09-03,United States,US,Video cards and annotations,Louis Weisz,OMrUmOTPD_AnSivjxptxpA,10,3,3.3
2017-09-03,United States,US,Playlists,Louis Weisz,OMrUmOTPD_AnSivjxptxpA,4,2,2.2
2017-09-03,United States,US,Notifications,Louis Weisz,OMrUmOTPD_AnSivjxptxpA,0,1,0.1
2017-09-03,United States,US,End screens,Louis Weisz,OMrUmOTPD_AnSivjxptxpA,1,2,0.5
2017-09-04,Austria,AT,Channel pages,Louis Weisz,OMrUmOTPD_AnSivjxptxpA,3,2,1.7
2017-09-04,Austria,AT,Suggested videos,Louis Weisz,OMrUmOTPD_AnSivjxptxpA,0,3,0.1
2017-09-04,Australia,AU,Channel pages,Louis Weisz,OMrUmOTPD_AnSivjxptxpA,6,2,3.2
2017-09-04,Australia,AU,External,Louis Weisz,OMrUmOTPD_AnSivjxptxpA,0,1,0.0
2017-09-04,Bulgaria,BG,Channel pages,Louis Weisz,OMrUmOTPD_AnSivjxptxpA,4,1,3.5
2017-09-04,Bulgaria,BG,Suggested videos,Louis Weisz,OMrUmOTPD_AnSivjxptxpA,8,2,4.1
2017-09-04,Bulgaria,BG,External,Louis Weisz,OMrUmOTPD_AnSivjxptxpA,0,1,0.1
2017-09-04,Brazil,BR,Channel pages,Louis Weisz,OMrUmOTPD_AnSivjxptxpA,0,2,0.2
2017-09-04,Canada,CA,Channel pages,Louis Weisz,OMrUmOTPD_AnSivjxptxpA,2,1,2.2
2017-09-04,Canada,CA,YouTube search,Louis Weisz,OMrUmOTPD_AnSivjxptxpA,4,1,4.3
2017-09-04,Switzerland,CH,Channel pages,Louis Weisz,OMrUmOTPD_AnSivjxptxpA,4,1,4.1
2017-09-04,Indonesia,ID,Other YouTube features,Louis Weisz,OMrUmOTPD_AnSivjxptxpA,0,1,0.4
2017-09-04,India,IN,External,Louis Weisz,OMrUmOTPD_AnSivjxptxpA,1,2,0.6
2017-09-04,Japan,JP,Suggested videos,Louis Weisz,OMrUmOTPD_AnSivjxptxpA,2,1,2.0
2017-09-04,Malaysia,MY,Suggested videos,Louis Weisz,OMrUmOTPD_AnSivjxptxpA,6,1,5.5
2017-09-04,Netherlands,NL,Direct or unknown,Louis Weisz,OMrUmOTPD_AnSivjxptxpA,1,1,0.5
2017-09-04,Singapore,SG,Suggested videos,Louis Weisz,OMrUmOTPD_AnSivjxptxpA,4,1,3.7
2017-09-04,Thailand,TH,External,Louis Weisz,OMrUmOTPD_AnSivjxptxpA,0,1,0.1
2017-09-04,Turkey,TR,YouTube search,Louis Weisz,OMrUmOTPD_AnSivjxptxpA,1,1,0.6
2017-09-04,United States,US,Direct or unknown,Louis Weisz,OMrUmOTPD_AnSivjxptxpA,1,1,1.4
2017-09-04,United States,US,Channel pages,Louis Weisz,OMrUmOTPD_AnSivjxptxpA,37,14,2.6
2017-09-04,United States,US,YouTube search,Louis Weisz,OMrUmOTPD_AnSivjxptxpA,11,4,2.8
2017-09-04,United States,US,Suggested videos,Louis Weisz,OMrUmOTPD_AnSivjxptxpA,47,18,2.6
2017-09-04,United States,US,External,Louis Weisz,OMrUmOTPD_AnSivjxptxpA,8,3,2.8
2017-09-04,United States,US,Playlist page,Louis Weisz,OMrUmOTPD_AnSivjxptxpA,1,1,1.3
2017-09-05,Australia,AU,External,Louis Weisz,OMrUmOTPD_AnSivjxptxpA,0,1,0.0
2017-09-05,Belgium,BE,Channel pages,Louis Weisz,OMrUmOTPD_AnSivjxptxpA,0,1,0.2
2017-09-05,Belgium,BE,YouTube search,Louis Weisz,OMrUmOTPD_AnSivjxptxpA,0,1,0.3
2017-09-05,Canada,CA,External,Louis Weisz,OMrUmOTPD_AnSivjxptxpA,1,1,1.0
2017-09-05,Germany,DE,Channel pages,Louis Weisz,OMrUmOTPD_AnSivjxptxpA,7,4,1.8
2017-09-05,France,FR,Suggested videos,Louis Weisz,OMrUmOTPD_AnSivjxptxpA,4,1,4.2
2017-09-05,United Kingdom,GB,Suggested videos,Louis Weisz,OMrUmOTPD_AnSivjxptxpA,4,1,4.2
2017-09-05,Indonesia,ID,External,Louis Weisz,OMrUmOTPD_AnSivjxptxpA,5,1,5.4
2017-09-05,India,IN,External,Louis Weisz,OMrUmOTPD_AnSivjxptxpA,2,2,0.8
2017-09-05,Iraq,IQ,Suggested videos,Louis Weisz,OMrUmOTPD_AnSivjxptxpA,0,1,0.5
2017-09-05,South Korea,KR,YouTube search,Louis Weisz,OMrUmOTPD_AnSivjxptxpA,3,1,3.2
2017-09-05,Namibia,NA,Channel pages,Louis Weisz,OMrUmOTPD_AnSivjxptxpA,3,1,3.2
2017-09-05,Philippines,PH,Browse features,Louis Weisz,OMrUmOTPD_AnSivjxptxpA,4,1,4.0
2017-09-05,Thailand,TH,Browse features,Louis Weisz,OMrUmOTPD_AnSivjxptxpA,3,1,2.5
2017-09-05,United States,US,Browse features,Louis Weisz,OMrUmOTPD_AnSivjxptxpA,4,1,3.7
2017-09-05,United States,US,Channel pages,Louis Weisz,OMrUmOTPD_AnSivjxptxpA,6,5,1.2
2017-09-05,United States,US,YouTube search,Louis Weisz,OMrUmOTPD_AnSivjxptxpA,14,6,2.3
2017-09-05,United States,US,Suggested videos,Louis Weisz,OMrUmOTPD_AnSivjxptxpA,18,5,3.6
2017-09-05,United States,US,External,Louis Weisz,OMrUmOTPD_AnSivjxptxpA,4,1,3.6
2017-09-05,United States,US,Playlist page,Louis Weisz,OMrUmOTPD_AnSivjxptxpA,15,3,5.0
2017-09-06,Australia,AU,Browse features,Louis Weisz,OMrUmOTPD_AnSivjxptxpA,7,1,7.3
2017-09-06,Australia,AU,YouTube search,Louis Weisz,OMrUmOTPD_AnSivjxptxpA,3,2,1.7
2017-09-06,Bangladesh,BD,Suggested videos,Louis Weisz,OMrUmOTPD_AnSivjxptxpA,1,1,1.2
2017-09-06,Brazil,BR,YouTube search,Louis Weisz,OMrUmOTPD_AnSivjxptxpA,0,2,0.0
2017-09-06,Canada,CA,Browse features,Louis Weisz,OMrUmOTPD_AnSivjxptxpA,4,1,3.7
2017-09-06,Canada,CA,Suggested videos,Louis Weisz,OMrUmOTPD_AnSivjxptxpA,4,1,4.3
2017-09-06,Germany,DE,External,Louis Weisz,OMrUmOTPD_AnSivjxptxpA,5,1,4.8
2017-09-06,Dominica,DM,Suggested videos,Louis Weisz,OMrUmOTPD_AnSivjxptxpA,6,1,6.5
2017-09-06,Algeria,DZ,YouTube search,Louis Weisz,OMrUmOTPD_AnSivjxptxpA,0,1,0.0
2017-09-06,Egypt,EG,YouTube search,Louis Weisz,OMrUmOTPD_AnSivjxptxpA,4,1,3.5
2017-09-06,United Kingdom,GB,Channel pages,Louis Weisz,OMrUmOTPD_AnSivjxptxpA,4,2,1.9
2017-09-06,United Kingdom,GB,YouTube search,Louis Weisz,OMrUmOTPD_AnSivjxptxpA,11,3,3.7
2017-09-06,United Kingdom,GB,Suggested videos,Louis Weisz,OMrUmOTPD_AnSivjxptxpA,4,2,2.1
2017-09-06,United Kingdom,GB,End screens,Louis Weisz,OMrUmOTPD_AnSivjxptxpA,4,1,3.9
2017-09-06,Hungary,HU,YouTube search,Louis Weisz,OMrUmOTPD_AnSivjxptxpA,4,1,4.0
2017-09-06,Ireland,IE,External,Louis Weisz,OMrUmOTPD_AnSivjxptxpA,0,1,0.4
2017-09-06,India,IN,YouTube search,Louis Weisz,OMrUmOTPD_AnSivjxptxpA,0,1,0.1
2017-09-06,Japan,JP,External,Louis Weisz,OMrUmOTPD_AnSivjxptxpA,1,1,1.4
2017-09-06,Kuwait,KW,Suggested videos,Louis Weisz,OMrUmOTPD_AnSivjxptxpA,5,2,2.7
2017-09-06,Poland,PL,Channel pages,Louis Weisz,OMrUmOTPD_AnSivjxptxpA,1,1,0.7
2017-09-06,Romania,RO,Suggested videos,Louis Weisz,OMrUmOTPD_AnSivjxptxpA,6,1,6.1
2017-09-06,Russia,RU,Channel pages,Louis Weisz,OMrUmOTPD_AnSivjxptxpA,3,1,3.1
2017-09-06,Russia,RU,Suggested videos,Louis Weisz,OMrUmOTPD_AnSivjxptxpA,10,3,3.3
2017-09-06,Sweden,SE,External,Louis Weisz,OMrUmOTPD_AnSivjxptxpA,0,1,0.4
2017-09-06,United States,US,Direct or unknown,Louis Weisz,OMrUmOTPD_AnSivjxptxpA,3,2,1.4
2017-09-06,United States,US,Channel pages,Louis Weisz,OMrUmOTPD_AnSivjxptxpA,29,18,1.6
2017-09-06,United States,US,YouTube search,Louis Weisz,OMrUmOTPD_AnSivjxptxpA,30,11,2.8
2017-09-06,United States,US,Suggested videos,Louis Weisz,OMrUmOTPD_AnSivjxptxpA,47,16,3.0
2017-09-06,United States,US,External,Louis Weisz,OMrUmOTPD_AnSivjxptxpA,17,8,2.1
2017-09-06,South Africa,ZA,Channel pages,Louis Weisz,OMrUmOTPD_AnSivjxptxpA,6,1,6.1
2017-09-07,Australia,AU,Suggested videos,Louis Weisz,OMrUmOTPD_AnSivjxptxpA,2,1,1.8
2017-09-07,Belize,BZ,YouTube search,Louis Weisz,OMrUmOTPD_AnSivjxptxpA,5,3,1.7
2017-09-07,Canada,CA,Channel pages,Louis Weisz,OMrUmOTPD_AnSivjxptxpA,0,1,0.1
2017-09-07,Canada,CA,Suggested videos,Louis Weisz,OMrUmOTPD_AnSivjxptxpA,0,1,0.2
2017-09-07,Canada,CA,External,Louis Weisz,OMrUmOTPD_AnSivjxptxpA,0,1,0.0
2017-09-07,Switzerland,CH,External,Louis Weisz,OMrUmOTPD_AnSivjxptxpA,0,1,0.2
2017-09-07,Spain,ES,External,Louis Weisz,OMrUmOTPD_AnSivjxptxpA,0,1,0.1
2017-09-07,United Kingdom,GB,Channel pages,Louis Weisz,OMrUmOTPD_AnSivjxptxpA,7,2,3.4
2017-09-07,United Kingdom,GB,YouTube search,Louis Weisz,OMrUmOTPD_AnSivjxptxpA,1,1,0.9
2017-09-07,Indonesia,ID,YouTube search,Louis Weisz,OMrUmOTPD_AnSivjxptxpA,1,1,0.5
2017-09-07,Indonesia,ID,External,Louis Weisz,OMrUmOTPD_AnSivjxptxpA,0,1,0.1
2017-09-07,Israel,IL,Channel pages,Louis Weisz,OMrUmOTPD_AnSivjxptxpA,3,1,2.8
2017-09-07,Israel,IL,Suggested videos,Louis Weisz,OMrUmOTPD_AnSivjxptxpA,12,3,3.9
2017-09-07,India,IN,External,Louis Weisz,OMrUmOTPD_AnSivjxptxpA,0,1,0.2
2017-09-07,Italy,IT,Channel pages,Louis Weisz,OMrUmOTPD_AnSivjxptxpA,1,1,1.2
2017-09-07,Italy,IT,Suggested videos,Louis Weisz,OMrUmOTPD_AnSivjxptxpA,1,1,0.6
2017-09-07,Japan,JP,External,Louis Weisz,OMrUmOTPD_AnSivjxptxpA,4,1,4.0
2017-09-07,Mexico,MX,YouTube search,Louis Weisz,OMrUmOTPD_AnSivjxptxpA,0,1,0.3
2017-09-07,Norway,NO,YouTube search,Louis Weisz,OMrUmOTPD_AnSivjxptxpA,1,1,1.2
2017-09-07,Pakistan,PK,External,Louis Weisz,OMrUmOTPD_AnSivjxptxpA,3,1,3.4
2017-09-07,Poland,PL,YouTube search,Louis Weisz,OMrUmOTPD_AnSivjxptxpA,0,1,0.0
2017-09-07,Poland,PL,Suggested videos,Louis Weisz,OMrUmOTPD_AnSivjxptxpA,1,1,0.7
2017-09-07,Sweden,SE,Channel pages,Louis Weisz,OMrUmOTPD_AnSivjxptxpA,1,1,1.3
2017-09-07,Singapore,SG,Suggested videos,Louis Weisz,OMrUmOTPD_AnSivjxptxpA,4,1,4.3
2017-09-07,United States,US,Direct or unknown,Louis Weisz,OMrUmOTPD_AnSivjxptxpA,3,2,1.3
2017-09-07,United States,US,Browse features,Louis Weisz,OMrUmOTPD_AnSivjxptxpA,2,1,2.2
2017-09-07,United States,US,Channel pages,Louis Weisz,OMrUmOTPD_AnSivjxptxpA,38,23,1.7
2017-09-07,United States,US,YouTube search,Louis Weisz,OMrUmOTPD_AnSivjxptxpA,26,14,1.8
2017-09-07,United States,US,Suggested videos,Louis Weisz,OMrUmOTPD_AnSivjxptxpA,32,12,2.7
2017-09-07,United States,US,Other YouTube features,Louis Weisz,OMrUmOTPD_AnSivjxptxpA,4,2,1.8
2017-09-07,United States,US,External,Louis Weisz,OMrUmOTPD_AnSivjxptxpA,5,3,1.8
2017-09-08,United Arab Emirates,AE,Suggested videos,Louis Weisz,OMrUmOTPD_AnSivjxptxpA,1,1,0.9
2017-09-08,Australia,AU,External,Louis Weisz,OMrUmOTPD_AnSivjxptxpA,0,3,0.1
2017-09-08,Bangladesh,BD,Browse features,Louis Weisz,OMrUmOTPD_AnSivjxptxpA,2,1,2.1
2017-09-08,Bangladesh,BD,YouTube search,Louis Weisz,OMrUmOTPD_AnSivjxptxpA,1,1,0.7
2017-09-08,Bangladesh,BD,Suggested videos,Louis Weisz,OMrUmOTPD_AnSivjxptxpA,12,4,3.0
2017-09-08,Belgium,BE,Channel pages,Louis Weisz,OMrUmOTPD_AnSivjxptxpA,1,1,0.9
2017-09-08,Belgium,BE,Suggested videos,Louis Weisz,OMrUmOTPD_AnSivjxptxpA,5,1,4.9
2017-09-08,Brunei,BN,YouTube search,Louis Weisz,OMrUmOTPD_AnSivjxptxpA,0,1,0.4
2017-09-08,Brazil,BR,Channel pages,Louis Weisz,OMrUmOTPD_AnSivjxptxpA,1,2,0.7
2017-09-08,Canada,CA,YouTube search,Louis Weisz,OMrUmOTPD_AnSivjxptxpA,0,1,0.1
2017-09-08,Canada,CA,Suggested videos,Louis Weisz,OMrUmOTPD_AnSivjxptxpA,1,1,1.2
2017-09-08,Canada,CA,Other YouTube features,Louis Weisz,OMrUmOTPD_AnSivjxptxpA,4,2,2.0
2017-09-08,Spain,ES,YouTube search,Louis Weisz,OMrUmOTPD_AnSivjxptxpA,0,1,0.5
2017-09-08,United Kingdom,GB,Suggested videos,Louis Weisz,OMrUmOTPD_AnSivjxptxpA,4,2,2.0
2017-09-08,India,IN,YouTube search,Louis Weisz,OMrUmOTPD_AnSivjxptxpA,0,1,0.3
2017-09-08,Mexico,MX,YouTube search,Louis Weisz,OMrUmOTPD_AnSivjxptxpA,2,1,1.8
2017-09-08,Mexico,MX,Suggested videos,Louis Weisz,OMrUmOTPD_AnSivjxptxpA,7,4,1.9
2017-09-08,Netherlands,NL,Channel pages,Louis Weisz,OMrUmOTPD_AnSivjxptxpA,5,3,1.8
2017-09-08,Nepal,NP,Channel pages,Louis Weisz,OMrUmOTPD_AnSivjxptxpA,0,2,0.2
2017-09-08,Philippines,PH,Channel pages,Louis Weisz,OMrUmOTPD_AnSivjxptxpA,5,2,2.6
2017-09-08,Philippines,PH,YouTube search,Louis Weisz,OMrUmOTPD_AnSivjxptxpA,1,1,0.6
2017-09-08,Philippines,PH,Suggested videos,Louis Weisz,OMrUmOTPD_AnSivjxptxpA,9,2,4.5
2017-09-08,Philippines,PH,Video cards and annotations,Louis Weisz,OMrUmOTPD_AnSivjxptxpA,6,1,6.3
2017-09-08,Poland,PL,Channel pages,Louis Weisz,OMrUmOTPD_AnSivjxptxpA,3,1,3.3
2017-09-08,Russia,RU,Suggested videos,Louis Weisz,OMrUmOTPD_AnSivjxptxpA,3,1,2.7
2017-09-08,Sweden,SE,Channel pages,Louis Weisz,OMrUmOTPD_AnSivjxptxpA,11,4,2.8
2017-09-08,Sweden,SE,Suggested videos,Louis Weisz,OMrUmOTPD_AnSivjxptxpA,14,3,4.7
2017-09-08,Singapore,SG,Channel pages,Louis Weisz,OMrUmOTPD_AnSivjxptxpA,3,1,3.1
2017-09-08,Singapore,SG,Suggested videos,Louis Weisz,OMrUmOTPD_AnSivjxptxpA,14,3,4.6
2017-09-08,United States,US,Direct or unknown,Louis Weisz,OMrUmOTPD_AnSivjxptxpA,7,4,1.7
2017-09-08,United States,US,Browse features,Louis Weisz,OMrUmOTPD_AnSivjxptxpA,3,1,2.6
2017-09-08,United States,US,Channel pages,Louis Weisz,OMrUmOTPD_AnSivjxptxpA,67,32,2.1
2017-09-08,United States,US,YouTube search,Louis Weisz,OMrUmOTPD_AnSivjxptxpA,15,9,1.7
2017-09-08,United States,US,Suggested videos,Louis Weisz,OMrUmOTPD_AnSivjxptxpA,51,18,2.8
2017-09-08,United States,US,External,Louis Weisz,OMrUmOTPD_AnSivjxptxpA,8,2,3.9
2017-09-08,United States,US,Video cards and annotations,Louis Weisz,OMrUmOTPD_AnSivjxptxpA,6,1,6.0
2017-09-08,United States,US,Playlists,Louis Weisz,OMrUmOTPD_AnSivjxptxpA,3,5,0.5
2017-09-08,United States,US,Playlist page,Louis Weisz,OMrUmOTPD_AnSivjxptxpA,6,1,5.8
2017-09-08,United States,US,End screens,Louis Weisz,OMrUmOTPD_AnSivjxptxpA,6,2,3.2
2017-09-09,Austria,AT,External,Louis Weisz,OMrUmOTPD_AnSivjxptxpA,2,3,0.6
2017-09-09,Australia,AU,Channel pages,Louis Weisz,OMrUmOTPD_AnSivjxptxpA,7,2,3.3
2017-09-09,Australia,AU,External,Louis Weisz,OMrUmOTPD_AnSivjxptxpA,0,3,0.0
2017-09-09,Bulgaria,BG,Suggested videos,Louis Weisz,OMrUmOTPD_AnSivjxptxpA,3,1,2.5
2017-09-09,Canada,CA,YouTube search,Louis Weisz,OMrUmOTPD_AnSivjxptxpA,4,2,2.0
2017-09-09,Canada,CA,Suggested videos,Louis Weisz,OMrUmOTPD_AnSivjxptxpA,0,1,0.0
2017-09-09,Canada,CA,External,Louis Weisz,OMrUmOTPD_AnSivjxptxpA,0,1,0.0
2017-09-09,China,CN,Suggested videos,Louis Weisz,OMrUmOTPD_AnSivjxptxpA,0,1,0.2
2017-09-09,Czechia,CZ,Suggested videos,Louis Weisz,OMrUmOTPD_AnSivjxptxpA,2,2,1.0
2017-09-09,Germany,DE,Channel pages,Louis Weisz,OMrUmOTPD_AnSivjxptxpA,6,1,6.1
2017-09-09,Germany,DE,YouTube search,Louis Weisz,OMrUmOTPD_AnSivjxptxpA,3,2,1.6
2017-09-09,Denmark,DK,YouTube search,Louis Weisz,OMrUmOTPD_AnSivjxptxpA,1,1,0.7
2017-09-09,Finland,FI,Browse features,Louis Weisz,OMrUmOTPD_AnSivjxptxpA,6,1,5.7
2017-09-09,Fiji,FJ,Browse features,Louis Weisz,OMrUmOTPD_AnSivjxptxpA,2,1,1.6
2017-09-09,France,FR,Suggested videos,Louis Weisz,OMrUmOTPD_AnSivjxptxpA,2,1,2.2
2017-09-09,United Kingdom,GB,Channel pages,Louis Weisz,OMrUmOTPD_AnSivjxptxpA,6,4,1.4
2017-09-09,United Kingdom,GB,Suggested videos,Louis Weisz,OMrUmOTPD_AnSivjxptxpA,3,3,1.1
2017-09-09,Greece,GR,YouTube search,Louis Weisz,OMrUmOTPD_AnSivjxptxpA,5,2,2.3
2017-09-09,Guatemala,GT,External,Louis Weisz,OMrUmOTPD_AnSivjxptxpA,0,1,0.1
2017-09-09,Indonesia,ID,Suggested videos,Louis Weisz,OMrUmOTPD_AnSivjxptxpA,4,1,4.1
2017-09-09,India,IN,YouTube search,Louis Weisz,OMrUmOTPD_AnSivjxptxpA,1,3,0.4
2017-09-09,India,IN,Suggested videos,Louis Weisz,OMrUmOTPD_AnSivjxptxpA,0,1,0.3
2017-09-09,India,IN,External,Louis Weisz,OMrUmOTPD_AnSivjxptxpA,4,1,3.6
2017-09-09,Netherlands,NL,YouTube search,Louis Weisz,OMrUmOTPD_AnSivjxptxpA,5,2,2.6
2017-09-09,Netherlands,NL,Suggested videos,Louis Weisz,OMrUmOTPD_AnSivjxptxpA,10,3,3.2
2017-09-09,Netherlands,NL,Video cards and annotations,Louis Weisz,OMrUmOTPD_AnSivjxptxpA,2,2,1.0
2017-09-09,Portugal,PT,Channel pages,Louis Weisz,OMrUmOTPD_AnSivjxptxpA,10,6,1.6
2017-09-09,Romania,RO,Suggested videos,Louis Weisz,OMrUmOTPD_AnSivjxptxpA,4,1,3.6
2017-09-09,Russia,RU,Suggested videos,Louis Weisz,OMrUmOTPD_AnSivjxptxpA,4,1,4.0
2017-09-09,Sweden,SE,Channel pages,Louis Weisz,OMrUmOTPD_AnSivjxptxpA,1,1,0.7
2017-09-09,Sweden,SE,YouTube search,Louis Weisz,OMrUmOTPD_AnSivjxptxpA,3,1,2.9
2017-09-09,Sweden,SE,Suggested videos,Louis Weisz,OMrUmOTPD_AnSivjxptxpA,14,3,4.7
2017-09-09,Taiwan,TW,Channel pages,Louis Weisz,OMrUmOTPD_AnSivjxptxpA,3,2,1.7
2017-09-09,United States,US,Direct or unknown,Louis Weisz,OMrUmOTPD_AnSivjxptxpA,4,1,4.3
2017-09-09,United States,US,Browse features,Louis Weisz,OMrUmOTPD_AnSivjxptxpA,6,2,3.2
2017-09-09,United States,US,Channel pages,Louis Weisz,OMrUmOTPD_AnSivjxptxpA,27,13,2.1
2017-09-09,United States,US,YouTube search,Louis Weisz,OMrUmOTPD_AnSivjxptxpA,14,9,1.6
2017-09-09,United States,US,Suggested videos,Louis Weisz,OMrUmOTPD_AnSivjxptxpA,36,14,2.5
2017-09-09,United States,US,Other YouTube features,Louis Weisz,OMrUmOTPD_AnSivjxptxpA,4,1,3.7
2017-09-09,United States,US,External,Louis Weisz,OMrUmOTPD_AnSivjxptxpA,8,4,2.0
2017-09-09,United States,US,Playlist page,Louis Weisz,OMrUmOTPD_AnSivjxptxpA,1,1,0.7
2017-09-09,South Africa,ZA,External,Louis Weisz,OMrUmOTPD_AnSivjxptxpA,0,1,0.0
2017-09-10,Australia,AU,Channel pages,Louis Weisz,OMrUmOTPD_AnSivjxptxpA,6,1,5.9
2017-09-10,Australia,AU,External,Louis Weisz,OMrUmOTPD_AnSivjxptxpA,0,2,0.0
2017-09-10,Canada,CA,Channel pages,Louis Weisz,OMrUmOTPD_AnSivjxptxpA,1,1,0.6
2017-09-10,Canada,CA,External,Louis Weisz,OMrUmOTPD_AnSivjxptxpA,3,1,3.2
2017-09-10,France,FR,External,Louis Weisz,OMrUmOTPD_AnSivjxptxpA,1,1,1.4
2017-09-10,United Kingdom,GB,Channel pages,Louis Weisz,OMrUmOTPD_AnSivjxptxpA,5,2,2.7
2017-09-10,Guatemala,GT,Suggested videos,Louis Weisz,OMrUmOTPD_AnSivjxptxpA,4,1,4.2
2017-09-10,Indonesia,ID,YouTube search,Louis Weisz,OMrUmOTPD_AnSivjxptxpA,1,1,1.4
2017-09-10,India,IN,YouTube search,Louis Weisz,OMrUmOTPD_AnSivjxptxpA,3,2,1.3
2017-09-10,Japan,JP,External,Louis Weisz,OMrUmOTPD_AnSivjxptxpA,0,1,0.4
2017-09-10,Mexico,MX,Browse features,Louis Weisz,OMrUmOTPD_AnSivjxptxpA,5,1,5.0
2017-09-10,Mexico,MX,Suggested videos,Louis Weisz,OMrUmOTPD_AnSivjxptxpA,4,1,4.0
2017-09-10,Netherlands,NL,YouTube search,Louis Weisz,OMrUmOTPD_AnSivjxptxpA,1,1,1.2
2017-09-10,Philippines,PH,Suggested videos,Louis Weisz,OMrUmOTPD_AnSivjxptxpA,4,1,3.5
2017-09-10,Poland,PL,Channel pages,Louis Weisz,OMrUmOTPD_AnSivjxptxpA,2,1,2.2
2017-09-10,United States,US,Direct or unknown,Louis Weisz,OMrUmOTPD_AnSivjxptxpA,0,1,0.0
2017-09-10,United States,US,Browse features,Louis Weisz,OMrUmOTPD_AnSivjxptxpA,4,2,2.2
2017-09-10,United States,US,Channel pages,Louis Weisz,OMrUmOTPD_AnSivjxptxpA,36,19,1.9
2017-09-10,United States,US,YouTube search,Louis Weisz,OMrUmOTPD_AnSivjxptxpA,20,9,2.2
2017-09-10,United States,US,Suggested videos,Louis Weisz,OMrUmOTPD_AnSivjxptxpA,68,18,3.8
2017-09-10,United States,US,External,Louis Weisz,OMrUmOTPD_AnSivjxptxpA,5,2,2.3
2017-09-10,United States,US,Playlists,Louis Weisz,OMrUmOTPD_AnSivjxptxpA,1,2,0.5
2017-09-10,United States,US,Playlist page,Louis Weisz,OMrUmOTPD_AnSivjxptxpA,5,1,4.7
2017-09-10,Uruguay,UY,YouTube search,Louis Weisz,OMrUmOTPD_AnSivjxptxpA,7,1,7.3
2017-09-11,Australia,AU,External,Louis Weisz,OMrUmOTPD_AnSivjxptxpA,0,2,0.0
2017-09-11,Canada,CA,Suggested videos,Louis Weisz,OMrUmOTPD_AnSivjxptxpA,1,1,0.5
2017-09-11,Czechia,CZ,Suggested videos,Louis Weisz,OMrUmOTPD_AnSivjxptxpA,0,1,0.5
2017-09-11,Germany,DE,Channel pages,Louis Weisz,OMrUmOTPD_AnSivjxptxpA,1,1,1.4
2017-09-11,United Kingdom,GB,Channel pages,Louis Weisz,OMrUmOTPD_AnSivjxptxpA,5,5,1.0
2017-09-11,United Kingdom,GB,YouTube search,Louis Weisz,OMrUmOTPD_AnSivjxptxpA,0,1,0.0
2017-09-11,United Kingdom,GB,Suggested videos,Louis Weisz,OMrUmOTPD_AnSivjxptxpA,11,4,2.8
2017-09-11,Hungary,HU,Suggested videos,Louis Weisz,OMrUmOTPD_AnSivjxptxpA,4,1,4.3
2017-09-11,India,IN,YouTube search,Louis Weisz,OMrUmOTPD_AnSivjxptxpA,1,1,0.8
2017-09-11,Latvia,LV,YouTube search,Louis Weisz,OMrUmOTPD_AnSivjxptxpA,0,1,0.1
2017-09-11,Mexico,MX,Suggested videos,Louis Weisz,OMrUmOTPD_AnSivjxptxpA,9,4,2.2
2017-09-11,Norway,NO,Suggested videos,Louis Weisz,OMrUmOTPD_AnSivjxptxpA,3,1,2.8
2017-09-11,United States,US,Direct or unknown,Louis Weisz,OMrUmOTPD_AnSivjxptxpA,20,14,1.5
2017-09-11,United States,US,Channel pages,Louis Weisz,OMrUmOTPD_AnSivjxptxpA,37,19,1.9
2017-09-11,United States,US,YouTube search,Louis Weisz,OMrUmOTPD_AnSivjxptxpA,11,8,1.4
2017-09-11,United States,US,Suggested videos,Louis Weisz,OMrUmOTPD_AnSivjxptxpA,22,8,2.7
2017-09-11,United States,US,Other YouTube features,Louis Weisz,OMrUmOTPD_AnSivjxptxpA,3,1,3.3
2017-09-11,United States,US,External,Louis Weisz,OMrUmOTPD_AnSivjxptxpA,18,7,2.6
2017-09-11,United States,US,Video cards and annotations,Louis Weisz,OMrUmOTPD_AnSivjxptxpA,2,3,0.7
2017-09-11,United States,US,Playlist page,Louis Weisz,OMrUmOTPD_AnSivjxptxpA,7,2,3.5
2017-09-12,Australia,AU,Channel pages,Louis Weisz,OMrUmOTPD_AnSivjxptxpA,5,3,1.7
2017-09-12,Australia,AU,YouTube search,Louis Weisz,OMrUmOTPD_AnSivjxptxpA,0,1,0.3
2017-09-12,Brazil,BR,YouTube search,Louis Weisz,OMrUmOTPD_AnSivjxptxpA,3,1,2.9
2017-09-12,Canada,CA,Channel pages,Louis Weisz,OMrUmOTPD_AnSivjxptxpA,5,1,5.3
2017-09-12,Canada,CA,YouTube search,Louis Weisz,OMrUmOTPD_AnSivjxptxpA,2,1,2.4
2017-09-12,Canada,CA,External,Louis Weisz,OMrUmOTPD_AnSivjxptxpA,1,1,1.1
2017-09-12,Germany,DE,Direct or unknown,Louis Weisz,OMrUmOTPD_AnSivjxptxpA,4,1,3.6
2017-09-12,Germany,DE,YouTube search,Louis Weisz,OMrUmOTPD_AnSivjxptxpA,1,1,1.1
2017-09-12,Germany,DE,Suggested videos,Louis Weisz,OMrUmOTPD_AnSivjxptxpA,1,1,1.2
2017-09-12,Spain,ES,Channel pages,Louis Weisz,OMrUmOTPD_AnSivjxptxpA,5,1,5.3
2017-09-12,France,FR,Channel pages,Louis Weisz,OMrUmOTPD_AnSivjxptxpA,0,1,0.2
2017-09-12,Ireland,IE,Channel pages,Louis Weisz,OMrUmOTPD_AnSivjxptxpA,2,2,1.1
2017-09-12,Israel,IL,Channel pages,Louis Weisz,OMrUmOTPD_AnSivjxptxpA,0,1,0.1
2017-09-12,India,IN,YouTube search,Louis Weisz,OMrUmOTPD_AnSivjxptxpA,4,2,1.9
2017-09-12,South Korea,KR,YouTube search,Louis Weisz,OMrUmOTPD_AnSivjxptxpA,1,1,1.1
2017-09-12,Mexico,MX,Browse features,Louis Weisz,OMrUmOTPD_AnSivjxptxpA,0,1,0.1
2017-09-12,Mexico,MX,Suggested videos,Louis Weisz,OMrUmOTPD_AnSivjxptxpA,3,4,0.7
2017-09-12,Netherlands,NL,Direct or unknown,Louis Weisz,OMrUmOTPD_AnSivjxptxpA,0,1,0.1
2017-09-12,Netherlands,NL,External,Louis Weisz,OMrUmOTPD_AnSivjxptxpA,1,1,1.2
2017-09-12,Philippines,PH,Channel pages,Louis Weisz,OMrUmOTPD_AnSivjxptxpA,4,1,3.5
2017-09-12,Philippines,PH,YouTube search,Louis Weisz,OMrUmOTPD_AnSivjxptxpA,1,1,0.5
2017-09-12,Philippines,PH,Suggested videos,Louis Weisz,OMrUmOTPD_AnSivjxptxpA,14,4,3.6
2017-09-12,Pakistan,PK,External,Louis Weisz,OMrUmOTPD_AnSivjxptxpA,1,1,0.9
2017-09-12,Poland,PL,YouTube search,Louis Weisz,OMrUmOTPD_AnSivjxptxpA,1,1,0.6
2017-09-12,Poland,PL,Suggested videos,Louis Weisz,OMrUmOTPD_AnSivjxptxpA,0,1,0.2
2017-09-12,Sweden,SE,Browse features,Louis Weisz,OMrUmOTPD_AnSivjxptxpA,6,1,5.8
2017-09-12,United States,US,Direct or unknown,Louis Weisz,OMrUmOTPD_AnSivjxptxpA,2,2,0.9
2017-09-12,United States,US,Browse features,Louis Weisz,OMrUmOTPD_AnSivjxptxpA,5,2,2.4
2017-09-12,United States,US,Channel pages,Louis Weisz,OMrUmOTPD_AnSivjxptxpA,70,33,2.1
2017-09-12,United States,US,YouTube search,Louis Weisz,OMrUmOTPD_AnSivjxptxpA,15,7,2.2
2017-09-12,United States,US,Suggested videos,Louis Weisz,OMrUmOTPD_AnSivjxptxpA,35,12,2.9
2017-09-12,United States,US,Other YouTube features,Louis Weisz,OMrUmOTPD_AnSivjxptxpA,5,3,1.8
2017-09-12,United States,US,External,Louis Weisz,OMrUmOTPD_AnSivjxptxpA,11,8,1.4
2017-09-12,United States,US,Video cards and annotations,Louis Weisz,OMrUmOTPD_AnSivjxptxpA,5,2,2.3
2017-09-12,United States,US,Playlists,Louis Weisz,OMrUmOTPD_AnSivjxptxpA,5,1,4.7
2017-09-12,South Africa,ZA,YouTube search,Louis Weisz,OMrUmOTPD_AnSivjxptxpA,1,1,0.9
