date,country_name,country_id,channel_display_name,channel_id,watch_time_minutes,views,average_view_duration,comments,likes,dislikes,subscribers_gained,subscribers_lost
2017-06-12,Australia,AU,Louis Weisz,OMrUmOTPD_AnSivjxptxpA,4,2,2.1,0,0,0,0,0
2017-06-12,Belgium,BE,Louis Weisz,OMrUmOTPD_AnSivjxptxpA,2,1,1.8,0,0,0,0,0
2017-06-12,Canada,CA,Louis Weisz,OMrUmOTPD_AnSivjxptxpA,5,2,2.4,0,0,0,0,0
2017-06-12,Germany,DE,Louis Weisz,OMrUmOTPD_AnSivjxptxpA,12,6,2.0,0,2,0,0,0
2017-06-12,United Kingdom,GB,Louis Weisz,OMrUmOTPD_AnSivjxptxpA,27,12,2.2,0,0,0,0,0
2017-06-12,Guam,GU,Louis Weisz,OMrUmOTPD_AnSivjxptxpA,0,1,0.1,0,0,0,0,0
2017-06-12,Croatia,HR,Louis Weisz,OMrUmOTPD_AnSivjxptxpA,0,1,0.3,0,0,0,0,0
2017-06-12,Isle of Man,IM,Louis Weisz,OMrUmOTPD_AnSivjxptxpA,7,2,3.3,0,0,0,0,0
2017-06-12,India,IN,Louis Weisz,OMrUmOTPD_AnSivjxptxpA,0,1,0.5,0,0,0,0,0
2017-06-12,Jordan,JO,Louis Weisz,OMrUmOTPD_AnSivjxptxpA,3,1,3.3,0,0,0,0,0
2017-06-12,Mexico,MX,Louis Weisz,OMrUmOTPD_AnSivjxptxpA,3,1,3.3,0,0,0,0,0
2017-06-12,Netherlands,NL,Louis Weisz,OMrUmOTPD_AnSivjxptxpA,14,5,2.7,0,0,0,0,0
2017-06-12,Philippines,PH,Louis Weisz,OMrUmOTPD_AnSivjxptxpA,0,1,0.1,0,0,0,0,0
2017-06-12,Pakistan,PK,Louis Weisz,OMrUmOTPD_AnSivjxptxpA,2,1,1.6,0,0,0,0,0
2017-06-12,Poland,PL,Louis Weisz,OMrUmOTPD_AnSivjxptxpA,2,1,1.5,0,0,0,0,0
2017-06-12,Sweden,SE,Louis Weisz,OMrUmOTPD_AnSivjxptxpA,3,1,3.1,0,0,0,0,0
2017-06-12,Singapore,SG,Louis Weisz,OMrUmOTPD_AnSivjxptxpA,1,1,0.6,0,0,0,0,0
2017-06-12,Turkey,TR,Louis Weisz,OMrUmOTPD_AnSivjxptxpA,4,4,0.9,0,0,0,0,0
2017-06-12,United States,US,Louis Weisz,OMrUmOTPD_AnSivjxptxpA,125,61,2.0,1,2,0,2,1
2017-06-13,Canada,CA,Louis Weisz,OMrUmOTPD_AnSivjxptxpA,6,5,1.2,0,0,0,0,0
2017-06-13,Switzerland,CH,Louis Weisz,OMrUmOTPD_AnSivjxptxpA,2,2,1.0,0,0,0,0,0
2017-06-13,Germany,DE,Louis Weisz,OMrUmOTPD_AnSivjxptxpA,7,5,1.3,0,0,0,0,0
2017-06-13,Ecuador,EC,Louis Weisz,OMrUmOTPD_AnSivjxptxpA,6,1,5.9,0,0,0,0,0
2017-06-13,Finland,FI,Louis Weisz,OMrUmOTPD_AnSivjxptxpA,2,1,1.8,0,0,0,0,0
2017-06-13,United Kingdom,GB,Louis Weisz,OMrUmOTPD_AnSivjxptxpA,18,8,2.2,0,0,0,0,0
2017-06-13,Indonesia,ID,Louis Weisz,OMrUmOTPD_AnSivjxptxpA,1,1,0.7,0,0,0,0,0
2017-06-13,Cambodia,KH,Louis Weisz,OMrUmOTPD_AnSivjxptxpA,1,1,1.3,0,0,0,0,0
2017-06-13,Lithuania,LT,Louis Weisz,OMrUmOTPD_AnSivjxptxpA,13,4,3.3,0,0,0,0,0
2017-06-13,Malaysia,MY,Louis Weisz,OMrUmOTPD_AnSivjxptxpA,0,1,0.0,0,0,0,0,0
2017-06-13,Netherlands,NL,Louis Weisz,OMrUmOTPD_AnSivjxptxpA,5,2,2.5,0,1,0,0,0
2017-06-13,Norway,NO,Louis Weisz,OMrUmOTPD_AnSivjxptxpA,2,2,0.8,0,0,0,0,0
2017-06-13,Romania,RO,Louis Weisz,OMrUmOTPD_AnSivjxptxpA,1,1,1.2,0,0,0,0,0
2017-06-13,Russia,RU,Louis Weisz,OMrUmOTPD_AnSivjxptxpA,0,1,0.2,0,0,0,0,0
2017-06-13,Saudi Arabia,SA,Louis Weisz,OMrUmOTPD_AnSivjxptxpA,4,1,3.6,0,0,0,0,0
2017-06-13,Suriname,SR,Louis Weisz,OMrUmOTPD_AnSivjxptxpA,0,3,0.1,0,0,0,0,0
2017-06-13,Turkey,TR,Louis Weisz,OMrUmOTPD_AnSivjxptxpA,2,3,0.8,0,0,0,0,0
2017-06-13,United States,US,Louis Weisz,OMrUmOTPD_AnSivjxptxpA,146,86,1.7,2,4,0,1,1
2017-06-13,South Africa,ZA,Louis Weisz,OMrUmOTPD_AnSivjxptxpA,1,1,0.6,0,0,0,0,0
2017-06-13,Unknown Region,ZZ,Louis Weisz,OMrUmOTPD_AnSivjxptxpA,0,0,0.0,2,0,0,0,0
2017-06-14,Argentina,AR,Louis Weisz,OMrUmOTPD_AnSivjxptxpA,0,1,0.4,0,0,0,0,0
2017-06-14,Austria,AT,Louis Weisz,OMrUmOTPD_AnSivjxptxpA,1,1,1.2,0,0,0,0,0
2017-06-14,Australia,AU,Louis Weisz,OMrUmOTPD_AnSivjxptxpA,3,1,3.2,0,0,0,0,0
2017-06-14,Brazil,BR,Louis Weisz,OMrUmOTPD_AnSivjxptxpA,1,1,0.6,0,0,0,0,0
2017-06-14,Canada,CA,Louis Weisz,OMrUmOTPD_AnSivjxptxpA,32,24,1.3,1,0,0,0,0
2017-06-14,Switzerland,CH,Louis Weisz,OMrUmOTPD_AnSivjxptxpA,3,1,3.2,0,0,0,0,0
2017-06-14,Chile,CL,Louis Weisz,OMrUmOTPD_AnSivjxptxpA,1,1,1.1,0,0,0,0,0
2017-06-14,Czechia,CZ,Louis Weisz,OMrUmOTPD_AnSivjxptxpA,1,1,1.0,0,0,0,0,0
2017-06-14,Germany,DE,Louis Weisz,OMrUmOTPD_AnSivjxptxpA,5,7,0.8,0,0,0,0,0
2017-06-14,Djibouti,DJ,Louis Weisz,OMrUmOTPD_AnSivjxptxpA,1,1,1.4,0,0,0,0,0
2017-06-14,Denmark,DK,Louis Weisz,OMrUmOTPD_AnSivjxptxpA,5,4,1.2,0,0,0,0,0
2017-06-14,Finland,FI,Louis Weisz,OMrUmOTPD_AnSivjxptxpA,3,3,0.9,0,0,0,0,0
2017-06-14,France,FR,Louis Weisz,OMrUmOTPD_AnSivjxptxpA,4,4,1.0,0,0,0,0,0
2017-06-14,United Kingdom,GB,Louis Weisz,OMrUmOTPD_AnSivjxptxpA,35,24,1.4,0,0,0,0,0
2017-06-14,Ireland,IE,Louis Weisz,OMrUmOTPD_AnSivjxptxpA,3,3,1.1,0,0,0,0,0
2017-06-14,Israel,IL,Louis Weisz,OMrUmOTPD_AnSivjxptxpA,0,0,0.0,0,0,0,0,1
2017-06-14,India,IN,Louis Weisz,OMrUmOTPD_AnSivjxptxpA,7,5,1.4,0,0,0,0,0
2017-06-14,Italy,IT,Louis Weisz,OMrUmOTPD_AnSivjxptxpA,1,1,1.5,0,0,0,0,0
2017-06-14,Latvia,LV,Louis Weisz,OMrUmOTPD_AnSivjxptxpA,0,2,0.1,0,0,0,0,0
2017-06-14,Mexico,MX,Louis Weisz,OMrUmOTPD_AnSivjxptxpA,3,2,1.4,0,0,0,0,0
2017-06-14,Malaysia,MY,Louis Weisz,OMrUmOTPD_AnSivjxptxpA,1,1,0.8,0,0,0,0,0
2017-06-14,Netherlands,NL,Louis Weisz,OMrUmOTPD_AnSivjxptxpA,2,2,0.9,0,0,0,0,0
2017-06-14,Norway,NO,Louis Weisz,OMrUmOTPD_AnSivjxptxpA,1,1,1.1,0,0,0,0,0
2017-06-14,New Zealand,NZ,Louis Weisz,OMrUmOTPD_AnSivjxptxpA,0,1,0.1,0,0,0,0,0
2017-06-14,Poland,PL,Louis Weisz,OMrUmOTPD_AnSivjxptxpA,1,1,1.3,0,0,0,0,0
2017-06-14,Sweden,SE,Louis Weisz,OMrUmOTPD_AnSivjxptxpA,4,3,1.3,0,0,0,0,0
2017-06-14,Slovenia,SI,Louis Weisz,OMrUmOTPD_AnSivjxptxpA,2,1,1.6,0,0,0,0,0
2017-06-14,Slovakia,SK,Louis Weisz,OMrUmOTPD_AnSivjxptxpA,2,1,1.7,0,0,0,0,0
2017-06-14,Turkey,TR,Louis Weisz,OMrUmOTPD_AnSivjxptxpA,6,3,1.9,0,0,0,0,0
2017-06-14,United States,US,Louis Weisz,OMrUmOTPD_AnSivjxptxpA,299,206,1.4,0,5,2,2,0
2017-06-14,Vietnam,VN,Louis Weisz,OMrUmOTPD_AnSivjxptxpA,3,2,1.5,0,0,0,0,0
2017-06-15,Australia,AU,Louis Weisz,OMrUmOTPD_AnSivjxptxpA,3,5,0.7,0,0,0,0,0
2017-06-15,Canada,CA,Louis Weisz,OMrUmOTPD_AnSivjxptxpA,4,2,2.1,0,0,0,0,0
2017-06-15,Germany,DE,Louis Weisz,OMrUmOTPD_AnSivjxptxpA,6,4,1.6,0,0,0,0,0
2017-06-15,Spain,ES,Louis Weisz,OMrUmOTPD_AnSivjxptxpA,1,1,1.5,0,0,0,0,0
2017-06-15,United Kingdom,GB,Louis Weisz,OMrUmOTPD_AnSivjxptxpA,12,8,1.5,0,0,0,0,0
2017-06-15,Greece,GR,Louis Weisz,OMrUmOTPD_AnSivjxptxpA,2,1,2.1,0,0,0,0,0
2017-06-15,Indonesia,ID,Louis Weisz,OMrUmOTPD_AnSivjxptxpA,5,7,0.7,0,0,0,0,0
2017-06-15,Ireland,IE,Louis Weisz,OMrUmOTPD_AnSivjxptxpA,5,3,1.6,0,0,0,0,0
2017-06-15,Israel,IL,Louis Weisz,OMrUmOTPD_AnSivjxptxpA,2,1,2.2,0,0,0,0,0
2017-06-15,Italy,IT,Louis Weisz,OMrUmOTPD_AnSivjxptxpA,3,1,2.8,0,0,0,0,0
2017-06-15,Netherlands,NL,Louis Weisz,OMrUmOTPD_AnSivjxptxpA,5,3,1.6,0,0,0,0,0
2017-06-15,Russia,RU,Louis Weisz,OMrUmOTPD_AnSivjxptxpA,3,2,1.4,0,0,0,0,0
2017-06-15,Saudi Arabia,SA,Louis Weisz,OMrUmOTPD_AnSivjxptxpA,2,1,2.3,0,0,0,0,0
2017-06-15,Sweden,SE,Louis Weisz,OMrUmOTPD_AnSivjxptxpA,1,1,0.8,0,0,0,0,0
2017-06-15,Slovenia,SI,Louis Weisz,OMrUmOTPD_AnSivjxptxpA,3,2,1.3,0,0,0,0,0
2017-06-15,Turkey,TR,Louis Weisz,OMrUmOTPD_AnSivjxptxpA,1,2,0.6,0,0,0,0,0
2017-06-15,Taiwan,TW,Louis Weisz,OMrUmOTPD_AnSivjxptxpA,1,2,0.5,0,0,0,0,0
2017-06-15,United States,US,Louis Weisz,OMrUmOTPD_AnSivjxptxpA,96,58,1.6,0,0,0,0,1
2017-06-16,Canada,CA,Louis Weisz,OMrUmOTPD_AnSivjxptxpA,3,1,2.5,0,0,0,0,0
2017-06-16,Switzerland,CH,Louis Weisz,OMrUmOTPD_AnSivjxptxpA,0,1,0.4,0,0,0,0,0
2017-06-16,Chile,CL,Louis Weisz,OMrUmOTPD_AnSivjxptxpA,2,1,2.3,0,0,0,0,0
2017-06-16,Germany,DE,Louis Weisz,OMrUmOTPD_AnSivjxptxpA,28,9,3.1,0,0,0,0,0
2017-06-16,Denmark,DK,Louis Weisz,OMrUmOTPD_AnSivjxptxpA,15,3,4.9,0,0,0,0,0
2017-06-16,Ecuador,EC,Louis Weisz,OMrUmOTPD_AnSivjxptxpA,0,1,0.3,0,0,0,0,0
2017-06-16,Spain,ES,Louis Weisz,OMrUmOTPD_AnSivjxptxpA,3,1,3.0,0,0,0,0,0
2017-06-16,Finland,FI,Louis Weisz,OMrUmOTPD_AnSivjxptxpA,5,2,2.7,0,0,0,0,0
2017-06-16,United Kingdom,GB,Louis Weisz,OMrUmOTPD_AnSivjxptxpA,6,6,1.0,0,0,0,0,0
2017-06-16,Hungary,HU,Louis Weisz,OMrUmOTPD_AnSivjxptxpA,1,1,0.5,0,0,0,0,0
2017-06-16,Indonesia,ID,Louis Weisz,OMrUmOTPD_AnSivjxptxpA,1,1,0.8,0,0,0,0,0
2017-06-16,India,IN,Louis Weisz,OMrUmOTPD_AnSivjxptxpA,1,1,0.6,0,0,0,0,0
2017-06-16,South Korea,KR,Louis Weisz,OMrUmOTPD_AnSivjxptxpA,16,4,4.0,0,0,0,0,0
2017-06-16,Latvia,LV,Louis Weisz,OMrUmOTPD_AnSivjxptxpA,0,1,0.3,0,0,0,0,0
2017-06-16,Malta,MT,Louis Weisz,OMrUmOTPD_AnSivjxptxpA,1,1,0.8,0,0,0,0,0
2017-06-16,Netherlands,NL,Louis Weisz,OMrUmOTPD_AnSivjxptxpA,0,1,0.1,0,0,0,0,0
2017-06-16,Poland,PL,Louis Weisz,OMrUmOTPD_AnSivjxptxpA,3,2,1.3,0,0,0,0,0
2017-06-16,Sweden,SE,Louis Weisz,OMrUmOTPD_AnSivjxptxpA,3,4,0.9,0,0,0,0,0
2017-06-16,Turkey,TR,Louis Weisz,OMrUmOTPD_AnSivjxptxpA,3,2,1.5,0,0,0,0,0
2017-06-16,Taiwan,TW,Louis Weisz,OMrUmOTPD_AnSivjxptxpA,1,1,1.3,0,0,0,0,0
2017-06-16,United States,US,Louis Weisz,OMrUmOTPD_AnSivjxptxpA,72,38,1.9,0,2,0,2,0
2017-06-16,Unknown Region,ZZ,Louis Weisz,OMrUmOTPD_AnSivjxptxpA,0,0,0.0,1,0,0,0,0
2017-06-17,Bosnia & Herzegovina,BA,Louis Weisz,OMrUmOTPD_AnSivjxptxpA,3,1,3.3,0,0,0,0,0
2017-06-17,Chile,CL,Louis Weisz,OMrUmOTPD_AnSivjxptxpA,1,1,1.1,0,0,0,0,0
2017-06-17,Germany,DE,Louis Weisz,OMrUmOTPD_AnSivjxptxpA,10,3,3.3,0,0,0,0,0
2017-06-17,Finland,FI,Louis Weisz,OMrUmOTPD_AnSivjxptxpA,3,1,2.5,0,0,0,0,0
2017-06-17,United Kingdom,GB,Louis Weisz,OMrUmOTPD_AnSivjxptxpA,51,19,2.7,0,0,0,1,0
2017-06-17,Hungary,HU,Louis Weisz,OMrUmOTPD_AnSivjxptxpA,3,1,2.8,0,0,0,0,0
2017-06-17,Israel,IL,Louis Weisz,OMrUmOTPD_AnSivjxptxpA,3,1,3.5,0,0,0,0,0
2017-06-17,India,IN,Louis Weisz,OMrUmOTPD_AnSivjxptxpA,3,1,3.5,0,0,0,0,0
2017-06-17,Mexico,MX,Louis Weisz,OMrUmOTPD_AnSivjxptxpA,4,1,3.6,0,0,0,0,0
2017-06-17,Netherlands,NL,Louis Weisz,OMrUmOTPD_AnSivjxptxpA,1,2,0.3,0,0,0,0,0
2017-06-17,Poland,PL,Louis Weisz,OMrUmOTPD_AnSivjxptxpA,20,6,3.4,0,0,0,0,0
2017-06-17,Qatar,QA,Louis Weisz,OMrUmOTPD_AnSivjxptxpA,0,1,0.1,0,0,0,0,0
2017-06-17,Russia,RU,Louis Weisz,OMrUmOTPD_AnSivjxptxpA,2,1,2.3,0,0,0,0,0
2017-06-17,Suriname,SR,Louis Weisz,OMrUmOTPD_AnSivjxptxpA,0,1,0.3,0,0,0,0,0
2017-06-17,Turkey,TR,Louis Weisz,OMrUmOTPD_AnSivjxptxpA,3,2,1.7,0,0,0,0,0
2017-06-17,Ukraine,UA,Louis Weisz,OMrUmOTPD_AnSivjxptxpA,3,1,2.8,0,1,0,0,0
2017-06-17,United States,US,Louis Weisz,OMrUmOTPD_AnSivjxptxpA,87,48,1.8,0,1,0,3,1
2017-06-17,Vietnam,VN,Louis Weisz,OMrUmOTPD_AnSivjxptxpA,4,1,3.6,0,0,0,0,0
2017-06-18,Austria,AT,Louis Weisz,OMrUmOTPD_AnSivjxptxpA,5,3,1.7,0,0,0,1,0
2017-06-18,Australia,AU,Louis Weisz,OMrUmOTPD_AnSivjxptxpA,12,5,2.4,0,0,0,0,0
2017-06-18,Bulgaria,BG,Louis Weisz,OMrUmOTPD_AnSivjxptxpA,1,1,1.0,0,0,0,0,0
2017-06-18,Canada,CA,Louis Weisz,OMrUmOTPD_AnSivjxptxpA,27,11,2.4,0,1,0,0,0
2017-06-18,Colombia,CO,Louis Weisz,OMrUmOTPD_AnSivjxptxpA,1,1,0.6,0,0,0,0,0
2017-06-18,Germany,DE,Louis Weisz,OMrUmOTPD_AnSivjxptxpA,2,1,2.2,0,0,0,0,0
2017-06-18,Denmark,DK,Louis Weisz,OMrUmOTPD_AnSivjxptxpA,17,4,4.3,0,2,0,0,0
2017-06-18,France,FR,Louis Weisz,OMrUmOTPD_AnSivjxptxpA,0,1,0.0,0,0,0,0,0
2017-06-18,United Kingdom,GB,Louis Weisz,OMrUmOTPD_AnSivjxptxpA,22,8,2.8,0,0,0,0,0
2017-06-18,Croatia,HR,Louis Weisz,OMrUmOTPD_AnSivjxptxpA,2,1,1.9,0,0,0,0,0
2017-06-18,Hungary,HU,Louis Weisz,OMrUmOTPD_AnSivjxptxpA,5,3,1.7,0,2,0,0,0
2017-06-18,India,IN,Louis Weisz,OMrUmOTPD_AnSivjxptxpA,1,5,0.3,0,0,0,0,0
2017-06-18,Netherlands,NL,Louis Weisz,OMrUmOTPD_AnSivjxptxpA,15,4,3.7,0,0,0,0,0
2017-06-18,Norway,NO,Louis Weisz,OMrUmOTPD_AnSivjxptxpA,20,6,3.4,0,0,0,0,0
2017-06-18,Poland,PL,Louis Weisz,OMrUmOTPD_AnSivjxptxpA,3,1,2.7,0,0,0,0,0
2017-06-18,Serbia,RS,Louis Weisz,OMrUmOTPD_AnSivjxptxpA,1,1,1.2,0,0,0,0,0
2017-06-18,Sweden,SE,Louis Weisz,OMrUmOTPD_AnSivjxptxpA,14,10,1.4,0,0,0,0,0
2017-06-18,Singapore,SG,Louis Weisz,OMrUmOTPD_AnSivjxptxpA,2,1,2.3,0,0,0,0,0
2017-06-18,Turkey,TR,Louis Weisz,OMrUmOTPD_AnSivjxptxpA,1,3,0.2,0,0,0,0,0
2017-06-18,United States,US,Louis Weisz,OMrUmOTPD_AnSivjxptxpA,126,59,2.1,0,0,1,1,0
2017-06-19,Austria,AT,Louis Weisz,OMrUmOTPD_AnSivjxptxpA,0,1,0.3,0,0,0,0,0
2017-06-19,Australia,AU,Louis Weisz,OMrUmOTPD_AnSivjxptxpA,2,4,0.4,0,0,0,0,0
2017-06-19,Brazil,BR,Louis Weisz,OMrUmOTPD_AnSivjxptxpA,1,2,0.5,0,0,0,0,0
2017-06-19,Canada,CA,Louis Weisz,OMrUmOTPD_AnSivjxptxpA,3,3,1.2,0,0,0,0,0
2017-06-19,Switzerland,CH,Louis Weisz,OMrUmOTPD_AnSivjxptxpA,0,3,0.1,0,0,0,0,0
2017-06-19,Germany,DE,Louis Weisz,OMrUmOTPD_AnSivjxptxpA,2,1,1.9,0,0,0,0,0
2017-06-19,Finland,FI,Louis Weisz,OMrUmOTPD_AnSivjxptxpA,0,1,0.1,0,0,0,0,0
2017-06-19,Hungary,HU,Louis Weisz,OMrUmOTPD_AnSivjxptxpA,0,0,0.0,0,0,0,0,1
2017-06-19,Indonesia,ID,Louis Weisz,OMrUmOTPD_AnSivjxptxpA,0,1,0.4,0,0,0,0,0
2017-06-19,India,IN,Louis Weisz,OMrUmOTPD_AnSivjxptxpA,5,1,5.0,0,0,0,0,0
2017-06-19,Lithuania,LT,Louis Weisz,OMrUmOTPD_AnSivjxptxpA,2,2,1.1,0,0,0,0,0
2017-06-19,New Zealand,NZ,Louis Weisz,OMrUmOTPD_AnSivjxptxpA,4,2,1.8,0,0,0,0,0
2017-06-19,Poland,PL,Louis Weisz,OMrUmOTPD_AnSivjxptxpA,2,2,0.8,0,0,0,0,0
2017-06-19,Portugal,PT,Louis Weisz,OMrUmOTPD_AnSivjxptxpA,3,1,3.4,0,0,0,0,0
2017-06-19,Singapore,SG,Louis Weisz,OMrUmOTPD_AnSivjxptxpA,3,1,2.7,0,0,0,0,0
2017-06-19,Turkey,TR,Louis Weisz,OMrUmOTPD_AnSivjxptxpA,0,1,0.1,0,0,0,0,0
2017-06-19,Ukraine,UA,Louis Weisz,OMrUmOTPD_AnSivjxptxpA,7,2,3.4,0,0,0,0,0
2017-06-19,United States,US,Louis Weisz,OMrUmOTPD_AnSivjxptxpA,71,41,1.7,0,0,0,0,0
2017-06-20,Australia,AU,Louis Weisz,OMrUmOTPD_AnSivjxptxpA,32,10,3.2,0,0,0,0,0
2017-06-20,Germany,DE,Louis Weisz,OMrUmOTPD_AnSivjxptxpA,1,1,0.9,0,0,0,0,0
2017-06-20,Denmark,DK,Louis Weisz,OMrUmOTPD_AnSivjxptxpA,0,1,0.2,0,0,0,0,0
2017-06-20,France,FR,Louis Weisz,OMrUmOTPD_AnSivjxptxpA,1,1,0.6,0,0,0,0,0
2017-06-20,United Kingdom,GB,Louis Weisz,OMrUmOTPD_AnSivjxptxpA,3,3,1.1,0,0,0,0,0
2017-06-20,Croatia,HR,Louis Weisz,OMrUmOTPD_AnSivjxptxpA,13,8,1.6,0,0,0,0,0
2017-06-20,Indonesia,ID,Louis Weisz,OMrUmOTPD_AnSivjxptxpA,2,1,1.7,0,0,0,0,0
2017-06-20,Ireland,IE,Louis Weisz,OMrUmOTPD_AnSivjxptxpA,0,1,0.1,0,0,0,0,0
2017-06-20,India,IN,Louis Weisz,OMrUmOTPD_AnSivjxptxpA,6,2,2.9,0,0,0,0,0
2017-06-20,Italy,IT,Louis Weisz,OMrUmOTPD_AnSivjxptxpA,1,1,0.8,0,0,0,0,0
2017-06-20,Saudi Arabia,SA,Louis Weisz,OMrUmOTPD_AnSivjxptxpA,0,1,0.3,0,0,0,0,0
2017-06-20,Sweden,SE,Louis Weisz,OMrUmOTPD_AnSivjxptxpA,3,3,0.9,0,0,0,0,0
2017-06-20,Singapore,SG,Louis Weisz,OMrUmOTPD_AnSivjxptxpA,1,2,0.3,0,0,0,0,0
2017-06-20,Turkey,TR,Louis Weisz,OMrUmOTPD_AnSivjxptxpA,1,1,1.2,0,0,0,0,0
2017-06-20,United States,US,Louis Weisz,OMrUmOTPD_AnSivjxptxpA,60,36,1.7,0,1,0,1,0
2017-06-21,Australia,AU,Louis Weisz,OMrUmOTPD_AnSivjxptxpA,0,1,0.2,0,0,0,0,0
2017-06-21,Belgium,BE,Louis Weisz,OMrUmOTPD_AnSivjxptxpA,2,2,0.9,0,0,0,0,0
2017-06-21,Canada,CA,Louis Weisz,OMrUmOTPD_AnSivjxptxpA,0,1,0.1,0,0,0,0,0
2017-06-21,Switzerland,CH,Louis Weisz,OMrUmOTPD_AnSivjxptxpA,5,2,2.3,0,0,0,0,0
2017-06-21,United Kingdom,GB,Louis Weisz,OMrUmOTPD_AnSivjxptxpA,3,3,1.1,0,0,0,1,0
2017-06-21,Hungary,HU,Louis Weisz,OMrUmOTPD_AnSivjxptxpA,1,2,0.7,0,0,0,0,0
2017-06-21,Morocco,MA,Louis Weisz,OMrUmOTPD_AnSivjxptxpA,2,1,1.9,0,0,0,0,0
2017-06-21,New Zealand,NZ,Louis Weisz,OMrUmOTPD_AnSivjxptxpA,5,1,5.4,0,0,0,0,0
2017-06-21,Philippines,PH,Louis Weisz,OMrUmOTPD_AnSivjxptxpA,3,1,3.1,0,0,0,0,0
2017-06-21,Romania,RO,Louis Weisz,OMrUmOTPD_AnSivjxptxpA,7,3,2.2,0,0,0,0,0
2017-06-21,Russia,RU,Louis Weisz,OMrUmOTPD_AnSivjxptxpA,0,2,0.1,0,0,0,0,0
2017-06-21,Thailand,TH,Louis Weisz,OMrUmOTPD_AnSivjxptxpA,3,1,2.6,0,0,0,0,0
2017-06-21,United States,US,Louis Weisz,OMrUmOTPD_AnSivjxptxpA,85,53,1.6,0,1,0,2,1
2017-06-22,Australia,AU,Louis Weisz,OMrUmOTPD_AnSivjxptxpA,3,3,1.2,0,0,0,0,0
2017-06-22,Brazil,BR,Louis Weisz,OMrUmOTPD_AnSivjxptxpA,2,2,0.9,0,0,0,0,0
2017-06-22,Canada,CA,Louis Weisz,OMrUmOTPD_AnSivjxptxpA,10,4,2.4,0,0,0,0,0
2017-06-22,Switzerland,CH,Louis Weisz,OMrUmOTPD_AnSivjxptxpA,2,1,1.9,0,0,0,0,0
2017-06-22,Germany,DE,Louis Weisz,OMrUmOTPD_AnSivjxptxpA,1,3,0.4,0,0,0,0,0
2017-06-22,Spain,ES,Louis Weisz,OMrUmOTPD_AnSivjxptxpA,0,0,0.0,0,0,0,1,0
2017-06-22,United Kingdom,GB,Louis Weisz,OMrUmOTPD_AnSivjxptxpA,9,5,1.9,0,0,0,0,0
2017-06-22,Hungary,HU,Louis Weisz,OMrUmOTPD_AnSivjxptxpA,3,1,2.6,0,0,0,0,0
2017-06-22,Japan,JP,Louis Weisz,OMrUmOTPD_AnSivjxptxpA,3,1,2.8,0,0,0,0,0
2017-06-22,Norway,NO,Louis Weisz,OMrUmOTPD_AnSivjxptxpA,1,1,0.6,0,0,0,0,0
2017-06-22,Philippines,PH,Louis Weisz,OMrUmOTPD_AnSivjxptxpA,4,1,4.0,0,0,0,0,0
2017-06-22,Sweden,SE,Louis Weisz,OMrUmOTPD_AnSivjxptxpA,8,4,2.1,0,0,0,1,0
2017-06-22,Turkey,TR,Louis Weisz,OMrUmOTPD_AnSivjxptxpA,1,2,0.3,0,0,0,0,0
2017-06-22,United States,US,Louis Weisz,OMrUmOTPD_AnSivjxptxpA,62,32,1.9,0,0,0,2,0
2017-06-23,Australia,AU,Louis Weisz,OMrUmOTPD_AnSivjxptxpA,6,5,1.1,0,0,0,0,0
2017-06-23,Brazil,BR,Louis Weisz,OMrUmOTPD_AnSivjxptxpA,4,1,4.1,0,0,0,0,0
2017-06-23,Canada,CA,Louis Weisz,OMrUmOTPD_AnSivjxptxpA,7,5,1.4,0,0,0,0,0
2017-06-23,Spain,ES,Louis Weisz,OMrUmOTPD_AnSivjxptxpA,7,4,1.7,1,0,0,0,0
2017-06-23,United Kingdom,GB,Louis Weisz,OMrUmOTPD_AnSivjxptxpA,3,4,0.7,0,0,0,0,0
2017-06-23,Greece,GR,Louis Weisz,OMrUmOTPD_AnSivjxptxpA,0,1,0.2,0,0,0,0,0
2017-06-23,Guam,GU,Louis Weisz,OMrUmOTPD_AnSivjxptxpA,0,1,0.1,0,0,0,0,0
2017-06-23,Indonesia,ID,Louis Weisz,OMrUmOTPD_AnSivjxptxpA,2,1,1.9,0,0,0,0,0
2017-06-23,India,IN,Louis Weisz,OMrUmOTPD_AnSivjxptxpA,0,3,0.1,0,0,0,0,0
2017-06-23,Italy,IT,Louis Weisz,OMrUmOTPD_AnSivjxptxpA,1,1,0.9,0,0,0,0,0
2017-06-23,Japan,JP,Louis Weisz,OMrUmOTPD_AnSivjxptxpA,3,1,3.4,0,0,0,0,0
2017-06-23,Mexico,MX,Louis Weisz,OMrUmOTPD_AnSivjxptxpA,1,1,0.8,0,0,0,0,0
2017-06-23,Netherlands,NL,Louis Weisz,OMrUmOTPD_AnSivjxptxpA,8,4,1.9,0,0,0,0,0
2017-06-23,Norway,NO,Louis Weisz,OMrUmOTPD_AnSivjxptxpA,1,1,1.4,0,0,0,0,0
2017-06-23,New Zealand,NZ,Louis Weisz,OMrUmOTPD_AnSivjxptxpA,1,1,0.6,0,0,0,0,0
2017-06-23,Philippines,PH,Louis Weisz,OMrUmOTPD_AnSivjxptxpA,14,4,3.6,0,0,0,0,0
2017-06-23,Poland,PL,Louis Weisz,OMrUmOTPD_AnSivjxptxpA,1,2,0.5,0,0,0,0,0
2017-06-23,Russia,RU,Louis Weisz,OMrUmOTPD_AnSivjxptxpA,6,1,5.9,0,0,0,0,0
2017-06-23,United States,US,Louis Weisz,OMrUmOTPD_AnSivjxptxpA,26,16,1.6,0,0,0,1,0
2017-06-24,Argentina,AR,Louis Weisz,OMrUmOTPD_AnSivjxptxpA,3,1,3.4,0,0,0,0,0
2017-06-24,Austria,AT,Louis Weisz,OMrUmOTPD_AnSivjxptxpA,1,1,1.0,0,0,0,0,0
2017-06-24,Australia,AU,Louis Weisz,OMrUmOTPD_AnSivjxptxpA,0,1,0.0,0,0,0,0,0
2017-06-24,Brazil,BR,Louis Weisz,OMrUmOTPD_AnSivjxptxpA,4,2,1.9,0,0,0,0,0
2017-06-24,Canada,CA,Louis Weisz,OMrUmOTPD_AnSivjxptxpA,3,1,2.9,0,0,0,0,0
2017-06-24,Switzerland,CH,Louis Weisz,OMrUmOTPD_AnSivjxptxpA,1,1,1.2,0,0,0,0,0
2017-06-24,Germany,DE,Louis Weisz,OMrUmOTPD_AnSivjxptxpA,4,2,1.8,0,0,0,0,0
2017-06-24,France,FR,Louis Weisz,OMrUmOTPD_AnSivjxptxpA,6,1,6.0,0,0,0,0,0
2017-06-24,United Kingdom,GB,Louis Weisz,OMrUmOTPD_AnSivjxptxpA,12,10,1.2,0,0,1,0,0
2017-06-24,Ireland,IE,Louis Weisz,OMrUmOTPD_AnSivjxptxpA,0,1,0.3,0,0,0,0,0
2017-06-24,Israel,IL,Louis Weisz,OMrUmOTPD_AnSivjxptxpA,1,2,0.3,0,0,0,0,0
2017-06-24,India,IN,Louis Weisz,OMrUmOTPD_AnSivjxptxpA,4,2,2.0,0,0,0,0,0
2017-06-24,Italy,IT,Louis Weisz,OMrUmOTPD_AnSivjxptxpA,4,2,1.9,0,0,0,0,0
2017-06-24,South Korea,KR,Louis Weisz,OMrUmOTPD_AnSivjxptxpA,2,1,2.4,0,0,0,0,0
2017-06-24,Netherlands,NL,Louis Weisz,OMrUmOTPD_AnSivjxptxpA,1,1,0.5,0,0,0,0,0
2017-06-24,Sweden,SE,Louis Weisz,OMrUmOTPD_AnSivjxptxpA,7,7,1.0,0,0,0,0,0
2017-06-24,Slovakia,SK,Louis Weisz,OMrUmOTPD_AnSivjxptxpA,1,1,0.8,0,0,0,0,0
2017-06-24,Thailand,TH,Louis Weisz,OMrUmOTPD_AnSivjxptxpA,0,2,0.1,0,0,0,0,0
2017-06-24,United States,US,Louis Weisz,OMrUmOTPD_AnSivjxptxpA,93,48,1.9,0,0,0,6,0
2017-06-24,South Africa,ZA,Louis Weisz,OMrUmOTPD_AnSivjxptxpA,0,1,0.1,0,0,0,0,0
2017-06-24,Unknown Region,ZZ,Louis Weisz,OMrUmOTPD_AnSivjxptxpA,0,0,0.0,0,0,0,0,1
2017-06-25,Australia,AU,Louis Weisz,OMrUmOTPD_AnSivjxptxpA,9,3,2.8,0,0,0,0,0
2017-06-25,Brazil,BR,Louis Weisz,OMrUmOTPD_AnSivjxptxpA,4,2,2.2,0,0,0,0,0
2017-06-25,Canada,CA,Louis Weisz,OMrUmOTPD_AnSivjxptxpA,20,8,2.5,0,0,0,0,0
2017-06-25,Chile,CL,Louis Weisz,OMrUmOTPD_AnSivjxptxpA,2,1,1.9,0,0,0,0,0
2017-06-25,Czechia,CZ,Louis Weisz,OMrUmOTPD_AnSivjxptxpA,2,2,0.8,0,0,0,0,0
2017-06-25,Denmark,DK,Louis Weisz,OMrUmOTPD_AnSivjxptxpA,3,1,2.6,0,0,0,0,0
2017-06-25,United Kingdom,GB,Louis Weisz,OMrUmOTPD_AnSivjxptxpA,3,3,1.0,0,0,0,0,0
2017-06-25,Indonesia,ID,Louis Weisz,OMrUmOTPD_AnSivjxptxpA,1,1,1.1,0,0,0,0,0
2017-06-25,India,IN,Louis Weisz,OMrUmOTPD_AnSivjxptxpA,4,4,1.0,0,0,0,0,0
2017-06-25,Italy,IT,Louis Weisz,OMrUmOTPD_AnSivjxptxpA,1,1,0.8,0,0,0,0,0
2017-06-25,Japan,JP,Louis Weisz,OMrUmOTPD_AnSivjxptxpA,2,2,0.9,0,0,0,0,0
2017-06-25,Kenya,KE,Louis Weisz,OMrUmOTPD_AnSivjxptxpA,1,2,0.5,0,0,0,0,0
2017-06-25,Latvia,LV,Louis Weisz,OMrUmOTPD_AnSivjxptxpA,4,2,2.1,0,0,0,0,0
2017-06-25,Morocco,MA,Louis Weisz,OMrUmOTPD_AnSivjxptxpA,5,2,2.3,0,2,0,1,0
2017-06-25,Mexico,MX,Louis Weisz,OMrUmOTPD_AnSivjxptxpA,4,1,3.5,0,0,0,0,0
2017-06-25,Poland,PL,Louis Weisz,OMrUmOTPD_AnSivjxptxpA,0,1,0.1,0,0,0,0,0
2017-06-25,Serbia,RS,Louis Weisz,OMrUmOTPD_AnSivjxptxpA,3,2,1.7,0,0,0,0,0
2017-06-25,Russia,RU,Louis Weisz,OMrUmOTPD_AnSivjxptxpA,1,2,0.3,0,0,0,0,0
2017-06-25,Saudi Arabia,SA,Louis Weisz,OMrUmOTPD_AnSivjxptxpA,0,1,0.1,0,0,0,0,0
2017-06-25,Sweden,SE,Louis Weisz,OMrUmOTPD_AnSivjxptxpA,17,5,3.4,0,0,0,0,0
2017-06-25,Singapore,SG,Louis Weisz,OMrUmOTPD_AnSivjxptxpA,3,2,1.4,0,0,0,0,0
2017-06-25,Slovenia,SI,Louis Weisz,OMrUmOTPD_AnSivjxptxpA,0,2,0.1,0,0,0,0,0
2017-06-25,United States,US,Louis Weisz,OMrUmOTPD_AnSivjxptxpA,122,58,2.1,0,0,0,3,0
2017-06-25,South Africa,ZA,Louis Weisz,OMrUmOTPD_AnSivjxptxpA,4,1,4.0,0,0,0,0,0
2017-06-26,Australia,AU,Louis Weisz,OMrUmOTPD_AnSivjxptxpA,7,5,1.4,0,0,0,0,0
2017-06-26,Belgium,BE,Louis Weisz,OMrUmOTPD_AnSivjxptxpA,11,5,2.2,0,1,0,0,0
2017-06-26,Brazil,BR,Louis Weisz,OMrUmOTPD_AnSivjxptxpA,0,1,0.1,0,0,0,0,0
2017-06-26,Germany,DE,Louis Weisz,OMrUmOTPD_AnSivjxptxpA,10,3,3.2,0,0,0,0,0
2017-06-26,United Kingdom,GB,Louis Weisz,OMrUmOTPD_AnSivjxptxpA,4,2,1.9,0,0,0,0,0
2017-06-26,Indonesia,ID,Louis Weisz,OMrUmOTPD_AnSivjxptxpA,0,1,0.0,0,0,0,0,0
2017-06-26,Ireland,IE,Louis Weisz,OMrUmOTPD_AnSivjxptxpA,3,1,2.5,0,0,0,0,0
2017-06-26,Israel,IL,Louis Weisz,OMrUmOTPD_AnSivjxptxpA,1,1,0.7,0,0,0,0,0
2017-06-26,India,IN,Louis Weisz,OMrUmOTPD_AnSivjxptxpA,0,1,0.1,0,0,0,0,0
2017-06-26,Italy,IT,Louis Weisz,OMrUmOTPD_AnSivjxptxpA,4,2,1.9,0,0,0,0,0
2017-06-26,South Korea,KR,Louis Weisz,OMrUmOTPD_AnSivjxptxpA,0,2,0.2,0,0,0,0,0
2017-06-26,Morocco,MA,Louis Weisz,OMrUmOTPD_AnSivjxptxpA,0,1,0.1,0,0,0,0,0
2017-06-26,Mongolia,MN,Louis Weisz,OMrUmOTPD_AnSivjxptxpA,0,1,0.5,0,0,0,0,0
2017-06-26,Malaysia,MY,Louis Weisz,OMrUmOTPD_AnSivjxptxpA,0,1,0.0,0,0,0,0,0
2017-06-26,Romania,RO,Louis Weisz,OMrUmOTPD_AnSivjxptxpA,8,7,1.2,0,0,0,0,0
2017-06-26,Sweden,SE,Louis Weisz,OMrUmOTPD_AnSivjxptxpA,8,2,4.1,0,0,0,0,0
2017-06-26,Thailand,TH,Louis Weisz,OMrUmOTPD_AnSivjxptxpA,2,1,2.2,0,0,0,0,0
2017-06-26,Taiwan,TW,Louis Weisz,OMrUmOTPD_AnSivjxptxpA,1,1,1.2,0,0,0,0,0
2017-06-26,United States,US,Louis Weisz,OMrUmOTPD_AnSivjxptxpA,114,49,2.3,0,5,0,2,1
2017-06-26,Unknown Region,ZZ,Louis Weisz,OMrUmOTPD_AnSivjxptxpA,0,0,0.0,1,0,0,0,0
2017-06-27,Brazil,BR,Louis Weisz,OMrUmOTPD_AnSivjxptxpA,1,1,0.7,0,0,0,0,0
2017-06-27,Canada,CA,Louis Weisz,OMrUmOTPD_AnSivjxptxpA,4,2,2.1,0,0,0,0,0
2017-06-27,Germany,DE,Louis Weisz,OMrUmOTPD_AnSivjxptxpA,3,2,1.3,0,0,0,0,0
2017-06-27,United Kingdom,GB,Louis Weisz,OMrUmOTPD_AnSivjxptxpA,4,2,2.0,0,0,0,0,0
2017-06-27,Guatemala,GT,Louis Weisz,OMrUmOTPD_AnSivjxptxpA,0,1,0.3,0,0,0,0,0
2017-06-27,Indonesia,ID,Louis Weisz,OMrUmOTPD_AnSivjxptxpA,3,1,2.6,0,0,0,0,0
2017-06-27,India,IN,Louis Weisz,OMrUmOTPD_AnSivjxptxpA,3,1,2.8,0,0,1,0,0
2017-06-27,Japan,JP,Louis Weisz,OMrUmOTPD_AnSivjxptxpA,36,17,2.1,0,0,0,1,0
2017-06-27,Macedonia (FYROM),MK,Louis Weisz,OMrUmOTPD_AnSivjxptxpA,1,1,1.5,0,0,0,1,0
2017-06-27,Russia,RU,Louis Weisz,OMrUmOTPD_AnSivjxptxpA,0,1,0.1,0,0,0,0,0
2017-06-27,Sweden,SE,Louis Weisz,OMrUmOTPD_AnSivjxptxpA,0,1,0.2,0,0,0,0,0
2017-06-27,Thailand,TH,Louis Weisz,OMrUmOTPD_AnSivjxptxpA,1,2,0.4,0,0,0,0,0
2017-06-27,Tunisia,TN,Louis Weisz,OMrUmOTPD_AnSivjxptxpA,0,1,0.2,0,0,0,0,0
2017-06-27,Taiwan,TW,Louis Weisz,OMrUmOTPD_AnSivjxptxpA,2,1,2.2,0,0,0,0,0
2017-06-27,United States,US,Louis Weisz,OMrUmOTPD_AnSivjxptxpA,60,33,1.8,0,0,0,2,1
2017-06-28,Australia,AU,Louis Weisz,OMrUmOTPD_AnSivjxptxpA,0,4,0.1,0,0,0,0,0
2017-06-28,Canada,CA,Louis Weisz,OMrUmOTPD_AnSivjxptxpA,8,2,4.0,0,0,0,0,0
2017-06-28,Switzerland,CH,Louis Weisz,OMrUmOTPD_AnSivjxptxpA,0,1,0.1,0,0,0,0,0
2017-06-28,Costa Rica,CR,Louis Weisz,OMrUmOTPD_AnSivjxptxpA,15,4,3.6,0,0,0,0,0
2017-06-28,Czechia,CZ,Louis Weisz,OMrUmOTPD_AnSivjxptxpA,2,1,2.2,0,1,0,0,0
2017-06-28,Germany,DE,Louis Weisz,OMrUmOTPD_AnSivjxptxpA,2,2,1.2,0,0,0,0,0
2017-06-28,Denmark,DK,Louis Weisz,OMrUmOTPD_AnSivjxptxpA,1,2,0.4,0,0,0,0,0
2017-06-28,Spain,ES,Louis Weisz,OMrUmOTPD_AnSivjxptxpA,0,2,0.0,0,0,0,0,0
2017-06-28,United Kingdom,GB,Louis Weisz,OMrUmOTPD_AnSivjxptxpA,28,12,2.3,0,0,0,1,0
2017-06-28,Croatia,HR,Louis Weisz,OMrUmOTPD_AnSivjxptxpA,1,1,1.2,0,0,0,0,0
2017-06-28,Indonesia,ID,Louis Weisz,OMrUmOTPD_AnSivjxptxpA,5,2,2.5,0,0,0,0,0
2017-06-28,India,IN,Louis Weisz,OMrUmOTPD_AnSivjxptxpA,1,1,0.8,0,0,0,0,0
2017-06-28,Italy,IT,Louis Weisz,OMrUmOTPD_AnSivjxptxpA,0,1,0.1,0,0,0,0,0
2017-06-28,Japan,JP,Louis Weisz,OMrUmOTPD_AnSivjxptxpA,12,5,2.4,0,0,0,0,0
2017-06-28,Netherlands,NL,Louis Weisz,OMrUmOTPD_AnSivjxptxpA,0,1,0.1,0,0,0,0,0
2017-06-28,New Zealand,NZ,Louis Weisz,OMrUmOTPD_AnSivjxptxpA,0,1,0.3,0,0,0,0,0
2017-06-28,Philippines,PH,Louis Weisz,OMrUmOTPD_AnSivjxptxpA,1,2,0.5,0,0,0,0,0
2017-06-28,Turkey,TR,Louis Weisz,OMrUmOTPD_AnSivjxptxpA,4,3,1.3,0,0,0,0,0
2017-06-28,United States,US,Louis Weisz,OMrUmOTPD_AnSivjxptxpA,104,44,2.4,0,3,0,2,1
2017-06-29,Argentina,AR,Louis Weisz,OMrUmOTPD_AnSivjxptxpA,0,1,0.3,0,0,0,0,0
2017-06-29,Austria,AT,Louis Weisz,OMrUmOTPD_AnSivjxptxpA,3,2,1.5,0,0,0,0,0
2017-06-29,Australia,AU,Louis Weisz,OMrUmOTPD_AnSivjxptxpA,2,2,0.8,0,0,0,0,0
2017-06-29,Belgium,BE,Louis Weisz,OMrUmOTPD_AnSivjxptxpA,10,4,2.5,0,0,0,0,0
2017-06-29,Switzerland,CH,Louis Weisz,OMrUmOTPD_AnSivjxptxpA,1,1,0.9,0,0,0,0,0
2017-06-29,Germany,DE,Louis Weisz,OMrUmOTPD_AnSivjxptxpA,0,2,0.2,0,0,0,0,0
2017-06-29,France,FR,Louis Weisz,OMrUmOTPD_AnSivjxptxpA,5,5,0.9,0,0,0,0,0
2017-06-29,United Kingdom,GB,Louis Weisz,OMrUmOTPD_AnSivjxptxpA,17,5,3.3,0,0,0,0,0
2017-06-29,Hungary,HU,Louis Weisz,OMrUmOTPD_AnSivjxptxpA,13,8,1.6,0,0,0,0,0
2017-06-29,Ireland,IE,Louis Weisz,OMrUmOTPD_AnSivjxptxpA,2,3,0.5,0,0,0,0,0
2017-06-29,India,IN,Louis Weisz,OMrUmOTPD_AnSivjxptxpA,23,6,3.8,0,0,0,0,0
2017-06-29,Japan,JP,Louis Weisz,OMrUmOTPD_AnSivjxptxpA,6,2,2.8,0,0,0,0,0
2017-06-29,South Korea,KR,Louis Weisz,OMrUmOTPD_AnSivjxptxpA,1,1,1.2,0,0,0,0,0
2017-06-29,Lithuania,LT,Louis Weisz,OMrUmOTPD_AnSivjxptxpA,5,3,1.8,0,0,0,0,0
2017-06-29,Netherlands,NL,Louis Weisz,OMrUmOTPD_AnSivjxptxpA,11,8,1.4,0,0,0,0,0
2017-06-29,Serbia,RS,Louis Weisz,OMrUmOTPD_AnSivjxptxpA,15,6,2.6,0,0,0,0,0
2017-06-29,Ukraine,UA,Louis Weisz,OMrUmOTPD_AnSivjxptxpA,8,5,1.6,0,0,0,0,0
2017-06-29,United States,US,Louis Weisz,OMrUmOTPD_AnSivjxptxpA,136,37,3.7,0,3,0,4,0
2017-06-30,Australia,AU,Louis Weisz,OMrUmOTPD_AnSivjxptxpA,3,1,3.3,0,0,0,0,0
2017-06-30,Brazil,BR,Louis Weisz,OMrUmOTPD_AnSivjxptxpA,1,2,0.7,0,0,0,0,0
2017-06-30,Canada,CA,Louis Weisz,OMrUmOTPD_AnSivjxptxpA,8,4,2.1,0,0,0,0,0
2017-06-30,Costa Rica,CR,Louis Weisz,OMrUmOTPD_AnSivjxptxpA,3,1,2.6,0,0,0,0,0
2017-06-30,United Kingdom,GB,Louis Weisz,OMrUmOTPD_AnSivjxptxpA,6,2,3.1,0,0,0,0,0
2017-06-30,Israel,IL,Louis Weisz,OMrUmOTPD_AnSivjxptxpA,1,1,1.3,0,0,0,0,0
2017-06-30,Japan,JP,Louis Weisz,OMrUmOTPD_AnSivjxptxpA,7,3,2.4,0,0,0,0,0
2017-06-30,Netherlands,NL,Louis Weisz,OMrUmOTPD_AnSivjxptxpA,1,1,1.2,0,0,0,0,0
2017-06-30,Philippines,PH,Louis Weisz,OMrUmOTPD_AnSivjxptxpA,2,1,1.7,0,0,0,0,0
2017-06-30,Saudi Arabia,SA,Louis Weisz,OMrUmOTPD_AnSivjxptxpA,1,1,0.7,0,0,0,0,0
2017-06-30,Taiwan,TW,Louis Weisz,OMrUmOTPD_AnSivjxptxpA,1,1,0.8,0,0,0,0,0
2017-06-30,United States,US,Louis Weisz,OMrUmOTPD_AnSivjxptxpA,104,53,2.0,2,1,0,1,1
2017-06-30,Venezuela,VE,Louis Weisz,OMrUmOTPD_AnSivjxptxpA,12,4,3.1,0,0,0,0,0
2017-07-01,Australia,AU,Louis Weisz,OMrUmOTPD_AnSivjxptxpA,0,1,0.2,0,0,0,0,0
2017-07-01,Bangladesh,BD,Louis Weisz,OMrUmOTPD_AnSivjxptxpA,0,1,0.1,0,0,0,0,0
2017-07-01,Brazil,BR,Louis Weisz,OMrUmOTPD_AnSivjxptxpA,1,1,0.9,0,0,0,0,0
2017-07-01,Canada,CA,Louis Weisz,OMrUmOTPD_AnSivjxptxpA,6,4,1.6,0,0,0,0,0
2017-07-01,Dominica,DM,Louis Weisz,OMrUmOTPD_AnSivjxptxpA,4,1,3.5,0,0,0,0,0
2017-07-01,Finland,FI,Louis Weisz,OMrUmOTPD_AnSivjxptxpA,1,1,0.5,0,0,0,0,0
2017-07-01,France,FR,Louis Weisz,OMrUmOTPD_AnSivjxptxpA,7,2,3.7,0,0,0,0,0
2017-07-01,United Kingdom,GB,Louis Weisz,OMrUmOTPD_AnSivjxptxpA,1,2,0.5,0,0,0,0,0
2017-07-01,India,IN,Louis Weisz,OMrUmOTPD_AnSivjxptxpA,0,1,0.3,0,0,0,0,0
2017-07-01,Iceland,IS,Louis Weisz,OMrUmOTPD_AnSivjxptxpA,0,1,0.4,0,0,0,0,0
2017-07-01,Japan,JP,Louis Weisz,OMrUmOTPD_AnSivjxptxpA,0,1,0.5,0,0,0,0,0
2017-07-01,Morocco,MA,Louis Weisz,OMrUmOTPD_AnSivjxptxpA,2,1,2.3,0,0,0,0,0
2017-07-01,Netherlands,NL,Louis Weisz,OMrUmOTPD_AnSivjxptxpA,2,1,1.7,0,0,0,0,0
2017-07-01,Philippines,PH,Louis Weisz,OMrUmOTPD_AnSivjxptxpA,3,2,1.7,0,0,0,0,1
2017-07-01,Romania,RO,Louis Weisz,OMrUmOTPD_AnSivjxptxpA,2,1,1.6,0,0,0,0,0
2017-07-01,Sweden,SE,Louis Weisz,OMrUmOTPD_AnSivjxptxpA,1,1,0.8,0,0,0,0,0
2017-07-01,United States,US,Louis Weisz,OMrUmOTPD_AnSivjxptxpA,291,84,3.5,2,10,1,1,2
2017-07-01,Unknown Region,ZZ,Louis Weisz,OMrUmOTPD_AnSivjxptxpA,0,0,0.0,1,0,0,0,0
2017-07-02,Australia,AU,Louis Weisz,OMrUmOTPD_AnSivjxptxpA,11,5,2.1,0,0,0,0,0
2017-07-02,Belgium,BE,Louis Weisz,OMrUmOTPD_AnSivjxptxpA,0,1,0.2,0,0,0,0,0
2017-07-02,Brazil,BR,Louis Weisz,OMrUmOTPD_AnSivjxptxpA,3,1,3.3,0,0,0,0,0
2017-07-02,Canada,CA,Louis Weisz,OMrUmOTPD_AnSivjxptxpA,2,3,0.8,0,0,0,1,0
2017-07-02,Chile,CL,Louis Weisz,OMrUmOTPD_AnSivjxptxpA,7,3,2.4,0,0,0,0,0
2017-07-02,Germany,DE,Louis Weisz,OMrUmOTPD_AnSivjxptxpA,7,1,7.2,0,0,0,0,0
2017-07-02,France,FR,Louis Weisz,OMrUmOTPD_AnSivjxptxpA,1,2,0.4,0,0,0,0,0
2017-07-02,United Kingdom,GB,Louis Weisz,OMrUmOTPD_AnSivjxptxpA,7,5,1.4,0,0,0,0,0
2017-07-02,Georgia,GE,Louis Weisz,OMrUmOTPD_AnSivjxptxpA,0,1,0.1,0,0,0,0,0
2017-07-02,India,IN,Louis Weisz,OMrUmOTPD_AnSivjxptxpA,3,1,2.7,0,0,0,0,0
2017-07-02,Morocco,MA,Louis Weisz,OMrUmOTPD_AnSivjxptxpA,14,4,3.5,0,0,0,0,0
2017-07-02,Mexico,MX,Louis Weisz,OMrUmOTPD_AnSivjxptxpA,1,1,1.5,0,0,0,0,0
2017-07-02,Nigeria,NG,Louis Weisz,OMrUmOTPD_AnSivjxptxpA,0,1,0.4,0,0,0,0,0
2017-07-02,Philippines,PH,Louis Weisz,OMrUmOTPD_AnSivjxptxpA,0,1,0.1,0,0,0,0,0
2017-07-02,Portugal,PT,Louis Weisz,OMrUmOTPD_AnSivjxptxpA,7,2,3.3,0,0,0,0,0
2017-07-02,Romania,RO,Louis Weisz,OMrUmOTPD_AnSivjxptxpA,1,1,1.3,0,0,0,0,0
2017-07-02,Russia,RU,Louis Weisz,OMrUmOTPD_AnSivjxptxpA,1,1,0.8,0,0,0,0,1
2017-07-02,Sweden,SE,Louis Weisz,OMrUmOTPD_AnSivjxptxpA,1,2,0.7,0,0,0,0,0
2017-07-02,Slovenia,SI,Louis Weisz,OMrUmOTPD_AnSivjxptxpA,17,5,3.3,0,0,0,0,0
2017-07-02,United States,US,Louis Weisz,OMrUmOTPD_AnSivjxptxpA,128,50,2.6,0,2,0,4,0
2017-07-02,Vietnam,VN,Louis Weisz,OMrUmOTPD_AnSivjxptxpA,0,1,0.0,0,0,0,0,0
2017-07-03,Australia,AU,Louis Weisz,OMrUmOTPD_AnSivjxptxpA,3,4,0.6,0,0,0,1,0
2017-07-03,Canada,CA,Louis Weisz,OMrUmOTPD_AnSivjxptxpA,3,4,0.7,0,0,0,0,0
2017-07-03,Costa Rica,CR,Louis Weisz,OMrUmOTPD_AnSivjxptxpA,0,1,0.2,0,0,0,0,0
2017-07-03,Germany,DE,Louis Weisz,OMrUmOTPD_AnSivjxptxpA,0,1,0.2,0,0,0,0,0
2017-07-03,Finland,FI,Louis Weisz,OMrUmOTPD_AnSivjxptxpA,7,5,1.4,0,0,0,0,0
2017-07-03,France,FR,Louis Weisz,OMrUmOTPD_AnSivjxptxpA,2,1,2.2,0,0,0,0,0
2017-07-03,United Kingdom,GB,Louis Weisz,OMrUmOTPD_AnSivjxptxpA,9,10,0.9,0,0,0,0,0
2017-07-03,Greece,GR,Louis Weisz,OMrUmOTPD_AnSivjxptxpA,1,1,0.8,0,0,0,0,0
2017-07-03,Indonesia,ID,Louis Weisz,OMrUmOTPD_AnSivjxptxpA,2,1,1.5,0,0,0,0,0
2017-07-03,Ireland,IE,Louis Weisz,OMrUmOTPD_AnSivjxptxpA,0,1,0.1,0,0,0,0,0
2017-07-03,Mauritius,MU,Louis Weisz,OMrUmOTPD_AnSivjxptxpA,17,5,3.5,0,0,0,1,0
2017-07-03,Mexico,MX,Louis Weisz,OMrUmOTPD_AnSivjxptxpA,19,6,3.2,0,0,0,0,0
2017-07-03,Netherlands,NL,Louis Weisz,OMrUmOTPD_AnSivjxptxpA,8,3,2.6,0,0,0,0,0
2017-07-03,Norway,NO,Louis Weisz,OMrUmOTPD_AnSivjxptxpA,0,1,0.1,0,0,0,0,0
2017-07-03,New Zealand,NZ,Louis Weisz,OMrUmOTPD_AnSivjxptxpA,1,2,0.4,0,0,0,0,0
2017-07-03,Sweden,SE,Louis Weisz,OMrUmOTPD_AnSivjxptxpA,6,1,6.1,0,0,0,0,0
2017-07-03,United States,US,Louis Weisz,OMrUmOTPD_AnSivjxptxpA,137,63,2.2,0,1,0,0,0
2017-07-03,Venezuela,VE,Louis Weisz,OMrUmOTPD_AnSivjxptxpA,0,1,0.1,0,0,0,0,0
2017-07-04,Australia,AU,Louis Weisz,OMrUmOTPD_AnSivjxptxpA,3,2,1.4,0,0,0,0,0
2017-07-04,Bosnia & Herzegovina,BA,Louis Weisz,OMrUmOTPD_AnSivjxptxpA,1,1,0.9,0,0,0,0,0
2017-07-04,Canada,CA,Louis Weisz,OMrUmOTPD_AnSivjxptxpA,11,3,3.6,0,0,0,0,0
2017-07-04,Czechia,CZ,Louis Weisz,OMrUmOTPD_AnSivjxptxpA,3,1,3.5,0,0,0,0,0
2017-07-04,Germany,DE,Louis Weisz,OMrUmOTPD_AnSivjxptxpA,7,5,1.3,0,1,0,0,0
2017-07-04,United Kingdom,GB,Louis Weisz,OMrUmOTPD_AnSivjxptxpA,0,1,0.3,0,0,0,0,0
2017-07-04,Croatia,HR,Louis Weisz,OMrUmOTPD_AnSivjxptxpA,0,1,0.4,0,0,0,0,0
2017-07-04,Ireland,IE,Louis Weisz,OMrUmOTPD_AnSivjxptxpA,0,1,0.4,0,0,0,0,0
2017-07-04,India,IN,Louis Weisz,OMrUmOTPD_AnSivjxptxpA,2,2,1.1,0,0,0,0,0
2017-07-04,Italy,IT,Louis Weisz,OMrUmOTPD_AnSivjxptxpA,0,1,0.1,0,0,0,0,0
2017-07-04,Mauritius,MU,Louis Weisz,OMrUmOTPD_AnSivjxptxpA,4,1,3.6,0,0,0,0,0
2017-07-04,Malaysia,MY,Louis Weisz,OMrUmOTPD_AnSivjxptxpA,2,1,2.2,0,0,0,0,0
2017-07-04,Romania,RO,Louis Weisz,OMrUmOTPD_AnSivjxptxpA,0,1,0.1,0,0,0,0,0
2017-07-04,Singapore,SG,Louis Weisz,OMrUmOTPD_AnSivjxptxpA,3,1,3.2,0,0,0,0,0
2017-07-04,Thailand,TH,Louis Weisz,OMrUmOTPD_AnSivjxptxpA,4,1,3.6,0,0,0,0,0
2017-07-04,United States,US,Louis Weisz,OMrUmOTPD_AnSivjxptxpA,51,26,2.0,0,1,0,0,0
2017-07-05,Australia,AU,Louis Weisz,OMrUmOTPD_AnSivjxptxpA,14,6,2.4,0,0,0,1,0
2017-07-05,Canada,CA,Louis Weisz,OMrUmOTPD_AnSivjxptxpA,33,11,3.0,0,0,0,0,0
2017-07-05,France,FR,Louis Weisz,OMrUmOTPD_AnSivjxptxpA,0,1,0.1,0,0,0,0,0
2017-07-05,United Kingdom,GB,Louis Weisz,OMrUmOTPD_AnSivjxptxpA,9,2,4.3,0,0,0,0,0
2017-07-05,Israel,IL,Louis Weisz,OMrUmOTPD_AnSivjxptxpA,4,2,2.0,0,0,0,0,0
2017-07-05,India,IN,Louis Weisz,OMrUmOTPD_AnSivjxptxpA,3,2,1.5,0,0,0,0,0
2017-07-05,Iraq,IQ,Louis Weisz,OMrUmOTPD_AnSivjxptxpA,0,1,0.3,0,0,0,0,0
2017-07-05,Japan,JP,Louis Weisz,OMrUmOTPD_AnSivjxptxpA,3,1,2.7,0,0,0,0,0
2017-07-05,Kenya,KE,Louis Weisz,OMrUmOTPD_AnSivjxptxpA,1,1,1.2,0,0,0,0,0
2017-07-05,Netherlands,NL,Louis Weisz,OMrUmOTPD_AnSivjxptxpA,5,2,2.3,0,0,0,0,0
2017-07-05,Norway,NO,Louis Weisz,OMrUmOTPD_AnSivjxptxpA,1,1,0.5,0,0,0,0,0
2017-07-05,Philippines,PH,Louis Weisz,OMrUmOTPD_AnSivjxptxpA,3,1,3.2,0,0,0,0,0
2017-07-05,Serbia,RS,Louis Weisz,OMrUmOTPD_AnSivjxptxpA,3,1,2.6,0,0,0,0,0
2017-07-05,Sweden,SE,Louis Weisz,OMrUmOTPD_AnSivjxptxpA,2,2,0.9,0,0,0,0,0
2017-07-05,United States,US,Louis Weisz,OMrUmOTPD_AnSivjxptxpA,116,47,2.5,0,0,0,4,0
2017-07-06,Australia,AU,Louis Weisz,OMrUmOTPD_AnSivjxptxpA,0,1,0.1,0,0,0,0,0
2017-07-06,Bulgaria,BG,Louis Weisz,OMrUmOTPD_AnSivjxptxpA,0,1,0.4,0,0,0,0,0
2017-07-06,Canada,CA,Louis Weisz,OMrUmOTPD_AnSivjxptxpA,20,8,2.5,1,0,0,0,0
2017-07-06,Germany,DE,Louis Weisz,OMrUmOTPD_AnSivjxptxpA,1,1,0.7,0,0,0,0,0
2017-07-06,Faroe Islands,FO,Louis Weisz,OMrUmOTPD_AnSivjxptxpA,2,1,2.1,0,0,0,0,0
2017-07-06,United Kingdom,GB,Louis Weisz,OMrUmOTPD_AnSivjxptxpA,3,1,2.7,0,0,0,0,0
2017-07-06,Greece,GR,Louis Weisz,OMrUmOTPD_AnSivjxptxpA,1,1,1.0,0,0,0,0,0
2017-07-06,India,IN,Louis Weisz,OMrUmOTPD_AnSivjxptxpA,3,2,1.5,0,0,0,0,0
2017-07-06,Italy,IT,Louis Weisz,OMrUmOTPD_AnSivjxptxpA,4,1,3.6,0,0,0,0,0
2017-07-06,Mexico,MX,Louis Weisz,OMrUmOTPD_AnSivjxptxpA,1,1,0.7,0,0,0,0,0
2017-07-06,Thailand,TH,Louis Weisz,OMrUmOTPD_AnSivjxptxpA,1,1,1.1,0,0,0,0,0
2017-07-06,United States,US,Louis Weisz,OMrUmOTPD_AnSivjxptxpA,43,18,2.4,0,0,0,0,1
2017-07-07,Australia,AU,Louis Weisz,OMrUmOTPD_AnSivjxptxpA,0,1,0.3,0,0,0,0,0
2017-07-07,Canada,CA,Louis Weisz,OMrUmOTPD_AnSivjxptxpA,22,6,3.6,0,0,0,0,0
2017-07-07,Chile,CL,Louis Weisz,OMrUmOTPD_AnSivjxptxpA,0,2,0.2,0,0,0,0,0
2017-07-07,Germany,DE,Louis Weisz,OMrUmOTPD_AnSivjxptxpA,6,1,5.9,0,0,0,1,0
2017-07-07,Spain,ES,Louis Weisz,OMrUmOTPD_AnSivjxptxpA,22,5,4.4,0,0,0,1,0
2017-07-07,United Kingdom,GB,Louis Weisz,OMrUmOTPD_AnSivjxptxpA,3,2,1.6,0,0,0,0,0
2017-07-07,Croatia,HR,Louis Weisz,OMrUmOTPD_AnSivjxptxpA,1,2,0.3,0,0,0,0,0
2017-07-07,Indonesia,ID,Louis Weisz,OMrUmOTPD_AnSivjxptxpA,2,1,2.2,0,0,0,0,0
2017-07-07,India,IN,Louis Weisz,OMrUmOTPD_AnSivjxptxpA,3,2,1.6,0,0,0,0,0
2017-07-07,Japan,JP,Louis Weisz,OMrUmOTPD_AnSivjxptxpA,1,2,0.5,0,0,0,0,0
2017-07-07,Myanmar (Burma),MM,Louis Weisz,OMrUmOTPD_AnSivjxptxpA,0,1,0.1,0,0,0,0,0
2017-07-07,Macau,MO,Louis Weisz,OMrUmOTPD_AnSivjxptxpA,6,1,6.1,0,0,0,0,0
2017-07-07,Nigeria,NG,Louis Weisz,OMrUmOTPD_AnSivjxptxpA,0,1,0.3,0,0,0,0,0
2017-07-07,Netherlands,NL,Louis Weisz,OMrUmOTPD_AnSivjxptxpA,0,1,0.1,0,0,0,0,0
2017-07-07,Poland,PL,Louis Weisz,OMrUmOTPD_AnSivjxptxpA,1,3,0.3,0,0,0,0,0
2017-07-07,Puerto Rico,PR,Louis Weisz,OMrUmOTPD_AnSivjxptxpA,0,1,0.1,0,0,0,0,0
2017-07-07,Romania,RO,Louis Weisz,OMrUmOTPD_AnSivjxptxpA,5,3,1.8,0,0,0,0,0
2017-07-07,Turkey,TR,Louis Weisz,OMrUmOTPD_AnSivjxptxpA,4,1,3.6,0,0,0,0,0
2017-07-07,Taiwan,TW,Louis Weisz,OMrUmOTPD_AnSivjxptxpA,1,1,0.9,0,0,0,0,0
2017-07-07,Ukraine,UA,Louis Weisz,OMrUmOTPD_AnSivjxptxpA,3,1,3.0,0,0,0,0,0
2017-07-07,United States,US,Louis Weisz,OMrUmOTPD_AnSivjxptxpA,65,34,1.9,0,1,0,0,0
2017-07-07,Unknown Region,ZZ,Louis Weisz,OMrUmOTPD_AnSivjxptxpA,0,0,0.0,1,0,0,0,0
2017-07-08,Australia,AU,Louis Weisz,OMrUmOTPD_AnSivjxptxpA,0,1,0.2,0,0,0,0,0
2017-07-08,Barbados,BB,Louis Weisz,OMrUmOTPD_AnSivjxptxpA,1,1,0.8,0,0,0,0,0
2017-07-08,Belgium,BE,Louis Weisz,OMrUmOTPD_AnSivjxptxpA,1,1,1.1,0,0,0,0,0
2017-07-08,Bulgaria,BG,Louis Weisz,OMrUmOTPD_AnSivjxptxpA,1,2,0.7,0,0,0,0,0
2017-07-08,Canada,CA,Louis Weisz,OMrUmOTPD_AnSivjxptxpA,21,6,3.5,0,0,0,1,0
2017-07-08,Germany,DE,Louis Weisz,OMrUmOTPD_AnSivjxptxpA,2,1,2.2,0,0,0,0,0
2017-07-08,Estonia,EE,Louis Weisz,OMrUmOTPD_AnSivjxptxpA,2,2,0.9,0,0,0,0,0
2017-07-08,Egypt,EG,Louis Weisz,OMrUmOTPD_AnSivjxptxpA,1,1,1.5,0,0,0,0,0
2017-07-08,United Kingdom,GB,Louis Weisz,OMrUmOTPD_AnSivjxptxpA,7,3,2.3,0,0,0,0,0
2017-07-08,India,IN,Louis Weisz,OMrUmOTPD_AnSivjxptxpA,10,3,3.5,0,0,0,0,0
2017-07-08,Japan,JP,Louis Weisz,OMrUmOTPD_AnSivjxptxpA,6,1,6.3,0,0,0,0,0
2017-07-08,South Korea,KR,Louis Weisz,OMrUmOTPD_AnSivjxptxpA,18,4,4.4,0,0,0,0,0
2017-07-08,Malaysia,MY,Louis Weisz,OMrUmOTPD_AnSivjxptxpA,1,3,0.2,0,0,0,0,0
2017-07-08,Philippines,PH,Louis Weisz,OMrUmOTPD_AnSivjxptxpA,3,1,2.7,0,0,0,0,0
2017-07-08,Poland,PL,Louis Weisz,OMrUmOTPD_AnSivjxptxpA,1,1,0.7,0,0,0,0,0
2017-07-08,Romania,RO,Louis Weisz,OMrUmOTPD_AnSivjxptxpA,6,1,5.8,0,0,0,0,0
2017-07-08,Sweden,SE,Louis Weisz,OMrUmOTPD_AnSivjxptxpA,4,1,4.2,0,0,0,0,0
2017-07-08,Turkey,TR,Louis Weisz,OMrUmOTPD_AnSivjxptxpA,4,1,3.6,0,0,0,0,0
2017-07-08,United States,US,Louis Weisz,OMrUmOTPD_AnSivjxptxpA,85,33,2.6,0,0,0,0,0
2017-07-09,Australia,AU,Louis Weisz,OMrUmOTPD_AnSivjxptxpA,29,8,3.6,0,2,0,1,0
2017-07-09,Belgium,BE,Louis Weisz,OMrUmOTPD_AnSivjxptxpA,6,2,3.0,0,0,0,0,0
2017-07-09,Canada,CA,Louis Weisz,OMrUmOTPD_AnSivjxptxpA,15,4,3.7,0,0,0,0,0
2017-07-09,Germany,DE,Louis Weisz,OMrUmOTPD_AnSivjxptxpA,1,3,0.2,0,0,0,0,0
2017-07-09,United Kingdom,GB,Louis Weisz,OMrUmOTPD_AnSivjxptxpA,10,3,3.5,0,0,0,0,0
2017-07-09,Hungary,HU,Louis Weisz,OMrUmOTPD_AnSivjxptxpA,4,1,3.6,0,0,0,0,0
2017-07-09,Indonesia,ID,Louis Weisz,OMrUmOTPD_AnSivjxptxpA,5,3,1.8,0,0,0,0,0
2017-07-09,India,IN,Louis Weisz,OMrUmOTPD_AnSivjxptxpA,4,1,3.8,0,0,0,0,0
2017-07-09,Japan,JP,Louis Weisz,OMrUmOTPD_AnSivjxptxpA,8,3,2.5,0,0,0,0,0
2017-07-09,Nigeria,NG,Louis Weisz,OMrUmOTPD_AnSivjxptxpA,0,1,0.5,0,0,0,0,0
2017-07-09,Philippines,PH,Louis Weisz,OMrUmOTPD_AnSivjxptxpA,7,2,3.4,0,0,0,0,0
2017-07-09,Poland,PL,Louis Weisz,OMrUmOTPD_AnSivjxptxpA,0,1,0.1,0,0,0,0,0
2017-07-09,United States,US,Louis Weisz,OMrUmOTPD_AnSivjxptxpA,63,30,2.1,0,-1,0,1,0
2017-07-10,Belgium,BE,Louis Weisz,OMrUmOTPD_AnSivjxptxpA,1,1,1.0,0,0,0,0,0
2017-07-10,Brazil,BR,Louis Weisz,OMrUmOTPD_AnSivjxptxpA,1,1,0.7,0,0,0,0,0
2017-07-10,Canada,CA,Louis Weisz,OMrUmOTPD_AnSivjxptxpA,4,2,1.9,0,0,0,0,0
2017-07-10,Germany,DE,Louis Weisz,OMrUmOTPD_AnSivjxptxpA,13,6,2.1,0,0,0,0,0
2017-07-10,Denmark,DK,Louis Weisz,OMrUmOTPD_AnSivjxptxpA,21,7,3.0,0,0,0,0,0
2017-07-10,United Kingdom,GB,Louis Weisz,OMrUmOTPD_AnSivjxptxpA,1,2,0.5,0,0,0,1,0
2017-07-10,India,IN,Louis Weisz,OMrUmOTPD_AnSivjxptxpA,12,12,1.0,0,0,0,0,0
2017-07-10,Lithuania,LT,Louis Weisz,OMrUmOTPD_AnSivjxptxpA,1,2,0.6,0,0,0,0,0
2017-07-10,Norway,NO,Louis Weisz,OMrUmOTPD_AnSivjxptxpA,9,4,2.1,0,0,0,0,0
2017-07-10,Philippines,PH,Louis Weisz,OMrUmOTPD_AnSivjxptxpA,3,1,2.6,0,0,0,0,0
2017-07-10,Saudi Arabia,SA,Louis Weisz,OMrUmOTPD_AnSivjxptxpA,0,1,0.2,0,0,0,0,0
2017-07-10,Sweden,SE,Louis Weisz,OMrUmOTPD_AnSivjxptxpA,9,5,1.8,0,0,0,0,0
2017-07-10,Singapore,SG,Louis Weisz,OMrUmOTPD_AnSivjxptxpA,3,1,2.9,0,0,0,0,0
2017-07-10,United States,US,Louis Weisz,OMrUmOTPD_AnSivjxptxpA,141,51,2.8,0,0,0,1,1
2017-07-11,Australia,AU,Louis Weisz,OMrUmOTPD_AnSivjxptxpA,16,6,2.6,0,0,0,0,0
2017-07-11,Canada,CA,Louis Weisz,OMrUmOTPD_AnSivjxptxpA,3,1,2.8,0,0,0,0,0
2017-07-11,Germany,DE,Louis Weisz,OMrUmOTPD_AnSivjxptxpA,18,6,3.0,0,0,0,0,0
2017-07-11,Denmark,DK,Louis Weisz,OMrUmOTPD_AnSivjxptxpA,4,2,1.8,0,0,0,0,0
2017-07-11,Ecuador,EC,Louis Weisz,OMrUmOTPD_AnSivjxptxpA,1,1,1.5,0,0,0,0,0
2017-07-11,Finland,FI,Louis Weisz,OMrUmOTPD_AnSivjxptxpA,0,1,0.3,0,0,0,0,0
2017-07-11,India,IN,Louis Weisz,OMrUmOTPD_AnSivjxptxpA,5,3,1.7,0,0,0,0,0
2017-07-11,Japan,JP,Louis Weisz,OMrUmOTPD_AnSivjxptxpA,0,1,0.2,0,0,0,0,0
2017-07-11,Morocco,MA,Louis Weisz,OMrUmOTPD_AnSivjxptxpA,3,1,3.2,0,0,0,0,0
2017-07-11,Norway,NO,Louis Weisz,OMrUmOTPD_AnSivjxptxpA,0,1,0.4,0,0,0,0,0
2017-07-11,Nepal,NP,Louis Weisz,OMrUmOTPD_AnSivjxptxpA,0,1,0.2,0,0,0,0,0
2017-07-11,Poland,PL,Louis Weisz,OMrUmOTPD_AnSivjxptxpA,0,0,0.0,0,0,0,0,1
2017-07-11,Portugal,PT,Louis Weisz,OMrUmOTPD_AnSivjxptxpA,1,1,0.9,0,0,0,0,0
2017-07-11,Slovenia,SI,Louis Weisz,OMrUmOTPD_AnSivjxptxpA,6,2,3.0,0,0,0,0,0
2017-07-11,United States,US,Louis Weisz,OMrUmOTPD_AnSivjxptxpA,78,50,1.6,0,2,0,0,0
2017-07-12,Australia,AU,Louis Weisz,OMrUmOTPD_AnSivjxptxpA,3,2,1.3,0,0,0,1,0
2017-07-12,Belgium,BE,Louis Weisz,OMrUmOTPD_AnSivjxptxpA,6,2,3.2,0,0,0,0,0
2017-07-12,Brazil,BR,Louis Weisz,OMrUmOTPD_AnSivjxptxpA,1,3,0.5,0,0,0,0,0
2017-07-12,Canada,CA,Louis Weisz,OMrUmOTPD_AnSivjxptxpA,20,4,5.1,0,0,0,0,0
2017-07-12,Czechia,CZ,Louis Weisz,OMrUmOTPD_AnSivjxptxpA,5,1,4.6,0,0,0,0,0
2017-07-12,Germany,DE,Louis Weisz,OMrUmOTPD_AnSivjxptxpA,6,3,2.0,0,0,0,0,0
2017-07-12,United Kingdom,GB,Louis Weisz,OMrUmOTPD_AnSivjxptxpA,7,3,2.3,0,0,0,0,0
2017-07-12,Croatia,HR,Louis Weisz,OMrUmOTPD_AnSivjxptxpA,0,1,0.2,0,0,0,0,0
2017-07-12,Indonesia,ID,Louis Weisz,OMrUmOTPD_AnSivjxptxpA,4,1,3.6,0,0,0,0,0
2017-07-12,Israel,IL,Louis Weisz,OMrUmOTPD_AnSivjxptxpA,5,1,4.7,0,0,0,0,0
2017-07-12,India,IN,Louis Weisz,OMrUmOTPD_AnSivjxptxpA,10,4,2.6,0,0,0,0,0
2017-07-12,New Zealand,NZ,Louis Weisz,OMrUmOTPD_AnSivjxptxpA,0,1,0.2,0,0,0,0,0
2017-07-12,Sweden,SE,Louis Weisz,OMrUmOTPD_AnSivjxptxpA,19,7,2.8,0,0,0,0,0
2017-07-12,Turkey,TR,Louis Weisz,OMrUmOTPD_AnSivjxptxpA,0,2,0.2,0,0,0,0,0
2017-07-12,United States,US,Louis Weisz,OMrUmOTPD_AnSivjxptxpA,152,64,2.4,0,0,0,2,2
